{"type": "FeatureCollection", "name": "Named vanished streams (UBC Old Streams 1880-1920)", "features": [{"type": "Feature", "properties": {"Id": 0, "Name": "Jerry's Cove", "Region": "B", "Type": "Shoreline"}, "geometry": {"type": "LineString", "coordinates": [[-123.21106680500354, 49.27544608949125], [-123.21084427628448, 49.27535853432913], [-123.21061638824814, 49.27527709463924], [-123.210383533244, 49.275201910625675], [-123.21014611216675, 49.27513311172233], [-123.20990453376659, 49.27507081637026], [-123.20965921394581, 49.27501513181391], [-123.20941057504325, 49.27496615391659], [-123.20915904510757, 49.274923966995566], [-123.20890505716099, 49.274888643677045], [-123.20864904845412, 49.27486024477117], [-123.20814948619629, 49.2749258168682], [-123.20765170488444, 49.27499695345418], [-123.20715584923876, 49.27507363384875], [-123.2066620634215, 49.27515583575968], [-123.20617049099539, 49.275243535289476], [-123.20568127488177, 49.27533670694222], [-123.20519455731942, 49.275435323630994], [-123.20471047982315, 49.27553935668569], [-123.20422918314293, 49.27564877586135], [-123.20404505077421, 49.27570122308876], [-123.20385709884201, 49.275747508395426], [-123.20366580868215, 49.27578751324445], [-123.20347167018356, 49.27582113518296], [-123.20327518053314, 49.27584828810456], [-123.2030768429419, 49.275868902470016], [-123.20287716535569, 49.27588292548535], [-123.20267665915371, 49.27589032123712], [-123.20247583783836, 49.275891070784546], [-123.20227521571937, 49.27588517220784], [-123.20207530659617, 49.27587264061338], [-123.20187662244125, 49.2758535080948], [-123.20167967208857, 49.275827823650815], [-123.20148495992969, 49.27579565305973], [-123.20129298462143, 49.275757078710846], [-123.20110423780841, 49.27571219939342], [-123.2009192028633, 49.27566113004348], [-123.20073835364849, 49.27560400144942], [-123.20056215330216, 49.275540959916825], [-123.19938993646267, 49.2750570798848], [-123.19821431977911, 49.27457675582979], [-123.19703532846283, 49.274099998013874], [-123.19660644087115, 49.27380072496368], [-123.19618468744343, 49.27349714369621], [-123.19577016915181, 49.27318932698629], [-123.1953629852285, 49.27287734862264], [-123.1949632331419, 49.27256128339028], [-123.19492457816365, 49.27245884695871], [-123.19487612944238, 49.27235820912415], [-123.19481807983409, 49.27225977036513], [-123.1947506603967, 49.272163922406854], [-123.19467413946961, 49.272071046662525], [-123.19458882160528, 49.27198151271576], [-123.19449504635672, 49.271895676850086], [-123.1944689346019, 49.271835045650406], [-123.1944330075605, 49.27177660405844], [-123.1943876821478, 49.271721030204446], [-123.19433348432848, 49.271668968940546], [-123.19427104301259, 49.2716210243585], [-123.19420108275703, 49.271577752780615], [-123.19412441535789, 49.27153965630484], [-123.19404193043059, 49.271507176979284], [-123.19395458508757, 49.27148069167325], [-123.19386339283317, 49.27146050770475], [-123.19376941180424, 49.27144685927498], [-123.1936737324935, 49.27143990475092], [-123.19357746509714, 49.27143972482813], [-123.19348172663456, 49.27144632159429], [-123.19338762798834, 49.271459618505226], [-123.193189464121, 49.2714646733809], [-123.19299190452966, 49.271475984633746], [-123.19279541024164, 49.27149352586773], [-123.19260043979942, 49.27151725614855], [-123.19240744819112, 49.27154712009888], [-123.19221688578926, 49.27158304802768], [-123.19202919730027, 49.27162495609277], [-123.19184482072701, 49.27167274649626], [-123.19166418634708, 49.2717263077128], [-123.19148771570914, 49.271785514749666], [-123.19131582064949, 49.27185022943833], [-123.19114890233105, 49.27192030075675], [-123.19092982641011, 49.272034632126115], [-123.19070546347695, 49.272144486335606], [-123.19047602713587, 49.272249758781996], [-123.19024173582642, 49.272350349224084], [-123.1900028126151, 49.27244616187838], [-123.18975948498316, 49.27253710551029], [-123.18951198460962, 49.272623093521126], [-123.18926054715077, 49.27270404403053], [-123.18902081888153, 49.27273998189641], [-123.18878345341234, 49.27278210328597], [-123.18854882309249, 49.27283034212562], [-123.18831729598385, 49.27288462274533], [-123.1880892352838, 49.272944859997395], [-123.18786499875594, 49.27301095938981], [-123.18761333221168, 49.27308429080542], [-123.18735775752833, 49.27315158744384], [-123.18709861258394, 49.27321276033277], [-123.18683623998072, 49.27326772859576], [-123.1865709865919, 49.2733164195592], [-123.18630320310265, 49.27335876884851], [-123.18603324354612, 49.273394720473256], [-123.18585730096434, 49.273388670188105], [-123.18568197426215, 49.27337730249048], [-123.18550763861435, 49.27336064170561], [-123.1853346670739, 49.2733387234852], [-123.18517880501858, 49.27332464868699], [-123.18502428119092, 49.273305259829954], [-123.18487151849061, 49.2732806099775], [-123.18472093499574, 49.27325076659121], [-123.18457294281829, 49.27321581134621], [-123.18442794697606, 49.27317583990758], [-123.18428634428362, 49.27313096166833]]}}, {"type": "Feature", "properties": {"Id": 0, "Name": "Musqueam Creek (Tin Can Creek)", "Region": "V", "Type": "Stream"}, "geometry": {"type": "LineString", "coordinates": [[-123.19669893662142, 49.22355031126398], [-123.19658299924117, 49.22359846203338], [-123.19647220615322, 49.223651555232784], [-123.19636704769505, 49.22370935589558], [-123.19626798927264, 49.22377160822117], [-123.19617546930078, 49.223838036706816], [-123.1960898972626, 49.22390834736673], [-123.19601781602142, 49.22413122341932], [-123.19595328377085, 49.22435508983482], [-123.19589633223059, 49.22457983693125], [-123.19585455497062, 49.224658903631806], [-123.19580332091046, 49.22473554704082], [-123.19574295377222, 49.22480928282296], [-123.19567383499803, 49.22487964501501], [-123.19559640134024, 49.224946188970826], [-123.19551114210198, 49.22500849417138], [-123.19541859604571, 49.22506616688265], [-123.19532018572326, 49.22514527849572], [-123.19522833799883, 49.22522770591074], [-123.19514331284162, 49.22531321585196], [-123.19506535091627, 49.2254015663186], [-123.19499467290143, 49.22549250726964], [-123.1949314788649, 49.22558578133131], [-123.19487594769704, 49.225681124525444], [-123.1948933939687, 49.2258326607332], [-123.19490001632839, 49.225984565225716], [-123.19489580022599, 49.22613650653403], [-123.19488075476194, 49.22628815310589], [-123.19485491266808, 49.226439174029125], [-123.19481833023734, 49.22658923975388], [-123.19477108720147, 49.22673802281166], [-123.19473974862557, 49.2268251489144], [-123.19469791476651, 49.22691036358632], [-123.19464585134685, 49.22699312544762], [-123.19458388908357, 49.22707290869887], [-123.19451242158812, 49.22714920646178], [-123.19443190286667, 49.22722153399973], [-123.19434284443639, 49.22728943179779], [-123.19424581207646, 49.22735246848243], [-123.19414142223368, 49.22741024356257], [-123.19399504028922, 49.227492666972864], [-123.19385538311819, 49.22757995232905], [-123.19372282675917, 49.2276718646307], [-123.19359772813901, 49.227768156418826], [-123.19352887676843, 49.22782194595836], [-123.19346781108739, 49.227879627688154], [-123.19341504117334, 49.22794071982305], [-123.19337100781853, 49.22800471209081], [-123.19333607884754, 49.22807106999373], [-123.19331054604402, 49.228139239272984], [-123.19329462271237, 49.228208650537745], [-123.19328844189499, 49.22827872402102], [-123.1932920552595, 49.22834887442209], [-123.19330543266598, 49.22841851579527], [-123.19332846241718, 49.228487066444245], [-123.19336095219033, 49.22855395378091], [-123.19344768274055, 49.228823534337955], [-123.19354234285754, 49.22909196827255], [-123.19364489739648, 49.22935915555794], [-123.19375530826909, 49.22962499663035], [-123.19387353445748, 49.22988939242611], [-123.19399953202948, 49.23015224441848], [-123.19405698080544, 49.23023963277702], [-123.19412408768765, 49.2303240175322], [-123.19420048926536, 49.23040494164606], [-123.19428577178064, 49.23048196682176], [-123.19437947336873, 49.230554675877706], [-123.19448108655902, 49.23062267500736]]}}, {"type": "Feature", "properties": {"Id": 0, "Name": "Musqueam Creek (Tin Can Creek)", "Region": "V", "Type": "Stream"}, "geometry": {"type": "LineString", "coordinates": [[-123.19448108655902, 49.23062267500736], [-123.19479572193161, 49.230647515168805], [-123.19511128522477, 49.23066665336112], [-123.19542753551313, 49.23068007497289], [-123.19574423134605, 49.23068776975715], [-123.19606113093239, 49.23068973183922], [-123.19637799232514, 49.23068595972124], [-123.19669457360652, 49.2306764562833], [-123.19701063307295, 49.23066122878118], [-123.1970957453004, 49.23066561266984], [-123.19717933120171, 49.23067699915181], [-123.19726005292998, 49.230695205979146], [-123.19733661847776, 49.23071994173964], [-123.19740780235514, 49.23075081052079], [-123.19747246520357, 49.230787318246136], [-123.19752957203164, 49.23082888058281], [-123.19757820878081, 49.23087483229366], [-123.19761759695608, 49.230924437884305], [-123.19764710608756, 49.230976903374795], [-123.197666263823, 49.231031389007526], [-123.19781428904294, 49.23128660275689], [-123.19797046945276, 49.23153972364182], [-123.19813473623266, 49.23179063992504], [-123.1983070169898, 49.23203924084077], [-123.19848723579031, 49.23228541664372], [-123.19867531319248, 49.232529058657555], [-123.19882026842642, 49.23268497839273], [-123.19897257176633, 49.232837864929834], [-123.19913207539551, 49.23298756981893], [-123.1992986245016, 49.23313394769805], [-123.19947205742697, 49.233276856434436], [-123.19965220582539, 49.23341615726273], [-123.19983889482542, 49.23355171491968], [-123.20003194320007, 49.23368339777568]]}}, {"type": "Feature", "properties": {"Id": 0, "Name": "Musqueam Creek (Tin Can Creek)", "Region": "V", "Type": "Stream"}, "geometry": {"type": "LineString", "coordinates": [[-123.20003194320007, 49.23368339777568], [-123.20025936469372, 49.233677149633415], [-123.20048630211976, 49.233665601977556], [-123.20071246757148, 49.23364876945823], [-123.20093757412226, 49.23362667343029], [-123.20116133618993, 49.23359934192611], [-123.20138346989928, 49.23356680962007], [-123.20165354412501, 49.23353811523505], [-123.20192484363169, 49.233514901571745], [-123.20219710915082, 49.23349719081423], [-123.2024700804917, 49.23348499988765], [-123.20274349678974, 49.23347834044213], [-123.20301709675577, 49.23347721884167], [-123.20329061892518, 49.23348163615797], [-123.20356380190759, 49.233491588169535], [-123.20372176900568, 49.23352047087757], [-123.20388199591576, 49.23354340263345], [-123.20404396029551, 49.23356030867908], [-123.20420713413642, 49.233571133900206], [-123.20437098548585, 49.23357584300633], [-123.20467009252972, 49.233603620052996], [-123.20497052068968, 49.23362440327705], [-123.20527188870498, 49.23363816630347], [-123.20557381412098, 49.23364489166636], [-123.2058759137749, 49.233644570830975], [-123.20602127675787, 49.23364622250306], [-123.20616618796228, 49.2336539014657], [-123.20631006521332, 49.233667576868875], [-123.20645233048886, 49.23368719377211], [-123.2065924122411, 49.23371267336506], [-123.20672974769218, 49.23374391328413], [-123.20686378509458, 49.23378078802354], [-123.20699398594726, 49.23382314943945], [-123.20711982715866, 49.233870827344944], [-123.2083442275544, 49.23463974568787]]}}, {"type": "Feature", "properties": {"Id": 0, "Name": "Musqueam Creek (Tin Can Creek)", "Region": "V", "Type": "Stream"}, "geometry": {"type": "LineString", "coordinates": [[-123.20003194320007, 49.23368339777568], [-123.20014606402201, 49.23381421853838], [-123.20026836969245, 49.23394182837184], [-123.20039864993342, 49.234066007813986], [-123.2005366807473, 49.234186543300666], [-123.20068222480195, 49.23430322753315], [-123.20083503183841, 49.23441585983463], [-123.20099483910127, 49.23452424649572], [-123.20127418037498, 49.23465206384176], [-123.20155822848257, 49.23477535343767], [-123.2018468123262, 49.234894041004736], [-123.20196133328464, 49.234946637663484], [-123.20207062977073, 49.23500380267479], [-123.2021742774368, 49.23506531410303], [-123.20227187386153, 49.235130933137306], [-123.20236304011242, 49.23520040501845], [-123.20244742221693, 49.23527346002799], [-123.20252469253705, 49.23534981453501], [-123.20286975025799, 49.23562542007133], [-123.20320731811529, 49.23590497561729], [-123.2035372905762, 49.236188393881164], [-123.20385956447427, 49.23647558636358], [-123.2040958697799, 49.23664110090003], [-123.20433835627466, 49.236802737060756], [-123.20458687559216, 49.23696039590863], [-123.20484127566895, 49.23711398094011], [-123.20510140083756, 49.23726339814432], [-123.20536709192172, 49.23740855606084], [-123.20563818633391, 49.23754936583551], [-123.20591451817482, 49.23768574127513]]}}, {"type": "Feature", "properties": {"Id": 0, "Name": "Musqueam Creek (Tin Can Creek)", "Region": "V", "Type": "Stream"}, "geometry": {"type": "LineString", "coordinates": [[-123.19448108655902, 49.23062267500736], [-123.19503358436361, 49.231319918488296], [-123.19557685926247, 49.232020265716], [-123.19559844975669, 49.23216280219587], [-123.19562977970165, 49.2323045611774], [-123.19567078613689, 49.23244525740601], [-123.19572138662853, 49.23258460776337], [-123.1957814794344, 49.23272233183695], [-123.19585094370821, 49.232858152484525], [-123.19592963974209, 49.23299179639186], [-123.19601740924733, 49.23312299462286], [-123.19611407567211, 49.233251483160835], [-123.19621944455655, 49.23337700343996], [-123.19633330392337, 49.23349930286573], [-123.19645542470427, 49.23361813532334], [-123.19672193480983, 49.2338196395423], [-123.19698220740369, 49.23402461085974], [-123.1972361372699, 49.23423296647638], [-123.19748362175085, 49.23444462222479], [-123.19758753384188, 49.23453083684762], [-123.1976827883708, 49.23462123807863], [-123.19776899308589, 49.2347154536973], [-123.19784579299119, 49.2348130957755], [-123.19791287180882, 49.234913762274545], [-123.19796995328201, 49.235017038700285], [-123.19801680231343, 49.23512249980967], [-123.19805322593409, 49.23522971136135], [-123.19807907409897, 49.235338231903725], [-123.19809424030588, 49.23544761459242], [-123.19809866203519, 49.2355574090301], [-123.19820378822163, 49.23596091120918], [-123.1982999130933, 49.23636537483077], [-123.19838701596555, 49.23677071378885], [-123.19854230297774, 49.236920893819466], [-123.19870578114401, 49.23706729925659], [-123.19887723675258, 49.237209738643585], [-123.1990564456537, 49.23734802570861], [-123.19924317355245, 49.237481979608496], [-123.19943717631507, 49.23761142516521], [-123.19957259053581, 49.237706924041355], [-123.19971440161446, 49.2377983555149], [-123.1998623249268, 49.23788553605483], [-123.20001606357492, 49.23796829066218], [-123.20017530898276, 49.23804645322136], [-123.20033974151598, 49.23811986683376], [-123.20050903112325, 49.238188384132904], [-123.20068283799914, 49.23825186758028], [-123.20087702565228, 49.23832988938144], [-123.20107559710097, 49.23840302788419], [-123.20127826606428, 49.23847117763801], [-123.20148474034985, 49.238534240384645], [-123.20169472227529, 49.238592125199965], [-123.20190790909747, 49.238644748625106], [-123.20212399344943, 49.23869203478688], [-123.20240046264114, 49.23879549934871], [-123.20267219400509, 49.23890421280004], [-123.20293895517416, 49.239018082188466], [-123.20320051802618, 49.23913701015252], [-123.20345665887892, 49.239260895004776], [-123.20369674450221, 49.23941217393845], [-123.2039301534746, 49.239567868622686], [-123.20415669639387, 49.23972785275941], [-123.20437618942215, 49.23989199656981], [-123.2045884544351, 49.24006016689945], [-123.2047933191666, 49.240232227326146], [-123.20499061734837, 49.24040803827069], [-123.20518018884528, 49.240587457109825], [-123.20536187978522, 49.240770338291966], [-123.20553554268415, 49.24095653345506], [-123.20575983182555, 49.24124215328462], [-123.20599172790536, 49.241525157303066], [-123.20623115990381, 49.241805458680666], [-123.20647805448523, 49.24208297141542], [-123.2066833431024, 49.2422639162679], [-123.20689553967829, 49.24244141237668], [-123.20711450917773, 49.24261534672786], [-123.20734011224879, 49.24278560857417], [-123.20757220531131, 49.24295208950564], [-123.20780836047713, 49.24319484899894], [-123.20803673829897, 49.24344077802952], [-123.20825723947452, 49.243689769788496], [-123.20846976811805, 49.24394171613514], [-123.20867423180202, 49.2441965076439], [-123.2088705415976, 49.24445403365186], [-123.20905861211338, 49.24471418230669], [-123.2092383615326, 49.24497684061519], [-123.20945963487641, 49.24524945460065], [-123.20967168158586, 49.24552519414252], [-123.20987439857527, 49.245803925392025], [-123.20991335954976, 49.24603904112273], [-123.20994196900674, 49.24627479354501], [-123.20996020309725, 49.24651098735405], [-123.2099680465669, 49.24674742687658], [-123.20996549276887, 49.246983916233], [-123.20995254366996, 49.24722025949964], [-123.2099292098495, 49.24745626087109], [-123.209895510491, 49.24769172482241], [-123.20985147336683, 49.24792645627115], [-123.20979713481557, 49.248160260738985], [-123.20974889109793, 49.248275182432806], [-123.2096915235579, 49.24838829314887], [-123.20962518946385, 49.2484992826814], [-123.20955007067843, 49.248607846639956], [-123.20946637316041, 49.248713687284216], [-123.2093743264003, 49.24881651434086], [-123.20927418279152, 49.24891604579964], [-123.20916621693851, 49.249012008687096], [-123.20905072490412, 49.24910413981529], [-123.20892802339772, 49.24919218650385], [-123.20879844890698, 49.249275907273145], [-123.20869278174322, 49.249357519446036], [-123.20857941668503, 49.24943457772509], [-123.2084588106311, 49.2495067715164], [-123.20833144967236, 49.24957380983172], [-123.20819784713284, 49.24963542246158], [-123.20805854150058, 49.24969136106475], [-123.20797990623224, 49.249737587614376], [-123.20789438490746, 49.24977823818572], [-123.20780289604421, 49.249812876175206], [-123.20770642226078, 49.249841129555946], [-123.20760599972148, 49.249862694874004], [-123.20750270700684, 49.24987734050772], [-123.20739765352805, 49.249884909156016], [-123.20729196761002, 49.249885319527884], [-123.20718678437123, 49.249878567215674], [-123.20708074710114, 49.24987314655373], [-123.20697578794758, 49.249861883001486], [-123.20687265683215, 49.24984485703575], [-123.2067720906134, 49.249822190305146], [-123.2066595454037, 49.249826862574636], [-123.20654815525792, 49.24983838126517], [-123.20643888987239, 49.24985664610199], [-123.20633270044905, 49.24988149808238], [-123.2062305114161, 49.24991272085954], [-123.20613321238118, 49.24995004262578], [-123.2060416503879, 49.24999313847841], [-123.20595662254222, 49.250041633247776], [-123.2058788690736, 49.250095104763005], [-123.20561951260382, 49.25033087336106], [-123.20536598551422, 49.250569344208365], [-123.20511835356349, 49.250810455530974], [-123.20506371672458, 49.25084963303638], [-123.20501669888527, 49.25089283927589], [-123.2049779868691, 49.25093944312376], [-123.20494814617905, 49.2509887638226], [-123.2049276127359, 49.251040080927034], [-123.20491668650934, 49.25109264482722], [-123.20491552713439, 49.25114568769843], [-123.20492415157788, 49.251198434717026], [-123.2049424338888, 49.251250115378525], [-123.20497010703626, 49.25129997475295], [-123.20500676680857, 49.251347284512796], [-123.20505187771647, 49.251391353572316], [-123.20510478081395, 49.25143153818318], [-123.20516470332345, 49.251467251338504], [-123.20535373145678, 49.25159894895289], [-123.20553633277815, 49.251734476845954], [-123.20571232622673, 49.25187370067248], [-123.20588153728755, 49.25201648242255], [-123.20604379816452, 49.252162680558044], [-123.20619894794685, 49.252312150153], [-123.20634683276877, 49.25246474303718], [-123.20731193617446, 49.25371965127477], [-123.20760618210316, 49.254207166799375], [-123.20789262640463, 49.254696669788565], [-123.208171237533, 49.25518810672912], [-123.20844198479602, 49.255681423894885], [-123.20870483835844, 49.256176567352554]]}}, {"type": "Feature", "properties": {"Id": 0, "Name": "MacDonald Creek (Second Creek)", "Region": "C", "Type": "Stream"}, "geometry": {"type": "LineString", "coordinates": [[-123.17166635791277, 49.271731174096246], [-123.1717022333556, 49.2716110931135], [-123.17174855473876, 49.27149255280859], [-123.17180517008015, 49.271375941925946], [-123.17187189364309, 49.27126164287985], [-123.17194850654633, 49.27115003050057], [-123.17203475748266, 49.27104147080529], [-123.1721303635437, 49.270936319797926], [-123.17223501114842, 49.270834922301965], [-123.17234835707185, 49.27073761082988], [-123.17247002957139, 49.27064470449295], [-123.17260396003518, 49.27052407831535], [-123.1727319361647, 49.270400715481045], [-123.17285382750423, 49.27027474178637], [-123.1729695098058, 49.270146285689], [-123.17307886515569, 49.27001547817701], [-123.17313462666179, 49.26996171852891], [-123.1731816885035, 49.26990450723471], [-123.17321955661227, 49.26984444495235], [-123.17324783344849, 49.26978216226992], [-123.17326622217418, 49.26971831308491], [-123.17327452976778, 49.269653567738736], [-123.17327266904931, 49.26958860597886], [-123.17326065959382, 49.26952410982214], [-123.17323862752436, 49.26946075639462], [-123.17320680418605, 49.26939921082254], [-123.17316552371591, 49.269340119249755], [-123.17311521953336, 49.269284102054215], [-123.17305641978894, 49.26923174733521], [-123.17298974181841, 49.26918360473963], [-123.1729158856611, 49.26914017969176], [-123.17283562671017, 49.26910192808754], [-123.17273009121004, 49.269059435562], [-123.17263006896083, 49.269011572246605], [-123.17253619677047, 49.26895864287882], [-123.17244907228493, 49.268900984449864], [-123.17236925018325, 49.26883896405872], [-123.17229723864581, 49.26877297657469], [-123.17223349611959, 49.268703442123005], [-123.1721784283996, 49.2686308034097], [-123.17213238604612, 49.268555522902865], [-123.17209566215344, 49.268478079887885], [-123.17206849048489, 49.26839896741587], [-123.17205104398559, 49.26831868916438], [-123.17204343368238, 49.268237756230576], [-123.17204570797828, 49.26815668387723], [-123.17205785234556, 49.26807598825222], [-123.17207978941934, 49.26799618310249], [-123.17211137949144, 49.26791777650331], [-123.17212964570939, 49.2676513487214], [-123.17214023669744, 49.26738474298812], [-123.17214314881873, 49.26711805397977], [-123.17213838116325, 49.266851376400766], [-123.17212593554815, 49.266584804949936], [-123.17210581651693, 49.2663184342869], [-123.17210170901494, 49.26621605456274], [-123.17208754743199, 49.266114059733134], [-123.17206339047931, 49.26601287220334], [-123.17202933826171, 49.265912911032686], [-123.17198553186206, 49.2658145901991], [-123.17193215275596, 49.26571831688483], [-123.17186942205946, 49.265624489790326], [-123.17179759961239, 49.26553349748314], [-123.17171540823682, 49.26543049930814], [-123.17164217556063, 49.265324645896385], [-123.17157813217506, 49.265216270637474], [-123.17152347972508, 49.26510571486138], [-123.17147839027527, 49.26499332676342], [-123.17144300576831, 49.26487946030747], [-123.17141743757891, 49.26476447411097], [-123.17140176616381, 49.26464873031551], [-123.17138233787385, 49.26456285581634], [-123.17135345024123, 49.264478128702514], [-123.17131525526266, 49.26439499463762], [-123.17126795388842, 49.26431389090358], [-123.17121179496473, 49.26423524410077], [-123.17114707392383, 49.26415946790433], [-123.1710741312293, 49.26408696088839], [-123.17099335058474, 49.26401810442989], [-123.170905156915, 49.2639532607028], [-123.17081001413071, 49.263892770773396], [-123.17064280614547, 49.263765169201086], [-123.17048376146248, 49.26363317371402], [-123.17033314932826, 49.26349700782181], [-123.17019122470401, 49.26335690209403], [-123.1700582278342, 49.26321309376959], [-123.16993438384011, 49.263065826354925], [-123.16934272205523, 49.26232413889958], [-123.1688829157046, 49.26185357430543], [-123.16876613586147, 49.26175431448581], [-123.16865713005843, 49.26165133709881], [-123.16855617403816, 49.26154490268384], [-123.16846352317175, 49.26143528052511], [-123.16837941181318, 49.261322747970205], [-123.16830405270673, 49.26120758972821], [-123.16823763644922, 49.26109009714922], [-123.16818033100834, 49.26097056748716], [-123.16813228129834, 49.260849303147594], [-123.16809360881393, 49.26072661092249], [-123.16807669922883, 49.26061863983506], [-123.16804894416342, 49.260511633979185], [-123.16801046459491, 49.260406059496844], [-123.16796142821596, 49.260302376291705], [-123.1679020487031, 49.26020103602583], [-123.16783258478468, 49.26010248015233], [-123.16775333911305, 49.26000713799248], [-123.16766465694516, 49.259915424865866], [-123.16756692463795, 49.25982774028141], [-123.16701974320738, 49.259314454969996], [-123.16693630020819, 49.25923214274751], [-123.16684577234587, 49.259153102999704], [-123.16674845849427, 49.25907759664414], [-123.16664467992403, 49.25900587293315], [-123.16653477924179, 49.25893816863125], [-123.16641911925916, 49.2588747072337], [-123.16629808179505, 49.25881569822889], [-123.16618089848528, 49.25874085491962], [-123.16607081718938, 49.258661526825726], [-123.16596823778512, 49.258578002136936], [-123.16587353289106, 49.25849058428715], [-123.16578704651327, 49.25839959085207], [-123.16570909279594, 49.25830535239511], [-123.16563995488056, 49.25820821126649], [-123.16557988387805, 49.25810852035915], [-123.16552909795693, 49.258006641826775], [-123.16548778155172, 49.257902945767896], [-123.16493897755207, 49.256889854898006], [-123.16475828471191, 49.256603286198235], [-123.16458666307236, 49.25631433862102], [-123.16442418552535, 49.25602313515754], [-123.16427092106694, 49.255729799757], [-123.16412693476805, 49.255434457273914], [-123.16398333034418, 49.255046383606135], [-123.16382913593495, 49.25466005496022], [-123.16366440120744, 49.254275595156315], [-123.16348917920332, 49.25389312741278], [-123.16313630892428, 49.25343897639646], [-123.1627740554006, 49.25298800304754], [-123.16240248563322, 49.252540290459336], [-123.16202166833408, 49.25209592112218], [-123.16188877659721, 49.251983844420096], [-123.16174873159662, 49.25187556454411], [-123.16160178623082, 49.2517712769947], [-123.16144820585194, 49.251671170063084], [-123.16128826778652, 49.25157542449116], [-123.16112226083477, 49.25148421314546], [-123.16095048474916, 49.251397700705176], [-123.16083286536029, 49.251328364871554], [-123.1607222423448, 49.25125425861877], [-123.16061906629876, 49.25117568382217], [-123.16052375747664, 49.25109296055841], [-123.16043670407969, 49.25100642580144], [-123.160358260675, 49.250916432049614], [-123.16028874675159, 49.25082334588947], [-123.16022844541968, 49.250727546502354], [-123.1600793668558, 49.25052903920813], [-123.15992372836878, 49.25033270159437], [-123.15976160367306, 49.250138626554126], [-123.15959306954923, 49.249946905908914], [-123.15941820580753, 49.249757630365266], [-123.15900219130596, 49.24927268510319]]}}, {"type": "Feature", "properties": {"Id": 0, "Name": "MacDonald Creek (Second Creek)", "Region": "C", "Type": "Stream"}, "geometry": {"type": "LineString", "coordinates": [[-123.15900219130596, 49.24927268510319], [-123.15905538490098, 49.24912032710368], [-123.15909834083638, 49.248966590940825], [-123.15913097687537, 49.24881177127628], [-123.15915323056309, 49.24865616484573], [-123.15916505934534, 49.248500069889985], [-123.15916644064947, 49.24834378558341], [-123.15914103714846, 49.24829014753337], [-123.15910641024227, 49.24823876909717], [-123.15906301634911, 49.24819032745417], [-123.15901142743317, 49.24814546107411], [-123.15895232346512, 49.24810476130252], [-123.1588864834593, 49.24806876456705], [-123.15881477520597, 49.248037945307686], [-123.15873814383386, 49.24801270972407], [-123.15865759935366, 49.24799339042211], [-123.15857420334666, 49.2479802420306], [-123.15848905497428, 49.247973437845424], [-123.15831469207768, 49.247984522209876], [-123.15813962858331, 49.24798875865208], [-123.1579644914751, 49.2479861319993], [-123.15778990800067, 49.2479766516587], [-123.15761650342414, 49.247960351583714], [-123.157535264323, 49.247963098184876], [-123.1574541261618, 49.247959281331774], [-123.15737432152667, 49.247948959006926], [-123.15729706274432, 49.24793228801877], [-123.1572235234641, 49.247909521619256], [-123.1571548208276, 49.24788100565646], [-123.15709199849722, 49.24784717332037], [-123.1570360108013, 49.2478085385618], [-123.15698770823657, 49.24776568828437], [-123.15694782454868, 49.24771927342847], [-123.15691696558652, 49.24766999908229], [-123.15689560009984, 49.24761861377034], [-123.15643492099593, 49.246791000619936]]}}, {"type": "Feature", "properties": {"Id": 0, "Name": "MacDonald Creek (Second Creek)", "Region": "C", "Type": "Stream"}, "geometry": {"type": "LineString", "coordinates": [[-123.15643492099593, 49.246791000619936], [-123.1563780712115, 49.24623333987529], [-123.15631068351406, 49.24567618245633], [-123.1562327685822, 49.24511961371401], [-123.15614433870591, 49.24456371890618], [-123.15603040445531, 49.24432586927413], [-123.15592604276273, 49.24408614417821], [-123.15583132536256, 49.24384470871662], [-123.15574631734414, 49.24360172916316], [-123.15567107710744, 49.24335737285252], [-123.1556056563232, 49.243111808065116], [-123.15555009989767, 49.24286520391111], [-123.15550222775722, 49.242724841373516], [-123.15546390756123, 49.24258322722593], [-123.15543521458906, 49.24244063997071], [-123.15541620518536, 49.24229736002159], [-123.15540691664975, 49.242153669152124], [-123.15540736716429, 49.24200984994156], [-123.15541755575813, 49.24186618521908], [-123.15543746231043, 49.241722957507626], [-123.1554882043957, 49.241516923483466], [-123.15554902285939, 49.24131206229991], [-123.15561985487427, 49.24110858516464], [-123.15570062729202, 49.240906701855835], [-123.15579125671896, 49.24070662050594], [-123.15589164960258, 49.24050854738718], [-123.1560236148182, 49.240338898502536], [-123.1561463809684, 49.240166314318394], [-123.15625979609797, 49.23999100858896], [-123.15636371983791, 49.239813198436984], [-123.15645802357896, 49.23963310408471], [-123.15654259063037, 49.239450948580966], [-123.15688714552161, 49.238065322730044], [-123.15695048896745, 49.23740835730825], [-123.15716553325484, 49.236451305715775]]}}, {"type": "Feature", "properties": {"Id": 0, "Name": "MacDonald Creek (Second Creek)", "Region": "C", "Type": "Stream"}, "geometry": {"type": "LineString", "coordinates": [[-123.15099566253461, 49.2493625177047], [-123.1511691171334, 49.2493193065627], [-123.15134579828256, 49.24928211749937], [-123.15152521851255, 49.249251053119266], [-123.15170688279987, 49.249226199128806], [-123.15189028993221, 49.249207624099796], [-123.15207493389076, 49.2491953792804], [-123.15226030524575, 49.24918949845384], [-123.15263616531196, 49.24918507752458], [-123.15301174499251, 49.24917459801511], [-123.15338681639778, 49.249158066284146], [-123.15376115194701, 49.24913549236271], [-123.15413452450683, 49.249106889947996], [-123.15450670752928, 49.249072276395005], [-123.15481195460383, 49.2490403488674], [-123.15511872714373, 49.24901546497719], [-123.15542664605825, 49.24899765547418], [-123.15573533084141, 49.248986942366045], [-123.15604440004198, 49.2489833388912], [-123.15635347173415, 49.24898684950245], [-123.15666216398897, 49.24899746986146], [-123.15697009534601, 49.2490151868442], [-123.15727688528408, 49.24903997855703], [-123.15752799021995, 49.24905592677025], [-123.15777807266731, 49.24907769799287], [-123.15802681767092, 49.24910526480606], [-123.15827391195845, 49.249138592491974], [-123.15851904433477, 49.249177639077374], [-123.15876190607361, 49.24922235538659], [-123.15900219130596, 49.24927268510319]]}}, {"type": "Feature", "properties": {"Id": 0, "Name": "MacDonald Creek (Second Creek)", "Region": "C", "Type": "Stream"}, "geometry": {"type": "LineString", "coordinates": [[-123.15643492099593, 49.246791000619936], [-123.15609776472665, 49.246615319190035], [-123.15575569965753, 49.2464437540933], [-123.15540884304939, 49.246276364117925], [-123.15505731380105, 49.24611320662085], [-123.15478286508068, 49.246003849357855], [-123.15450331603515, 49.245900177823295], [-123.15421894138852, 49.245802293888225], [-123.15393002060163, 49.245710293736096], [-123.15363683759752, 49.24562426776822], [-123.15333968048272, 49.24554430051516], [-123.15313285804828, 49.24548096677777], [-123.15293058680317, 49.2454116187038], [-123.1527332745327, 49.245336396107746], [-123.152541319019, 49.245255450647214], [-123.15235510723876, 49.245168945517015], [-123.15217501458292, 49.24507705512002], [-123.15200140409969, 49.244979964715306], [-123.15183462576256, 49.244877870044576], [-123.15167501576467, 49.24477097693723], [-123.15152289584118, 49.244659500895345], [-123.1513785726206, 49.244543666658906], [-123.15124233700689, 49.244423707752624], [-123.15105420258392, 49.24430894352339], [-123.15087284092269, 49.24418959760245], [-123.15069851211486, 49.244065841176784], [-123.15053146615867, 49.24393785175847], [-123.15037194260053, 49.243805812929814], [-123.15022017019156, 49.24366991408], [-123.15007636655963, 49.24353035013323]]}}, {"type": "Feature", "properties": {"Id": 0, "Name": "MacDonald Creek (Second Creek)", "Region": "C", "Type": "Stream"}, "geometry": {"type": "LineString", "coordinates": [[-123.15007636655963, 49.24353035013323], [-123.1499258481643, 49.24332679707392], [-123.14976729630247, 49.24312587559943], [-123.14960081830422, 49.242927721598775], [-123.14942652685613, 49.24273246908759], [-123.14924453992509, 49.24254025011771], [-123.14905498067826, 49.242351194687814]]}}, {"type": "Feature", "properties": {"Id": 0, "Name": " MacDonald Creek (Second Creek)", "Region": "C", "Type": "Stream"}, "geometry": {"type": "LineString", "coordinates": [[-123.15007636655963, 49.24353035013323], [-123.14982714482989, 49.243482295643304], [-123.14957518042358, 49.24344082332054], [-123.14932087868294, 49.24340599988182], [-123.14906464870755, 49.243377881347826], [-123.14880690269653, 49.24335651295294], [-123.14854805528606, 49.24334192907256], [-123.14828852288272, 49.2433341531678], [-123.14802872299427, 49.243333197747816], [-123.1477690735584, 49.243339064349705], [-123.14750999227097, 49.243351743535996], [-123.1472518959146, 49.24337121490982], [-123.14699519968869, 49.243397447147764], [-123.14674031654194, 49.24343039805012], [-123.14648765650865, 49.2434700146088], [-123.14623762604944, 49.24351623309251]]}}, {"type": "Feature", "properties": {"Id": 0, "Name": "Ross Creek", "Region": "Q", "Type": "Stream"}, "geometry": {"type": "LineString", "coordinates": [[-123.08244416745427, 49.207749221355236], [-123.08251473249176, 49.20811460138177], [-123.08257446537614, 49.208480809599635], [-123.08262334338232, 49.2088477081591], [-123.0826613478699, 49.209215158947615], [-123.0826884642906, 49.20958302364165], [-123.08270468219402, 49.20995116375882], [-123.08270999523208, 49.21031944070999], [-123.08278370534484, 49.21048146735054], [-123.08284699013875, 49.21064537490278], [-123.08289973838917, 49.210810875563894], [-123.0829418573695, 49.210977678730856], [-123.08297327301462, 49.211145491510656], [-123.0829939300517, 49.2113140192345], [-123.08300379209813, 49.21148296597527], [-123.08300284172603, 49.21165203506702], [-123.08300671421719, 49.2118705494025], [-123.0830213385476, 49.21208886832554], [-123.08304669965258, 49.212306764825904], [-123.08308277130237, 49.212524012329595], [-123.08309552972523, 49.21314754277794], [-123.08309939312966, 49.21377112404194], [-123.08305872088795, 49.21409368295574], [-123.08302738342151, 49.21441668873946], [-123.08300539216052, 49.21474002546003], [-123.08299275518114, 49.21506357706333], [-123.08298947720243, 49.215387227415846], [-123.08301543118772, 49.21558611332063], [-123.08303339520592, 49.21578537744485], [-123.08304335674414, 49.21598488205994], [-123.08304530882039, 49.21618448926947], [-123.083037043684, 49.21624350440276], [-123.08301889128101, 49.216301562107546], [-123.0829910731424, 49.21635795374119], [-123.0829539287806, 49.216411990994494], [-123.0829079115469, 49.21646301429341], [-123.08285358309914, 49.21651040084996], [-123.08279160654702, 49.21655357226437], [-123.08272292242314, 49.21667125972682], [-123.08266315603274, 49.216791017430154], [-123.08261245206226, 49.21691255558725], [-123.08257093327202, 49.21703558010058], [-123.08253870019848, 49.217159793273716], [-123.08251583091024, 49.21728489453172], [-123.08250238081857, 49.21741058114831], [-123.0824806458579, 49.21757221400652], [-123.08244882549351, 49.21773312828907], [-123.08240697300432, 49.21789305407179], [-123.08235515849933, 49.218051723086106], [-123.0822934688008, 49.21820886916905], [-123.08222200729915, 49.21836422870984], [-123.08214089378015, 49.21851754109216], [-123.0820137711926, 49.21881347773461], [-123.08189298682747, 49.219110551449255], [-123.08177856448346, 49.2194087039831], [-123.0816705267129, 49.21970787687053], [-123.08159063793022, 49.21984842838886], [-123.08151964326525, 49.21999101361599], [-123.08145766298246, 49.22013539116855], [-123.0814048020887, 49.22028131662686], [-123.08136115015486, 49.220428542948575], [-123.08132678116388, 49.22057682088689], [-123.08131965365442, 49.22066654917752], [-123.08132324344028, 49.220756368070894], [-123.08133752866188, 49.22084572917006], [-123.08136242215652, 49.22093408687025], [-123.08139777198943, 49.221020901690196], [-123.08144336237999, 49.22110564356611], [-123.08149891501789, 49.221187795088355], [-123.08156409076146, 49.22126685466069], [-123.08168079806781, 49.22135099819957], [-123.08180400377437, 49.22143106848385], [-123.08193337702106, 49.22150685047084], [-123.08206857037896, 49.221578140633824], [-123.08220922078338, 49.22164474750894], [-123.08235495050897, 49.221706492209414], [-123.0825053681843, 49.221763208906296], [-123.08266006984306, 49.22181474527388], [-123.08281864000931, 49.221860962898994], [-123.08307600624885, 49.221923430942965], [-123.0833305370518, 49.221990699473515], [-123.08358202377823, 49.22206271335329], [-123.08372715311089, 49.22213153969164], [-123.0838662407125, 49.22220552488135], [-123.0839988596638, 49.22228444184498], [-123.08412460289361, 49.22236804836718], [-123.08424308442822, 49.22245608783802], [-123.08435394057604, 49.22254829004027], [-123.08445683104428, 49.22264437197867], [-123.08455143998349, 49.2227440387482], [-123.0846374769575, 49.22284698443917], [-123.08471467783525, 49.22295289307583], [-123.08478280560199, 49.22306143958614], [-123.08483327187926, 49.22316502903783], [-123.08487440182935, 49.223270374466495], [-123.08490605457558, 49.223377115200435], [-123.08492812168606, 49.22348488578853], [-123.08494052754588, 49.223593317251336], [-123.08494322961671, 49.22370203834434], [-123.08493621858345, 49.22381067682896], [-123.08491951838678, 49.22391886074708], [-123.08489318614234, 49.22402621969444], [-123.08485731194577, 49.224132386089046], [-123.08475746003218, 49.22431406799844], [-123.08464757559238, 49.224493248534735], [-123.08452780420744, 49.224669690133645], [-123.08439830457186, 49.224843158859734], [-123.08425924828374, 49.225013424716764], [-123.08414052848528, 49.225183082543936], [-123.08402932600646, 49.22535491171307], [-123.08392573337947, 49.22552876936558], [-123.08382983681248, 49.22570451095484], [-123.0837417161177, 49.22588199036642], [-123.08366144464478, 49.22606106003945], [-123.08359193757796, 49.22629240015776], [-123.08353190374388, 49.22652487525386], [-123.08348138624153, 49.226758318948455], [-123.08344042136085, 49.22699256416669], [-123.08340903855628, 49.227227443257746], [-123.08341428168151, 49.227354083579115], [-123.08342919709757, 49.227480393261516], [-123.08345374748345, 49.22760605563117], [-123.08348787136084, 49.227730755634745], [-123.08353148324763, 49.22785418062939], [-123.08358447387135, 49.22797602116661], [-123.08364671044268, 49.22809597176819], [-123.0837388876165, 49.22888130520255], [-123.0837125373363, 49.22912191257428], [-123.08369493421878, 49.22936286237565], [-123.08368608835494, 49.22960401823026], [-123.0836860048794, 49.229845243643105], [-123.08365918085707, 49.22995260833636], [-123.0836229318366, 49.23005877902836], [-123.08357737880834, 49.23016340117115], [-123.08352267383535, 49.23026612538581], [-123.0834589995463, 49.2303666086293], [-123.08338656852612, 49.230464515340145], [-123.08330562260693, 49.23055951855922], [-123.0832356015257, 49.230617180136456], [-123.08317344927903, 49.230678587979874], [-123.08311963070112, 49.23074328285228], [-123.08307454830775, 49.23081078093269], [-123.08303853928554, 49.23088057743427], [-123.08301187296914, 49.23095215037924], [-123.08299474882598, 49.23102496450228], [-123.0829872949635, 49.23109847525351], [-123.08298956716968, 49.23117213287072], [-123.08300154849458, 49.231245386490976], [-123.08302314937592, 49.231317688270295], [-123.08305420830744, 49.231388497480886], [-123.08309449304575, 49.23145728455526], [-123.08314370234595, 49.23152353504691], [-123.08328070916085, 49.23168690750325], [-123.08342582507564, 49.231847249235486], [-123.08357889400494, 49.232004387695696], [-123.0837397513003, 49.23215815378146], [-123.08390822392704, 49.23230838201797]]}}, {"type": "Feature", "properties": {"Id": 0, "Name": "Vivian Creek", "Region": "P", "Type": "Stream"}, "geometry": {"type": "LineString", "coordinates": [[-123.05108758328116, 49.20574767031011], [-123.05097782371003, 49.20640877637408], [-123.05087711482354, 49.20707050066341], [-123.05078546508103, 49.20773278997596], [-123.05070288221451, 49.208395591062036], [-123.05062937322774, 49.20905885062867], [-123.05056494439573, 49.209722515343955]]}}, {"type": "Feature", "properties": {"Id": 0, "Name": "Vivian Creek", "Region": "P", "Type": "Stream"}, "geometry": {"type": "LineString", "coordinates": [[-123.04931205921389, 49.210103858312124], [-123.04892164822357, 49.21009495463591], [-123.048531022008, 49.21009228906773], [-123.04844425331157, 49.21011111281557], [-123.04836106123574, 49.21013591737966], [-123.04828240299712, 49.2101664173579], [-123.04820918365044, 49.210202261815894], [-123.04814224567546, 49.21024303832469], [-123.04808235928355, 49.21028827770563], [-123.04803021355542, 49.21033745942848], [-123.04798640851207, 49.210390017600304], [-123.04788945494494, 49.210455240546224], [-123.04779992126416, 49.21052486800796], [-123.04771827231399, 49.210598538515974], [-123.04764493201102, 49.21067586960968], [-123.04758028114287, 49.21075645982275], [-123.04752465539076, 49.21083989076704], [-123.04747834358615, 49.21092572930455]]}}, {"type": "Feature", "properties": {"Id": 0, "Name": "Vivian Creek", "Region": "P", "Type": "Stream"}, "geometry": {"type": "LineString", "coordinates": [[-123.05056494439573, 49.209722515343955], [-123.05031520760646, 49.2097869594419], [-123.05006847028648, 49.209856186111836], [-123.04982494574095, 49.2099301355106], [-123.04958484450054, 49.21000874371217], [-123.04934837413946, 49.21009194276288]]}}, {"type": "Feature", "properties": {"Id": 0, "Name": "Vivian Creek", "Region": "P", "Type": "Stream"}, "geometry": {"type": "LineString", "coordinates": [[-123.04931205921389, 49.210103858312124], [-123.04922326618173, 49.21017375133721], [-123.04914226679954, 49.21024759617573], [-123.04906946946271, 49.210325020537596], [-123.04900524122114, 49.21040563408469], [-123.04894990592815, 49.21048903039854], [-123.048903742607, 49.21057478902917], [-123.04886698404344, 49.21066247761453], [-123.04883981561132, 49.21075165406021], [-123.04882237433681, 49.21084186876815], [-123.04876352773584, 49.211016064462946], [-123.04871369252253, 49.211191462640684], [-123.04867292562922, 49.211367863262], [-123.04864127364748, 49.2115450651421], [-123.04861877277467, 49.21172286618021], [-123.04860544877211, 49.21190106359008], [-123.04858021121744, 49.21216264201147], [-123.04856230151039, 49.212424479693226], [-123.04855172579337, 49.21268648853227], [-123.04854728631398, 49.212799020219606], [-123.04853477228039, 49.21291129054899], [-123.04851421133985, 49.21302305099149], [-123.04848564895343, 49.21313405414524], [-123.04844914829606, 49.213244054283116], [-123.04840479011709, 49.213352807896754], [-123.04835267256195, 49.21346007423567]]}}, {"type": "Feature", "properties": {"Id": 0, "Name": "Vivian Creek", "Region": "P", "Type": "Stream"}, "geometry": {"type": "LineString", "coordinates": [[-123.05056494439573, 49.209722515343955], [-123.05056695276029, 49.210135477256614], [-123.0505780182393, 49.210548377595806], [-123.05059813877406, 49.21096113110015], [-123.05062731043577, 49.211373652536466], [-123.0506655274262, 49.21178585671735], [-123.0507127820787, 49.212197658518846], [-123.05072425149834, 49.212685525206695], [-123.05073080563413, 49.213173430820945], [-123.05073244405543, 49.213661354106485], [-123.0507378788059, 49.21374128140001], [-123.05075221951857, 49.21382073443899], [-123.05077538946797, 49.21389928789928], [-123.05080726466288, 49.21397652127037], [-123.0508476745091, 49.21405202110644], [-123.05089640272202, 49.214125383239825]]}}, {"type": "Feature", "properties": {"Id": 0, "Name": "Vivian Creek", "Region": "P", "Type": "Stream"}, "geometry": {"type": "LineString", "coordinates": [[-123.05089640272202, 49.214125383239825], [-123.05105554683735, 49.21421150338937], [-123.05120884699517, 49.21430205914668], [-123.05135601534978, 49.2143968804979], [-123.05149677556291, 49.21449578941974], [-123.05163086332257, 49.2145986002136], [-123.05175802683947, 49.21470511985405], [-123.05187802731975, 49.214815148351136]]}}, {"type": "Feature", "properties": {"Id": 0, "Name": "Vivian Creek", "Region": "P", "Type": "Stream"}, "geometry": {"type": "LineString", "coordinates": [[-123.05089640272202, 49.214125383239825], [-123.05079351430813, 49.21420207306472], [-123.05069881482082, 49.2142831640961], [-123.05061274171375, 49.21436828177824], [-123.05053569260183, 49.214457032954535], [-123.0504680234242, 49.21454900768319], [-123.0504100467995, 49.214643781130526], [-123.05036203058097, 49.2147409155331], [-123.05032419661832, 49.214839962219465], [-123.0502967197321, 49.2149404636825], [-123.05027972690495, 49.21504195569257], [-123.05031660083648, 49.21557744095838], [-123.05030672980463, 49.21563007189846], [-123.05028792693385, 49.215681648124445], [-123.05026042857577, 49.21573152124943], [-123.05022458039947, 49.215779064294956], [-123.05018083304729, 49.21582367957342], [-123.05012973647037, 49.215864806202106], [-123.05007193301562, 49.21590192715462], [-123.05000814935094, 49.21593457576117], [-123.04990298177782, 49.216006512240675], [-123.04980390072005, 49.216082065933534], [-123.04971119564381, 49.21616101613062], [-123.04962513739348, 49.21624313219972], [-123.04954597740027, 49.216328174259225], [-123.0494739469475, 49.21641589387874], [-123.04940925649454, 49.21650603480466], [-123.04937755928076, 49.21657912586403], [-123.04935185884264, 49.216653220470135], [-123.04933222838656, 49.21672810764628], [-123.04931872383607, 49.21680357415805], [-123.04917999484938, 49.21713634004209], [-123.04904689562228, 49.217470091328934], [-123.04901318821942, 49.21762384294495], [-123.04898730351793, 49.217778243722], [-123.04896927021585, 49.21793312291462], [-123.04895910832933, 49.21808830924672], [-123.04895682917012, 49.21824363110094], [-123.04901458484554, 49.218297392713694], [-123.0490641258425, 49.21835456373248], [-123.04910498694377, 49.218414607323545], [-123.0491367844317, 49.218476959677794], [-123.04915921969233, 49.2185410353047], [-123.0491720820204, 49.218606232529915], [-123.04917525059956, 49.218671939144805], [-123.04922577809722, 49.218833169439364], [-123.0492845692239, 49.21899319315054], [-123.04927088789941, 49.21903951192187], [-123.04926717335601, 49.21908662693021], [-123.04927349781553, 49.21913362247826], [-123.04928973838767, 49.21917958518794], [-123.04931557945622, 49.21922362175232], [-123.04935051881117, 49.21926487629773], [-123.04939387740781, 49.219302547018415], [-123.04955991749516, 49.21942110869263], [-123.04971942085245, 49.219543460655906], [-123.04987218593892, 49.21966944834762], [-123.05001801972148, 49.2197989126131], [-123.05015673791861, 49.21993168990471], [-123.05028816523358, 49.2200676124882], [-123.05041213557573, 49.2202065086546], [-123.05047982724086, 49.22024257681468], [-123.05054082451181, 49.22028344920837], [-123.0505943374178, 49.220328596512104], [-123.05063967290964, 49.220377434038056], [-123.05067624383584, 49.2204293293058], [-123.05070357654755, 49.22048361023291], [-123.05072131703393, 49.22053957383872], [-123.05077129992198, 49.22065057310106], [-123.0508123322694, 49.22076313582183], [-123.0508443012137, 49.220876952557305], [-123.05086711880654, 49.220991710414204], [-123.05086497161466, 49.22107597714205], [-123.05087237393931, 49.22116011601396], [-123.0508892850356, 49.22124366335084], [-123.05091561175584, 49.22132615873111], [-123.05095120906175, 49.221407147528254], [-123.05099588082281, 49.221486183416125], [-123.05104938089623, 49.221562830829036], [-123.05112699080816, 49.22170996619168], [-123.05121379613568, 49.22185488057937], [-123.05130964934084, 49.221997327556274], [-123.05141438749509, 49.222137064880485], [-123.05152783255595, 49.222273854916025], [-123.05164979166926, 49.222407465037115], [-123.05195442382195, 49.222659598143956], [-123.05226355731483, 49.22290937046959], [-123.05257714956099, 49.22315674755048]]}}, {"type": "Feature", "properties": {"Id": 0, "Name": "First Creek", "Region": "C", "Type": "Stream"}, "geometry": {"type": "LineString", "coordinates": [[-123.16995575369334, 49.27165267447258], [-123.16993588568394, 49.271470477555006], [-123.16990709102245, 49.271288791777685], [-123.16986939947815, 49.27110780435657], [-123.1698228499867, 49.27092770178597], [-123.16976749060989, 49.270748669646416], [-123.1697033784855, 49.27057089241346], [-123.16963057976808, 49.270394553267636], [-123.16954916956055, 49.27021983390573], [-123.16945923183636, 49.27004691435365], [-123.16912245660676, 49.26971354238252], [-123.16877701641901, 49.269383989716], [-123.16842301254799, 49.26905835280791], [-123.16806054876882, 49.26873672696408], [-123.16768973132638, 49.26841920631465], [-123.167401879969, 49.26818203557991], [-123.16712081605623, 49.267941404690085], [-123.16684663661323, 49.26769739679738], [-123.16657943628194, 49.2674500962197], [-123.16631930728845, 49.2671995884115], [-123.16606633941123, 49.266945959934255], [-123.16486074121191, 49.265937247391435], [-123.16365933762276, 49.264926406109495], [-123.1635040218878, 49.264815976963256], [-123.16334230602563, 49.26470955545903], [-123.16317443132465, 49.26460730035685], [-123.16300064825626, 49.26450936420031], [-123.16282121610135, 49.26441589308919], [-123.16263206135687, 49.26430517322605], [-123.16244899253705, 49.26419015561351], [-123.16227223747435, 49.264070983419785], [-123.16210201613731, 49.263947804983545], [-123.16193854035693, 49.26382077362903], [-123.1617820135631, 49.263690047475194], [-123.16163263053157, 49.263555789238694], [-123.16149057714148, 49.26341816603133], [-123.16138480099919, 49.26335027011344], [-123.16127325590783, 49.26328645115099], [-123.16115630819884, 49.263226918723234], [-123.16103434194143, 49.26317186833187], [-123.1609077576813, 49.26312148075915], [-123.1606929244567, 49.26303015313314], [-123.16048308209848, 49.26293398409768], [-123.16027848521128, 49.26283309034931], [-123.16007938203003, 49.262727594317056], [-123.15988601411881, 49.26261762401381], [-123.15969861607763, 49.2625033128808], [-123.15951741525785, 49.26238479962569], [-123.15934263148613, 49.26226222805402], [-123.15917447679801, 49.26213574689476], [-123.15901315518055, 49.26200550961955], [-123.15795610937714, 49.26123346349496], [-123.157767044521, 49.26110791225253], [-123.15758586110634, 49.260977478324854], [-123.15741285321167, 49.260842373464236], [-123.15724830163603, 49.26070281700421], [-123.15709247344337, 49.26055903550336], [-123.15694562152932, 49.260411262377254], [-123.15680798421091, 49.26025973751943], [-123.15667978484004, 49.260104706911726], [-123.15659609535518, 49.25999711568471], [-123.15652228335637, 49.25988647081861], [-123.15645860763196, 49.25977316033985], [-123.15640529141808, 49.25965758162039], [-123.15636252161669, 49.25954013998399], [-123.15633044814096, 49.259421247284564], [-123.15630918339062, 49.25930132046177], [-123.15629880185884, 49.25918078007887], [-123.1562993398721, 49.259060048847616], [-123.15631079546394, 49.25893955014601], [-123.15633312838284, 49.258819706533615], [-123.15636626023465, 49.25870093826961], [-123.15660129742704, 49.25828412183197], [-123.15666023258696, 49.25819921806754], [-123.15671013454259, 49.25811186917883], [-123.15675076845221, 49.25802248631979], [-123.15678194310244, 49.25793149021593], [-123.15680351180735, 49.257839309184156], [-123.15681537309787, 49.2577463771163], [-123.15681747119852, 49.25765313143692], [-123.15688441420885, 49.2574513170959], [-123.15696089975906, 49.257250960783864], [-123.15704685395723, 49.25705225576089], [-123.15714219378094, 49.25685539369191], [-123.15730204451175, 49.25648000597876], [-123.15745236241965, 49.25610293492589], [-123.15759310638569, 49.255724284227284], [-123.15771892600303, 49.25527191435795], [-123.15767363408503, 49.25475075823124], [-123.15767191710195, 49.254715830910975], [-123.15767916743609, 49.25468120927575], [-123.15769517995605, 49.254647872776324], [-123.15771950164935, 49.25461676450481], [-123.15775144443991, 49.254588764514956], [-123.15779010465499, 49.25456466492571], [-123.15783438859097, 49.254545147512715], [-123.15788304345429, 49.25453076442153], [-123.15793469280246, 49.2545219225478], [-123.15815825114775, 49.25452701604873], [-123.15838193415823, 49.25452845028186], [-123.15845902177885, 49.25454032788624], [-123.15853350829131, 49.25455793488877], [-123.15860440345557, 49.25458103721881], [-123.15867076477214, 49.25460932774948], [-123.15873171001114, 49.25464243038038], [-123.15878642894056, 49.25467990503721], [-123.15883419409762, 49.2547212535219], [-123.15887437046004, 49.25476592613532], [-123.15890642388884, 49.25481332898494], [-123.15893441579514, 49.25486265436992], [-123.15895349361952, 49.25491376962441], [-123.15896340066523, 49.25496598705491], [-123.15896400361558, 49.255018604137355], [-123.15895529432895, 49.255070912968655], [-123.15893738995013, 49.255122209790606], [-123.1589105313356, 49.255171804458385], [-123.15887507981465, 49.255219029725865], [-123.15883151232927, 49.25526325022293], [-123.15881088991202, 49.255299303207146], [-123.15878117461529, 49.255332525316575], [-123.15874323738124, 49.25536194280658], [-123.15869819014408, 49.2553866934449], [-123.15864735323964, 49.25540605178435], [-123.158592216706, 49.255419450426594], [-123.15853439660924, 49.255426496653314], [-123.15847558767463, 49.25542698393727], [-123.15841751361167, 49.25542089799601], [-123.15771892600303, 49.25527191435794]]}}, {"type": "Feature", "properties": {"Id": 0, "Name": "Mackie Creek", "Region": "", "Type": "Stream"}, "geometry": {"type": "LineString", "coordinates": [[-123.12891402743514, 49.26615748709781], [-123.12909637558472, 49.26590424634303], [-123.12926951349469, 49.26564825231132], [-123.12943334430993, 49.26538964842047], [-123.129587776394, 49.26512857954817], [-123.12965724601612, 49.26491054966095], [-123.12971791551188, 49.26469139786571], [-123.12976974289427, 49.26447127625212], [-123.1298126923142, 49.26425033758085], [-123.12984673408499, 49.26402873517754], [-123.12985492328048, 49.263816612586204], [-123.12987184777461, 49.26360471157917], [-123.12989749515185, 49.263393186199586], [-123.12993184665618, 49.263182190215666], [-123.129974877205, 49.26297187700878], [-123.13000553657675, 49.26287567612923], [-123.13002681481773, 49.26277839663072], [-123.1300386263663, 49.26268042993653], [-123.1300409237529, 49.26258217023272], [-123.13003369779027, 49.26248401288191], [-123.13001697760947, 49.26238635283264], [-123.12987590381712, 49.26230734297066], [-123.12973995441783, 49.26222457473897], [-123.12960936297613, 49.26213819035129], [-123.12948435384678, 49.26204833823389], [-123.12936514178965, 49.26195517277054], [-123.12925193160044, 49.26185885403704], [-123.12909175699465, 49.261751333277736], [-123.12893777971338, 49.261640002218144], [-123.12879021117959, 49.26152501375509], [-123.1286492540106, 49.261406525807224], [-123.1285151017398, 49.26128470109807], [-123.12838793855109, 49.26115970693241], [-123.12826793902614, 49.26103171496645], [-123.12810853447054, 49.26076784439984], [-123.12795858820606, 49.260501609694025], [-123.12781818185117, 49.2602331560371], [-123.12768739181809, 49.259962629824976], [-123.12756628927137, 49.259690178581266], [-123.12751196137438, 49.25947780489906], [-123.12746746294374, 49.25926445376029], [-123.12743283448941, 49.25905032000363], [-123.1274081075065, 49.25883559917997], [-123.12739330444691, 49.258620487373705], [-123.12738843869926, 49.25840518102381], [-123.12741337772323, 49.25819521052457], [-123.12744742708107, 49.25798578897577], [-123.12749055912998, 49.25777708568548], [-123.1275427388854, 49.25756926937898], [-123.12760392404967, 49.257362508062386]]}}, {"type": "Feature", "properties": {"Id": 0, "Name": "Bridge Street Creek", "Region": "H", "Type": "Stream"}, "geometry": {"type": "LineString", "coordinates": [[-123.11606930525234, 49.264480362504024], [-123.11599432672236, 49.26448188419067], [-123.11591976646604, 49.2644764893516], [-123.1158471067744, 49.26446428523862], [-123.11577779215204, 49.264445514474765], [-123.11571320059826, 49.26442055023065], [-123.11565461621058, 49.26438988880518], [-123.11560320365557, 49.26435413975844], [-123.11555998501485, 49.2643140137929], [-123.11552581946611, 49.26427030862371], [-123.11550138620343, 49.26422389311945], [-123.11546771881265, 49.26408790568784], [-123.11544196597669, 49.26395117967251], [-123.11542416477566, 49.263813912286714], [-123.11541434081953, 49.26367630152302], [-123.11541250821158, 49.26353854586756], [-123.11536042888082, 49.26343056336601], [-123.11531649956393, 49.26332104004228], [-123.11528082581066, 49.26321023918559], [-123.11524768180725, 49.2631350096143], [-123.1152221981499, 49.26305851224225], [-123.11520448597109, 49.26298108077648], [-123.11519462250028, 49.26290305299731], [-123.11519265072766, 49.26282476928475], [-123.11520876895023, 49.262524995694626], [-123.11521534479132, 49.26222506741904], [-123.11521237557231, 49.261925114547275], [-123.1151992214495, 49.26156817875286], [-123.11519111740287, 49.26121117852668], [-123.11518806401783, 49.260854144472724], [-123.11514613854709, 49.26062909184575], [-123.11511202643223, 49.26040347452391], [-123.11508574513206, 49.260177408687134], [-123.11506730807238, 49.25995101074474], [-123.11505672463927, 49.25972439727552], [-123.11505400017454, 49.25949768496758], [-123.11505310392062, 49.25911212776725], [-123.11504464866486, 49.25905828375154], [-123.11502665986383, 49.259005452142475], [-123.1149993829022, 49.25895435352641], [-123.11496318984561, 49.258905684850724], [-123.11491857436452, 49.25886010991819], [-123.11486614499981, 49.25881825033364], [-123.11480661686198, 49.25878067702606], [-123.11474080187713, 49.25874790246213], [-123.11466959771278, 49.25872037365691], [-123.11459397553479, 49.25869846607747], [-123.11341452611096, 49.25812843261495], [-123.11333881757801, 49.25808425600324], [-123.11326985301197, 49.25803557797018], [-123.11320825437538, 49.257982837537114], [-123.11315457719297, 49.25792651036217], [-123.1131093055421, 49.25786710445014], [-123.1130728476875, 49.25780515557056], [-123.1130455324002, 49.25774122242539], [-123.11302760599351, 49.2576758816101], [-123.11301923010275, 49.257609722413186], [-123.11302048022885, 49.25754334150159], [-123.11301532730077, 49.25745393928237], [-123.11301949640378, 49.257364515090316], [-123.11303296809564, 49.257275484866554], [-123.11305567966548, 49.257187262717444], [-123.11308752542644, 49.25710025898865], [-123.11312835720823, 49.25701487835646], [-123.1132151666535, 49.25681487423156], [-123.11325066811742, 49.25676646965541], [-123.11327630773965, 49.25671546643318], [-123.11329165493026, 49.25666272117085], [-123.1132964519651, 49.25660911972935], [-123.113290618312, 49.25655556234641], [-123.11327425198117, 49.256502948516896], [-123.11324762787683, 49.25645216188593], [-123.11321119317793, 49.25640405540833], [-123.11316555982621, 49.256359437023725], [-123.11311149424704, 49.25631905608774], [-123.11304990447651, 49.25628359078735], [-123.11298182491065, 49.25625363675135], [-123.11290839893307, 49.256229697047644], [-123.11282413298088, 49.256196119733815], [-123.11274588973848, 49.25615679081848], [-123.11267458157222, 49.2561121689096], [-123.1126110399731, 49.256062774334524], [-123.11255600586111, 49.2560091830721], [-123.11251012094607, 49.255952020035856], [-123.11247392024565, 49.25589195178669], [-123.11244782584801, 49.25582967875976], [-123.11243214199126, 49.25576592709681], [-123.11242705151777, 49.25570144017855], [-123.11243261374369, 49.25563696995629], [-123.11244876376956, 49.25557326818378], [-123.11253369059658, 49.25454502983465], [-123.11251698205808, 49.25447420028794], [-123.11248959160335, 49.25440481016366], [-123.11245179103292, 49.25433754792099], [-123.11240395542792, 49.25427308090452], [-123.11234655942704, 49.254212048723346], [-123.11228017251625, 49.2541550569056], [-123.11220545337771, 49.254102670891164], [-123.1121132000984, 49.254036416877845], [-123.1120290697373, 49.253965681572126], [-123.11195356846582, 49.25389089058379], [-123.11188715052843, 49.2538124939235], [-123.1118302155102, 49.253730963294736], [-123.11178310593331, 49.253646789255406], [-123.11174610519714, 49.25356047826581], [-123.11161033604482, 49.25338153359368], [-123.1114811337033, 49.25320051779863], [-123.11135857178384, 49.25301753411318], [-123.11124272010836, 49.25283268689098], [-123.11099480676182, 49.25266617152376], [-123.11075187836113, 49.25249653763806], [-123.11051402639855, 49.25232384915756], [-123.11028134045056, 49.252148171156406], [-123.11019740491241, 49.25207946692194], [-123.1101214067886, 49.252006911839544], [-123.11005375677023, 49.25193089802823], [-123.10999482042652, 49.25185183629764], [-123.10994491622978, 49.25177015392763], [-123.10990431383482, 49.25168629235892], [-123.10987323262277, 49.251600704807046], [-123.10985184051617, 49.25151385381307], [-123.10984025307269, 49.25142620874364], [-123.10983853286157, 49.25133824325428], [-123.10984668912668, 49.25125043272969], [-123.1098646777377, 49.25116325171457], [-123.1098763350735, 49.25073964607741], [-123.10988266629388, 49.250315991950835], [-123.10988367110676, 49.24989231803099], [-123.1099079672071, 49.249506928545145], [-123.10992165495561, 49.249121315063206], [-123.10992473015862, 49.24873560271347], [-123.10983684715187, 49.24837310504457], [-123.10974151715519, 49.248011414868486], [-123.10963875761331, 49.24765059775409], [-123.10960727273081, 49.24757280367543], [-123.10956744342104, 49.24749666646758], [-123.10951947012194, 49.24742256921272], [-123.10946359424454, 49.24735088472737], [-123.10940701252345, 49.24727340467607], [-123.10934196239795, 49.24719882793474], [-123.10926878934508, 49.247127550532944], [-123.10918788197269, 49.24705995097788], [-123.10909966995509, 49.246996388244696], [-123.10900462175125, 49.24693719987033], [-123.10890028285411, 49.24684277169254], [-123.1088038003935, 49.2467448284151], [-123.10871545000465, 49.24664364989443], [-123.10863548408197, 49.24653952522933], [-123.10856413105847, 49.246432751934925], [-123.10850159475338, 49.246323635092246], [-123.10804192321865, 49.245581507858994]]}}, {"type": "Feature", "properties": {"Id": 0, "Name": "Bridge Street Creek", "Region": "H", "Type": "Stream"}, "geometry": {"type": "LineString", "coordinates": [[-123.11677344121136, 49.266978637873095], [-123.11666348767258, 49.266879397197826], [-123.11656160075674, 49.26677653562033], [-123.11646805826204, 49.26667033364753], [-123.11638311522604, 49.26656108089394], [-123.11630700323083, 49.26644907529171], [-123.11623992977185, 49.26633462227792], [-123.1161820776927, 49.26621803396162], [-123.11613360468708, 49.26609962827253], [-123.11609464286957, 49.26597972809395], [-123.11606192153603, 49.2657862458327], [-123.11603659158327, 49.26559228927309], [-123.11601866871432, 49.26539797932185], [-123.1160081640143, 49.26520343710455], [-123.11600508394388, 49.26500878389018], [-123.11606930525234, 49.264480362504024]]}}, {"type": "Feature", "properties": {"Id": 0, "Name": "Bridge Street Creek", "Region": "H", "Type": "Stream"}, "geometry": {"type": "LineString", "coordinates": [[-123.11606930525234, 49.264480362504024], [-123.11617419502626, 49.26445132997104], [-123.1162751605452, 49.26441684997566], [-123.11637154256363, 49.26437714765496], [-123.1164627117682, 49.26433248224465], [-123.11654807288724, 49.26428314538605], [-123.11662706857767, 49.264229459221724], [-123.1166991830641, 49.26417177429167], [-123.11676394550646, 49.26411046724426], [-123.1168454318961, 49.26403798916746], [-123.1169189994814, 49.263961969762654], [-123.11698429033468, 49.26388277892473], [-123.11704098680585, 49.263800801978405], [-123.11708881306731, 49.26371643780291], [-123.11712753645547, 49.26363009689122], [-123.11715696860198, 49.263542199352315], [-123.11717696634936, 49.26345317286707], [-123.11731131707454, 49.26326674358826], [-123.11745408520176, 49.263083013565016], [-123.11760514417568, 49.26290214554337], [-123.11776436010142, 49.26272429973249], [-123.11819937964783, 49.26215265864697], [-123.11835261053233, 49.261977998053204], [-123.11849834016787, 49.261800609115554], [-123.11863645530823, 49.261620629781355], [-123.11876684863225, 49.26143820001084], [-123.11888941882695, 49.26125346166827], [-123.11900407066625, 49.261066558411564], [-123.11913834467504, 49.260824572679105], [-123.11926472216769, 49.260580772168424], [-123.11925482736889, 49.2604392180383], [-123.11923437733884, 49.26029814937195], [-123.11920342101344, 49.26015790311898], [-123.11916203242168, 49.26001881426174], [-123.11911031050805, 49.2598812150154], [-123.11903800892992, 49.25977903082697], [-123.11897395222749, 49.259674516692165], [-123.11891831486547, 49.25956795735116], [-123.11887124836757, 49.25945964311435], [-123.11883288090438, 49.259349869071265], [-123.11880331694479, 49.25923893428653], [-123.11876933382173, 49.25909406011442], [-123.11872498227687, 49.25895039180244], [-123.11867036047853, 49.25880824705714], [-123.11860558930346, 49.258667940213094], [-123.11829888287579, 49.25813989717843]]}}, {"type": "Feature", "properties": {"Id": 0, "Name": "Brewery Creek", "Region": "J", "Type": "Stream"}, "geometry": {"type": "LineString", "coordinates": [[-123.09644934216536, 49.26767776905049], [-123.09659629943829, 49.267525664905556], [-123.0967343082878, 49.2673700126361], [-123.0968631690192, 49.26721103756238], [-123.09698269518596, 49.26704896981255], [-123.09709271385924, 49.26688404398932], [-123.0971930658777, 49.26671649883032], [-123.09728360607751, 49.26654657686235], [-123.09736422703322, 49.266438576825735], [-123.09743695449743, 49.26632820298269], [-123.09750162583822, 49.26621570223012], [-123.09755809644767, 49.266101326220976], [-123.09760624006468, 49.26598533080116], [-123.09764594905724, 49.26586797543729], [-123.09772596502147, 49.26567268356651], [-123.0978157300895, 49.26547921519446], [-123.09791514746486, 49.26528777869899], [-123.09802410995864, 49.26509858026709], [-123.09814250010528, 49.26491182367292], [-123.09827019028948, 49.264727710058374], [-123.09840704288418, 49.264546437716604], [-123.09861740483278, 49.264370626624874], [-123.09882093779659, 49.26419140615027], [-123.09901751287786, 49.264008889859106], [-123.09920700559199, 49.26382319340487], [-123.0993892959463, 49.263634434454914], [-123.09956426851586, 49.26344273261582], [-123.0997318125166, 49.26324820935746], [-123.1000851979265, 49.26284361853358], [-123.10044806777013, 49.2624426407868], [-123.10082033561909, 49.26204537136915], [-123.10093121635562, 49.26195152037579], [-123.10103324915643, 49.26185346471967], [-123.10112606281112, 49.26175156119318], [-123.10120931966107, 49.26164618058756], [-123.10128271682744, 49.26153770634358], [-123.10134598731263, 49.26142653315606], [-123.10139890097072, 49.261313065537514], [-123.10144126534429, 49.26119771634616], [-123.10147292636344, 49.26108090528355], [-123.10141149852264, 49.26090808672884], [-123.10133992746988, 49.260736948263315], [-123.10125831991786, 49.26056774480517], [-123.10116679752544, 49.260400728387715], [-123.10106549671592, 49.26023614778409], [-123.10095456847327, 49.26007424813689], [-123.10083417811673, 49.259915270592984], [-123.10063436368881, 49.25974834718448], [-123.10042715041509, 49.25958533418192], [-123.10021271689875, 49.25942637203468], [-123.09999124795866, 49.259271597700646], [-123.09976293446961, 49.25912114452836], [-123.09952797319819, 49.258975142142184], [-123.09928656663297, 49.258833716330756], [-123.09905026022437, 49.25870974611802], [-123.0988073979541, 49.258591328412386], [-123.09855828423818, 49.25847861162272], [-123.09830323132088, 49.25837173701213], [-123.09804255888342, 49.25827083852113], [-123.09777659364352, 49.25817604259984], [-123.0975056689462, 49.25808746804976], [-123.09723012434617, 49.25800522587487], [-123.09695030518265, 49.257929419142805], [-123.09666656214671, 49.25786014285568], [-123.09533894500242, 49.257647047027696], [-123.0951954554893, 49.25762102027038], [-123.09505491002554, 49.25758883911943], [-123.09491792403284, 49.257550644491246], [-123.0947850973427, 49.257506603634084], [-123.09465701156923, 49.25745690939531], [-123.0945342275621, 49.257401779376956], [-123.09441728295022, 49.25734145498261], [-123.09430668978753, 49.25727620036002], [-123.09420293231065, 49.257206301244395], [-123.09410646481858, 49.2571320637068], [-123.09401770968354, 49.25705381281386], [-123.09393705550187, 49.25697189120399], [-123.09386485539277, 49.25688665758697]]}}, {"type": "Feature", "properties": {"Id": 0, "Name": "Brewery Creek", "Region": "J", "Type": "Educated Guess"}, "geometry": {"type": "LineString", "coordinates": [[-123.09386485539277, 49.25688665758697], [-123.09379515552347, 49.25677827266012], [-123.09373558494964, 49.2566673299902], [-123.09368636114145, 49.25655423471587], [-123.093647663781, 49.256439399833816], [-123.09361963410713, 49.25632324469046], [-123.09360237440069, 49.25620619345058], [-123.09359594761222, 49.25608867354824], [-123.09360037713293, 49.25597111412585], [-123.0936156467107, 49.25585394446716], [-123.09373898675813, 49.25378325329482], [-123.09393512143494, 49.25176010190215], [-123.0939494160149, 49.2497132975549], [-123.09392118061486, 49.24964754512862], [-123.09388422121395, 49.24958367308986], [-123.09383882426643, 49.24952217642251], [-123.09378534161061, 49.249463531700385]]}}, {"type": "Feature", "properties": {"Id": 0, "Name": "Brewery Creek", "Region": "J", "Type": "Stream"}, "geometry": {"type": "LineString", "coordinates": [[-123.09378534161061, 49.249463531700385], [-123.09335285057108, 49.24909666675228], [-123.09291589237299, 49.24873207904977], [-123.09247449507235, 49.24836979192069], [-123.09221679608122, 49.24811531717898], [-123.09196457743599, 49.247858500537355], [-123.09192192871399, 49.24775263527079], [-123.09188904628317, 49.24764528722797], [-123.0918660482468, 49.24753684217726], [-123.0918530171855, 49.24742768982678], [-123.0918499998614, 49.2473182224238], [-123.09185700705103, 49.24720883334519], [-123.09187401350759, 49.24709991568378], [-123.09190095805259, 49.24699186083579], [-123.0919377437966, 49.246885057094374], [-123.09198423848844, 49.246779888254395], [-123.09204027499115, 49.24667673223334], [-123.09210565188349, 49.24657595971344], [-123.09218013418455, 49.24647793280987], [-123.0925431123193, 49.24618014345497]]}}, {"type": "Feature", "properties": {"Id": 0, "Name": "Brewery Creek", "Region": "J", "Type": "Stream"}, "geometry": {"type": "LineString", "coordinates": [[-123.0925431123193, 49.24618014345497], [-123.09295824761413, 49.24462091427377]]}}, {"type": "Feature", "properties": {"Id": 0, "Name": "Brewery Creek", "Region": "J", "Type": "Stream"}, "geometry": {"type": "LineString", "coordinates": [[-123.09295824761413, 49.24462091427377], [-123.09203129244929, 49.24463355638211], [-123.09194387899298, 49.24461873300514], [-123.09185972758866, 49.244597294253325], [-123.09178000177039, 49.24456953655446], [-123.09170580387591, 49.24453584370619], [-123.09163815980409, 49.2444966815689], [-123.09157800482974, 49.244452591623904], [-123.09152617067201, 49.24440418348615], [-123.0914833739949, 49.24435212647468], [-123.0914502064992, 49.24429714035789], [-123.09142712674253, 49.24423998540112], [-123.09141445380072, 49.24418145185451], [-123.0914123628579, 49.24412234902641], [-123.09140151375685, 49.24395437637319], [-123.09140119869046, 49.2437862537253], [-123.09141141808193, 49.2436182641368], [-123.09143215461887, 49.24345069043496], [-123.09146337328306, 49.24328381474396], [-123.09150502141017, 49.243117918010014], [-123.09182975271071, 49.2418086631282]]}}, {"type": "Feature", "properties": {"Id": 0, "Name": "Brewery Creek", "Region": "J", "Type": "Stream"}, "geometry": {"type": "LineString", "coordinates": [[-123.09295824761413, 49.24462091427377], [-123.09303267149825, 49.24451516659388], [-123.09309906960378, 49.24440715262918], [-123.09315728160274, 49.24429713328137], [-123.09320716694313, 49.24418537429442], [-123.09324860518795, 49.24407214561238], [-123.09328149630564, 49.24395772072739], [-123.09330576091116, 49.24384237601907], [-123.09345582623615, 49.24353925896001], [-123.09361279015648, 49.24323764346356], [-123.09377661751991, 49.24293759683553], [-123.09389057000134, 49.242736652211484], [-123.09401475474822, 49.242538323808205], [-123.09414903182356, 49.242342834916386], [-123.09429324993306, 49.2421504056272], [-123.09444724659593, 49.24196125258464], [-123.09453180030616, 49.241851905825484], [-123.09460763200667, 49.24173985054164], [-123.09467454009585, 49.24162538472493], [-123.09473234670662, 49.241508812775535], [-123.09478089817907, 49.241390444692364], [-123.09482006546828, 49.241270595248494], [-123.09484974448688, 49.24114958315412], [-123.09486985638118, 49.24102773020887], [-123.09488034774003, 49.240905360446035], [-123.0948811907362, 49.24078279927085], [-123.09490271826833, 49.240676545954614], [-123.09491453192875, 49.24056964125929], [-123.09491658974667, 49.2404624655591], [-123.09490888446352, 49.240355400190026], [-123.09489144355804, 49.24024882609305], [-123.09486432914754, 49.240143122458804], [-123.09482763776595, 49.24003866537839], [-123.09478150001966, 49.23993582650536], [-123.09472608012183, 49.23983497173349], [-123.0946615753075, 49.239736459895056], [-123.09458821513097, 49.23964064148432], [-123.09426744148593, 49.239264003316535], [-123.093954030577, 49.23888471771002], [-123.09364803320504, 49.23850284634806], [-123.09334949896169, 49.23811845133306], [-123.09308786834066, 49.23778892276472], [-123.09281703294118, 49.23746259893829], [-123.09253708444717, 49.23713959010437], [-123.09224811761585, 49.23682000539147], [-123.09195023024567, 49.236503952769176], [-123.09164352314306, 49.23619153901174], [-123.09132810008815, 49.23588286966212]]}}, {"type": "Feature", "properties": {"Id": 0, "Name": "Brewery Creek", "Region": "J", "Type": "Stream"}, "geometry": {"type": "LineString", "coordinates": [[-123.0925431123193, 49.24618014345497], [-123.09261390211172, 49.246134524589145], [-123.09269051234912, 49.2460931318983], [-123.09277235641603, 49.24605628232477], [-123.09285880762607, 49.24602425802377], [-123.0929492040202, 49.2459973042031], [-123.09304285343515, 49.245975627245954], [-123.0931390388026, 49.245959393130704], [-123.09323702363929, 49.245948726160265], [-123.09340029895131, 49.24592131378827], [-123.09356543855526, 49.24589920042536], [-123.0937320414879, 49.24588243976311], [-123.09389970323446, 49.245871072496534], [-123.09406801671044, 49.24586512622545], [-123.09423657324955, 49.245864615387454], [-123.09434549679933, 49.24586438716187], [-123.09445391456374, 49.24585751922741], [-123.0945608842951, 49.24584407127264], [-123.09466547633228, 49.2458241601723], [-123.09476678168113, 49.245797958971444], [-123.09486391991548, 49.24576569538139], [-123.09495604682962, 49.24572764980032], [-123.09504236177573, 49.24568415287627], [-123.09512211462238, 49.24563558263304], [-123.09519461227434, 49.24558236118451], [-123.09525922469561, 49.245524951065875], [-123.09531539038487, 49.24546385121335], [-123.0953626212546, 49.24539959262787], [-123.09626882253495, 49.244054144420474]]}}, {"type": "Feature", "properties": {"Id": 0, "Name": "China Creek", "Region": "K", "Type": "Stream"}, "geometry": {"type": "LineString", "coordinates": [[-123.08203719704336, 49.26456794696064], [-123.08189345633879, 49.264519627608664], [-123.08174598482324, 49.26447639080319], [-123.08159520173004, 49.26443835945563], [-123.08144153570335, 49.26440564167934], [-123.08128542357998, 49.264378330482316], [-123.08112730914793, 49.264356503503016], [-123.08096764188522, 49.26434022278956], [-123.08078410389795, 49.26431198537185], [-123.08059839661412, 49.2642906717388], [-123.08041112933006, 49.264276351819255], [-123.08032057438056, 49.26425809291117], [-123.08023365535765, 49.264233399645626], [-123.08015143601638, 49.26420257423186], [-123.08007492258945, 49.26416599392693], [-123.08000505147177, 49.26412410641829], [-123.07994267776026, 49.26407742434434], [-123.07988856478865, 49.26402651902002], [-123.07984337478618, 49.26397201344438], [-123.07980766077365, 49.26391457467563], [-123.07978185979655, 49.26385490566709], [-123.07976628757784, 49.26379373666386], [-123.07976113465566, 49.26373181626566], [-123.07976646405325, 49.26366990226519], [-123.07991802536873, 49.26294152175262], [-123.07995043580058, 49.262848754833016], [-123.07997276035502, 49.26275472209647], [-123.07998488772634, 49.26265989261432], [-123.07998675747754, 49.262564739429706], [-123.07997836034083, 49.26246973719777], [-123.07995973826253, 49.262375359817995], [-123.0799309841927, 49.26228207807019], [-123.07989224162039, 49.262190357266306], [-123.07984370385667, 49.26210065492932], [-123.07978561306942, 49.262013418511266], [-123.07971026541175, 49.261940259008796], [-123.0796269959248, 49.26187087541703], [-123.07953624471088, 49.261805634420675], [-123.0794384914067, 49.261744880809935], [-123.07933425264832, 49.26168893565849], [-123.07922407934068, 49.2616380946271], [-123.07910855374634, 49.26159262640115], [-123.07885426996813, 49.26149598639857], [-123.07859570772102, 49.261404338648845], [-123.07833309574795, 49.26131776422229], [-123.07806666637045, 49.261236339701064], [-123.07779665528315, 49.26116013711141], [-123.07752330134568, 49.26108922386015], [-123.07724684637141, 49.2610236626749], [-123.07696753491369, 49.26096351154885], [-123.07668561404995, 49.260908823689455]]}}, {"type": "Feature", "properties": {"Id": 0, "Name": "China Creek", "Region": "K", "Type": "Stream"}, "geometry": {"type": "LineString", "coordinates": [[-123.07668561404995, 49.260908823689455], [-123.07674005633044, 49.26077562144551], [-123.07680498735975, 49.26064444792127], [-123.07688023205633, 49.2605156566492], [-123.07696558754634, 49.26038959473858], [-123.07706082371115, 49.260266601940096], [-123.07716568380825, 49.26014700973034], [-123.07727988516388, 49.2600311404187], [-123.0774031199352, 49.259919306278825], [-123.07753505594077, 49.25981180870738], [-123.07767533755585, 49.259708937411894], [-123.07782358667134, 49.25961096963021], [-123.07824091995083, 49.25940919022209], [-123.07865274800038, 49.259202623602256], [-123.07905894267758, 49.25899133407958], [-123.0793304345238, 49.258872372060715], [-123.07959649571305, 49.258748265662696], [-123.07985689878663, 49.25861912100471], [-123.08011142112909, 49.25848504851309], [-123.08035984515857, 49.25834616282683], [-123.08060195851299, 49.25820258269954], [-123.08083755423148, 49.258054430897715], [-123.08106643093147, 49.25790183409567], [-123.08128839298074, 49.257744922767195], [-123.08150325066467, 49.257583831073795], [-123.08171082034835, 49.25741869674996], [-123.08190519202559, 49.25728992121013], [-123.08209219478852, 49.257156553111734], [-123.08227157557788, 49.257018772976515], [-123.08244309165724, 49.25687676729663], [-123.0826065109415, 49.25673072828218], [-123.08276161231078, 49.25658085360074], [-123.08290818590937, 49.25642734610977], [-123.08304603342975, 49.25627041358192], [-123.08317496838046, 49.25611026842364], [-123.08329481633831, 49.25594712738755], [-123.08340541518399, 49.25578121127899], [-123.08350661532116, 49.25561274465706], [-123.08359827987842, 49.25544195553049], [-123.08365233609551, 49.2551389849237], [-123.08369688333273, 49.25483535206357], [-123.08373190300749, 49.25453118480265], [-123.08375738054978, 49.25422661121622], [-123.08377330540824, 49.25392175954822], [-123.0837796710542, 49.253616758157406], [-123.08377647498409, 49.25331173546319], [-123.08382123757973, 49.25319030301891], [-123.08387647179802, 49.253070732331594], [-123.08394199897918, 49.25295341000031], [-123.08401760718823, 49.25283871535193], [-123.08410305190118, 49.25272701921491], [-123.08419805679623, 49.25261868272057], [-123.08430231464801, 49.25251405613562], [-123.08441545525595, 49.252437621607676], [-123.08453459722125, 49.25236520005427], [-123.0846594088116, 49.25229699310655], [-123.08478954251417, 49.25223319066079], [-123.08492463600295, 49.25217397034997], [-123.0850643131476, 49.2521194970492], [-123.08520818506031, 49.25206992241702], [-123.0853558511785, 49.25202538447316]]}}, {"type": "Feature", "properties": {"Id": 0, "Name": "China Creek", "Region": "K", "Type": "Stream"}, "geometry": {"type": "LineString", "coordinates": [[-123.07668561404995, 49.260908823689455], [-123.07656401139333, 49.26090400948458], [-123.07644355528363, 49.26089209072829], [-123.0763252127744, 49.260873163107604], [-123.07620993394795, 49.26084737857839], [-123.07609864428682, 49.260814944145366], [-123.07599223724264, 49.260776120199864], [-123.07589156706268, 49.26073121842915], [-123.07579744193113, 49.26068059931365], [-123.07571061748042, 49.26062466923266], [-123.07563179072498, 49.260563877201406], [-123.07556159446546, 49.26049871126593], [-123.07550059220915, 49.260429694584495], [-123.07544927364673, 49.26035738122735], [-123.07540805072198, 49.26028235172818], [-123.0753772543257, 49.26020520842329], [-123.0753378749689, 49.2601073565384], [-123.07530609814397, 49.26000832763667], [-123.07528200494158, 49.259908374570756], [-123.07526565683241, 49.2598077525516], [-123.07525709551058, 49.25970671849657], [-123.07525634278787, 49.25960553037354]]}}, {"type": "Feature", "properties": {"Id": 0, "Name": "China Creek", "Region": "K", "Type": "Stream"}, "geometry": {"type": "LineString", "coordinates": [[-123.07525634278787, 49.25960553037354], [-123.07509001996776, 49.25960227286625], [-123.07492368646116, 49.25960528757743], [-123.07475789394687, 49.25961456450819], [-123.07459319230989, 49.2596300728897], [-123.07443012781849, 49.259651761285184], [-123.07426924131269, 49.259679557760506], [-123.07411106641128, 49.25971337012264], [-123.07392543777264, 49.259770989980645], [-123.07374438404355, 49.25983454074433], [-123.07356834723961, 49.25990386727034], [-123.07339775713405, 49.25997880031453], [-123.07323303020884, 49.26005915694507], [-123.0730745686381, 49.26014474098866], [-123.0729227593064, 49.26023534350946], [-123.07283246305938, 49.26027526189489], [-123.07273687265123, 49.26030949523346], [-123.07263682115665, 49.26033774517658], [-123.07253318053418, 49.260359765521294], [-123.07242685402642, 49.26037536435641], [-123.07231876828696, 49.26038440573518], [-123.07220986530358, 49.26038681086019], [-123.07210109418752, 49.26038255877027], [-123.07199340290057, 49.2603716865232], [-123.07188772999233, 49.2603542888727], [-123.0717849964194, 49.26033051744247], [-123.07168609751831, 49.26030057940466], [-123.0715918952013, 49.26026473567401], [-123.07122083279249, 49.26015786556782], [-123.07100909358752, 49.2601459663157], [-123.07079808262596, 49.26012942965705], [-123.07058803695908, 49.26010827416929], [-123.07039567100898, 49.26009269866227], [-123.07020471161822, 49.260070937488216], [-123.07001562284903, 49.26004304353046], [-123.06982886421567, 49.26000908457592], [-123.06964488956717, 49.25996914315032], [-123.06946414598401, 49.259923316317554], [-123.0682310852908, 49.25967415238493], [-123.06802081089853, 49.25962448447321], [-123.06781398793721, 49.25956895477356], [-123.06761099767438, 49.259507665655256], [-123.06741221430799, 49.25944073010466], [-123.06721800427634, 49.25936827151687], [-123.06702872558213, 49.25929042346808], [-123.06684472713252, 49.25920732946927], [-123.06666634809558, 49.25911914270139], [-123.06649391727503, 49.25902602573294], [-123.06632775250392, 49.25892815022015], [-123.06616816005891, 49.25882569659024]]}}, {"type": "Feature", "properties": {"Id": 0, "Name": "China Creek", "Region": "K", "Type": "Stream"}, "geometry": {"type": "LineString", "coordinates": [[-123.06616816005891, 49.25882569659024], [-123.06600529475894, 49.25877124211911], [-123.06584685461229, 49.25871145613324], [-123.06569324668837, 49.258646492242754], [-123.06554486563643, 49.258576517360986], [-123.0654020926714, 49.258501711275365], [-123.06526529459448, 49.25842226618535], [-123.06513482285047, 49.25833838620853], [-123.06490441469981, 49.25823418946123], [-123.06466984623313, 49.25813404883763], [-123.06443128408851, 49.258038035467635], [-123.06418889773776, 49.25794621754912], [-123.06398045497157, 49.25784884611669], [-123.06377850194349, 49.257745782392895], [-123.06358340123165, 49.25763721143496], [-123.06339550310354, 49.25752332818749], [-123.06321514488717, 49.2574043371322], [-123.06304265036529, 49.25728045192057]]}}, {"type": "Feature", "properties": {"Id": 0, "Name": "China Creek", "Region": "K", "Type": "Stream"}, "geometry": {"type": "LineString", "coordinates": [[-123.07525634278787, 49.25960553037354], [-123.07528761037632, 49.259204579383315], [-123.07531112343771, 49.25880340150402], [-123.07532687839539, 49.25840206097751], [-123.07533487291526, 49.258000622070206], [-123.07533510590603, 49.25759914906267], [-123.0753485216687, 49.257405883756086], [-123.07535210494272, 49.25721243327743], [-123.07534585187484, 49.25701901187377], [-123.07532976950554, 49.25682583375758], [-123.07530387576054, 49.25663311286933], [-123.07526819943072, 49.256441062640704], [-123.07522278013941, 49.25624989575818], [-123.07516766829828, 49.25605982392751], [-123.07510292505084, 49.25587105763935], [-123.07502862220441, 49.25568380593621], [-123.07494484214993, 49.255498276180944], [-123.07485167777048, 49.25531467382727]]}}, {"type": "Feature", "properties": {"Id": 0, "Name": "China Creek", "Region": "K", "Type": "Stream"}, "geometry": {"type": "LineString", "coordinates": [[-123.07485167777048, 49.25531467382727], [-123.07468603282786, 49.255231449976506], [-123.07452521777806, 49.25514426199897], [-123.07436945390009, 49.25505322987786], [-123.07421895551826, 49.25495847888584], [-123.07407392970725, 49.254860139412514], [-123.07393457600732, 49.254758346784925], [-123.07367589075933, 49.254518951551205], [-123.07340879362388, 49.254283548141906], [-123.073133428407, 49.25405226319485], [-123.07284994335649, 49.25382522113059], [-123.07255849108188, 49.25360254408547], [-123.07245399631917, 49.25352072306768], [-123.07235787794102, 49.25343461444162], [-123.07227054534002, 49.25334458500568], [-123.0721923704777, 49.25325101825777], [-123.07212368630063, 49.25315431276143], [-123.07206478532287, 49.25305488044795], [-123.07201591838081, 49.25295314486136], [-123.07197729356551, 49.252849539354145], [-123.07194907533741, 49.252744505241246], [-123.07193138382675, 49.25263848991999], [-123.07192429432307, 49.25253194496434], [-123.07197367127738, 49.25220791425643], [-123.07203086175429, 49.251884434595034], [-123.07209585132723, 49.25156158671376], [-123.07216862362418, 49.25123945118695], [-123.07224916033168, 49.25091810840964], [-123.07226571776442, 49.25081414916707], [-123.07227201639321, 49.250709707774], [-123.0722680301475, 49.25060521759954], [-123.07225377563262, 49.25050111221243], [-123.07222931206003, 49.25039782358213], [-123.07219474100044, 49.25029578028639], [-123.07215020596132, 49.25019540573313], [-123.07209589179058, 49.250097116403545], [-123.07203202390843, 49.250001320124305], [-123.07195886737146, 49.24990841437546], [-123.07187672577193, 49.249818784641434], [-123.0717295567215, 49.24966532829367], [-123.07159129135138, 49.249508363564416], [-123.07146212448723, 49.24934811172477], [-123.07134223812314, 49.24918479867746], [-123.07123180116571, 49.24901865463831], [-123.07113096919622, 49.24884991381156], [-123.07103988425187, 49.248678814059595], [-123.07095867462606, 49.248505596567576], [-123.07092373604996, 49.2484247645306], [-123.07089737803767, 49.2483425499986], [-123.07087972553968, 49.248259342844804], [-123.07087086222232, 49.24817553764758], [-123.0708708300716, 49.248091531819355]]}}, {"type": "Feature", "properties": {"Id": 0, "Name": "China Creek", "Region": "K", "Type": "Stream"}, "geometry": {"type": "LineString", "coordinates": [[-123.07485167777048, 49.25531467382727], [-123.07478129914361, 49.255181718821575], [-123.0747203717748, 49.255046779054894], [-123.07466902547982, 49.25491014221064], [-123.07462736964528, 49.25477209958799], [-123.07459549299614, 49.25463294548056], [-123.07457346340709, 49.25449297654921], [-123.0745613277587, 49.25435249118936], [-123.07455911183811, 49.25421178889486], [-123.07456682028469, 49.25407116961952], [-123.07458443658106, 49.25393093313762], [-123.07461192308887, 49.25379137840487], [-123.07464922112976, 49.253652802921174], [-123.07469625111125, 49.25351550209637], [-123.07492211958423, 49.25321337139998], [-123.07515437286808, 49.252913322485114], [-123.07539296608853, 49.252615413175945], [-123.07551198098857, 49.25250392834382], [-123.0756225645129, 49.252388783434014], [-123.07572445454461, 49.25227025143741], [-123.07581740958288, 49.25214861337313], [-123.0759012093153, 49.25202415762218], [-123.07597565513954, 49.25189717924362], [-123.07604057063374, 49.251767979274824], [-123.07609580197396, 49.25163686401775], [-123.0761412182985, 49.251504144312584], [-123.07617671201716, 49.25137013480073], [-123.07620219906575, 49.25123515317887], [-123.07621761910457, 49.25109951944565], [-123.07622293566074, 49.250963555143066], [-123.07621813621381, 49.25082758259413], [-123.07620323222467, 49.25069192413879], [-123.07617825910768, 49.2505569013698], [-123.07614327614586, 49.25042283437032], [-123.07609836634948, 49.25029004095522], [-123.07604363625883, 49.250158835917716], [-123.07597904699193, 49.24994722351771], [-123.07592474797836, 49.24973437597037], [-123.07588079377484, 49.24952050765487], [-123.07584722851709, 49.249305833975775], [-123.07582408587572, 49.24909057114597], [-123.07581138902296, 49.24887493596895], [-123.07580915060987, 49.24865914562037], [-123.07581737275412, 49.24844341742941], [-123.07583604703842, 49.24822796865978], [-123.0758651545195, 49.248013016291], [-123.07590466574784, 49.24779877679986], [-123.07595454079778, 49.24758546594244], [-123.07601472930831, 49.24737329853684], [-123.07608517053424, 49.2471624882469], [-123.07616579340802, 49.246953247367095], [-123.07625651661174, 49.24674578660877], [-123.07628631943616, 49.24619263486775], [-123.07630659253917, 49.24563929822594], [-123.07631733366229, 49.24508584704671], [-123.07631854175932, 49.24453235170562], [-123.07630243546384, 49.24439431656305], [-123.07627669280129, 49.244256908992824], [-123.07624136784582, 49.24412041720191], [-123.07619653476836, 49.2439851274741], [-123.07614228768045, 49.24385132356964], [-123.07607874043615, 49.243719286130094], [-123.07600602639272, 49.243589292089794], [-123.07592429813025, 49.24346161409519], [-123.07583036202821, 49.24331791162196], [-123.07574532637206, 49.24317185269279], [-123.07566932859073, 49.243023673494534], [-123.07560249149508, 49.242873613640484], [-123.0755449230794, 49.242721915782894], [-123.07549671634766, 49.24256882522056], [-123.07545794916335, 49.24241458950198], [-123.0754286841243, 49.24225945802512], [-123.07540896846197, 49.24210368163404], [-123.07539883396566, 49.241947512213265], [-123.07539829693162, 49.24179120228046], [-123.0753546414928, 49.241512738831226], [-123.07532018402419, 49.241233722880075], [-123.07529494045276, 49.24095428465314], [-123.0752789224043, 49.24067455457145], [-123.07527213719835, 49.24039466319004], [-123.0752745878451, 49.24011474113706], [-123.0752862730443, 49.23983491905278], [-123.07541514920223, 49.23853535709355], [-123.07541722608116, 49.238455958208554], [-123.0754095071072, 49.238376708687674], [-123.07539204271482, 49.238298125853255], [-123.07536494695294, 49.23822072267326], [-123.07532839673931, 49.238145004412814], [-123.07528263070455, 49.23807146533614], [-123.07522794763332, 49.23800058548029], [-123.07516470451316, 49.23793282752187], [-123.07509331420333, 49.23786863375708], [-123.07501424273929, 49.23780842321491], [-123.07492800629, 49.23775258892211], [-123.07483516778842, 49.23770149533805], [-123.07473633325684, 49.237655475975956], [-123.07463214785093, 49.237614831226196], [-123.07452329164887, 49.23757982639581], [-123.07441047521249, 49.237550689976985], [-123.07430105286856, 49.237520602345846], [-123.07419583843236, 49.237484650899816], [-123.07409556323645, 49.23744308553623], [-123.07400092427591, 49.237396195173936], [-123.07391257936328, 49.2373443057447], [-123.07383114255589, 49.237287777927435], [-123.07375717988772, 49.237227004640815], [-123.07369120543517, 49.2371624083118], [-123.07363367774416, 49.23709443793913], [-123.0735849966435, 49.23702356597211], [-123.07354550046644, 49.23695028502645], [-123.07351546369995, 49.23687510445997], [-123.07349509507786, 49.2367985468319], [-123.07348453613113, 49.23672114427067], [-123.07348386020534, 49.2366434347751], [-123.07349307195221, 49.2365659584749], [-123.07356507046774, 49.2363315721502], [-123.07364469697946, 49.23609824619798], [-123.07373191505631, 49.23586608705561]]}}, {"type": "Feature", "properties": {"Id": 0, "Name": "China Creek", "Region": "K", "Type": "Stream"}, "geometry": {"type": "LineString", "coordinates": [[-123.06616816005891, 49.25882569659024], [-123.06625124061317, 49.25854925683834], [-123.06632567369557, 49.25827176371977], [-123.06639142837301, 49.25799333309912], [-123.06644847733729, 49.25771408123046], [-123.0664705166161, 49.25761569004326], [-123.06650203661631, 49.257518410626346], [-123.06654291060326, 49.257422633946526], [-123.06659297425132, 49.25732874492884], [-123.06665202630494, 49.257237120909686], [-123.06671982938839, 49.25714813012054], [-123.06679611096024, 49.25706213020804], [-123.06688056440953, 49.256979466797], [-123.06697285028838, 49.256900472101464], [-123.06707259767659, 49.25682546358982], [-123.06717940567272, 49.25675474270916], [-123.06729284500553, 49.25668859367403], [-123.0674124597591, 49.25662728232445], [-123.06753776920525, 49.25657105505781], [-123.06838810006843, 49.25619927657992], [-123.06851426239793, 49.25612133103502], [-123.06863306180234, 49.256038576971335], [-123.06874407131633, 49.25595131183348], [-123.06884689198021, 49.25585984927865], [-123.06894115427366, 49.25576451804912], [-123.06902651944353, 49.25566566079028], [-123.06910268072083, 49.255563632819], [-123.06916936442279, 49.25545880084616], [-123.06922633093592, 49.255351541658534], [-123.06927337557632, 49.25524224076436], [-123.06931032932465, 49.25513129100752], [-123.06933705943261, 49.255019091155546], [-123.06935346989921, 49.25490604446626], [-123.06935950181477, 49.254792557238375], [-123.06935513357162, 49.254679037351124], [-123.06934038094074, 49.25456589279839], [-123.06931529701413, 49.254453530222285], [-123.06927997201285, 49.25434235345178], [-123.06909268470515, 49.254062985207646], [-123.0688953990764, 49.25378658165636], [-123.06868822472013, 49.25351329610937], [-123.06847127670926, 49.25324328014618], [-123.06757623623712, 49.252786848972555], [-123.06746380740852, 49.25272816161537], [-123.06735812511556, 49.252664328031805], [-123.06725973783414, 49.25259567952516], [-123.06716915617203, 49.25252257238738], [-123.06708685021884, 49.25244538604942], [-123.06701324710666, 49.25236452111179], [-123.06694872879372, 49.2522803972651], [-123.06689363008273, 49.25219345111161], [-123.06684823688398, 49.25210413389903], [-123.06681278473245, 49.25201290917835], [-123.06678745756638, 49.2519202503978], [-123.06677238677365, 49.25182663844566], [-123.06676765051124, 49.25173255915432], [-123.06677327330063, 49.25163850077885], [-123.06678922590183, 49.251544951462996], [-123.06683144731154, 49.2505024909065], [-123.06685956112746, 49.25043927507809], [-123.06689444971147, 49.25037752292529], [-123.06693593749723, 49.25031754515318], [-123.06698381571684, 49.250259643537944], [-123.06702099342239, 49.25016555144718], [-123.06704998035961, 49.250070233220406], [-123.06707068373358, 49.24997399415274], [-123.06713484658923, 49.24903148012497], [-123.06723271208088, 49.248812273051435], [-123.06733940899034, 49.24859483923026], [-123.0674548623873, 49.24837933112337], [-123.06757899120457, 49.24816589984045], [-123.06771170829536, 49.24795469503306], [-123.06785292049452, 49.247745864789664], [-123.06797254371303, 49.247574157074574], [-123.06808455457494, 49.24740026278822], [-123.06818886002218, 49.247224326526286], [-123.06828537340665, 49.247046494580786], [-123.06837401456207, 49.246866914818455], [-123.06845470987031, 49.246685736557744], [-123.06852739232244, 49.246503110444586], [-123.06878673693633, 49.244775081089635], [-123.06877091131828, 49.24464428858278], [-123.06874468475561, 49.244514214756904], [-123.06870812876436, 49.244385213899996], [-123.06866134299321, 49.24425763737486], [-123.06860445495116, 49.24413183266213], [-123.06853761965948, 49.24400814241392], [-123.06846101922862, 49.24388690352072], [-123.06837486236154, 49.243768446193954], [-123.06827938378453, 49.24365309306667], [-123.06817484360741, 49.24354115831512], [-123.06806152661446, 49.2434329468031], [-123.06793974148833, 49.24332875325198], [-123.06780981996897, 49.2432288614381], [-123.0676721159497, 49.24313354342013], [-123.06686410233117, 49.24237717561195], [-123.06678583507492, 49.24229232273308], [-123.06671612584469, 49.2422043291057], [-123.06665526731003, 49.24211356422348], [-123.06660351497119, 49.24202040921484], [-123.06656108608699, 49.24192525524239], [-123.06652815876338, 49.24182850186019], [-123.0665048712062, 49.24173055533595], [-123.06649132114212, 49.24163182694498], [-123.06648756540883, 49.24153273124316], [-123.06649361971765, 49.241433684326324], [-123.06650945858844, 49.24133510208284], [-123.06653501545753, 49.24123739844764], [-123.06657018295829, 49.24114098366398], [-123.06661481337274, 49.241046262561106], [-123.06666871925283, 49.2409536328545], [-123.06673167420826, 49.24086348347609], [-123.06680341385776, 49.24077619294135], [-123.06688363694, 49.24069212776025], [-123.06698468494695, 49.24056471333039], [-123.06707743344589, 49.24043462120231], [-123.06716171736335, 49.24030208300603], [-123.06723738670074, 49.240167334724994], [-123.06730430680109, 49.24003061627579], [-123.06736235858844, 49.23989217108079], [-123.06729588337407, 49.23912109113134]]}}, {"type": "Feature", "properties": {"Id": 0, "Name": "Still Creek", "Region": "L", "Type": "Stream"}, "geometry": {"type": "LineString", "coordinates": [[-123.02619285430848, 49.256380766865306], [-123.02609626314333, 49.25645177372122], [-123.02600765993431, 49.2565271114694], [-123.02592749653843, 49.256606395935485], [-123.02585618178105, 49.25668922281743], [-123.02579407937046, 49.25677516974702], [-123.02574150604255, 49.25686379844345], [-123.02569872994475, 49.256954656948], [-123.02566596926779, 49.25704728192867], [-123.02561680433854, 49.25718905193895], [-123.02557769912936, 49.25733215737371], [-123.02554873724999, 49.25747629258349], [-123.02552998064759, 49.257621149716705], [-123.02552146947355, 49.25776641937721], [-123.025523221997, 49.257911791285046], [-123.02553523456506, 49.25805695493911], [-123.02555748160987, 49.25820160028048], [-123.02549557957958, 49.258598095508454], [-123.0254265911231, 49.25899408934287], [-123.02535052552207, 49.25938952753131], [-123.02526739302851, 49.259784355896215], [-123.02523698750342, 49.25988295447441], [-123.02519730811089, 49.25998013089414], [-123.02514850721458, 49.26007551187822], [-123.02509077221906, 49.26016873104405], [-123.02502432485066, 49.260259430311066], [-123.02494942030641, 49.260347261276415], [-123.02486634627441, 49.260431886553484], [-123.02477542182913, 49.260512981067954], [-123.02467699620634, 49.26059023330688], [-123.02457144746172, 49.26066334651544], [-123.02445918101904, 49.26073203983712], [-123.02434062811282, 49.26079604939275], [-123.02421692630048, 49.26083825940669], [-123.02409811657779, 49.26088611224471], [-123.02398479885706, 49.26093936628685], [-123.02387754532556, 49.26099775264036], [-123.02377689755666, 49.261060976497234], [-123.02368336377516, 49.2611287186225], [-123.02359741629118, 49.2612006369658], [-123.02351948911502, 49.26127636838829], [-123.0234499757653, 49.261355530495926], [-123.02346959442023, 49.26139318375461], [-123.02349811861474, 49.26142831379227], [-123.02353482134136, 49.26146002521349], [-123.02357876713262, 49.26148750975503], [-123.02362883590371, 49.261510066887475], [-123.02368375150088, 49.261527121670944], [-123.02374211422892, 49.261538239409845], [-123.02380243652775, 49.261543136732875], [-123.02386318088905, 49.26154168881594], [-123.0239227990465, 49.26153393256389], [-123.02405044865036, 49.261539181781394], [-123.02417736866144, 49.261549531361716], [-123.02430308377976, 49.261564942546954], [-123.0244271232163, 49.261585357624064], [-123.02454902245582, 49.26161070014097], [-123.02466832499591, 49.261640875192754], [-123.02494763677653, 49.2616895404593], [-123.02522876213644, 49.26173350641743], [-123.02551151650411, 49.26177274420092], [-123.02579571423706, 49.26180722804779], [-123.02631824234288, 49.26179482612565], [-123.02684096433792, 49.26178664382584], [-123.02736380071813, 49.261782682392855], [-123.02788667196212, 49.261782942429214], [-123.02812331266819, 49.26175455026897], [-123.0283580551082, 49.261720063048145], [-123.02859053290436, 49.26167953459371], [-123.02882038321587, 49.2616330281616], [-123.02904724730574, 49.2615806163378], [-123.029270771101, 49.26152238092508], [-123.02949060574565, 49.26145841281513], [-123.02970640814543, 49.261388811846665], [-123.02991784150356, 49.26131368664952], [-123.03012457584661, 49.26123315447497], [-123.0303262885398, 49.261147341012546], [-123.03052266479054, 49.26105638019389], [-123.03073283334764, 49.26097522270292], [-123.03093729553156, 49.260888044846865], [-123.03113564902337, 49.26079501817807], [-123.03132750353146, 49.26069632575748], [-123.0315124815599, 49.26059216179418], [-123.0316902191512, 49.26048273126304], [-123.03186036660257, 49.26036824950108], [-123.03202258915408, 49.26024894178366], [-123.03217656764708, 49.260125042880894], [-123.0323219991523, 49.259996796595544]]}}, {"type": "Feature", "properties": {"Id": 0, "Name": "Still Creek", "Region": "L", "Type": "Stream"}, "geometry": {"type": "LineString", "coordinates": [[-123.0323219991523, 49.259996796595544], [-123.03241531102398, 49.25989675060663], [-123.03250033970974, 49.259793590579605], [-123.03257684335452, 49.259687610005834], [-123.03264460436132, 49.25957911039918], [-123.03270343000983, 49.25946840043823], [-123.03275315300417, 49.25935579508786], [-123.03279363194808, 49.25924161470308], [-123.03282475174662, 49.259126184117605], [-123.0328464239329, 49.259009831719546], [-123.03285858691896, 49.25889288851723], [-123.03286120617034, 49.2587756871974], [-123.03285427430339, 49.25865856117874], [-123.03283781110575, 49.25854184366339], [-123.03281186347903, 49.25842586668906], [-123.03263933764, 49.2581964960814], [-123.03247561337989, 49.25796437835462], [-123.0323207926013, 49.25772965815592], [-123.03217497165441, 49.25749248175223], [-123.03203824127708, 49.257252996938995], [-123.03191068653868, 49.25701135294799], [-123.0317923867873, 49.25676770035429], [-123.03168341560065, 49.25652219098235], [-123.03163274891345, 49.25641068309072], [-123.03159210838866, 49.256297430183615], [-123.03156163242708, 49.25618281813506], [-123.03154142479447, 49.25606723744724], [-123.03153155426901, 49.25595108191999], [-123.03153205440798, 49.255834747308896], [-123.0315429234343, 49.255718629977], [-123.0315641242437, 49.255603125544205], [-123.03159558453201, 49.25548862753958], [-123.0316371970426, 49.25537552606047], [-123.03168881993264, 49.255264206443684], [-123.03175027725727, 49.2551550479526], [-123.03182135957, 49.255048422485245], [-123.03190182463688, 49.25494469330741], [-123.03199139826266, 49.2548442138152], [-123.03210783778648, 49.254723304311405], [-123.03221511692747, 49.25459881674849], [-123.0323129797181, 49.25447104823425], [-123.03240119266982, 49.25434030370464], [-123.03247954532988, 49.25420689519582], [-123.03254785078286, 49.25407114109934], [-123.03260594609607, 49.25393336540207], [-123.03265369270777, 49.253793896912875], [-123.032690976757, 49.253653068477774], [-123.03271770935444, 49.25351121618554], [-123.03271041208886, 49.253392428130425], [-123.03269356594342, 49.253274056605775], [-123.03266721776201, 49.25315643028639], [-123.03263144077084, 49.25303987577559], [-123.03258633437439, 49.25292471669844], [-123.0325320238787, 49.25281127280317], [-123.03246866014277, 49.25269985907354], [-123.032396419159, 49.25259078485438], [-123.03231550156396, 49.25248435299272], [-123.03222613208078, 49.252380858997114]]}}, {"type": "Feature", "properties": {"Id": 0, "Name": "Still Creek", "Region": "L", "Type": "Stream"}, "geometry": {"type": "LineString", "coordinates": [[-123.0323219991523, 49.259996796595544], [-123.03244153814417, 49.259935329368986], [-123.03256601240159, 49.25987821257238], [-123.0326950527437, 49.25982561560224], [-123.03282827645141, 49.259777694449696], [-123.03296528840217, 49.259734591237994], [-123.03310568224177, 49.25969643380112], [-123.03324904158914, 49.25966333530476], [-123.0334117526121, 49.25965431823728], [-123.03357499157569, 49.25965156349012], [-123.03373819635111, 49.259655080549535], [-123.0339008049272, 49.259664857304166], [-123.03406225734518, 49.25968086008675], [-123.03422199762632, 49.259703033790096], [-123.03437947568591, 49.25973130205667], [-123.03453414922691, 49.259765567541535], [-123.03468548560697, 49.2598057122475], [-123.03496496159345, 49.259851401936494], [-123.03524613969155, 49.259892375232035], [-123.03552883410782, 49.25992860505981], [-123.03581285804552, 49.25996006747983]]}}, {"type": "Feature", "properties": {"Id": 0, "Name": "Still Creek", "Region": "L", "Type": "Stream"}, "geometry": {"type": "LineString", "coordinates": [[-123.03581285804552, 49.25996006747983], [-123.03615355677519, 49.26040593913215], [-123.03648723276018, 49.26085408095707], [-123.0368138505149, 49.26130444555195]]}}, {"type": "Feature", "properties": {"Id": 0, "Name": "Still Creek", "Region": "L", "Type": "Stream"}, "geometry": {"type": "LineString", "coordinates": [[-123.0368138505149, 49.26130444555195], [-123.03659663115096, 49.26141038308964], [-123.03638557446187, 49.261521528914955], [-123.03618097184666, 49.26163772959461], [-123.03598310580064, 49.261758824716175], [-123.03579224952534, 49.261884647109355], [-123.03560866655145, 49.26201502307656], [-123.03543261037488, 49.26214977263273], [-123.03526574268902, 49.26227340130065], [-123.03510598119027, 49.26240098774406], [-123.03495354489827, 49.262532357096966], [-123.03480864279793, 49.26266732930724], [-123.03467147355279, 49.2628057193833], [-123.03454222523271, 49.262947337647475], [-123.03417886559619, 49.26337584318467], [-123.03404039412258, 49.26354935794992], [-123.03389284668157, 49.26371963885057], [-123.0337363992901, 49.26388648264302], [-123.03357123859351, 49.26404969018412], [-123.03339756164308, 49.26420906666897], [-123.0332704929578, 49.264339510435676], [-123.03314933321086, 49.26447234047872], [-123.03303418699402, 49.26460744218437], [-123.03292515371264, 49.2647446989779]]}}, {"type": "Feature", "properties": {"Id": 0, "Name": "Still Creek", "Region": "L", "Type": "Stream"}, "geometry": {"type": "LineString", "coordinates": [[-123.0368138505149, 49.26130444555195], [-123.03726886181592, 49.261911196271505]]}}, {"type": "Feature", "properties": {"Id": 0, "Name": "Still Creek", "Region": "L", "Type": "Stream"}, "geometry": {"type": "LineString", "coordinates": [[-123.03581285804552, 49.25996006747983], [-123.03607490363284, 49.25994608990602], [-123.03633585586257, 49.25992510645395], [-123.03659527763777, 49.25989715227117], [-123.03685273442692, 49.25986227418116], [-123.03710779499235, 49.259820530604934], [-123.03736003211314, 49.25977199146301], [-123.03760902330104, 49.25971673805834], [-123.0380925769809, 49.259507129925886], [-123.03857122635306, 49.25929275590211], [-123.0390448617947, 49.25907366511249], [-123.0396234327971, 49.25889840780766], [-123.04020512248022, 49.258727633126774], [-123.04078984979704, 49.25856136485499]]}}, {"type": "Feature", "properties": {"Id": 0, "Name": "Still Creek", "Region": "L", "Type": "Stream"}, "geometry": {"type": "LineString", "coordinates": [[-123.04078984979704, 49.25856136485499], [-123.04080912485637, 49.25846547347162], [-123.04083785121165, 49.25837060091017], [-123.04087590810465, 49.2582771458125], [-123.04092313557396, 49.25818550086226], [-123.04097933512806, 49.25809605113499], [-123.0410442705799, 49.25800917248027], [-123.04111766904028, 49.257925229942586], [-123.04119922206486, 49.25784457622776], [-123.04128858695087, 49.25776755022111], [-123.04138538817737, 49.25769447556374], [-123.04148921898347, 49.257625659292934], [-123.04159964307769, 49.25756139055237], [-123.04171619647119, 49.25750193937733], [-123.04187575391687, 49.25747259517293], [-123.04203731625977, 49.257448403206396], [-123.04220049542495, 49.25742942158678], [-123.04236489945538, 49.25741569590791], [-123.04253013345313, 49.257407259138745], [-123.04269580052744, 49.25740413154433], [-123.04286150274778, 49.25740632063711], [-123.04295382457191, 49.25742113449609], [-123.0430478010125, 49.25743048286063], [-123.04314267838751, 49.257434290757736], [-123.0432376957886, 49.257432527648405], [-123.04333209118424, 49.257425207672625], [-123.04342510753202, 49.25741238953594], [-123.04351599885074, 49.25739417603864], [-123.04367832940099, 49.25737079699951], [-123.04383809963291, 49.2573407990842], [-123.0439946802481, 49.257304300448546], [-123.04414745451527, 49.25726144485308], [-123.04429582069984, 49.25721240109676], [-123.04443919443466, 49.25715736235177], [-123.04457701102221, 49.25709654540254], [-123.04470872765893, 49.257030189791614], [-123.04483382557356, 49.25695855687592], [-123.04495181207056, 49.25688192879713], [-123.0450881044856, 49.25679835839655], [-123.0452184980821, 49.25671084863358], [-123.04534272737958, 49.25661957769874], [-123.04546053945377, 49.2565247314403], [-123.04547335433345, 49.256435190207235], [-123.04547655477026, 49.25634528135319], [-123.04547012509198, 49.25625544662278], [-123.04545409694134, 49.25616612739414], [-123.04542854911942, 49.256077762510195], [-123.0453936071976, 49.25599078612276], [-123.04534944289952, 49.25590562555938], [-123.0452962732566, 49.25582269922411], [-123.04493218406652, 49.255287343826716]]}}, {"type": "Feature", "properties": {"Id": 0, "Name": "Still Creek", "Region": "L", "Type": "Stream"}, "geometry": {"type": "LineString", "coordinates": [[-123.04493218406652, 49.255287343826716], [-123.04122155974197, 49.25299203720326], [-123.04110750647298, 49.25295081260812], [-123.04098920405364, 49.25291508587329], [-123.04086726995767, 49.25288504347024], [-123.04074234061, 49.252860842201464], [-123.04061506806582, 49.25284260838215], [-123.04048611660775, 49.25283043718115], [-123.04035615927934, 49.25282439212424], [-123.0402258743731, 49.25282450476268], [-123.04009594189087, 49.25283077450862], [-123.03996703999545, 49.25284316863804], [-123.03983984147183, 49.25286162246165], [-123.0394581474007, 49.25294505311026], [-123.03937944143034, 49.25296078831146], [-123.039298240182, 49.252969541774334], [-123.03921598226883, 49.25297115841688], [-123.03913412502591, 49.252965609597595], [-123.0390541186893, 49.25295299362296], [-123.0389773807008, 49.25293353400564], [-123.03890527059411, 49.25290757550437], [-123.0388390659071, 49.25287557801547], [-123.03877993954731, 49.252838108424655], [-123.03872893901182, 49.25279583056313], [-123.03868696782938, 49.252749493446196], [-123.03865476955386, 49.25269991800272], [-123.03863291459255, 49.25264798253071], [-123.03862179010245, 49.25259460713656], [-123.03862159313331, 49.25254073743385], [-123.03892956856768, 49.25118403938057], [-123.03918344532829, 49.25039855648365]]}}, {"type": "Feature", "properties": {"Id": 0, "Name": "Still Creek", "Region": "L", "Type": "Stream"}, "geometry": {"type": "LineString", "coordinates": [[-123.03918344532829, 49.25039855648365], [-123.03912601610527, 49.250324978707006], [-123.0390593395857, 49.250254822642404], [-123.0389838880554, 49.25018858518209], [-123.03890019594427, 49.250126735462125], [-123.03880885604059, 49.25006971154016], [-123.0387105152923, 49.250017917293064], [-123.0386331499306, 49.249989176404206], [-123.03855166858102, 49.24996581302296], [-123.0384669405325, 49.24994807640166], [-123.03837986970828, 49.24993615576329], [-123.03829138502287, 49.24993017828295], [-123.03820243047304, 49.24993020773129], [-123.0381139550678, 49.249936243794124], [-123.03802690270494, 49.249948222075865], [-123.0379422021021, 49.24996601478646], [-123.03786075688961, 49.24998943210453], [-123.03778343597114, 49.25001822420233], [-123.0376541986924, 49.25006086858859], [-123.03752915881248, 49.250108575437594], [-123.0374087785212, 49.25016116841344], [-123.03729350278948, 49.250218453119274], [-123.0371837577249, 49.25028021781583]]}}, {"type": "Feature", "properties": {"Id": 0, "Name": "Still Creek", "Region": "L", "Type": "Stream"}, "geometry": {"type": "LineString", "coordinates": [[-123.04493218406652, 49.255287343826716], [-123.04491615271708, 49.25515588003629], [-123.04489046943051, 49.25502507399679], [-123.04485519386269, 49.25489522914987], [-123.04481040791971, 49.254766646705065], [-123.04475621556725, 49.254639624941106], [-123.0446927425887, 49.25451445851414], [-123.04462013629275, 49.25439143777418], [-123.0445385651712, 49.254270848091764], [-123.04444821850733, 49.25415296919605], [-123.04434930593654, 49.25403807452613], [-123.04365790770403, 49.25338384062436], [-123.04356905725469, 49.25328202011078], [-123.04348962952488, 49.253176916196935], [-123.04341990649031, 49.253068902091606], [-123.04336013566169, 49.25295836133487], [-123.04331052920661, 49.252845686435926], [-123.04327126319717, 49.25273127747918], [-123.04324247698553, 49.2526155407036], [-123.0432242727102, 49.252498887060064], [-123.04321671493442, 49.25238173075211], [-123.04321983041788, 49.25226448776521], [-123.04323360802289, 49.2521475743896], [-123.04325799875484, 49.25203140574236], [-123.04329291593743, 49.25191639429333], [-123.04333823552125, 49.25180294840085], [-123.04339379652541, 49.25169147086177], [-123.04345940160995, 49.25158235748155], [-123.04353481777751, 49.25147599566904], [-123.04361977720123, 49.25137276306112], [-123.04385584499809, 49.25108707477593], [-123.04390303285504, 49.25104679422633], [-123.04394178134584, 49.25100282480095], [-123.04397142689129, 49.25095591951526], [-123.04399146181281, 49.25090688166183], [-123.04400154302542, 49.250856551052806], [-123.04400149791125, 49.250805789637276], [-123.04399132727391, 49.25075546673954], [-123.04397120532252, 49.250706444171406], [-123.04394147668619, 49.25065956147322], [-123.04390265051019, 49.250615621536475], [-123.04385539173508, 49.25057537685427], [-123.04338219471076, 49.24993295783731], [-123.0433270881376, 49.24986616194893], [-123.04328012381738, 49.24979675122415], [-123.04324158895967, 49.24972515019441], [-123.04321171921431, 49.249651796785756], [-123.04319069723091, 49.24957713964014], [-123.04317865154276, 49.24950163537137], [-123.04317565578151, 49.24942574577233], [-123.04318172822795, 49.249349934990505], [-123.04343549682068, 49.248528742651494], [-123.04347767135916, 49.24844402386093], [-123.04350951408594, 49.248357392368675], [-123.0435308269036, 49.24826938726822], [-123.04354147724311, 49.24818055619784], [-123.04354139888731, 49.24809145193276], [-123.04353059238156, 49.248002628945294], [-123.04350912502899, 49.24791463995445], [-123.04347713047015, 49.24782803248668], [-123.04343480785018, 49.24774334546878], [-123.0434193845776, 49.24759558521065], [-123.04341430506368, 49.24744751769955], [-123.04341957985638, 49.247299453111246], [-123.04343519781317, 49.24715170161268], [-123.04346112612541, 49.24700457271217], [-123.0434973103876, 49.24685837461108], [-123.04354367471223, 49.24671341355828], [-123.04360012188945, 49.24656999320867], [-123.04366653359145, 49.24642841398718], [-123.04374277062104, 49.24628897245958], [-123.0438286732037, 49.24615196071133], [-123.04392406132324, 49.246017665735906], [-123.04450516565399, 49.245410545060594], [-123.04519519293164, 49.24467247918589]]}}, {"type": "Feature", "properties": {"Id": 0, "Name": "Still Creek", "Region": "L", "Type": "Stream"}, "geometry": {"type": "LineString", "coordinates": [[-123.03918342649257, 49.25037475657708], [-123.0392338385251, 49.25026262192519], [-123.03927508483869, 49.25014889329891], [-123.03930704914671, 49.25003389151086], [-123.03932964134778, 49.249917940962895], [-123.03934279777934, 49.24980136873084], [-123.03934648139644, 49.24968450364197], [-123.03932814611808, 49.24961946573735], [-123.03930079799744, 49.24955579881167], [-123.03926466647974, 49.249494036938174], [-123.03922005468712, 49.2494346982075], [-123.03916733687475, 49.24937828038197], [-123.0391069552907, 49.249325256720226], [-123.03903941646541, 49.249276072007675], [-123.03896528696227, 49.2492311388257], [-123.03888518862483, 49.24919083409104], [-123.03879979336043, 49.24915549589438], [-123.03870981750407, 49.24912542066463], [-123.03799300165973, 49.248826677777956], [-123.0372733314209, 49.24853089505587], [-123.0371997869022, 49.24848677717344], [-123.03713348066626, 49.24843798968861], [-123.03707510085991, 49.24838503894948], [-123.03702525335855, 49.24832847451138], [-123.03698445547862, 49.24826888343297], [-123.03695313060952, 49.24820688418297], [-123.03693160382058, 49.248143120221044], [-123.03692009848879, 49.24807825331952], [-123.03691873398193, 49.24801295669486], [-123.03692752442137, 49.247947908020826], [-123.03705399053122, 49.246912570785895], [-123.03705175218576, 49.24671509426166], [-123.03703941462652, 49.24651777754314], [-123.03701699181164, 49.24632084193579], [-123.03698450900977, 49.246124508314985], [-123.03694200277133, 49.245928996878305], [-123.03688952088694, 49.24573452689867], [-123.03661627572613, 49.244925416075276]]}}, {"type": "Feature", "properties": {"Id": 0, "Name": "Still Creek", "Region": "L", "Type": "Stream"}, "geometry": {"type": "LineString", "coordinates": [[-123.04519519293164, 49.24467247918589], [-123.04523253561187, 49.24439946599649], [-123.04526018197626, 49.2441259585646], [-123.04527811726709, 49.2438521044798], [-123.04528633196743, 49.24357805151626], [-123.04528482180605, 49.24330394755306], [-123.04526230899668, 49.24316616881081], [-123.04523054719489, 49.24302917320083], [-123.04518959815235, 49.24289322674198], [-123.04513954145877, 49.2427585934137], [-123.04508047438672, 49.24262553464347], [-123.0450125117022, 49.242494308799316], [-123.04493578544137, 49.24236517068807], [-123.04485044465358, 49.242238371060836], [-123.0447566551115, 49.24211415612608], [-123.04466332463056, 49.24199552492859], [-123.04457912144635, 49.241874001314756], [-123.04450425391539, 49.24174988608651], [-123.04443890728187, 49.24162348645839], [-123.04438324321954, 49.24149511529705], [-123.04433739943235, 49.241365090346655], [-123.04430148931428, 49.241233733442385], [-123.04428390099534, 49.24107218795908], [-123.04427472230655, 49.24091034406771], [-123.04427396380606, 49.24074838939027], [-123.0442816262906, 49.24058651167534], [-123.04429770079491, 49.240424898580464], [-123.04432216860252, 49.240263737454626], [-123.04435500126775, 49.24010321512102], [-123.0443876358331, 49.23996824729743], [-123.044410265868, 49.23983240418646], [-123.04442283852246, 49.23969600352992], [-123.04442532447197, 49.239559364371175], [-123.04441771798535, 49.2394228063088], [-123.04440003693736, 49.239286648749136], [-123.04437232276607, 49.23915121015905], [-123.04428274950715, 49.23903472401441], [-123.04418369847885, 49.23892157572818], [-123.04407545890639, 49.23881209561619], [-123.04395834683294, 49.238706603283596], [-123.04383270419666, 49.238605406691995], [-123.04369889783209, 49.23850880126073], [-123.04355731839891, 49.23841706900467], [-123.04340837924134, 49.23833047771115], [-123.0432860968486, 49.23828256529821], [-123.04315883511448, 49.23824057915057], [-123.04302726276305, 49.23820473988969], [-123.04289207116419, 49.238175235837026], [-123.0427539707014, 49.238152222024695]]}}, {"type": "Feature", "properties": {"Id": 0, "Name": "Still Creek", "Region": "L", "Type": "Stream"}, "geometry": {"type": "LineString", "coordinates": [[-123.0427539707014, 49.238152222024695], [-123.0425208218556, 49.23813683581421], [-123.04228695793469, 49.23812716410614], [-123.04205270547237, 49.23812322040471], [-123.04181839154452, 49.23812501021633], [-123.04158434331272, 49.238132531042005], [-123.04135088756787, 49.238145772380754], [-123.04111835027426, 49.23816471574429], [-123.04097033117128, 49.23817829232169], [-123.04082125535632, 49.23818534379312], [-123.0406717929755, 49.23818583845985], [-123.04052261591315, 49.23817977409815], [-123.04037439477061, 49.238167177969345], [-123.040227795851, 49.23814810669724], [-123.04008347816301, 49.23812264601348], [-123.03994209045786, 49.23809091037205], [-123.03980426831222, 49.2380530424347], [-123.03967063127044, 49.2380092124294], [-123.0395417800591, 49.23795961738496], [-123.03941829388604, 49.23790448024516], [-123.03930072783633, 49.23784404886626], [-123.03853710511471, 49.237415906737326], [-123.03847110212747, 49.237364884040225], [-123.03839737022138, 49.23731862127181], [-123.03831670540671, 49.237277617872614], [-123.03822997853287, 49.23724231650323], [-123.03813812588716, 49.23721309826602], [-123.03804213908741, 49.23719027859115], [-123.03794305437748, 49.23717410383167], [-123.03784194144146, 49.23716474860436], [-123.03773989185689, 49.23716231390469], [-123.0376380073119, 49.23716682601678], [-123.03753738771304, 49.23717823622959], [-123.03719215729983, 49.23726164777541], [-123.03712280268554, 49.23727931318996], [-123.03705051646922, 49.23729089027031], [-123.03697653929784, 49.23729618031901], [-123.03690214084213, 49.23729509254293], [-123.03682859800385, 49.237287645611545], [-123.03675717299885, 49.23727396733659], [-123.03668909169215, 49.237254292478255], [-123.03662552255734, 49.23722895871569], [-123.03656755662116, 49.237198400851135], [-123.03651618873768, 49.237163143347026], [-123.03647230051354, 49.237123791324116], [-123.03643664517753, 49.2370810201755], [-123.03640983465355, 49.23703556397439], [-123.03639232905961, 49.236988202875025], [-123.03634937679156, 49.2368914781346], [-123.03629703828545, 49.236796756615014], [-123.03623552914824, 49.236704428422705], [-123.0361651027516, 49.236614873805145], [-123.03608604918773, 49.236528461585], [-123.03599869407408, 49.23644554764142], [-123.03590339721163, 49.2363664734445], [-123.0358005511029, 49.23629156464933], [-123.03569057933494, 49.23622112975495], [-123.03557393483482, 49.2361554588342], [-123.03543099126004, 49.23607870048942], [-123.03528221587369, 49.23600685107144], [-123.03512800142423, 49.23594010024213], [-123.03496875501263, 49.23587862420384], [-123.03480489701778, 49.23582258523436], [-123.03463685998732, 49.23577213125883], [-123.03446508749576, 49.23572739545932], [-123.03426416000535, 49.23565631255147], [-123.03406801763914, 49.235579713235744], [-123.033877013386, 49.23549773537335], [-123.03369149098245, 49.23541052650496], [-123.0335117842937, 49.235318243585], [-123.03333821671279, 49.23522105269903], [-123.03317110057856, 49.23511912876473], [-123.0330107366133, 49.23501265521692], [-123.03285741338186, 49.23490182367723], [-123.0327114067722, 49.23478683360912], [-123.03257297949901, 49.23466789195878], [-123.03244238063125, 49.23454521278248], [-123.03231984514393, 49.234419016861224], [-123.03222732671857, 49.23434805394075], [-123.0321273942453, 49.234281541772205], [-123.03202054568413, 49.23421981176436], [-123.03190731344958, 49.234163171496846], [-123.03178826175795, 49.23411190318784], [-123.03166398381602, 49.23406626228818], [-123.03153509886566, 49.234026476208705], [-123.03140224909876, 49.233992743187514], [-123.03126609645795, 49.233965231302356], [-123.03112731933889, 49.23394407763334], [-123.03098660921096, 49.23392938758019], [-123.03084466717257, 49.23392123433704], [-123.03070220045872, 49.23391965852795], [-123.03055141118783, 49.23392476980762], [-123.03040147447005, 49.23393643484734], [-123.03025305379231, 49.23395460202801], [-123.03010680593464, 49.23397919095778], [-123.0299633780647, 49.2340100928277], [-123.0298234048745, 49.23404717089305], [-123.02968750577261, 49.23409026107832], [-123.02955628214353, 49.2341391727031], [-123.0294303146871, 49.23419368932566], [-123.02923288665022, 49.234255199311534], [-123.02903983634525, 49.234322404603866], [-123.02885154666421, 49.23439517191529], [-123.02866839106231, 49.234473356926834], [-123.02849073281729, 49.23455680457389], [-123.02831892430936, 49.23464534935363], [-123.02815330632212, 49.23473881565314], [-123.02799420736699, 49.2348370180975], [-123.02784194303145, 49.23493976191732], [-123.02769681535327, 49.23504684333489], [-123.02755911222118, 49.235158049968106]]}}, {"type": "Feature", "properties": {"Id": 0, "Name": "Still Creek", "Region": "L", "Type": "Stream"}, "geometry": {"type": "LineString", "coordinates": [[-123.02755911222118, 49.235158049968106], [-123.02739786219203, 49.23528989354283], [-123.02722857593837, 49.23541734461277], [-123.02705153217558, 49.235540193295044], [-123.02686702240045, 49.23565823728431], [-123.02667535041121, 49.23577128218613], [-123.02647683180743, 49.23587914183722], [-123.0262717934702, 49.235981638612294], [-123.02606057302377, 49.236078603716585], [-123.02584351827966, 49.23616987746419], [-123.0256209866635, 49.23625530954105], [-123.0253933446264, 49.23633475925273], [-123.02516096704119, 49.236408095756204]]}}, {"type": "Feature", "properties": {"Id": 0, "Name": "Still Creek", "Region": "L", "Type": "Stream"}, "geometry": {"type": "LineString", "coordinates": [[-123.02755911222118, 49.235158049968106], [-123.02723871609392, 49.23508437546236], [-123.02692138573354, 49.23500521633777], [-123.02660734006623, 49.23492062720978], [-123.02629679574864, 49.234830666439926], [-123.02598996701826, 49.234735396095545], [-123.02568706554555, 49.234634881906864], [-123.02547817739807, 49.23458448399242], [-123.02526608877626, 49.2345401877172], [-123.02505121506621, 49.23450207983614], [-123.02483397710536, 49.23447023498388], [-123.024614800359, 49.2344447155288], [-123.02363346706704, 49.2343854205098]]}}, {"type": "Feature", "properties": {"Id": 0, "Name": "Still Creek", "Region": "L", "Type": "Stream"}, "geometry": {"type": "LineString", "coordinates": [[-123.0427539707014, 49.238152222024695], [-123.04290532107167, 49.23793231857349], [-123.04304891322396, 49.23771019576606], [-123.04318467141728, 49.23748597092833], [-123.04331252405147, 49.237259762494844], [-123.04343240370481, 49.23703168994636], [-123.04354424716965, 49.236801873746515], [-123.04364684121015, 49.23666137925101], [-123.0437410242503, 49.236518381527056], [-123.04382665422925, 49.236373096376376], [-123.04390360199731, 49.236225743050824], [-123.04397175151047, 49.23607654392137], [-123.04403100000505, 49.235925724142504], [-123.04408125815233, 49.2357735113124], [-123.0441319953665, 49.235635975329025], [-123.04417417774181, 49.23549720574222], [-123.04420773602376, 49.23535743061937], [-123.04423261513307, 49.23521687967855], [-123.04424877425566, 49.23507578391094], [-123.04425618690935, 49.23493437520115], [-123.04425484098678, 49.23479288594613], [-123.0442519199631, 49.2346344877631], [-123.04423940886106, 49.23447629002907], [-123.04421732745517, 49.234318541624916], [-123.04418571057535, 49.2341614907222], [-123.04414460805155, 49.23400538439283], [-123.04409408463479, 49.23385046822045], [-123.04401987717422, 49.23374032252658], [-123.04393926980262, 49.23363212281391], [-123.04385238131043, 49.2335260284799], [-123.04375933973893, 49.23342219581943]]}}, {"type": "Feature", "properties": {"Id": 0, "Name": "Still Creek", "Region": "L", "Type": "Stream"}, "geometry": {"type": "LineString", "coordinates": [[-123.04519519293164, 49.24467247918589], [-123.04544930797978, 49.24448345451078], [-123.04569550162068, 49.244289989019556], [-123.04593359295578, 49.244092224940545], [-123.04616340704929, 49.24389030766051], [-123.04638477505668, 49.24368438561764], [-123.04659753434859, 49.24347461019236], [-123.04680152863033, 49.24326113559592], [-123.04699660805632, 49.24304411875691], [-123.04718262934023, 49.24282371920588], [-123.04735945585996, 49.2426000989578], [-123.04752695775778, 49.24237342239306], [-123.04768501203549, 49.2421438561364], [-123.04783350264456, 49.241911568934434], [-123.04797232057113, 49.241676731531435], [-123.04776500771239, 49.24152190104329], [-123.04756533458789, 49.241362824670695], [-123.04737350386011, 49.24119966393061], [-123.04718971022298, 49.24103258448541], [-123.04701414020448, 49.2408617559746], [-123.0468469719773, 49.24068735184241], [-123.04668837517832, 49.24050954916162], [-123.04653851073655, 49.24032852845369], [-123.04639753071008, 49.24014447350526], [-123.04626557813194, 49.239957571181606], [-123.04614278686527, 49.239768011236684], [-123.04602928146774, 49.239575986120485]]}}, {"type": "Feature", "properties": {"Id": 0, "Name": "Still Creek", "Region": "L", "Type": "Stream"}, "geometry": {"type": "LineString", "coordinates": [[-123.04797232057113, 49.241676731531435], [-123.0481773316357, 49.24144717590617], [-123.04837451431163, 49.241214699268276], [-123.04856377166577, 49.240979416031536], [-123.04874501066949, 49.2407414419894], [-123.04891814224418, 49.24050089425789], [-123.04908308130501, 49.24025789121798], [-123.04923974680261, 49.24001255245717], [-123.04938806176266, 49.239764998710726], [-123.04946691318457, 49.23969529549119], [-123.04953771554267, 49.239621981347774], [-123.04960008480867, 49.23954545397028], [-123.04965368270406, 49.23946612847673], [-123.04969821853447, 49.23938443516131], [-123.04973345076566, 49.23930081716012], [-123.04975918833283, 49.23921572804727], [-123.04977529167608, 49.23912962937433], [-123.04978167349633, 49.239042988166716], [-123.04977829922785, 49.23895627439023], [-123.04976518722461, 49.238869958401914], [-123.04976562796853, 49.238789556105964], [-123.04977590362704, 49.23870943530899], [-123.04979594810875, 49.23863011096472], [-123.04982563253762, 49.238552092905316], [-123.04986476608222, 49.23847588256499], [-123.04991309718342, 49.23840196975715], [-123.04997031517227, 49.23833082952648], [-123.05003605226747, 49.23826291909612], [-123.05010988594005, 49.238198674929244], [-123.05019134162936, 49.238138509924134], [-123.05027989579375, 49.238082810760794], [-123.05037497927557, 49.23803193541606], [-123.05046788698672, 49.23796430555737], [-123.05055252359006, 49.23789217087963], [-123.0506283815447, 49.23781596398491], [-123.05069500596296, 49.23773614189484], [-123.05075199733764, 49.23765318330966], [-123.05079901393718, 49.23756758573694], [-123.05083577385389, 49.2374798625079], [-123.05086205669357, 49.23739053969856], [-123.05087770489588, 49.23730015297486], [-123.05088262467797, 49.237209244380026], [-123.05087678659538, 49.23711835908397], [-123.05086022571734, 49.23702804211391], [-123.05083304141499, 49.23693883508598], [-123.05079539676406, 49.23685127295727], [-123.05079278028411, 49.236746708951934], [-123.05078085695324, 49.23664242276219], [-123.05075966740469, 49.23653876927018], [-123.05072928380316, 49.23643610120286], [-123.05068980959845, 49.23633476793162], [-123.05064137917262, 49.23623511428364], [-123.05058415738209, 49.23613747936832], [-123.05051833899593, 49.23604219542371], [-123.04897513161906, 49.23387230202596], [-123.04887073329077, 49.233729174230405], [-123.04877617111646, 49.233583144215274], [-123.04869163260003, 49.23343450167336], [-123.04861728535582, 49.233283541477576], [-123.04855327677676, 49.23313056309585], [-123.04849973374279, 49.23297586999691], [-123.04845676236978, 49.23281976904821], [-123.04842444779975, 49.23266256990711], [-123.04840285403282, 49.23250458440648], [-123.04839202380104, 49.23234612593615], [-123.04839197848445, 49.23218750882116], [-123.04839104861236, 49.23123550958127], [-123.04834100789941, 49.23110628722312], [-123.04828043034917, 49.2309790137841], [-123.04820949129025, 49.2308540574607], [-123.0481283960221, 49.23073177974337], [-123.04803737922039, 49.23061253437089], [-123.04793670425735, 49.23049666630724], [-123.04782666243919, 49.23038451074386], [-123.0477075721628, 49.23027639213017], [-123.04757977799419, 49.230172623235276], [-123.04744364967132, 49.230073504243286], [-123.0472995810342, 49.22997932188534], [-123.04617943364421, 49.22908489511077], [-123.04604513709675, 49.22901393552296], [-123.04591660379133, 49.2289385369989], [-123.04579417539705, 49.22885889997979], [-123.04567817734899, 49.2287752361735], [-123.04556891798298, 49.22868776799171], [-123.04546668771621, 49.22859672795842], [-123.04537175827528, 49.22850235809171], [-123.04528438197408, 49.228404909260185], [-123.04520479104349, 49.22830464051596], [-123.04460825607659, 49.22768607225664]]}}, {"type": "Feature", "properties": {"Id": 0, "Name": "Still Creek", "Region": "L", "Type": "Stream"}, "geometry": {"type": "LineString", "coordinates": [[-123.04078984979704, 49.25856136485499], [-123.04087232262943, 49.258520693561536], [-123.04096054709267, 49.25848557157183], [-123.04105365471389, 49.25845634461886], [-123.04115072895675, 49.25843330040564], [-123.04125081424293, 49.258416665773446], [-123.04135292535769, 49.25840660446911], [-123.04145605714702, 49.2584032155333], [-123.04159134627211, 49.258406180356694], [-123.04172593614358, 49.25841564803838], [-123.04185909815018, 49.25843156732437], [-123.04199011140874, 49.25845385203455], [-123.04211826666608, 49.258482381528864], [-123.0422428701378, 49.258517001360524], [-123.04236324726341, 49.25855752411174], [-123.04247874635774, 49.25860373040827], [-123.04258874213828, 49.25865537010674], [-123.04269263910999, 49.25871216364855], [-123.04294734436353, 49.25887494534059], [-123.04320813454603, 49.259033546429585], [-123.04347484956287, 49.25918786951833], [-123.04356660031864, 49.259235725328985], [-123.0436647741631, 49.25927776813931], [-123.04376851423618, 49.25931363099382], [-123.04387691508852, 49.25934300087577], [-123.04398903058537, 49.259365621439606], [-123.04410388216517, 49.25938129524874], [-123.04422046738205, 49.25938988549906]]}}, {"type": "Feature", "properties": {"Id": 0, "Name": "Still Creek", "Region": "L", "Type": "Stream"}, "geometry": {"type": "LineString", "coordinates": [[-123.04422046738205, 49.25938988549906], [-123.04432935536067, 49.259359456715586], [-123.04443416942637, 49.259323417074604], [-123.0445342359956, 49.25928199818671], [-123.04462891199945, 49.25923546623186], [-123.04471758901664, 49.2591841202485], [-123.04479969718369, 49.25912829021159], [-123.04487470885708, 49.25906833491168], [-123.0457470615934, 49.258687194748845], [-123.04588869274252, 49.25862297160718], [-123.0460362526352, 49.25856474713714], [-123.04618914904361, 49.25851275501349], [-123.04634676832872, 49.258467203897695], [-123.04650847790265, 49.25842827660088], [-123.04667362876678, 49.25839612935023], [-123.04684155811589, 49.25837089116226], [-123.04701159199728, 49.258352663325155], [-123.04718304801489, 49.258341518992445], [-123.04778301217809, 49.25832937248207], [-123.04792152381133, 49.25833207269798], [-123.04805999502265, 49.25832859599363], [-123.04819778354538, 49.25831895849489], [-123.04833425028009, 49.25830320490306], [-123.04846876225967, 49.258281408287424], [-123.0486006955858, 49.258253669746246], [-123.04872943832335, 49.258220117937796], [-123.04885439333938, 49.25818090848342], [-123.04897498107313, 49.25813622324558], [-123.04909064222461, 49.258086269484195], [-123.04920084034916, 49.25803127889501], [-123.04953842591445, 49.257832004157116], [-123.04987156176657, 49.25762954767362], [-123.05020017794827, 49.25742395199276], [-123.05031020483683, 49.25733209071099], [-123.05042617864169, 49.257243418965196], [-123.0505478837705, 49.25715810156997], [-123.05067509398175, 49.25707629710435], [-123.05080757280517, 49.25699815761712], [-123.05094507398123, 49.25692382834434], [-123.0514901441371, 49.25659038829324]]}}, {"type": "Feature", "properties": {"Id": 0, "Name": "Still Creek", "Region": "L", "Type": "Stream"}, "geometry": {"type": "LineString", "coordinates": [[-123.04422046738205, 49.25938988549906], [-123.0443955869844, 49.25941997773282], [-123.04457274952014, 49.25944441654747], [-123.04475152919545, 49.25946314320629], [-123.04493149632815, 49.25947611270122], [-123.04511221838085, 49.25948329386106], [-123.04529326100094, 49.25948466942643], [-123.04571276218334, 49.259540120112554], [-123.04613102066583, 49.259599457548966], [-123.04654795241663, 49.25966266981472], [-123.04689345854142, 49.25972202978805], [-123.04697884639795, 49.2597243837278], [-123.04706325052119, 49.25973316401323], [-123.04714554568834, 49.25974825359115], [-123.04722463478957, 49.259769451296705], [-123.0472994634527, 49.259796474535065], [-123.04736903409876, 49.259828963048335], [-123.04743241924037, 49.25986648371815], [-123.04748877384617, 49.25990853633913], [-123.04753734660663, 49.25995456028713], [-123.04757748995019, 49.26000394199263], [-123.04760866867744, 49.26005602312022], [-123.04763046709708, 49.26011010934482], [-123.04764259456923, 49.26016547960797], [-123.04764488938153, 49.260221395730355], [-123.047637320907, 49.26027711225305], [-123.04761999001383, 49.26033188637557], [-123.0475931277226, 49.26038498785894], [-123.04755709212786, 49.26043570876123], [-123.04751236362556, 49.26048337287597], [-123.04743231358687, 49.260573753803946], [-123.04734471881694, 49.260661086021464], [-123.04724984958177, 49.26074510003378], [-123.04714799859958, 49.26082553658429], [-123.04703948013817, 49.26090214745478], [-123.04692462904497, 49.260974696231514], [-123.04680379971413, 49.26104295903498], [-123.04665822844835, 49.261106219552886], [-123.04651720047252, 49.26117374491874], [-123.04638100726645, 49.261245395578655], [-123.04624993032164, 49.26132102345238], [-123.04612424055945, 49.261400472239316], [-123.04600419777125, 49.261483577741366], [-123.04588778252395, 49.261574228888534], [-123.04577878463387, 49.26166874782143], [-123.04567750360688, 49.26176687485699], [-123.04558421775255, 49.26186834039757], [-123.04549918341903, 49.2619728656716], [-123.04542263428822, 49.262080163499185], [-123.04535478073353, 49.262189939081104], [-123.0452958092412, 49.26230189080857], [-123.04524588189739, 49.26241571109175], [-123.0452051359423, 49.26253108720483], [-123.04514636089517, 49.26280163575846], [-123.04507992901102, 49.26307142438563], [-123.04500586301684, 49.26334036028168], [-123.04491799979375, 49.26348909065015], [-123.04483887402974, 49.26363990732676], [-123.04476860110614, 49.263792590543304], [-123.04470728350714, 49.263946917809605], [-123.04465501066969, 49.264102664237704], [-123.04461185885299, 49.26425960286955], [-123.04457789102666, 49.26441750500754], [-123.04455315677862, 49.26457614054793], [-123.04453769224226, 49.26473527831594], [-123.04453152004332, 49.26489468640277], [-123.04453464926627, 49.2650541325034], [-123.04456836452916, 49.26536008242375], [-123.04459191620508, 49.26566643944094], [-123.04460529298979, 49.26597305896792], [-123.04460848838082, 49.266279796290995], [-123.04462019246719, 49.266402449416574], [-123.04464128793914, 49.26652456358842], [-123.04467172169981, 49.26664583104681], [-123.0447114171159, 49.26676594616377], [-123.04476027421018, 49.2668846062134], [-123.04481816991256, 49.26700151213477], [-123.04488495836998, 49.26711636928588], [-123.04496047131327, 49.2672288881863], [-123.0450445184806, 49.267338785246864], [-123.04513688809665, 49.26744578348457]]}}, {"type": "Feature", "properties": {"Id": 0, "Name": "Beaver Creek", "Region": "M", "Type": "Stream"}, "geometry": {"type": "LineString", "coordinates": [[-123.13810088142806, 49.304911700441345], [-123.1380753457347, 49.305020914666436], [-123.13803950692495, 49.305128883945585], [-123.13799350274819, 49.305235193088265], [-123.1379375100474, 49.30533943328525], [-123.13787174408009, 49.305441203680886], [-123.13779645769137, 49.30554011291469], [-123.13771194034244, 49.30563578062655], [-123.13761851699815, 49.30572783891964], [-123.13751654687785, 49.30581593377537], [-123.13740642207469, 49.305899726415085], [-123.13728856604796, 49.30597889460313], [-123.13713464805805, 49.306098027453615], [-123.13697261913345, 49.306212469548456], [-123.13680281318577, 49.306321985005], [-123.13662558016327, 49.306426348093545], [-123.13644128532964, 49.306525343702894], [-123.13625030851132, 49.30661876778396], [-123.13605304331433, 49.30670642777052], [-123.13584989631308, 49.30678814297635], [-123.13564128621198, 49.30686374496784], [-123.1354276429823, 49.30693307791133]]}}, {"type": "Feature", "properties": {"Id": 0, "Name": "Beaver Creek", "Region": "M", "Type": "Stream"}, "geometry": {"type": "LineString", "coordinates": [[-123.14158789080975, 49.30346759902221], [-123.14177410803926, 49.30337883536579], [-123.14196533883617, 49.303294753660644], [-123.14216130805727, 49.30321547487292], [-123.14236173374636, 49.30314111305833], [-123.14256632753998, 49.303071775198234], [-123.14277479508203, 49.303007561045746], [-123.14298683644701, 49.30294856298243], [-123.14320214657137, 49.302894865885335], [-123.14342041569222, 49.30284654700511], [-123.14370896423526, 49.302786857058074], [-123.1440005773717, 49.302733918335214], [-123.14429488587112, 49.30268779786411], [-123.1445915170938, 49.3026485540393], [-123.14489009546203, 49.302616236548445], [-123.14570519465296, 49.302567612323614]]}}, {"type": "Feature", "properties": {"Id": 0, "Name": "Beaver Creek", "Region": "M", "Type": "Stream"}, "geometry": {"type": "LineString", "coordinates": [[-123.14044593169454, 49.30462248463577], [-123.14082391195517, 49.30476621329116], [-123.14120652773774, 49.30490459933788], [-123.14159360245758, 49.30503757889473], [-123.14171118896932, 49.30510287087107], [-123.14182137545842, 49.305173466628844], [-123.14192360371105, 49.305249008544926], [-123.14201735582093, 49.30532911393826], [-123.14210215681342, 49.30541337700823], [-123.14217757705207, 49.30550137089001], [-123.14224323441577, 49.305592649816724], [-123.14229879623531, 49.30568675137731], [-123.1423439809795, 49.305783198858876], [-123.1423785596826, 49.30588150366142], [-123.14274672400715, 49.3073328306068]]}}, {"type": "Feature", "properties": {"Id": 0, "Name": "Beaver Creek", "Region": "M", "Type": "Stream"}, "geometry": {"type": "LineString", "coordinates": [[-123.14274672400715, 49.3073328306068], [-123.14271166555794, 49.307452309547806], [-123.14268690785934, 49.30757288587153], [-123.14267252888541, 49.30769418019295], [-123.1426685739554, 49.30781581086521], [-123.14267505559039, 49.30793739518029], [-123.14269195347276, 49.30805855057327], [-123.14271921450934, 49.30817889582601], [-123.1427567529973, 49.30829805226678], [-123.14280445089311, 49.30841564496179], [-123.14290968704002, 49.308592527811996], [-123.14302446724732, 49.30876685464091], [-123.14314864671549, 49.308938405376786], [-123.14328206877438, 49.30910696345025], [-123.14342456508075, 49.30927231606769], [-123.14357595583033, 49.30943425448009], [-123.14373604998447, 49.30959257424673]]}}, {"type": "Feature", "properties": {"Id": 0, "Name": "Beaver Creek", "Region": "M", "Type": "Stream"}, "geometry": {"type": "LineString", "coordinates": [[-123.14274672400715, 49.3073328306068], [-123.14297877388661, 49.307479810697025], [-123.14321666221147, 49.307622745058694], [-123.1434602240853, 49.30776153458472], [-123.14370929067337, 49.30789608304109], [-123.14396368931983, 49.308026297133786], [-123.14422324366744, 49.308152086573415], [-123.14440413235289, 49.30824896686309], [-123.14459050803359, 49.30834129398806], [-123.14478210280706, 49.30842893521974], [-123.14497864126345, 49.30851176456526], [-123.14517984088148, 49.30858966294875], [-123.14538541243479, 49.30866251838252], [-123.14559506040783, 49.308730226128276], [-123.14580848342084, 49.30879268884765], [-123.14598469357401, 49.30884692133933], [-123.14616429649975, 49.308896166580595], [-123.14634696220179, 49.30894033408749], [-123.14653235505344, 49.30897934270575], [-123.14672013441455, 49.30901312075998], [-123.14690995525763, 49.309041606185374], [-123.14710146880215, 49.30906474664193]]}}, {"type": "Feature", "properties": {"Id": 0, "Name": "Tyndall's Creek (Tindal's Creek)", "Region": "N", "Type": "Stream"}, "geometry": {"type": "LineString", "coordinates": [[-123.1189430176679, 49.28835520093434], [-123.11884734629979, 49.288207730678], [-123.11876081454311, 49.288057864108914], [-123.11868356218405, 49.287905843471044], [-123.11861571400597, 49.287751914487956], [-123.11855737958835, 49.287596325965566], [-123.11850865313004, 49.287439329389855], [-123.11846961329769, 49.28728117852033], [-123.11844032309905, 49.287122128979824], [-123.11842082978193, 49.28696243784127], [-123.11841116475813, 49.28680236321211], [-123.11841134355359, 49.28664216381717], [-123.11844113376216, 49.28654911368932], [-123.11847784620663, 49.28645712815448], [-123.11852139295685, 49.28636642743156], [-123.1185716697226, 49.28627722866231], [-123.11862855610352, 49.28618974539161], [-123.11868498401101, 49.286117465349385], [-123.11873257676596, 49.28604251421919], [-123.11877104151289, 49.285965353266675], [-123.1188001415755, 49.285886457355076], [-123.11881969791254, 49.285806312022636], [-123.11882959021825, 49.285725410494344], [-123.11882975766189, 49.28564425064656], [-123.11882019926075, 49.285563331942875], [-123.11880097388514, 49.2854831523605], [-123.11877219989493, 49.28540420532564], [-123.11874462000551, 49.285304820928744], [-123.11872609814642, 49.2852045415324], [-123.11871669945528, 49.28510372009791], [-123.11871645695736, 49.28500271149226], [-123.11872537145015, 49.28490187123911], [-123.11874341150133, 49.284801554267375], [-123.11877051356014, 49.28470211366208], [-123.11879831491146, 49.28456788391498], [-123.11883654100335, 49.28443475592284], [-123.11888509233292, 49.28430307592739], [-123.11894384254613, 49.284173186401674], [-123.11901263876709, 49.28404542515941], [-123.11909130199649, 49.28392012447655], [-123.11917962757782, 49.28379761022728], [-123.11927738573036, 49.28367820103659], [-123.11934975660526, 49.28358260321499], [-123.11942949452774, 49.28348954750183], [-123.11951639143503, 49.28339927666271], [-123.11961022059155, 49.283312026196704], [-123.1197107371806, 49.28322802372214], [-123.11981767894343, 49.283147488382845], [-123.11993076686356, 49.28307063027665]]}}]}