{"type":"FeatureCollection","features":[{"type":"Feature","geometry":{"coordinates":[[-123.09774935600488,49.21441405465006],[-123.09780354221843,49.214367251303706]],"type":"LineString"},"properties":{"effluent_type":"Combined","material":"Polyvinyl Chloride","geo_point_2d":{"lon":-123.09777644911166,"lat":49.21439065297688}}},{"type":"Feature","geometry":{"coordinates":[[-123.14307385338802,49.204519687228355],[-123.1428151336878,49.204396690839154],[-123.14144300757255,49.20425513808818],[-123.13993529054481,49.203970357286366],[-123.13979362892341,49.20392600208537]],"type":"LineString"},"properties":{"effluent_type":"Combined","material":"Concrete","geo_point_2d":{"lon":-123.14143866604064,"lat":49.20422281230598}}},{"type":"Feature","geometry":{"coordinates":[[-123.09714827173038,49.21654557977713],[-123.09715373302693,49.21618629472411]],"type":"LineString"},"properties":{"effluent_type":"Combined","material":"blank","geo_point_2d":{"lon":-123.09715100237865,"lat":49.21636593725062}}},{"type":"Feature","geometry":{"coordinates":[[-123.1413619560386,49.29342959308014],[-123.14125435833778,49.29350357492491],[-123.14124735618807,49.29350772125787],[-123.14124021625129,49.29351177780718],[-123.14123307605637,49.29351574440477],[-123.14122566028853,49.29351953143546],[-123.1412181070163,49.293523327628876],[-123.14121055320334,49.29352693492408],[-123.14120272407446,49.2935304526036],[-123.14119489443061,49.29353379037996],[-123.14118692699986,49.29353703837256],[-123.14117882178218,49.29354019658131],[-123.14117057877762,49.29354326500621],[-123.14116219772932,49.293546153695935],[-123.14115381616637,49.29354886248245],[-123.14114529707346,49.29355157143637],[-123.14113677744035,49.2935540914919],[-123.14112811978941,49.29355644080731],[-123.14111932435183,49.29355870033874],[-123.14111039112768,49.29356087008614],[-123.14110159491827,49.293562859762325],[-123.13870674127641,49.29396577392557]],"type":"LineString"},"properties":{"effluent_type":"Combined","material":"blank","geo_point_2d":{"lon":-123.14004856673999,"lat":49.293736330634445}}},{"type":"Feature","geometry":{"coordinates":[[-123.08127203969612,49.26507843023926],[-123.08127152047066,49.26510541621262]],"type":"LineString"},"properties":{"effluent_type":"Sanitary","material":"Steel","geo_point_2d":{"lon":-123.0812717800834,"lat":49.26509192322594}}},{"type":"Feature","geometry":{"coordinates":[[-123.0971635727451,49.21498542546239],[-123.09715714087746,49.214996531050055]],"type":"LineString"},"properties":{"effluent_type":"Combined","material":"RC","geo_point_2d":{"lon":-123.09716035681129,"lat":49.214990978256225}}},{"type":"Feature","geometry":{"coordinates":[[-123.1424816747655,49.29246968447007],[-123.14217351925485,49.292675333617424]],"type":"LineString"},"properties":{"effluent_type":"Sanitary","material":"Concrete","geo_point_2d":{"lon":-123.14232759701018,"lat":49.29257250904375}}},{"type":"Feature","geometry":{"coordinates":[[-123.04800941834631,49.24117750647481],[-123.04811585011528,49.24122037848246]],"type":"LineString"},"properties":{"effluent_type":"Sanitary","material":"blank","geo_point_2d":{"lon":-123.0480626342308,"lat":49.24119894247863}}},{"type":"Feature","geometry":{"coordinates":[[-123.07404019931816,49.21275692521784],[-123.07405221008015,49.2119640820926]],"type":"LineString"},"properties":{"effluent_type":"Combined","material":"blank","geo_point_2d":{"lon":-123.07404620469916,"lat":49.212360503655226}}},{"type":"Feature","geometry":{"coordinates":[[-123.10379709264477,49.225802408374335],[-123.10379879325471,49.22577502525945]],"type":"LineString"},"properties":{"effluent_type":"Combined","material":"Concrete","geo_point_2d":{"lon":-123.10379794294974,"lat":49.22578871681689}}},{"type":"Feature","geometry":{"coordinates":[[-123.1128571191909,49.23702555165312],[-123.11380040666866,49.23709983556023]],"type":"LineString"},"properties":{"effluent_type":"Storm","material":"blank","geo_point_2d":{"lon":-123.11332876292978,"lat":49.237062693606674}}},{"type":"Feature","geometry":{"coordinates":[[-123.1856953426277,49.22755889381238],[-123.18569672468753,49.227480560804985]],"type":"LineString"},"properties":{"effluent_type":"Combined","material":"Steel","geo_point_2d":{"lon":-123.18569603365763,"lat":49.22751972730868}}},{"type":"Feature","geometry":{"coordinates":[[-123.19283938641053,49.22739075216966],[-123.19275574685419,49.22739179128928]],"type":"LineString"},"properties":{"effluent_type":"Combined","material":"Concrete","geo_point_2d":{"lon":-123.19279756663235,"lat":49.22739127172947}}},{"type":"Feature","geometry":{"coordinates":[[-123.1022400658058,49.27917912167296],[-123.10230720649946,49.279247803422976]],"type":"LineString"},"properties":{"effluent_type":"Sanitary","material":"Polyvinyl Chloride","geo_point_2d":{"lon":-123.10227363615265,"lat":49.27921346254797}}},{"type":"Feature","geometry":{"coordinates":[[-123.1022143917635,49.279103638833135],[-123.1022400658058,49.27917912167296]],"type":"LineString"},"properties":{"effluent_type":"Sanitary","material":"Polyvinyl Chloride","geo_point_2d":{"lon":-123.10222722878466,"lat":49.27914138025305}}},{"type":"Feature","geometry":{"coordinates":[[-123.10216542322983,49.278959696266625],[-123.1021851350774,49.279017625797216]],"type":"LineString"},"properties":{"effluent_type":"Sanitary","material":"Polyvinyl Chloride","geo_point_2d":{"lon":-123.10217527915361,"lat":49.27898866103192}}},{"type":"Feature","geometry":{"coordinates":[[-123.05044261040996,49.23846515999666],[-123.05044916697771,49.23848229307259]],"type":"LineString"},"properties":{"effluent_type":"Sanitary","material":"blank","geo_point_2d":{"lon":-123.05044588869384,"lat":49.23847372653462}}},{"type":"Feature","geometry":{"coordinates":[[-123.07867379618366,49.27159237386095],[-123.07867011470475,49.271784243819525]],"type":"LineString"},"properties":{"effluent_type":"Combined","material":"Concrete","geo_point_2d":{"lon":-123.07867195544421,"lat":49.27168830884024}}},{"type":"Feature","geometry":{"coordinates":[[-123.08240775539387,49.24998385361842],[-123.08364403661305,49.2500026467357],[-123.08365970221934,49.25000326505879],[-123.08367523178597,49.250004693048666],[-123.08369050149417,49.25000684084279],[-123.08370548401497,49.250009798413316],[-123.0837201927857,49.25001338584616],[-123.08373435314239,49.25001769329269],[-123.08374796508551,49.250022720753144],[-123.08376102847849,49.25002838727078],[-123.08377340588291,49.250034674954925],[-123.08378509731413,49.25004159280108],[-123.0837958276511,49.25004896110445],[-123.08380574819519,49.25005686970781],[-123.08381483146462,49.25006531863131],[-123.08382281607861,49.25007412816025],[-123.08382970203674,49.25008329829485],[-123.08383562659476,49.25009273898348],[-123.083840452496,49.2501025402781],[-123.08384301132536,49.250112442165275],[-123.08384309818712,49.250123164411896],[-123.08384248281683,49.250141146315656]],"type":"LineString"},"properties":{"effluent_type":"Combined","material":"blank","geo_point_2d":{"lon":-123.08315864935616,"lat":49.25000300947826}}},{"type":"Feature","geometry":{"coordinates":[[-123.1578501222205,49.262933546500605],[-123.15969843907769,49.26295667888827],[-123.1597044870422,49.26295680545682],[-123.15971052146554,49.262956995010256],[-123.1597165561212,49.26295725652472],[-123.15972257726479,49.26295759001923],[-123.15972859864071,49.262957995474785],[-123.15973460647558,49.26295846391522],[-123.15974060079847,49.26295900433568],[-123.159746567836,49.26295960776003],[-123.15975253510594,49.26296028314545],[-123.15975847509053,49.26296102153475],[-123.15976438781885,49.26296183192311],[-123.15977028703531,49.26296271429154],[-123.1597761589665,49.26296365966383],[-123.15978200361242,49.26296466804009],[-123.15978782100217,49.262965748415375],[-123.15979361110674,49.26296689179459],[-123.15979937392608,49.262968098177716],[-123.15980509574491,49.26296937657893],[-123.15981079027861,49.262970717984096],[-123.15981644375377,49.26297211341703],[-123.1598220562575,49.26297358986324],[-123.1598276277027,49.262975120337224],[-123.15983315811845,49.26297671383418],[-123.1598386475338,49.26297837934928],[-123.15984409589069,49.26298009889215],[-123.15984948950282,49.262981890472204],[-123.15985484205649,49.26298373608006],[-123.1598601398364,49.262985644729916],[-123.15986538281349,49.26298760742664],[-123.15987058476122,49.262989633146326],[-123.15987571819083,49.262991721927094],[-123.1598807968177,49.262993864754705],[-123.15988582067081,49.26299607062436],[-123.15989078972119,49.262998330540896],[-123.1598956902244,49.26300064452334],[-123.15990053592485,49.26300301255268],[-123.15990531310726,49.2630054436431],[-123.15991002171347,49.263007919804295],[-123.159914675546,49.26301045900758],[-123.15991924705799,49.26301304330064],[-123.15992375002283,49.26301568165969],[-123.15992819818499,49.26301837406566],[-123.15993255028215,49.26302111158048],[-123.15993684757663,49.263023903142255],[-123.15994106255049,49.26302673979388],[-123.1599451952038,49.26302962153536],[-123.15994925930998,49.263032557342825],[-123.15995324106655,49.263035529244995],[-123.15995714053156,49.26303855523222],[-123.15996097142039,49.2630416262903],[-123.15996470621515,49.263044733462145],[-123.15996835868931,49.26304788572387],[-123.15997192884284,49.26305108307552],[-123.15997541664669,49.263054316521895],[-123.15997882210085,49.26305758606304],[-123.15998213148995,49.263060900713135],[-123.15998534478491,49.26306425147706],[-123.15998847573015,49.26306763833574],[-123.15999152432565,49.263071061289224],[-123.15999446305344,49.26307451138037],[-123.15999733320501,49.263078006542464],[-123.16000009345979,49.26308151984707],[-123.16000275764942,49.26308507826073],[-123.1600053394311,49.263088654778834],[-123.1600078113741,49.263092267429826],[-123.16001018719376,49.26309590719954],[-123.16001248060542,49.26309956507372],[-123.16001466417832,49.263103259080836],[-123.16001675159875,49.263106971211464],[-123.16001874289579,49.263110710460836],[-123.16002062429584,49.26311446785278],[-123.16002240957245,49.26311825236347],[-123.16002409869652,49.26312205499769],[-123.16002567792354,49.263125875774506],[-123.1600271609689,49.263129705679766],[-123.1600285478907,49.26313356270374],[-123.16002982488634,49.26313742887517],[-123.16003099198487,49.26314131318921],[-123.16003206290162,49.26314520663168],[-123.1600330239212,49.26314911821676],[-123.16003388872987,49.26315302993508],[-123.16003464364135,49.26315695979604],[-123.16003530237096,49.263160898785415],[-123.16003585114511,49.2631648379271],[-123.16003628999293,49.26316878621625],[-123.16003663262968,49.263172734638644],[-123.16003685159559,49.26317669222756],[-123.16003698809484,49.26318064993068],[-123.1600370008941,49.26318460780513],[-123.16003691748223,49.26318856581287],[-123.16003641465414,49.2632030847775]],"type":"LineString"},"properties":{"effluent_type":"Combined","material":"blank","geo_point_2d":{"lon":-123.1590024119893,"lat":49.2629636813658}}},{"type":"Feature","geometry":{"coordinates":[[-123.07790771201904,49.28717254512491],[-123.0779219074415,49.28754170623388]],"type":"LineString"},"properties":{"effluent_type":"Storm","material":"Concrete","geo_point_2d":{"lon":-123.07791480973027,"lat":49.28735712567939}}},{"type":"Feature","geometry":{"coordinates":[[-123.07851927771081,49.261394413347254],[-123.07898652541378,49.26139847553271]],"type":"LineString"},"properties":{"effluent_type":"Sanitary","material":"Concrete","geo_point_2d":{"lon":-123.0787529015623,"lat":49.26139644443998}}},{"type":"Feature","geometry":{"coordinates":[[-123.16835437978179,49.22089008070889],[-123.16833889764234,49.2196108669077]],"type":"LineString"},"properties":{"effluent_type":"Combined","material":"blank","geo_point_2d":{"lon":-123.16834663871207,"lat":49.22025047380829}}},{"type":"Feature","geometry":{"coordinates":[[-123.1876490618391,49.26786023035619],[-123.18761410910051,49.26874552307899]],"type":"LineString"},"properties":{"effluent_type":"Sanitary","material":"blank","geo_point_2d":{"lon":-123.1876315854698,"lat":49.26830287671759}}},{"type":"Feature","geometry":{"coordinates":[[-123.18761410910051,49.26874552307899],[-123.18758194371861,49.26954328781922]],"type":"LineString"},"properties":{"effluent_type":"Sanitary","material":"blank","geo_point_2d":{"lon":-123.18759802640956,"lat":49.26914440544911}}},{"type":"Feature","geometry":{"coordinates":[[-123.20274391106493,49.27194515895894],[-123.20260298446838,49.27211137656553]],"type":"LineString"},"properties":{"effluent_type":"Sanitary","material":"Concrete","geo_point_2d":{"lon":-123.20267344776667,"lat":49.27202826776224}}},{"type":"Feature","geometry":{"coordinates":[[-123.202468776478,49.2721123314299],[-123.20241135875655,49.273668817071524]],"type":"LineString"},"properties":{"effluent_type":"Combined","material":"Concrete","geo_point_2d":{"lon":-123.20244006761727,"lat":49.27289057425071}}},{"type":"Feature","geometry":{"coordinates":[[-123.16833599294678,49.21598989271449],[-123.16838299103352,49.21571770787466]],"type":"LineString"},"properties":{"effluent_type":"Combined","material":"RC","geo_point_2d":{"lon":-123.16835949199015,"lat":49.215853800294575}}},{"type":"Feature","geometry":{"coordinates":[[-123.1025535303044,49.20521092790809],[-123.10254847347062,49.20522189766508],[-123.1025436914074,49.20523296612619],[-123.10253918391032,49.20524403434329],[-123.10253493743711,49.20525519228148],[-123.10253082824619,49.2052663500976],[-123.10252687006606,49.20527750777952],[-123.10252332392288,49.205288755048535],[-123.10251991504379,49.20529999320028],[-123.1025167672079,49.205311330068476],[-123.10251390766773,49.205322666680736],[-123.10251118541059,49.20533400317102],[-123.10250873772108,49.20534533941754],[-123.10250656478523,49.20535676537314],[-123.10250465248436,49.205368092149094],[-123.1025028914001,49.20537951773908],[-123.10250140488412,49.20539094308536],[-123.10250019312251,49.205402458140725],[-123.10249924201516,49.205413883011815],[-123.1024984421064,49.20542539770165],[-123.10241604640102,49.20693560102882],[-123.10241537630708,49.20695016500477],[-123.10241485743492,49.20696482779481],[-123.10241461295452,49.2069794003886],[-123.10241449203407,49.206993972872766],[-123.10241452231726,49.207008635175775],[-123.1024148269742,49.207023198287224],[-123.10241540622809,49.20703777015049],[-123.10241597193922,49.207052431978646],[-123.10241696306133,49.20706700347663],[-123.10241795418405,49.20708157497454],[-123.10241920613836,49.20709613724585],[-123.1024207464195,49.20711070825674],[-123.1024224239909,49.207125279145835],[-123.10242423885268,49.20713984991313],[-123.10242631437958,49.20715433049626],[-123.10242854109335,49.20716889190291],[-123.10243104222023,49.207183372108446],[-123.1024336669091,49.20719785220436],[-123.10243657990767,49.20721233204448]],"type":"LineString"},"properties":{"effluent_type":"Combined","material":"Concrete","geo_point_2d":{"lon":-123.10245900267707,"lat":49.20620842190606}}},{"type":"Feature","geometry":{"coordinates":[[-123.2025580233564,49.27166612108015],[-123.20256487640556,49.27173164808843],[-123.2025723617158,49.27179714700149],[-123.20257481577967,49.271819028018605]],"type":"LineString"},"properties":{"effluent_type":"Sanitary","material":"Ductile Iron","geo_point_2d":{"lon":-123.20256625984233,"lat":49.2717425919536}}},{"type":"Feature","geometry":{"coordinates":[[-123.19655881828143,49.2346571529619],[-123.19387002145969,49.233661450964895]],"type":"LineString"},"properties":{"effluent_type":"Sanitary","material":"blank","geo_point_2d":{"lon":-123.19521441987055,"lat":49.2341593019634}}},{"type":"Feature","geometry":{"coordinates":[[-123.0969863438294,49.214956762517694],[-123.09687256320198,49.21495445625502]],"type":"LineString"},"properties":{"effluent_type":"Combined","material":"blank","geo_point_2d":{"lon":-123.09692945351568,"lat":49.21495560938636}}},{"type":"Feature","geometry":{"coordinates":[[-123.1634065418494,49.25543112470862],[-123.16489971440564,49.25741854806692],[-123.16490330342766,49.257423310410424],[-123.1649070298788,49.25742807255767],[-123.16491089315974,49.25743265460512],[-123.1649148941696,49.25743732640802],[-123.16491903200928,49.257441818111076],[-123.16492316984973,49.257446309814],[-123.16492758254796,49.25745080112441],[-123.16493213237578,49.25745520228671],[-123.16493681933322,49.25745951330085],[-123.16494150599173,49.257463734363064],[-123.16494646750819,49.25746795503268],[-123.16495142872573,49.257472085750294],[-123.16495666480124,49.25747621607531],[-123.16496190027809,49.257480166496535],[-123.16496727318437,49.257484116721294],[-123.16497278352014,49.25748806674959],[-123.16497829325715,49.257491836874074],[-123.16498407785228,49.257495606605815],[-123.16498986214849,49.25749928638551]],"type":"LineString"},"properties":{"effluent_type":"Combined","material":"BR\/CON","geo_point_2d":{"lon":-123.16418997169517,"lat":49.25647325172574}}},{"type":"Feature","geometry":{"coordinates":[[-123.0786616154277,49.27222285515893],[-123.07867011470475,49.271784243819525]],"type":"LineString"},"properties":{"effluent_type":"Storm","material":"Concrete","geo_point_2d":{"lon":-123.07866586506623,"lat":49.27200354948923}}},{"type":"Feature","geometry":{"coordinates":[[-123.07870785367544,49.272002621380054],[-123.07867108306493,49.273153931911885]],"type":"LineString"},"properties":{"effluent_type":"Sanitary","material":"Concrete","geo_point_2d":{"lon":-123.07868946837019,"lat":49.27257827664597}}},{"type":"Feature","geometry":{"coordinates":[[-123.07894338500283,49.267697998939376],[-123.0789174918926,49.26860536223481]],"type":"LineString"},"properties":{"effluent_type":"Sanitary","material":"Concrete","geo_point_2d":{"lon":-123.07893043844771,"lat":49.268151680587096}}},{"type":"Feature","geometry":{"coordinates":[[-123.07401902177081,49.21393064337815],[-123.07402231284303,49.21365186846072]],"type":"LineString"},"properties":{"effluent_type":"Combined","material":"blank","geo_point_2d":{"lon":-123.07402066730691,"lat":49.21379125591943}}},{"type":"Feature","geometry":{"coordinates":[[-123.07400811624164,49.214710262456805],[-123.07401206367696,49.21451236373481]],"type":"LineString"},"properties":{"effluent_type":"Combined","material":"blank","geo_point_2d":{"lon":-123.0740100899593,"lat":49.21461131309581}}},{"type":"Feature","geometry":{"coordinates":[[-123.04883757100735,49.23584360964401],[-123.04883869498826,49.23641237864896]],"type":"LineString"},"properties":{"effluent_type":"Sanitary","material":"blank","geo_point_2d":{"lon":-123.04883813299783,"lat":49.236127994146486}}},{"type":"Feature","geometry":{"coordinates":[[-123.03432698192765,49.27906574258112],[-123.03433347295791,49.28124663056507]],"type":"LineString"},"properties":{"effluent_type":"Combined","material":"blank","geo_point_2d":{"lon":-123.03433022744277,"lat":49.280156186573095}}},{"type":"Feature","geometry":{"coordinates":[[-123.15739889585855,49.270898569252495],[-123.16441008360813,49.271009242389866]],"type":"LineString"},"properties":{"effluent_type":"Combined","material":"blank","geo_point_2d":{"lon":-123.16090448973335,"lat":49.27095390582118}}},{"type":"Feature","geometry":{"coordinates":[[-123.0532556488202,49.247940630688404],[-123.05439991212657,49.24792913237418],[-123.05441406489054,49.247929395566125],[-123.05442821844572,49.247930378374235],[-123.05444223539008,49.2479320808633],[-123.0544559782227,49.247934413145884],[-123.05446944704298,49.247937465174324],[-123.05448236694727,49.24794114712608],[-123.05449501274121,49.247945458871705],[-123.05450710952086,49.2479503105887],[-123.05451852008187,49.24795588224653],[-123.05452938153003,49.247961903923844],[-123.05453941915908,49.24796846570279],[-123.05454863286997,49.247975477631286],[-123.05455716016439,49.24798302959693],[-123.05456472593946,49.247990851872935],[-123.05457133039306,49.24799912436394],[-123.0545769732275,49.248007577213386],[-123.05458165464061,49.24801639032593],[-123.05458523703085,49.2480253838621],[-123.05458785780051,49.24803455775711],[-123.05458937944697,49.24804382212364],[-123.05458993927346,49.24805308694465],[-123.05458981912658,49.24806873869925]],"type":"LineString"},"properties":{"effluent_type":"Combined","material":"blank","geo_point_2d":{"lon":-123.0539575375917,"lat":49.24794224047593}}},{"type":"Feature","geometry":{"coordinates":[[-123.07400618359792,49.215531155020464],[-123.07399520534615,49.21535171520902]],"type":"LineString"},"properties":{"effluent_type":"Combined","material":"blank","geo_point_2d":{"lon":-123.07400069447203,"lat":49.21544143511475}}},{"type":"Feature","geometry":{"coordinates":[[-123.13719877979365,49.29418629141381],[-123.13686256885704,49.29440908641598]],"type":"LineString"},"properties":{"effluent_type":"Sanitary","material":"High Density Polyethylene","geo_point_2d":{"lon":-123.13703067432535,"lat":49.294297688914895}}},{"type":"Feature","geometry":{"coordinates":[[-123.0484114932235,49.24228099147272],[-123.0482121888314,49.24246745613771]],"type":"LineString"},"properties":{"effluent_type":"Sanitary","material":"blank","geo_point_2d":{"lon":-123.04831184102744,"lat":49.242374223805214}}},{"type":"Feature","geometry":{"coordinates":[[-123.1022893344916,49.21415242666256],[-123.10233160756165,49.214136998290634],[-123.102750221475,49.214143598022886]],"type":"LineString"},"properties":{"effluent_type":"Combined","material":"Concrete","geo_point_2d":{"lon":-123.1025185491357,"lat":49.214140726582634}}},{"type":"Feature","geometry":{"coordinates":[[-123.07702693752765,49.218099266065806],[-123.07536125394854,49.218086215208054]],"type":"LineString"},"properties":{"effluent_type":"Combined","material":"blank","geo_point_2d":{"lon":-123.07619409573809,"lat":49.218092740636926}}},{"type":"Feature","geometry":{"coordinates":[[-123.07744563105037,49.27149013666203],[-123.07749365062313,49.271517719707596],[-123.07830650461817,49.271520661821896]],"type":"LineString"},"properties":{"effluent_type":"Storm","material":"Concrete","geo_point_2d":{"lon":-123.07787262353854,"lat":49.27151821728819}}},{"type":"Feature","geometry":{"coordinates":[[-123.14500454033369,49.29078553000902],[-123.14506589252102,49.290744614955166]],"type":"LineString"},"properties":{"effluent_type":"Combined","material":"RC","geo_point_2d":{"lon":-123.14503521642735,"lat":49.29076507248209}}},{"type":"Feature","geometry":{"coordinates":[[-123.0740539552309,49.211845523107904],[-123.07405871614874,49.21153067604789]],"type":"LineString"},"properties":{"effluent_type":"Combined","material":"blank","geo_point_2d":{"lon":-123.07405633568983,"lat":49.2116880995779}}},{"type":"Feature","geometry":{"coordinates":[[-123.05211821571527,49.24794079859052],[-123.05210227682046,49.24794062587515],[-123.05208647447674,49.247939643525456],[-123.05207094608751,49.24793785147954],[-123.05205555425093,49.2479352497994],[-123.0520404365594,49.24793201832773],[-123.05202586762961,49.24792797703636],[-123.05201171015406,49.24792321593959],[-123.05199823903284,49.24791782486618],[-123.05198531676925,49.24791171392593],[-123.05197321826314,49.24790497294763],[-123.05196194360902,49.247897691883765],[-123.05195149280691,49.2478898707346],[-123.05194200325926,49.2478815094386],[-123.05193347516393,49.24787279689569],[-123.05192604580992,49.24786362510162],[-123.05191957789815,49.24785409306584],[-123.05191434632721,49.24784429061729],[-123.05191021378846,49.24783430777007],[-123.05190731758928,49.24782405451036],[-123.05190552060958,49.2478138007567],[-123.05190496006229,49.24780336654294],[-123.05190561738429,49.24764397078783],[-123.05190505702753,49.24763371647825],[-123.05190339745697,49.24762346266247],[-123.05190050136585,49.247613299354455],[-123.0518963689435,49.247603406458595],[-123.05189127480537,49.24759360394684],[-123.05188494443149,49.247584161799196],[-123.05187751522405,49.24757507995377],[-123.05186912458508,49.24756635834871],[-123.05185977260915,49.247558086936024],[-123.05184959669798,49.2475502656538],[-123.05183845954437,49.247542984515746],[-123.05182649864405,49.247536333412214],[-123.05181371390272,49.24753022239066],[-123.05180038021737,49.2475247412799],[-123.05178649768173,49.247519980031946],[-123.05177206620132,49.24751584869439],[-123.05175708596376,49.24751252717153],[-123.05174196898473,49.247509835374025],[-123.05172644064879,49.24750795332935],[-123.05171077575807,49.24750688091436],[-123.05169511161931,49.24750652811528],[-123.05133649509844,49.24750785740401]],"type":"LineString"},"properties":{"effluent_type":"Combined","material":"blank","geo_point_2d":{"lon":-123.05177575099297,"lat":49.24765193292031}}},{"type":"Feature","geometry":{"coordinates":[[-123.05211821571527,49.24794079859052],[-123.0532556488202,49.247940630688404]],"type":"LineString"},"properties":{"effluent_type":"Combined","material":"blank","geo_point_2d":{"lon":-123.05268693226773,"lat":49.24794071463946}}},{"type":"Feature","geometry":{"coordinates":[[-123.0505151127944,49.24751162865977],[-123.04984542059299,49.24751435724439],[-123.049829756465,49.24751400419241],[-123.04981409161324,49.24751293152023],[-123.0497985633494,49.24751104921642],[-123.04978330916613,49.247508447174056],[-123.04976846637504,49.247505035381835],[-123.04975403515755,49.24750099374438],[-123.04974001542375,49.247496232309615],[-123.04972668197692,49.24749075095942],[-123.04971403490772,49.24748463964624],[-123.04970207421641,49.24747789837033],[-123.04969093748501,49.247470706977325],[-123.04968062453294,49.24746288556293],[-123.04967127294199,49.24745461397282],[-123.04966288271196,49.24744589220721],[-123.04965545384252,49.24743672026629],[-123.04964926131619,49.24742727793668],[-123.04964403032999,49.247417565336676],[-123.04963989828457,49.24740758240738],[-123.04963700276086,49.24739750899434],[-123.04963534366793,49.247387255145426],[-123.04963478369407,49.24737691087198],[-123.04963477593955,49.24736917497782]],"type":"LineString"},"properties":{"effluent_type":"Combined","material":"blank","geo_point_2d":{"lon":-123.05004249874466,"lat":49.247499565449466}}},{"type":"Feature","geometry":{"coordinates":[[-123.11026655344011,49.206905858184165],[-123.11018198180533,49.20690512931212],[-123.1101696156504,49.20690056250253]],"type":"LineString"},"properties":{"effluent_type":"Combined","material":"Concrete","geo_point_2d":{"lon":-123.11021773163878,"lat":49.20690513668934}}},{"type":"Feature","geometry":{"coordinates":[[-123.0750826541144,49.25780435222763],[-123.0750743698324,49.258195784331456],[-123.07504305474593,49.25824472064502]],"type":"LineString"},"properties":{"effluent_type":"Sanitary","material":"Polyvinyl Chloride","geo_point_2d":{"lon":-123.07507595352241,"lat":49.258028519768885}}},{"type":"Feature","geometry":{"coordinates":[[-123.05127008183088,49.246227056034286],[-123.05130573144801,49.246328173594314]],"type":"LineString"},"properties":{"effluent_type":"Storm","material":"Concrete","geo_point_2d":{"lon":-123.05128790663944,"lat":49.2462776148143}}},{"type":"Feature","geometry":{"coordinates":[[-123.20257481577967,49.271819028018605],[-123.20258193505093,49.27187905849078],[-123.20259013890443,49.27195552128873]],"type":"LineString"},"properties":{"effluent_type":"Sanitary","material":"Ductile Iron","geo_point_2d":{"lon":-123.20258266500213,"lat":49.27188725345941}}},{"type":"Feature","geometry":{"coordinates":[[-123.10951416160496,49.26158919701722],[-123.10949801135054,49.2619801081253],[-123.10949789306662,49.26198255493415],[-123.10949783133157,49.26198571231089],[-123.10949783829732,49.26198886062732],[-123.10949794149197,49.261992017847746],[-123.1094981271316,49.26199516599484],[-123.10949839525605,49.26199832305897],[-123.10949874580562,49.26200146205457],[-123.10949917884,49.26200460996722],[-123.10949969429954,49.26200773981129],[-123.10950029222406,49.26201086957723],[-123.10950098633779,49.2620139902568],[-123.10950174917237,49.262017110871206],[-123.10950260817631,49.262020213404064],[-123.10950353588122,49.26202330687657],[-123.10950454603126,49.26202639127577],[-123.10950565237061,49.26202946658854],[-123.1095068273911,49.2620325238458],[-123.109508098581,49.26203556302148],[-123.10950943847195,49.262038593136815],[-123.10951086078819,49.2620416051836],[-123.10951236554968,49.26204460815701],[-123.10951393897241,49.26204758407969],[-123.10951560856465,49.26205054192077],[-123.10951734685801,49.26205349070151],[-123.10951916753692,49.26205640342329],[-123.10952105691696,49.26205930708472],[-123.10952302870247,49.26206218368236],[-123.10952508291338,49.26206504221142],[-123.10952720578564,49.26206787368974],[-123.10952941106343,49.26207067810422],[-123.10953168500258,49.262073455468],[-123.10953404136717,49.26207621476315],[-123.10953645262909,49.26207893802538],[-123.1095389600407,49.26208163421078],[-123.10954152236954,49.26208430335845],[-123.10954415335978,49.262086945455316],[-123.10954686675561,49.26208956048835],[-123.10954963504875,49.26209213948846],[-123.10955248572758,49.26209468242953],[-123.10955539132367,49.26209719833286],[-123.10955837930545,49.26209967817715],[-123.10956142218456,49.26210212198845],[-123.1095645337052,49.26210452975377],[-123.10956770012321,49.2621069014861],[-123.10957093520261,49.26210924616761],[-123.10957423890368,49.26211154580788],[-123.10957759750207,49.26211380941518],[-123.10958101097792,49.26211602799428],[-123.1095844930953,49.26211821052737],[-123.10958803011,49.26212035702742],[-123.10959160825799,49.262122458512316],[-123.10959525504751,49.262124523951165],[-123.10959895671445,49.262126544361784],[-123.10960271325881,49.26212851974419],[-123.1096065247005,49.262130459093555],[-123.10961037725555,49.26213234443255],[-123.10961428470792,49.26213419373849],[-123.10961824703767,49.26213599801621],[-123.10962225048073,49.262137748283514],[-123.10962629507692,49.26213946253082],[-123.10963039453063,49.26214112275466],[-123.10963453511746,49.26214273796329],[-123.10963871683752,49.26214430815669],[-123.10964293969079,49.26214583333487],[-123.10964720365727,49.262147304502655],[-123.1096514949928,49.26214872167301],[-123.10965584122563,49.262150102810274],[-123.10966021480755,49.26215142095498],[-123.10966461577841,49.26215269409749],[-123.1096690578824,49.262153922224726],[-123.10967354109958,49.262155096341516],[-123.10967803794152,49.26215621647395],[-123.10968257589667,49.26215728259595],[-123.10968714124068,49.262158303715715],[-123.10969172020945,49.26215927085111],[-123.10969634029135,49.262160183976015],[-123.10970097399799,49.262161043116585],[-123.10970563507352,49.26216184825972],[-123.10971030979368,49.262162608413654],[-123.10971501186278,49.262163305575],[-123.10971972755657,49.262163948751954],[-123.10972447063912,49.26216454692666],[-123.10972921358218,49.26216508213485],[-123.10977521758969,49.26216602790818]],"type":"LineString"},"properties":{"effluent_type":"Combined","material":"BR\/CON","geo_point_2d":{"lon":-123.10955595700351,"lat":49.261941711607655}}},{"type":"Feature","geometry":{"coordinates":[[-123.20241135875655,49.273668817071524],[-123.20237605348395,49.27462943985756]],"type":"LineString"},"properties":{"effluent_type":"Combined","material":"Concrete","geo_point_2d":{"lon":-123.20239370612025,"lat":49.27414912846454}}},{"type":"Feature","geometry":{"coordinates":[[-123.20256809660917,49.27307206190688],[-123.20252707875024,49.274177796354564]],"type":"LineString"},"properties":{"effluent_type":"Combined","material":"Concrete","geo_point_2d":{"lon":-123.2025475876797,"lat":49.27362492913072}}},{"type":"Feature","geometry":{"coordinates":[[-123.18771767794877,49.268649295091286],[-123.1877564480367,49.26854227913322],[-123.1877683361486,49.26824106442628]],"type":"LineString"},"properties":{"effluent_type":"Combined","material":"Concrete","geo_point_2d":{"lon":-123.18775544960354,"lat":49.2684476180423}}},{"type":"Feature","geometry":{"coordinates":[[-123.16033154570462,49.26390155837171],[-123.16425060986997,49.2639578056741]],"type":"LineString"},"properties":{"effluent_type":"Combined","material":"BR\/CON","geo_point_2d":{"lon":-123.1622910777873,"lat":49.263929682022905}}},{"type":"Feature","geometry":{"coordinates":[[-123.18626608400065,49.268689604058686],[-123.18641687391317,49.268692149386986],[-123.18642388706314,49.26869285768805],[-123.18643105175775,49.268693655696204],[-123.1864380652471,49.26869445394789],[-123.1864450790756,49.26869534215062],[-123.18645209324335,49.2686963203044],[-123.18645910741134,49.26869729845777],[-123.18646612191861,49.2686983665622],[-123.1864729989666,49.26869943488803],[-123.18648001381352,49.26870059294308],[-123.18648689120113,49.26870175121957],[-123.18649376892812,49.26870299944713],[-123.18650064699453,49.268704337625756],[-123.18650752506129,49.26870567580396],[-123.18651426600788,49.26870710415513],[-123.18652114475361,49.26870862223549],[-123.18652788604012,49.268710140537365],[-123.18653462732703,49.26871165883884],[-123.18654136929263,49.268713357042884],[-123.18654797345991,49.26871496551696],[-123.18655801751042,49.26871746795693],[-123.18656806054442,49.26871970054156],[-123.18657824069977,49.26872184295189],[-123.18658842017757,49.26872380545837],[-123.18659859931694,49.268725678012466],[-123.1866089149329,49.268727289484346],[-123.18661936763603,49.268728801786686],[-123.18662981962723,49.268730125189954],[-123.18664027131365,49.268731367635965],[-123.18665085944227,49.26873234000454],[-123.18666144723194,49.26873322242066],[-123.18667203434323,49.268733924932846],[-123.18668262077607,49.26873444754108],[-123.1866932068697,49.2687348801969],[-123.18670379194522,49.268735042997314],[-123.18671451414107,49.26873511562313],[-123.18672489200877,49.26873500890036]],"type":"LineString"},"properties":{"effluent_type":"Storm","material":"Concrete","geo_point_2d":{"lon":-123.1864958360121,"lat":49.26870872378808}}},{"type":"Feature","geometry":{"coordinates":[[-123.08675369217914,49.20852479759588],[-123.0892486711598,49.20831119255847]],"type":"LineString"},"properties":{"effluent_type":"Combined","material":"RC","geo_point_2d":{"lon":-123.08800118166947,"lat":49.20841799507717}}},{"type":"Feature","geometry":{"coordinates":[[-123.07135381115005,49.214160081046174],[-123.07135604241832,49.21455596202026]],"type":"LineString"},"properties":{"effluent_type":"Combined","material":"Concrete","geo_point_2d":{"lon":-123.07135492678418,"lat":49.21435802153321}}},{"type":"Feature","geometry":{"coordinates":[[-123.14582496996816,49.2625817961518],[-123.14582483798537,49.26258364933154],[-123.14582472109863,49.26258596124794],[-123.14582465921558,49.2625882820901],[-123.14582466605395,49.26259060284555],[-123.1458247416138,49.26259292351427],[-123.14582487215084,49.26259524411356],[-123.14582507138282,49.262597555631],[-123.14582532561852,49.26259987607418],[-123.14582563477842,49.26260217845762],[-123.14582602643061,49.26260448973218],[-123.14582645928922,49.2626067919595],[-123.14582696084288,49.2626090851049],[-123.14582753111802,49.26261137816357],[-123.14582814259965,49.26261366217503],[-123.14582883652058,49.262615937087205],[-123.14582957164801,49.262618202952154],[-123.14583038924127,49.262620468713024],[-123.14583124801449,49.262622716431494],[-123.14583217548281,49.262624955068034],[-123.1458331579019,49.26262718464003],[-123.14583420898958,49.26262939613489],[-123.14583530131027,49.26263160757769],[-123.14583646227304,49.26263379194824],[-123.14583769195742,49.262635976232005],[-123.14583896279532,49.26263813347819],[-123.14584030235486,49.26264029063763],[-123.1458416968122,49.26264242074211],[-123.14584314619388,49.262644532786844],[-123.14584465052641,49.26264663576697],[-123.14584620978326,49.26264872068734],[-123.14584782396446,49.262650787547926],[-123.1458494930435,49.26265282735357],[-123.14585123081774,49.26265485807727],[-123.14585300974548,49.26265686176334],[-123.14585484359762,49.262658847389645],[-123.14585671862979,49.262660814973486],[-123.14585866230416,49.26266275548505],[-123.14586064715857,49.26266467795416],[-123.14586268691086,49.26266657336829],[-123.14586478158752,49.26266845072265],[-123.14586691739125,49.262670292044206],[-123.14586910814586,49.26267212430112],[-123.14587134002754,49.262673920525266],[-123.14587362683358,49.26267569868957],[-123.145875968511,49.262677440803714],[-123.14587833762421,49.26267916489276],[-123.14588076160877,49.26268085293165],[-123.14588322677342,49.26268252292808],[-123.14588574680944,49.262684156874315],[-123.14588829425472,49.262685763800256],[-123.14589089659786,49.2626873436712],[-123.14589354006807,49.26268888750932],[-123.14589622469184,49.26269040430978],[-123.14589893672486,49.26269189408994],[-123.14590170362925,49.2626933478199],[-123.1459044979429,49.26269477452956],[-123.14590733338355,49.2626961652064],[-123.14591020997779,49.262697528845536],[-123.14591311395473,49.26269885646919],[-123.1459160590587,49.26270014806002],[-123.14591903154539,49.262701403635305],[-123.14592204518563,49.26270263217294],[-123.14592508618203,49.2627038156999],[-123.14592816833198,49.26270497218916],[-123.14593126412032,49.26270609268029],[-123.14593440103566,49.26270717713856],[-123.14593756533365,49.2627082255813],[-123.14594075701436,49.26270923800856],[-123.14594396233336,49.26271021443762],[-123.14594720877942,49.26271115483384],[-123.14595048258155,49.26271205021934],[-123.14595377004858,49.26271291860187],[-123.1459570711274,49.26271374199106],[-123.14596041333316,49.262714529347384],[-123.14596376917724,49.2627152807055],[-123.14596713865964,49.26271599606549],[-123.1459705354981,49.26271666641473],[-123.14597394597487,49.262717300765864],[-123.14597737008992,49.26271789911879],[-123.1459808078167,49.26271845247838],[-123.14598425918174,49.26271896983978],[-123.14598773790284,49.262719442190495],[-123.14599121654442,49.262719887555555],[-123.14599470877116,49.2627202789321],[-123.14599821463612,49.262720634310455],[-123.14600172039499,49.26272095370802],[-123.14600523979207,49.26272123710737],[-123.14600875902995,49.26272146653561],[-123.14601229193258,49.262721668960815],[-123.14601583844687,49.26272182639266],[-123.14601937108415,49.26272193886589],[-123.14602291735962,49.262722015340955]],"type":"LineString"},"properties":{"effluent_type":"Combined","material":"BR\/CON","geo_point_2d":{"lon":-123.1459028587722,"lat":49.262676277444605}}},{"type":"Feature","geometry":{"coordinates":[[-123.17408398821534,49.26154810947552],[-123.17408413830366,49.26154389049448]],"type":"LineString"},"properties":{"effluent_type":"Combined","material":"BR\/CON","geo_point_2d":{"lon":-123.1740840632595,"lat":49.261545999985}}},{"type":"Feature","geometry":{"coordinates":[[-123.17387985214056,49.271105444962686],[-123.17405522278045,49.27117687264874]],"type":"LineString"},"properties":{"effluent_type":"Combined","material":"blank","geo_point_2d":{"lon":-123.1739675374605,"lat":49.271141158805705}}},{"type":"Feature","geometry":{"coordinates":[[-123.10204649904544,49.275769425373845],[-123.10211812514699,49.27600203159154]],"type":"LineString"},"properties":{"effluent_type":"Sanitary","material":"Polyvinyl Chloride","geo_point_2d":{"lon":-123.10208231209621,"lat":49.27588572848269}}},{"type":"Feature","geometry":{"coordinates":[[-123.10211812514699,49.27600203159154],[-123.10211849783296,49.27660210011668]],"type":"LineString"},"properties":{"effluent_type":"Sanitary","material":"Polyvinyl Chloride","geo_point_2d":{"lon":-123.10211831148997,"lat":49.27630206585411}}},{"type":"Feature","geometry":{"coordinates":[[-123.06221876421922,49.25306381637556],[-123.06375453707179,49.25349167333512]],"type":"LineString"},"properties":{"effluent_type":"Combined","material":"BR\/CON","geo_point_2d":{"lon":-123.06298665064551,"lat":49.25327774485534}}},{"type":"Feature","geometry":{"coordinates":[[-123.07401206367696,49.21451236373481],[-123.07401902177081,49.21393064337815]],"type":"LineString"},"properties":{"effluent_type":"Combined","material":"blank","geo_point_2d":{"lon":-123.07401554272387,"lat":49.21422150355648}}},{"type":"Feature","geometry":{"coordinates":[[-123.16864965518228,49.22538776309954],[-123.1688007894489,49.22516347019081]],"type":"LineString"},"properties":{"effluent_type":"Combined","material":"Concrete","geo_point_2d":{"lon":-123.16872522231559,"lat":49.22527561664518}}},{"type":"Feature","geometry":{"coordinates":[[-123.16868694924463,49.225248371924074],[-123.16871867076482,49.22499710570732]],"type":"LineString"},"properties":{"effluent_type":"Combined","material":"blank","geo_point_2d":{"lon":-123.16870281000473,"lat":49.2251227388157}}},{"type":"Feature","geometry":{"coordinates":[[-123.10208906900492,49.221946318798246],[-123.10207039021927,49.22194543577743],[-123.10205198442797,49.22194374293802],[-123.10203371393122,49.221941060496384],[-123.10201585357592,49.22193747816253],[-123.10199840354812,49.22193308588921],[-123.10198163850924,49.22192788343413],[-123.10196528379922,49.22192187104002],[-123.10194988873995,49.22191504822223],[-123.10193517885622,49.221907505176084],[-123.10192129147866,49.22189924178067],[-123.10190850145285,49.221890347746495],[-123.1018968087787,49.221880823073946],[-123.10188607631082,49.221870757837024],[-123.10187657889412,49.22186024174629],[-123.1018683165281,49.221849274802075],[-123.10186128939705,49.22183794695719],[-123.1018556350152,49.22182634804327],[-123.10185121607016,49.221814487176914],[-123.10184816985412,49.221802346246626],[-123.10184663426908,49.221790203984376],[-123.10184682595485,49.22177655798893]],"type":"LineString"},"properties":{"effluent_type":"Combined","material":"Concrete","geo_point_2d":{"lon":-123.1019430551922,"lat":49.22189060658565}}},{"type":"Feature","geometry":{"coordinates":[[-123.09210014343815,49.25116525268985],[-123.09208997995489,49.25117531745288],[-123.09207462315864,49.25119323019005],[-123.09206146610755,49.251211770838026],[-123.09205037155921,49.251231029459134],[-123.09204147624163,49.25125063714084],[-123.09203493151081,49.25127070170578],[-123.09203070953589,49.25129103427679],[-123.09202917400808,49.251307694656035],[-123.09202882389368,49.251311544891074],[-123.09202483502304,49.251457288696336]],"type":"LineString"},"properties":{"effluent_type":"Combined","material":"blank","geo_point_2d":{"lon":-123.0920418760224,"lat":49.25130410560109}}},{"type":"Feature","geometry":{"coordinates":[[-123.07872259405073,49.27309343116103],[-123.07871951180181,49.27325577844978]],"type":"LineString"},"properties":{"effluent_type":"Sanitary","material":"Steel","geo_point_2d":{"lon":-123.07872105292626,"lat":49.273174604805405}}},{"type":"Feature","geometry":{"coordinates":[[-123.09318753517073,49.21034219597014],[-123.09321303129768,49.209502240243914]],"type":"LineString"},"properties":{"effluent_type":"Combined","material":"Concrete","geo_point_2d":{"lon":-123.09320028323421,"lat":49.209922218107025}}},{"type":"Feature","geometry":{"coordinates":[[-123.15512453143947,49.264827796907205],[-123.1622299380854,49.26493737819599],[-123.16477492917619,49.264973058851574],[-123.1739414582603,49.2651093299774]],"type":"LineString"},"properties":{"effluent_type":"Combined","material":"blank","geo_point_2d":{"lon":-123.16453297793622,"lat":49.26496967482436}}},{"type":"Feature","geometry":{"coordinates":[[-123.08233497924022,49.25677276076798],[-123.08228169847148,49.25695450208084]],"type":"LineString"},"properties":{"effluent_type":"Combined","material":"blank","geo_point_2d":{"lon":-123.08230833885585,"lat":49.25686363142441}}},{"type":"Feature","geometry":{"coordinates":[[-123.08141351210647,49.26342108123477],[-123.08121772723673,49.263483672735184]],"type":"LineString"},"properties":{"effluent_type":"Sanitary","material":"Concrete","geo_point_2d":{"lon":-123.08131561967161,"lat":49.26345237698497}}},{"type":"Feature","geometry":{"coordinates":[[-123.08706481216048,49.283410281670115],[-123.08702333132123,49.28343558935649]],"type":"LineString"},"properties":{"effluent_type":"Sanitary","material":"blank","geo_point_2d":{"lon":-123.08704407174083,"lat":49.2834229355133}}},{"type":"Feature","geometry":{"coordinates":[[-123.1370856524125,49.29454546745639],[-123.13696278650983,49.2946268394298]],"type":"LineString"},"properties":{"effluent_type":"Sanitary","material":"Concrete","geo_point_2d":{"lon":-123.13702421946114,"lat":49.29458615344309}}},{"type":"Feature","geometry":{"coordinates":[[-123.1367049727978,49.29479761196059],[-123.13666517661242,49.294804702241]],"type":"LineString"},"properties":{"effluent_type":"Sanitary","material":"Concrete","geo_point_2d":{"lon":-123.13668507470511,"lat":49.294801157100785}}},{"type":"Feature","geometry":{"coordinates":[[-123.09321303129768,49.209502240243914],[-123.09325479856138,49.208072404987185],[-123.09325497314991,49.20807033592897],[-123.09325527992125,49.208065550185765],[-123.09325546312978,49.2080607645423],[-123.0932555090463,49.20805597900969],[-123.09323988329727,49.20779942788897],[-123.09323950362922,49.20779465169496],[-123.0932392475064,49.20778986640593],[-123.09323912867484,49.207785081006094],[-123.09323911103844,49.207783003107686],[-123.09324268946047,49.20767089188359]],"type":"LineString"},"properties":{"effluent_type":"Combined","material":"Concrete","geo_point_2d":{"lon":-123.09323651616086,"lat":49.20858641911988}}},{"type":"Feature","geometry":{"coordinates":[[-123.12651871969288,49.26517194374206],[-123.13062224791388,49.26523816075168]],"type":"LineString"},"properties":{"effluent_type":"Combined","material":"Concrete","geo_point_2d":{"lon":-123.12857048380339,"lat":49.26520505224687}}},{"type":"Feature","geometry":{"coordinates":[[-123.07996584306179,49.26605254152693],[-123.08024033111542,49.26608300687557]],"type":"LineString"},"properties":{"effluent_type":"Sanitary","material":"Steel","geo_point_2d":{"lon":-123.08010308708859,"lat":49.26606777420125}}},{"type":"Feature","geometry":{"coordinates":[[-123.14539174856193,49.26972528967526],[-123.14536063958855,49.27056243990822],[-123.14530941717389,49.27072063989949]],"type":"LineString"},"properties":{"effluent_type":"Sanitary","material":"Fibreglass","geo_point_2d":{"lon":-123.14536937617031,"lat":49.270226290259814}}},{"type":"Feature","geometry":{"coordinates":[[-123.11540488741836,49.21186897396149],[-123.11540515532275,49.21186609520187],[-123.11540569783192,49.21186321616789],[-123.11540651494582,49.21186033685956],[-123.11540774417614,49.21185754709234],[-123.11540924822047,49.211854847003394],[-123.11541116417176,49.211852146502856],[-123.11541335514633,49.21184962563325],[-123.11541568363245,49.21184719457908],[-123.1154184244442,49.21184494301861],[-123.1154214400698,49.21184278113632],[-123.11542459320691,49.21184070906944],[-123.11542802157669,49.21183890658603],[-123.11543158745799,49.21183719391799],[-123.115435428572,49.21183575083341],[-123.115439407407,49.211834487516796],[-123.11544352375358,49.21183331401549],[-123.11544777824014,49.21183250018747],[-123.11545203293602,49.211831776311946],[-123.11545642556254,49.21183132215703],[-123.11546081860794,49.21183104790728],[-123.1154652122818,49.21183104351534]],"type":"LineString"},"properties":{"effluent_type":"Combined","material":"Concrete","geo_point_2d":{"lon":-123.11542965068718,"lat":49.21184290229399}}},{"type":"Feature","geometry":{"coordinates":[[-123.03356376504767,49.28820129317018],[-123.03373077503021,49.28834030080172]],"type":"LineString"},"properties":{"effluent_type":"Combined","material":"blank","geo_point_2d":{"lon":-123.03364727003894,"lat":49.288270796985955}}},{"type":"Feature","geometry":{"coordinates":[[-123.13617241967411,49.29483826019307],[-123.13592550308039,49.2952721355059],[-123.13591482394303,49.29528978757116],[-123.13590455762238,49.295307520106284],[-123.13589456660961,49.2953253422683],[-123.13588485065767,49.2953431641059],[-123.13587541001415,49.295361075570554],[-123.13586610714513,49.29537907682395],[-123.1358572171191,49.29539716754277],[-123.1358486159084,49.29541525792129],[-123.13584026250032,49.29543343795947],[-123.13583219790819,49.29545161765745],[-123.13582440862604,49.295469886982815],[-123.13581689465413,49.295488245935594],[-123.13580965574559,49.29550660456456],[-123.13580282943526,49.295524962708164],[-123.13579614090159,49.295543410640946],[-123.13578972767927,49.295561948201374],[-123.13578372705622,49.29558048527657],[-123.13577786423517,49.29559912113621],[-123.13577241398937,49.295617747515614],[-123.13576875861008,49.29563889043001],[-123.1357648281579,49.29566003366741],[-123.1357604850975,49.295681177389284],[-123.13575586671635,49.29570223148281],[-123.13575069819095,49.29572328622233],[-123.13574525434386,49.29574425133337],[-123.13573953542182,49.295765216767194],[-123.1357332663539,49.29578618284683],[-123.13572685925139,49.29580696918506],[-123.13571990224905,49.295827846120226],[-123.135712669923,49.29584863342667],[-123.1357050247375,49.29586933126585],[-123.13569696669207,49.29588993963767],[-123.1356886335934,49.295910557326984],[-123.13568002514492,49.29593107639217],[-123.13567086629956,49.295951506151255],[-123.1356614323751,49.29597193623247],[-123.13565172312435,49.295992276684466],[-123.13564160101116,49.29601252766861],[-123.13562434806664,49.296045470191835],[-123.13560600807072,49.296078234084746],[-123.13558656677434,49.29611063946045],[-123.13556616195868,49.296142776108326],[-123.13554451854951,49.296174644350515],[-123.13552191161766,49.29620624386373],[-123.13549820315664,49.29623740390123],[-123.13547339360873,49.2962682863747],[-123.13544762028718,49.29629881016602],[-123.13542088294425,49.29632888532331],[-123.13539304428849,49.29635860195836],[-123.13536424185544,49.2963879599092],[-123.13533447539776,49.29641686922388],[-123.13530374491451,49.29644532990166],[-123.13527191262152,49.29647325215151],[-123.13523939162195,49.29650081539218],[-123.13520576905735,49.296527930154625],[-123.13517131975557,49.2965545061648],[-123.13513590617899,49.296580543582834],[-123.13500400491213,49.2966803730721],[-123.13498588284673,49.29669244775031],[-123.13496762298902,49.296704432635],[-123.13494895026335,49.29671632804735],[-123.13493027679205,49.296727953602876],[-123.13491119045274,49.2967394896858],[-123.1348919660756,49.296750846023556],[-123.1348724661228,49.29676202277662],[-123.1348528281324,49.296773019784325],[-123.13483291481177,49.29678392715838],[-123.13481271191645,49.296794565012114],[-123.13479238498283,49.296805113055434],[-123.13477178222853,49.29681539156215],[-123.13475104168226,49.2968255802743],[-123.13473016309892,49.29683558924053],[-123.13470900869525,49.29684532866984],[-123.13468757896167,49.29685497846459],[-123.13466614872961,49.29686444835283],[-123.13464430513937,49.29687364886403],[-123.134622461296,49.29688275941981],[-123.13460610966956,49.29688844541523],[-123.13458961976622,49.29689386171473],[-123.13457299183113,49.296899098269506],[-123.13455622561952,49.2969040651282],[-123.1345391838381,49.29690885240222],[-123.13452200356022,49.296913289023834],[-123.13450468522686,49.29691753690534],[-123.13448722886257,49.29692160504177],[-123.13446977151659,49.29692531337051],[-123.13445203835708,49.29692875216284],[-123.13443416716733,49.29693201120991],[-123.13441629524138,49.29693500040044],[-123.13439828504106,49.29693771989434],[-123.13438013656665,49.29694016969157],[-123.13436198735688,49.296942349632154],[-123.13434385116592,49.29694425970008],[-123.13432556319229,49.2969459900385],[-123.13430713670124,49.29694736072878],[-123.13428870947604,49.29694846156236],[-123.13405341531306,49.29696134595529]],"type":"LineString"},"properties":{"effluent_type":"Combined","material":"BR","geo_point_2d":{"lon":-123.13531176652864,"lat":49.29614493862131}}},{"type":"Feature","geometry":{"coordinates":[[-123.19669119270463,49.269540445619185],[-123.19554032294194,49.26914992034553]],"type":"LineString"},"properties":{"effluent_type":"Combined","material":"RC","geo_point_2d":{"lon":-123.1961157578233,"lat":49.269345182982356}}},{"type":"Feature","geometry":{"coordinates":[[-123.1021772395374,49.278283760833396],[-123.10217645249543,49.27832871945304]],"type":"LineString"},"properties":{"effluent_type":"Sanitary","material":"Polyvinyl Chloride","geo_point_2d":{"lon":-123.10217684601642,"lat":49.27830624014322}}},{"type":"Feature","geometry":{"coordinates":[[-123.07859947681358,49.27640061365828],[-123.07935901761107,49.277211810939065],[-123.07921178589675,49.28185612342373]],"type":"LineString"},"properties":{"effluent_type":"Combined","material":"Concrete","geo_point_2d":{"lon":-123.07922631390836,"lat":49.27900751031958}}},{"type":"Feature","geometry":{"coordinates":[[-123.10196464704174,49.218588520036185],[-123.10196448455449,49.21857628660391],[-123.10196294904212,49.21856414433634],[-123.10196004069076,49.21855218318602],[-123.10195575931631,49.21854031320027],[-123.10195010528972,49.21852871428408],[-123.10194321593282,49.218517386316144],[-123.10193509143132,49.21850641924878],[-123.10192573197082,49.21849590303433],[-123.10191527505759,49.218485927503984],[-123.1019035831863,49.218476402825935],[-123.1018909311837,49.218467418710205],[-123.10187731941969,49.21845915506165],[-123.10186288503,49.21845152180627],[-123.10184749106344,49.21844469897002],[-123.10183154911206,49.21843850628413],[-123.10181478508845,49.218433213848265],[-123.10179761060292,49.218428650389086],[-123.10177988866661,49.2184249779421],[-123.10176175643315,49.21842211542876],[-123.10174335161008,49.21842025162833],[-123.10172494843142,49.218419188403104]],"type":"LineString"},"properties":{"effluent_type":"Combined","material":"Concrete","geo_point_2d":{"lon":-123.10186906750793,"lat":49.2184753721145}}},{"type":"Feature","geometry":{"coordinates":[[-123.10172494843142,49.218419188403104],[-123.09805787185367,49.218354067419334]],"type":"LineString"},"properties":{"effluent_type":"Combined","material":"Concrete","geo_point_2d":{"lon":-123.09989141014256,"lat":49.218386627911215}}},{"type":"Feature","geometry":{"coordinates":[[-123.0931736564771,49.21080363847764],[-123.09317771292082,49.21066807621241]],"type":"LineString"},"properties":{"effluent_type":"Combined","material":"Concrete","geo_point_2d":{"lon":-123.09317568469898,"lat":49.21073585734503}}},{"type":"Feature","geometry":{"coordinates":[[-123.08125785994235,49.26581814267134],[-123.08125688500245,49.26586895725048]],"type":"LineString"},"properties":{"effluent_type":"Sanitary","material":"blank","geo_point_2d":{"lon":-123.08125737247242,"lat":49.26584354996091}}},{"type":"Feature","geometry":{"coordinates":[[-123.14341137454491,49.28435065520965],[-123.14341462819111,49.28433463975934],[-123.1426408047254,49.28345991717831],[-123.14233542058916,49.28297967243865],[-123.14174743334819,49.28222803852215]],"type":"LineString"},"properties":{"effluent_type":"Combined","material":"Fibreglass","geo_point_2d":{"lon":-123.14256900849952,"lat":49.28330170410962}}},{"type":"Feature","geometry":{"coordinates":[[-123.17890385613302,49.22558779200125],[-123.17890479271185,49.22555429216664],[-123.17888523197409,49.22550008098301],[-123.17881764885628,49.225458816374186],[-123.17874260558744,49.22544346065097],[-123.17605288752377,49.22541181702369]],"type":"LineString"},"properties":{"effluent_type":"Combined","material":"Concrete","geo_point_2d":{"lon":-123.17751957138432,"lat":49.22543323861573}}},{"type":"Feature","geometry":{"coordinates":[[-123.07031285144748,49.28468221888263],[-123.07197237581848,49.284460167804276],[-123.07242680654747,49.28445556618694],[-123.0725399499174,49.284440203422804]],"type":"LineString"},"properties":{"effluent_type":"Combined","material":"Concrete","geo_point_2d":{"lon":-123.07142502671097,"lat":49.28454195453389}}},{"type":"Feature","geometry":{"coordinates":[[-123.10213129326313,49.27789848378783],[-123.10218261463616,49.27797731717796]],"type":"LineString"},"properties":{"effluent_type":"Sanitary","material":"Polyvinyl Chloride","geo_point_2d":{"lon":-123.10215695394966,"lat":49.2779379004829}}},{"type":"Feature","geometry":{"coordinates":[[-123.15187820843406,49.21255014016148],[-123.15080242010472,49.211487254054056]],"type":"LineString"},"properties":{"effluent_type":"Combined","material":"blank","geo_point_2d":{"lon":-123.15134031426939,"lat":49.212018697107766}}},{"type":"Feature","geometry":{"coordinates":[[-123.14865436934949,49.20936477495794],[-123.14870175375354,49.209411759348185]],"type":"LineString"},"properties":{"effluent_type":"Combined","material":"blank","geo_point_2d":{"lon":-123.14867806155151,"lat":49.20938826715306}}},{"type":"Feature","geometry":{"coordinates":[[-123.10634706648307,49.21419836208844],[-123.10614661554395,49.214195092275126]],"type":"LineString"},"properties":{"effluent_type":"Combined","material":"Concrete","geo_point_2d":{"lon":-123.1062468410135,"lat":49.21419672718179}}},{"type":"Feature","geometry":{"coordinates":[[-123.1742123399115,49.2579860174382],[-123.17414733965404,49.25979187829669]],"type":"LineString"},"properties":{"effluent_type":"Combined","material":"BR\/CON","geo_point_2d":{"lon":-123.17417983978277,"lat":49.25888894786745}}},{"type":"Feature","geometry":{"coordinates":[[-123.08121772723673,49.263483672735184],[-123.08119362699388,49.26348840316114]],"type":"LineString"},"properties":{"effluent_type":"Sanitary","material":"Concrete","geo_point_2d":{"lon":-123.0812056771153,"lat":49.26348603794816}}},{"type":"Feature","geometry":{"coordinates":[[-123.11073559350446,49.21250269301268],[-123.11024332750293,49.21249563483109],[-123.1102104581417,49.212493483710965],[-123.11017851692387,49.21248796599453],[-123.11014830206486,49.21247921957037],[-123.11012056863716,49.21246746301287],[-123.11009600970061,49.21245299011982],[-123.11007523898259,49.212436162570306],[-123.11005877554098,49.21241740088616],[-123.110047030793,49.2123971739229],[-123.11004029823431,49.21237598715287],[-123.11003874610505,49.212354370033324]],"type":"LineString"},"properties":{"effluent_type":"Combined","material":"blank","geo_point_2d":{"lon":-123.11035742233467,"lat":49.21248139472799}}},{"type":"Feature","geometry":{"coordinates":[[-123.10239643832813,49.207219932679365],[-123.1044159611568,49.207045253147385]],"type":"LineString"},"properties":{"effluent_type":"Combined","material":"Concrete","geo_point_2d":{"lon":-123.10340619974247,"lat":49.207132592913375}}},{"type":"Feature","geometry":{"coordinates":[[-123.1044159611568,49.207045253147385],[-123.10661346886968,49.20685968774171],[-123.10685606240796,49.20686160445002]],"type":"LineString"},"properties":{"effluent_type":"Combined","material":"Concrete","geo_point_2d":{"lon":-123.10563562764523,"lat":49.206943370229}}},{"type":"Feature","geometry":{"coordinates":[[-123.1220298899342,49.25708543599785],[-123.12200821502316,49.25772559446933]],"type":"LineString"},"properties":{"effluent_type":"Combined","material":"blank","geo_point_2d":{"lon":-123.12201905247869,"lat":49.25740551523359}}},{"type":"Feature","geometry":{"coordinates":[[-123.20239034032035,49.270191238013275],[-123.20102488117188,49.27042571590082]],"type":"LineString"},"properties":{"effluent_type":"Combined","material":"RC","geo_point_2d":{"lon":-123.20170761074611,"lat":49.270308476957055}}},{"type":"Feature","geometry":{"coordinates":[[-123.20289671930703,49.27014446539433],[-123.20239034032035,49.270191238013275]],"type":"LineString"},"properties":{"effluent_type":"Combined","material":"RC","geo_point_2d":{"lon":-123.20264352981367,"lat":49.2701678517038}}},{"type":"Feature","geometry":{"coordinates":[[-123.0804105491038,49.25828982778666],[-123.07984162076772,49.25864554225259]],"type":"LineString"},"properties":{"effluent_type":"Combined","material":"blank","geo_point_2d":{"lon":-123.08012608493576,"lat":49.258467685019625}}},{"type":"Feature","geometry":{"coordinates":[[-123.0809841233071,49.25793114781403],[-123.0804105491038,49.25828982778666]],"type":"LineString"},"properties":{"effluent_type":"Combined","material":"blank","geo_point_2d":{"lon":-123.08069733620545,"lat":49.258110487800344}}},{"type":"Feature","geometry":{"coordinates":[[-123.20256019126036,49.27035232328469],[-123.20253363919232,49.27108587448838]],"type":"LineString"},"properties":{"effluent_type":"Sanitary","material":"Ductile Iron","geo_point_2d":{"lon":-123.20254691522635,"lat":49.27071909888654}}},{"type":"Feature","geometry":{"coordinates":[[-123.10273363564723,49.27024737927397],[-123.1027219340197,49.27029871626255]],"type":"LineString"},"properties":{"effluent_type":"Sanitary","material":"S","geo_point_2d":{"lon":-123.10272778483346,"lat":49.270273047768256}}},{"type":"Feature","geometry":{"coordinates":[[-123.10366784945147,49.2701771019562],[-123.1028709374694,49.27016245041076]],"type":"LineString"},"properties":{"effluent_type":"Sanitary","material":"Ductile Iron","geo_point_2d":{"lon":-123.10326939346044,"lat":49.27016977618348}}},{"type":"Feature","geometry":{"coordinates":[[-123.03379251481525,49.277427562824826],[-123.03391571488321,49.27742775160874],[-123.03394651198023,49.27742855213157],[-123.03397703515957,49.277430881907726],[-123.03400728436212,49.277434650985654],[-123.0340369846832,49.27743994939829],[-123.03406613600151,49.27744659724249],[-123.03409432592724,49.27745468459218],[-123.03412141691575,49.277464121536845],[-123.03414754645328,49.27747490803661],[-123.03417230196287,49.27748686431049],[-123.03419554602272,49.27750008035188],[-123.03421741593151,49.27751428626553],[-123.03423736181229,49.27752957216694],[-123.034255658572,49.27754584802383],[-123.03427203111568,49.2775629340149],[-123.03428647937969,49.277580740189194],[-123.03429872833023,49.27759917667719],[-123.03430891545031,49.2776182434388],[-123.03431676557425,49.27763766170563],[-123.0343225536823,49.2776574493868],[-123.03432600473297,49.27767750761739],[-123.03432711859863,49.27769765649398],[-123.03432698192765,49.27906574258112]],"type":"LineString"},"properties":{"effluent_type":"Combined","material":"blank","geo_point_2d":{"lon":-123.03425388017436,"lat":49.278093041186594}}},{"type":"Feature","geometry":{"coordinates":[[-123.03345193968725,49.28674000681303],[-123.03319227282923,49.28701812231969]],"type":"LineString"},"properties":{"effluent_type":"Combined","material":"Concrete","geo_point_2d":{"lon":-123.03332210625825,"lat":49.28687906456636}}},{"type":"Feature","geometry":{"coordinates":[[-123.09848932162726,49.20754549670791],[-123.10058940103701,49.20736841363581]],"type":"LineString"},"properties":{"effluent_type":"Combined","material":"Concrete","geo_point_2d":{"lon":-123.09953936133212,"lat":49.207456955171864}}},{"type":"Feature","geometry":{"coordinates":[[-123.04422647140375,49.25370183316892],[-123.04422894815391,49.25370543030863],[-123.0442312874054,49.25370893754873],[-123.04423362681797,49.25371262469312],[-123.04423569131313,49.253716221990544],[-123.04423775588901,49.25371990924006],[-123.04423968304648,49.25372359654217],[-123.0442413354472,49.253727373901654],[-123.0442429877678,49.253731061308926],[-123.04424436533155,49.25373483877362],[-123.04424574297595,49.25373870619045],[-123.04424698312138,49.25374248370771],[-123.04424794850988,49.25374635128239],[-123.04424891389853,49.25375021885705],[-123.04424960444977,49.25375408653697],[-123.04425029500112,49.25375795421689],[-123.04425084813377,49.253761821949425],[-123.04425112642885,49.253765689787215],[-123.04425140480443,49.25376964757716],[-123.04425140826191,49.25377351552024]],"type":"LineString"},"properties":{"effluent_type":"Storm","material":"Concrete","geo_point_2d":{"lon":-123.04424276723158,"lat":49.25373638573587}}},{"type":"Feature","geometry":{"coordinates":[[-123.14085114100038,49.266440262686736],[-123.1407991806553,49.2676904432507]],"type":"LineString"},"properties":{"effluent_type":"Combined","material":"Concrete","geo_point_2d":{"lon":-123.14082516082784,"lat":49.267065352968714}}},{"type":"Feature","geometry":{"coordinates":[[-123.11264282671057,49.254116589376395],[-123.1126318132843,49.254355504186115],[-123.11259352222179,49.25531364937501]],"type":"LineString"},"properties":{"effluent_type":"Combined","material":"blank","geo_point_2d":{"lon":-123.11261758900044,"lat":49.25471509418293}}},{"type":"Feature","geometry":{"coordinates":[[-123.1571129972226,49.246771278995695],[-123.15717326525993,49.24684198951876]],"type":"LineString"},"properties":{"effluent_type":"Combined","material":"BR\/CON","geo_point_2d":{"lon":-123.15714313124127,"lat":49.246806634257226}}},{"type":"Feature","geometry":{"coordinates":[[-123.19314510546153,49.26962820310402],[-123.19552898826763,49.27021578999696]],"type":"LineString"},"properties":{"effluent_type":"Storm","material":"Concrete","geo_point_2d":{"lon":-123.19433704686458,"lat":49.269921996550494}}},{"type":"Feature","geometry":{"coordinates":[[-123.06041788221714,49.28957559236803],[-123.06187660309018,49.2876923752506]],"type":"LineString"},"properties":{"effluent_type":"Combined","material":"Concrete","geo_point_2d":{"lon":-123.06114724265367,"lat":49.28863398380932}}},{"type":"Feature","geometry":{"coordinates":[[-123.11095956216714,49.26479801837258],[-123.11091773960271,49.264811767220436]],"type":"LineString"},"properties":{"effluent_type":"Sanitary","material":"Ductile Iron","geo_point_2d":{"lon":-123.11093865088492,"lat":49.264804892796505}}},{"type":"Feature","geometry":{"coordinates":[[-123.11088059958381,49.265670044241595],[-123.11086142826802,49.26610095083373]],"type":"LineString"},"properties":{"effluent_type":"Sanitary","material":"Ductile Iron","geo_point_2d":{"lon":-123.11087101392592,"lat":49.26588549753767}}},{"type":"Feature","geometry":{"coordinates":[[-123.11091773960271,49.264811767220436],[-123.1109015959113,49.26518884367847]],"type":"LineString"},"properties":{"effluent_type":"Sanitary","material":"Ductile Iron","geo_point_2d":{"lon":-123.110909667757,"lat":49.26500030544946}}},{"type":"Feature","geometry":{"coordinates":[[-123.07746094739484,49.27049075141727],[-123.07742061860064,49.273049280947376]],"type":"LineString"},"properties":{"effluent_type":"Combined","material":"Concrete","geo_point_2d":{"lon":-123.07744078299774,"lat":49.27177001618233}}},{"type":"Feature","geometry":{"coordinates":[[-123.15538816460669,49.245930146524316],[-123.15620452400387,49.24621770275595],[-123.15625390672282,49.24623571640044],[-123.15630260476169,49.246254450568955],[-123.15635075580337,49.24627399502839],[-123.15639794708852,49.246294170433465],[-123.15644459137918,49.24631515613113],[-123.15649041359725,49.24633686254229],[-123.1565354134308,49.24635919072075],[-123.15657959122176,49.24638224860982],[-123.15662282328441,49.24640602738289],[-123.156665356651,49.24643043675363],[-123.15670693026586,49.24645547707696],[-123.15674754441385,49.24648123830584],[-123.15678733592381,49.24650754035088],[-123.15682604402393,49.246534473519276],[-123.15686391571751,49.24656193852912],[-123.15690069028935,49.246590043678154],[-123.15693636742549,49.24661869002022],[-123.1569710845237,49.24664787736966],[-123.15700470418484,49.24667760591408],[-123.1571129972226,49.246771278995695]],"type":"LineString"},"properties":{"effluent_type":"Combined","material":"BR\/CON","geo_point_2d":{"lon":-123.15628440554266,"lat":49.24628868693646}}},{"type":"Feature","geometry":{"coordinates":[[-123.13181258397937,49.20473365565069],[-123.13242206212034,49.20474780075629],[-123.13242947490069,49.20474761235158],[-123.13242976314613,49.204747594030486]],"type":"LineString"},"properties":{"effluent_type":"Combined","material":"Concrete","geo_point_2d":{"lon":-123.13212117401083,"lat":49.20474081523952}}},{"type":"Feature","geometry":{"coordinates":[[-123.07399520534615,49.21535171520902],[-123.07400341217996,49.2149440258419]],"type":"LineString"},"properties":{"effluent_type":"Combined","material":"blank","geo_point_2d":{"lon":-123.07399930876306,"lat":49.215147870525456}}},{"type":"Feature","geometry":{"coordinates":[[-123.1795321142392,49.271260603382125],[-123.1835609556228,49.2713303276028]],"type":"LineString"},"properties":{"effluent_type":"Combined","material":"Concrete","geo_point_2d":{"lon":-123.18154653493099,"lat":49.27129546549246}}},{"type":"Feature","geometry":{"coordinates":[[-123.2043216615149,49.27016758173039],[-123.20289671930703,49.27014446539433]],"type":"LineString"},"properties":{"effluent_type":"Combined","material":"RC","geo_point_2d":{"lon":-123.20360919041096,"lat":49.270156023562365}}},{"type":"Feature","geometry":{"coordinates":[[-123.1855708123938,49.2290299188433],[-123.18557481947795,49.2288162748654]],"type":"LineString"},"properties":{"effluent_type":"Combined","material":"RC","geo_point_2d":{"lon":-123.18557281593588,"lat":49.22892309685435}}},{"type":"Feature","geometry":{"coordinates":[[-123.10956214949958,49.26035084389305],[-123.10956350588995,49.26030547076125]],"type":"LineString"},"properties":{"effluent_type":"Combined","material":"blank","geo_point_2d":{"lon":-123.10956282769476,"lat":49.26032815732715}}},{"type":"Feature","geometry":{"coordinates":[[-123.14560403106849,49.26942567114539],[-123.14559625814965,49.269633739886494],[-123.14559641361204,49.26963985642563],[-123.14559725638702,49.26964597209865],[-123.14559878647489,49.269652086905595],[-123.14560100334646,49.26965802094309],[-123.14560390726665,49.269663864162766],[-123.14560736077313,49.26966961673778],[-123.1456116382618,49.26967509841836],[-123.14561632760977,49.26968039967575],[-123.14562184094022,49.26968543003851],[-123.14562776586544,49.26969019002631],[-123.14563423984808,49.269694679465786],[-123.14564112516074,49.269698808578504],[-123.14564855926602,49.26970257719109],[-123.14565640443642,49.26970589552507],[-123.14566466120147,49.269708943483685],[-123.14567319156866,49.26971154133683],[-123.14568199553788,49.269713689084476],[-123.14569093591106,49.26971547685152],[-123.14570014962096,49.26971672456127],[-123.14570949973438,49.26971761229038]],"type":"LineString"},"properties":{"effluent_type":"Combined","material":"blank","geo_point_2d":{"lon":-123.14561765101918,"lat":49.2695975259915}}},{"type":"Feature","geometry":{"coordinates":[[-123.1167236256241,49.225030338925905],[-123.11677266990758,49.22378327538562]],"type":"LineString"},"properties":{"effluent_type":"Combined","material":"blank","geo_point_2d":{"lon":-123.11674814776585,"lat":49.22440680715576}}},{"type":"Feature","geometry":{"coordinates":[[-123.11677266990758,49.22378327538562],[-123.11681719643974,49.22265396421457]],"type":"LineString"},"properties":{"effluent_type":"Combined","material":"blank","geo_point_2d":{"lon":-123.11679493317367,"lat":49.22321861980009}}},{"type":"Feature","geometry":{"coordinates":[[-123.1025535303044,49.20521092790809],[-123.10264662979321,49.203476623608964]],"type":"LineString"},"properties":{"effluent_type":"Sanitary","material":"Polyvinyl Chloride","geo_point_2d":{"lon":-123.1026000800488,"lat":49.20434377575853}}},{"type":"Feature","geometry":{"coordinates":[[-123.16746802542808,49.227205608741905],[-123.16753544332602,49.22709448241279]],"type":"LineString"},"properties":{"effluent_type":"Combined","material":"blank","geo_point_2d":{"lon":-123.16750173437705,"lat":49.227150045577346}}},{"type":"Feature","geometry":{"coordinates":[[-123.16753544332602,49.22709448241279],[-123.16757437835557,49.2271628529305]],"type":"LineString"},"properties":{"effluent_type":"Combined","material":"blank","geo_point_2d":{"lon":-123.16755491084079,"lat":49.22712866767164}}},{"type":"Feature","geometry":{"coordinates":[[-123.07617878152297,49.26076809664949],[-123.07669373893819,49.26077037357903]],"type":"LineString"},"properties":{"effluent_type":"Combined","material":"BR\/CON","geo_point_2d":{"lon":-123.07643626023057,"lat":49.26076923511426}}},{"type":"Feature","geometry":{"coordinates":[[-123.0441498366449,49.253598057644],[-123.04422647140375,49.25370183316892]],"type":"LineString"},"properties":{"effluent_type":"Storm","material":"Concrete","geo_point_2d":{"lon":-123.04418815402434,"lat":49.25364994540646}}},{"type":"Feature","geometry":{"coordinates":[[-123.11285171691834,49.2638805908148],[-123.11284478925315,49.26403715913661]],"type":"LineString"},"properties":{"effluent_type":"Sanitary","material":"Ductile Iron","geo_point_2d":{"lon":-123.11284825308576,"lat":49.26395887497571}}},{"type":"Feature","geometry":{"coordinates":[[-123.14319160893606,49.26967807787519],[-123.14556598178045,49.26971545443573]],"type":"LineString"},"properties":{"effluent_type":"Combined","material":"Concrete","geo_point_2d":{"lon":-123.14437879535824,"lat":49.26969676615546}}},{"type":"Feature","geometry":{"coordinates":[[-123.14555079003748,49.26927551840209],[-123.14560771252232,49.2693267193176],[-123.14560733852207,49.269339762827485]],"type":"LineString"},"properties":{"effluent_type":"Combined","material":"blank","geo_point_2d":{"lon":-123.14558336850273,"lat":49.269305796414265}}},{"type":"Feature","geometry":{"coordinates":[[-123.14560733852207,49.269339762827485],[-123.1456041687951,49.269425760923816]],"type":"LineString"},"properties":{"effluent_type":"Combined","material":"blank","geo_point_2d":{"lon":-123.14560575365857,"lat":49.26938276187565}}},{"type":"Feature","geometry":{"coordinates":[[-123.20257071516106,49.27250293116243],[-123.20256119563102,49.27277664473646]],"type":"LineString"},"properties":{"effluent_type":"Sanitary","material":"Ductile Iron","geo_point_2d":{"lon":-123.20256595539604,"lat":49.272639787949444}}},{"type":"Feature","geometry":{"coordinates":[[-123.08702088769233,49.28353156970476],[-123.08692092486692,49.283618088563685]],"type":"LineString"},"properties":{"effluent_type":"Sanitary","material":"blank","geo_point_2d":{"lon":-123.08697090627963,"lat":49.283574829134224}}},{"type":"Feature","geometry":{"coordinates":[[-123.05468849168616,49.24880581499102],[-123.05469356384943,49.24880754866883],[-123.05470675880755,49.24881123046475],[-123.05472022788184,49.2488142824634],[-123.05473397097242,49.24881661471248],[-123.05474798807872,49.24881822721187],[-123.05476214179508,49.24881912002661],[-123.05477643222042,49.24881938310887],[-123.05479680922248,49.24881922052696]],"type":"LineString"},"properties":{"effluent_type":"Combined","material":"blank","geo_point_2d":{"lon":-123.05474220395685,"lat":49.24881580630499}}},{"type":"Feature","geometry":{"coordinates":[[-123.07729426571258,49.20932385610577],[-123.08073462754143,49.20903310468002]],"type":"LineString"},"properties":{"effluent_type":"Combined","material":"Concrete","geo_point_2d":{"lon":-123.07901444662701,"lat":49.20917848039289}}},{"type":"Feature","geometry":{"coordinates":[[-123.14195124120238,49.29281184760226],[-123.14188581890575,49.29285479889024],[-123.1418491547445,49.292926931129486],[-123.14180714899119,49.29295403113598],[-123.1417927568708,49.292956486485124]],"type":"LineString"},"properties":{"effluent_type":"Sanitary","material":"Polyvinyl Chloride","geo_point_2d":{"lon":-123.14187214533435,"lat":49.29288602556509}}},{"type":"Feature","geometry":{"coordinates":[[-123.15923935011672,49.24966771119876],[-123.15923853493273,49.249670590796114],[-123.15923785715557,49.24967347020411],[-123.15923731707464,49.24967643937459],[-123.15923677670433,49.249679318593174],[-123.15923651143724,49.249682287384886],[-123.15923638357714,49.249685255987195],[-123.15923639283471,49.249688134448235],[-123.15923653978861,49.249691102671775],[-123.15923682414956,49.24969407070594],[-123.15923724562826,49.24969694859881],[-123.15923780480337,49.24969991625419],[-123.1592385010963,49.249702793768236],[-123.15923933479634,49.24970567109295],[-123.15924030590355,49.24970854822822],[-123.15924141441795,49.24971142517411],[-123.15924266033956,49.24971430193058],[-123.15924404337909,49.24971708854572],[-123.15924556382589,49.24971987497147],[-123.15924722139061,49.24972257125589]],"type":"LineString"},"properties":{"effluent_type":"Combined","material":"blank","geo_point_2d":{"lon":-123.15923919350413,"lat":49.249695706923895}}},{"type":"Feature","geometry":{"coordinates":[[-123.14217351925485,49.292675333617424],[-123.14200922843706,49.29278509670592],[-123.14182155828286,49.2929959129166]],"type":"LineString"},"properties":{"effluent_type":"Sanitary","material":"Concrete","geo_point_2d":{"lon":-123.14198785824058,"lat":49.292824501070804}}},{"type":"Feature","geometry":{"coordinates":[[-123.10236145748198,49.28047562448542],[-123.10233727226047,49.28104033625858]],"type":"LineString"},"properties":{"effluent_type":"Sanitary","material":"Polyvinyl Chloride","geo_point_2d":{"lon":-123.10234936487123,"lat":49.280757980372}}},{"type":"Feature","geometry":{"coordinates":[[-123.1284752113656,49.20556723229702],[-123.12813331084685,49.20565553212411],[-123.12808037593572,49.20567771926655]],"type":"LineString"},"properties":{"effluent_type":"Combined","material":"Concrete","geo_point_2d":{"lon":-123.1282766589393,"lat":49.2056191061369}}},{"type":"Feature","geometry":{"coordinates":[[-123.21581172738956,49.276298957809765],[-123.2149187659648,49.27594980062236],[-123.2144552202201,49.275768509210984]],"type":"LineString"},"properties":{"effluent_type":"Combined","material":"RC","geo_point_2d":{"lon":-123.21513346931548,"lat":49.276033744990514}}},{"type":"Feature","geometry":{"coordinates":[[-123.09328631615311,49.21187179188023],[-123.09329778796673,49.211321019191566]],"type":"LineString"},"properties":{"effluent_type":"Combined","material":"Concrete","geo_point_2d":{"lon":-123.09329205205992,"lat":49.2115964055359}}},{"type":"Feature","geometry":{"coordinates":[[-123.1444162963691,49.291178168008656],[-123.14494155496838,49.29082761644999]],"type":"LineString"},"properties":{"effluent_type":"Combined","material":"RC","geo_point_2d":{"lon":-123.14467892566873,"lat":49.29100289222932}}},{"type":"Feature","geometry":{"coordinates":[[-123.20112298898317,49.23630681678444],[-123.19972951374983,49.235931505642014]],"type":"LineString"},"properties":{"effluent_type":"Sanitary","material":"blank","geo_point_2d":{"lon":-123.2004262513665,"lat":49.236119161213225}}},{"type":"Feature","geometry":{"coordinates":[[-123.21979470179495,49.27660727131628],[-123.21855006000494,49.27651094589265]],"type":"LineString"},"properties":{"effluent_type":"Combined","material":"RC","geo_point_2d":{"lon":-123.21917238089996,"lat":49.27655910860447}}},{"type":"Feature","geometry":{"coordinates":[[-123.08902338050811,49.28487717942412],[-123.08863512480549,49.28475684363306],[-123.08726621795962,49.28441203015476],[-123.08722411481158,49.28439677014985]],"type":"LineString"},"properties":{"effluent_type":"Combined","material":"Concrete","geo_point_2d":{"lon":-123.08812541144256,"lat":49.284630854993374}}},{"type":"Feature","geometry":{"coordinates":[[-123.08705927947373,49.284336806702036],[-123.08618037643807,49.2838756533457],[-123.08573147155761,49.283740609907355]],"type":"LineString"},"properties":{"effluent_type":"Combined","material":"Concrete","geo_point_2d":{"lon":-123.08640685335237,"lat":49.28401060265606}}},{"type":"Feature","geometry":{"coordinates":[[-123.16834150820256,49.264018725121424],[-123.17035905512012,49.264057937504155]],"type":"LineString"},"properties":{"effluent_type":"Combined","material":"BR\/CON","geo_point_2d":{"lon":-123.16935028166134,"lat":49.26403833131279}}},{"type":"Feature","geometry":{"coordinates":[[-123.16893181265431,49.2710751312504],[-123.16918325118384,49.2710784513943],[-123.16937554407932,49.271071594186],[-123.17097020035116,49.27109082508357]],"type":"LineString"},"properties":{"effluent_type":"Combined","material":"Concrete","geo_point_2d":{"lon":-123.16995096924943,"lat":49.27108008071331}}},{"type":"Feature","geometry":{"coordinates":[[-123.20267783811803,49.273725676338465],[-123.20263987305056,49.27475729393919]],"type":"LineString"},"properties":{"effluent_type":"Storm","material":"Concrete","geo_point_2d":{"lon":-123.2026588555843,"lat":49.27424148513883}}},{"type":"Feature","geometry":{"coordinates":[[-123.07545691227544,49.26051439271248],[-123.07544753840828,49.26045087466285],[-123.07543230683167,49.26043053744357],[-123.07543980496898,49.26007498787346],[-123.0754169825058,49.2600426649915]],"type":"LineString"},"properties":{"effluent_type":"Sanitary","material":"Polyvinyl Chloride","geo_point_2d":{"lon":-123.07543777460282,"lat":49.26027722746645}}},{"type":"Feature","geometry":{"coordinates":[[-123.20230885475851,49.27998412460631],[-123.20229169478876,49.28133520449535]],"type":"LineString"},"properties":{"effluent_type":"Combined","material":"Concrete","geo_point_2d":{"lon":-123.20230027477363,"lat":49.280659664550825}}},{"type":"Feature","geometry":{"coordinates":[[-123.15989419449345,49.21576100188185],[-123.15892260175997,49.21514750604099],[-123.15665625926786,49.21351043748016],[-123.15646356596088,49.213363715661856]],"type":"LineString"},"properties":{"effluent_type":"Combined","material":"Concrete","geo_point_2d":{"lon":-123.15816261379636,"lat":49.21458619928778}}},{"type":"Feature","geometry":{"coordinates":[[-123.18601456056707,49.27137005733023],[-123.18757614206581,49.27139586768697],[-123.18897881624521,49.27141913743156]],"type":"LineString"},"properties":{"effluent_type":"Combined","material":"Concrete","geo_point_2d":{"lon":-123.18749668878056,"lat":49.27139457477068}}},{"type":"Feature","geometry":{"coordinates":[[-123.18757614206581,49.27139586768697],[-123.18761379793985,49.27040713518958],[-123.18768106976052,49.26875010083275],[-123.18771713391257,49.268650825159646],[-123.18771767794877,49.268649295091286]],"type":"LineString"},"properties":{"effluent_type":"Combined","material":"Concrete","geo_point_2d":{"lon":-123.18763061434635,"lat":49.270019497246516}}},{"type":"Feature","geometry":{"coordinates":[[-123.05701734668487,49.24854628321668],[-123.05665015036939,49.248392915309914]],"type":"LineString"},"properties":{"effluent_type":"Combined","material":"Concrete","geo_point_2d":{"lon":-123.05683374852714,"lat":49.248469599263295}}},{"type":"Feature","geometry":{"coordinates":[[-123.14971286565923,49.210410711741794],[-123.14870175375354,49.209411759348185]],"type":"LineString"},"properties":{"effluent_type":"Combined","material":"blank","geo_point_2d":{"lon":-123.14920730970638,"lat":49.20991123554499}}},{"type":"Feature","geometry":{"coordinates":[[-123.19640507623525,49.22520432735679],[-123.19739085084917,49.224602149729655],[-123.19912777972331,49.22241479220967]],"type":"LineString"},"properties":{"effluent_type":"Combined","material":"blank","geo_point_2d":{"lon":-123.19786102205497,"lat":49.2239165407328}}},{"type":"Feature","geometry":{"coordinates":[[-123.03903923374071,49.256788198310595],[-123.04143365753583,49.25678972118185],[-123.04157176403156,49.25678031654835]],"type":"LineString"},"properties":{"effluent_type":"Sanitary","material":"blank","geo_point_2d":{"lon":-123.04030565005438,"lat":49.256788744367654}}},{"type":"Feature","geometry":{"coordinates":[[-123.14562146994157,49.29036764838452],[-123.1462708557216,49.29000495267848]],"type":"LineString"},"properties":{"effluent_type":"Combined","material":"Concrete","geo_point_2d":{"lon":-123.14594616283159,"lat":49.29018630053151}}},{"type":"Feature","geometry":{"coordinates":[[-123.14634622191289,49.289960331180616],[-123.14630682663397,49.28998493787108]],"type":"LineString"},"properties":{"effluent_type":"Combined","material":"Cast Iron","geo_point_2d":{"lon":-123.14632652427345,"lat":49.28997263452585}}},{"type":"Feature","geometry":{"coordinates":[[-123.17420841820584,49.25809004405855],[-123.17420844344407,49.25808940535998],[-123.17420853654542,49.258084619763395],[-123.17420851973425,49.258079843327735],[-123.17420836546127,49.25807505810412],[-123.1742080875328,49.25807028206218],[-123.17420767217425,49.258065506227446],[-123.17420713312865,49.25806073057922],[-123.17420647045934,49.25805597310779],[-123.17420568410304,49.25805121582286],[-123.17420477409149,49.258046467719595],[-123.17420372671332,49.25804173781388],[-123.17420255564826,49.258037008094625],[-123.17420126099137,49.25803230554737],[-123.17419984267931,49.25802761218174],[-123.17419830074384,49.25802293699292],[-123.17419663518491,49.2580182799809],[-123.17419483225963,49.25801364116641],[-123.17419291948562,49.25800902950315],[-123.17419088308831,49.25800443601669],[-123.17418872309935,49.25799986970213],[-123.17418643948714,49.25799532156439],[-123.17418403228339,49.257990800598556],[-123.17418151526272,49.257986315779114],[-123.17417887465052,49.25798185813159],[-123.17417611044687,49.25797742765598],[-123.1741732226834,49.25797303334743],[-123.17417023881447,49.25796866616936],[-123.17416711767446,49.257964344174226],[-123.17416390042902,49.25796004930952],[-123.1741605596239,49.25795579061187],[-123.17415709529071,49.2579515770764],[-123.17415353488386,49.25794739966651],[-123.174149864692,49.25794326739811],[-123.17414607097214,49.25793918029185],[-123.17414218117865,49.257935129311136],[-123.17413818163186,49.25793113246705],[-123.17413407226847,49.257927171769204],[-123.1741298531518,49.257923265207914],[-123.17412553799319,49.25791940376731],[-123.17412112682426,49.257915596442565],[-123.17411660587048,49.257911834259176],[-123.17411197516346,49.25790812621231],[-123.1741072621891,49.257904472260556],[-123.17410245323617,49.257900881419765],[-123.17409754824133,49.2578973356996],[-123.17409253349328,49.25789384411589],[-123.17408745025257,49.25789041560172],[-123.1740822572903,49.25788705021916],[-123.17407698206074,49.257883738931625],[-123.17407162459551,49.25788049073429],[-123.17406617112006,49.257877296652644],[-123.17406063544063,49.25787417465635],[-123.17405503126844,49.2578711157295],[-123.17404933111767,49.25786811991349],[-123.1740435624742,49.25786518716691],[-123.17403771159502,49.25786231751045],[-123.1740317785118,49.25785951993928],[-123.17402577696745,49.25785679443264],[-123.17401970693037,49.25785413199541],[-123.17401355468921,49.257851541643404],[-123.17400734772983,49.25784902333523],[-123.17400107227763,49.25784656809641],[-123.17399472839588,49.257844193917265],[-123.17398832979588,49.257841891781936],[-123.17398186273465,49.25783966171108],[-123.17397534095514,49.257837503684016],[-123.1739687644573,49.25783541770071],[-123.17396211952979,49.25783341277705],[-123.17395543365846,49.25783148887161],[-123.1739487067801,49.25782962799406],[-123.17394191150362,49.2578278571713],[-123.17393508899457,49.257826158350845],[-123.17392821179867,49.25782454056931],[-123.17392129362723,49.25782299481081],[-123.17391433451184,49.25782153007049],[-123.17390733448407,49.257820155343495],[-123.17390030722359,49.25781885261883],[-123.17389323901907,49.25781763091234],[-123.17388614361342,49.25781649020332],[-123.17387902100656,49.257815430491775],[-123.17387185745557,49.25781445179836],[-123.17386468044627,49.257813554081736],[-123.17385748997864,49.25781273734189],[-123.17385025859836,49.257812010615346],[-123.17384302747104,49.257811355849725],[-123.17383576917393,49.2578107910767],[-123.17382849741837,49.25781030728045],[-123.17382268301529,49.25780999220035]],"type":"LineString"},"properties":{"effluent_type":"Combined","material":"BHS","geo_point_2d":{"lon":-123.17405509678214,"lat":49.257904608143896}}},{"type":"Feature","geometry":{"coordinates":[[-123.15547130961767,49.26292237959367],[-123.1578501222205,49.262933546500605]],"type":"LineString"},"properties":{"effluent_type":"Combined","material":"BR\/CON","geo_point_2d":{"lon":-123.15666071591909,"lat":49.26292796304713}}},{"type":"Feature","geometry":{"coordinates":[[-123.15267877631317,49.26287981414309],[-123.15290034743839,49.262883380083686]],"type":"LineString"},"properties":{"effluent_type":"Combined","material":"BR\/CON","geo_point_2d":{"lon":-123.15278956187578,"lat":49.26288159711339}}},{"type":"Feature","geometry":{"coordinates":[[-123.11312192888207,49.25849507421096],[-123.11312146233375,49.25850741610174],[-123.11312204639314,49.25852243753769],[-123.11312455429307,49.25853736713782],[-123.11312884839772,49.2585521150846],[-123.11313492850307,49.25856659142593],[-123.11314265697298,49.258580706344176],[-123.11315217103508,49.25859436975242],[-123.11316319562084,49.25860749196752],[-123.11317586795748,49.25861998290253],[-123.11319005061365,49.258631842691514],[-123.1132054683142,49.258642891699346],[-123.11322225849135,49.25865312979087],[-123.11324028350712,49.25866246714826],[-123.11325926829097,49.25867081408847],[-123.11327921284227,49.258678170610985],[-123.11329997972798,49.25868453685009],[-123.1133215685353,49.258689732901516],[-123.11334356696612,49.258693759169255],[-123.1133661126573,49.2586967054701],[-123.11338879310455,49.25869848225652],[-123.11341174551181,49.25869899044635],[-123.11343469546634,49.258698428203566],[-123.11345736766904,49.258696606899015]],"type":"LineString"},"properties":{"effluent_type":"Combined","material":"blank","geo_point_2d":{"lon":-123.11325593331513,"lat":49.258640223684694}}},{"type":"Feature","geometry":{"coordinates":[[-123.09202483502304,49.251457288696336],[-123.09201908261585,49.251667079898326],[-123.09201884416727,49.25167186554744],[-123.0920184957716,49.251676642288906],[-123.09201800996298,49.25168141913985],[-123.09201738672468,49.251686187104966],[-123.09201665355587,49.25169095515767],[-123.09201578294056,49.251695705329354],[-123.09201478863673,49.251700446604346],[-123.09201367064432,49.251705178982576],[-123.09201241520528,49.25170989347985],[-123.09201104980218,49.25171459007419],[-123.09200954696911,49.251719277782755],[-123.09200792043062,49.25172394759937],[-123.09200618391122,49.25172859051785],[-123.09200430996175,49.25173322455054],[-123.09200231227335,49.251737822700825],[-123.09200020462067,49.25174240294819],[-123.0919979595211,49.251746965314524],[-123.09199560442379,49.25175149178749],[-123.0919931256208,49.251756000368445],[-123.09199052307874,49.25176047306699],[-123.09198781055555,49.251764918867366],[-123.0919849742932,49.2517693287853],[-123.09198202803297,49.25177370280983],[-123.09197895805023,49.25177804994711],[-123.09197576432825,49.251782361201904],[-123.09197247433295,49.251786627557166],[-123.09196906061506,49.251790867025115],[-123.09196553686576,49.25179505260921],[-123.09196190313516,49.25179921129509],[-123.0919581456318,49.25180331610801],[-123.0919542918717,49.2518073850165],[-123.09195032809684,49.25181140903632],[-123.09194628178986,49.251815388145545],[-123.09194209796868,49.251819313392716],[-123.09193783161538,49.251823193729315],[-123.09193344150592,49.2518270291881],[-123.09192895510624,49.25183081075199],[-123.09192437241632,49.25183453842097],[-123.0919196934362,49.25183821219505],[-123.09191491818251,49.251841841069385],[-123.09191004662192,49.251845407053565],[-123.09190506502972,49.25184891915373],[-123.09190001461326,49.25185236834187],[-123.09189485416519,49.251855763645956],[-123.09188961115153,49.251859096048896],[-123.09188428558897,49.25186237454592],[-123.09187886371944,49.25186559015273],[-123.0918733592843,49.25186874285838],[-123.09186777228359,49.25187183266283],[-123.09186210270057,49.25187485057089],[-123.09185635056869,49.25187781457296],[-123.09185052959585,49.25188070666765],[-123.09184462604078,49.251883526865946],[-123.09183865366148,49.251886284152064],[-123.09183259871664,49.25188897853695],[-123.09182648865561,49.25189159200829],[-123.09182029602906,49.25189414257835],[-123.09181403456164,49.25189662124101],[-123.09180771799477,49.25189902798531],[-123.09180133258708,49.25190136282221],[-123.09179489207996,49.25190362574073],[-123.09178838271541,49.251905807756565],[-123.09178183199279,49.25190791784311],[-123.09177521242947,49.25190995602216],[-123.09176853776678,49.25191192228282],[-123.09176182172945,49.251913807618955],[-123.09175505057615,49.251915612041415],[-123.0917482243236,49.2519173445455],[-123.09174137042115,49.25191898711888],[-123.09173446143616,49.25192056676901],[-123.09172751105999,49.25192205649935],[-123.09172297811226,49.251922977611]],"type":"LineString"},"properties":{"effluent_type":"Combined","material":"blank","geo_point_2d":{"lon":-123.09194144604665,"lat":49.25173793712468}}},{"type":"Feature","geometry":{"coordinates":[[-123.18777848634194,49.26608382680226],[-123.18771382806696,49.26622505766648]],"type":"LineString"},"properties":{"effluent_type":"Sanitary","material":"blank","geo_point_2d":{"lon":-123.18774615720446,"lat":49.26615444223437}}},{"type":"Feature","geometry":{"coordinates":[[-123.18768601261566,49.266929445485964],[-123.1876490618391,49.26786023035619]],"type":"LineString"},"properties":{"effluent_type":"Sanitary","material":"blank","geo_point_2d":{"lon":-123.18766753722738,"lat":49.267394837921074}}},{"type":"Feature","geometry":{"coordinates":[[-123.21588681763689,49.276304754365306],[-123.21581172738956,49.276298957809765]],"type":"LineString"},"properties":{"effluent_type":"Combined","material":"Cured in Place Pipe","geo_point_2d":{"lon":-123.21584927251322,"lat":49.276301856087535}}},{"type":"Feature","geometry":{"coordinates":[[-123.10220023290675,49.278672368365456],[-123.10217042879803,49.27867396887926]],"type":"LineString"},"properties":{"effluent_type":"Sanitary","material":"blank","geo_point_2d":{"lon":-123.1021853308524,"lat":49.27867316862236}}},{"type":"Feature","geometry":{"coordinates":[[-123.03768461843863,49.259394255347395],[-123.03726916805884,49.259577217758284]],"type":"LineString"},"properties":{"effluent_type":"Storm","material":"Concrete","geo_point_2d":{"lon":-123.03747689324875,"lat":49.25948573655284}}},{"type":"Feature","geometry":{"coordinates":[[-123.04811861834634,49.23839926273033],[-123.04746137662438,49.239066432942714]],"type":"LineString"},"properties":{"effluent_type":"Sanitary","material":"blank","geo_point_2d":{"lon":-123.04778999748535,"lat":49.23873284783652}}},{"type":"Feature","geometry":{"coordinates":[[-123.18818887000478,49.243788513435206],[-123.1882075145891,49.2426101422433]],"type":"LineString"},"properties":{"effluent_type":"Combined","material":"Concrete","geo_point_2d":{"lon":-123.18819819229692,"lat":49.24319932783925}}},{"type":"Feature","geometry":{"coordinates":[[-123.1199342081766,49.26047179193165],[-123.11759806631575,49.26043439851445]],"type":"LineString"},"properties":{"effluent_type":"Combined","material":"blank","geo_point_2d":{"lon":-123.11876613724617,"lat":49.26045309522305}}},{"type":"Feature","geometry":{"coordinates":[[-123.07917986113061,49.28286216574631],[-123.07917488629766,49.283018415339974],[-123.07898778409819,49.28346246423196],[-123.07767906426007,49.28382425576703],[-123.07713294942118,49.28394102813058]],"type":"LineString"},"properties":{"effluent_type":"Combined","material":"Concrete","geo_point_2d":{"lon":-123.07832340048735,"lat":49.2835766409113}}},{"type":"Feature","geometry":{"coordinates":[[-123.10988030712943,49.253648125000446],[-123.1098795125682,49.25366161858868],[-123.10988022960842,49.25367511073927],[-123.10988259547005,49.25368851136947],[-123.10988647253636,49.253701730657816],[-123.10989186080847,49.253714768604205],[-123.10989875988815,49.25372744530434],[-123.10990703235788,49.253739760888685],[-123.10991681563706,49.25375171522619],[-123.10992783429015,49.25376303872194],[-123.10994008851729,49.253773821327606],[-123.10995371553786,49.25378397295997],[-123.1099684405147,49.25379349388015],[-123.10998412562955,49.253802204314475],[-123.11000077088212,49.25381010426259],[-123.11001837607216,49.25381710377206],[-123.1100366665615,49.253823293056236],[-123.11005564212955,49.253828573167546],[-123.11007516519668,49.25383287227497],[-123.11009523574187,49.25383618138303],[-123.11011544150757,49.253838500884356],[-123.1101359197113,49.2538397406959],[-123.11015653333328,49.253840080852534],[-123.11063807093021,49.25384950647542]],"type":"LineString"},"properties":{"effluent_type":"Combined","material":"blank","geo_point_2d":{"lon":-123.11021800572043,"lat":49.25381599066285}}},{"type":"Feature","geometry":{"coordinates":[[-123.10995592433046,49.25196336472128],[-123.10988030712943,49.253648125000446]],"type":"LineString"},"properties":{"effluent_type":"Combined","material":"blank","geo_point_2d":{"lon":-123.10991811572995,"lat":49.252805744860865}}},{"type":"Feature","geometry":{"coordinates":[[-123.03373077503021,49.28834030080172],[-123.03404259230771,49.28826357055342],[-123.03433217087562,49.28822407706178],[-123.03453871123554,49.28821466054119],[-123.03683316632632,49.288228856958604],[-123.03707700505059,49.28826260080047],[-123.0375331222458,49.28838235011031],[-123.03971039281174,49.28902654873939],[-123.04022479949656,49.28936146766562]],"type":"LineString"},"properties":{"effluent_type":"Combined","material":"blank","geo_point_2d":{"lon":-123.03704013968958,"lat":49.288486450714046}}},{"type":"Feature","geometry":{"coordinates":[[-123.03981250433941,49.288998943425746],[-123.03984234014014,49.289111777477544]],"type":"LineString"},"properties":{"effluent_type":"Combined","material":"blank","geo_point_2d":{"lon":-123.03982742223977,"lat":49.28905536045164}}},{"type":"Feature","geometry":{"coordinates":[[-123.09797328211604,49.21835396828557],[-123.09795748919721,49.218353441962826],[-123.09794183199944,49.21835210594794],[-123.09792644784395,49.21834996012456],[-123.09791119958875,49.21834709456185],[-123.09789636169764,49.218343419074465],[-123.09788207184693,49.21833911345141],[-123.09786832985941,49.21833408774032],[-123.09785513573556,49.21832834194132],[-123.09784262715121,49.218322055843586],[-123.09783094107178,49.21831504942575],[-123.09781994070966,49.2183075926622],[-123.09781003784832,49.21829959525175],[-123.0978009578469,49.21829105742711],[-123.0977929757008,49.21828215886127],[-123.0977859540893,49.21827289967069],[-123.09778003033232,49.218263279739276],[-123.09777520460669,49.21825338901982],[-123.0977716144095,49.21824331734886],[-123.09776912241983,49.21823306484275],[-123.09776786613463,49.2182227213379],[-123.0977678457305,49.21821237678702]],"type":"LineString"},"properties":{"effluent_type":"Combined","material":"blank","geo_point_2d":{"lon":-123.09784977358768,"lat":49.21830801559028}}},{"type":"Feature","geometry":{"coordinates":[[-123.13671265519898,49.204037219698776],[-123.13673888456505,49.20405530518575]],"type":"LineString"},"properties":{"effluent_type":"Storm","material":"Vitrified Clay","geo_point_2d":{"lon":-123.13672576988202,"lat":49.20404626244226}}},{"type":"Feature","geometry":{"coordinates":[[-123.07939861804998,49.26421216344338],[-123.07940869250741,49.264233079809074],[-123.0794236413593,49.26425270768388],[-123.0794430967228,49.26427056402973],[-123.07946657980936,49.26428620940496],[-123.07949351270717,49.26429925877922],[-123.0795232326034,49.26430939100905],[-123.07955500809604,49.26431635674139],[-123.0795880571939,49.26431998455022]],"type":"LineString"},"properties":{"effluent_type":"Storm","material":"blank","geo_point_2d":{"lon":-123.07948248216768,"lat":49.26428307156937}}},{"type":"Feature","geometry":{"coordinates":[[-123.15071511069291,49.2628347356931],[-123.15264702571436,49.26287949628669],[-123.15267877631317,49.26287981414309]],"type":"LineString"},"properties":{"effluent_type":"Combined","material":"BR\/CON","geo_point_2d":{"lon":-123.15169694009506,"lat":49.26285748034942}}},{"type":"Feature","geometry":{"coordinates":[[-123.1641134608538,49.21889398786658],[-123.1638193009076,49.21880197892253],[-123.1629305159387,49.21767945563731],[-123.1626856905073,49.217524767037105]],"type":"LineString"},"properties":{"effluent_type":"Combined","material":"Concrete","geo_point_2d":{"lon":-123.16338385270389,"lat":49.218241814841555}}},{"type":"Feature","geometry":{"coordinates":[[-123.11517401739573,49.26415063807528],[-123.11521588553286,49.26415130695377]],"type":"LineString"},"properties":{"effluent_type":"Combined","material":"blank","geo_point_2d":{"lon":-123.11519495146432,"lat":49.26415097251453}}},{"type":"Feature","geometry":{"coordinates":[[-123.0971635727451,49.21498542546239],[-123.09724425147897,49.214912666698304]],"type":"LineString"},"properties":{"effluent_type":"Combined","material":"RC","geo_point_2d":{"lon":-123.09720391211204,"lat":49.21494904608035}}},{"type":"Feature","geometry":{"coordinates":[[-123.10401292426465,49.222497901624784],[-123.10402509325219,49.22212561240184]],"type":"LineString"},"properties":{"effluent_type":"Combined","material":"Concrete","geo_point_2d":{"lon":-123.10401900875843,"lat":49.22231175701331}}},{"type":"Feature","geometry":{"coordinates":[[-123.0790346300462,49.26139885641639],[-123.07913526493616,49.26139965107339],[-123.07915944096369,49.261399850397204],[-123.07917216998702,49.261401145980685],[-123.07917874194683,49.261402598700904],[-123.07918633307824,49.26140537301787],[-123.07919642940318,49.261410511357006],[-123.07920383374955,49.261416802927364],[-123.07920745577725,49.26142139699584],[-123.07921024068858,49.26142678321646],[-123.07921163764357,49.26143228732626],[-123.07921180654517,49.26143476988798],[-123.0792123725453,49.26144491609496]],"type":"LineString"},"properties":{"effluent_type":"Sanitary","material":"Concrete","geo_point_2d":{"lon":-123.07913426501821,"lat":49.26140543212022}}},{"type":"Feature","geometry":{"coordinates":[[-123.18835967809301,49.23365287338005],[-123.18837967410585,49.23271981659024]],"type":"LineString"},"properties":{"effluent_type":"Combined","material":"Concrete","geo_point_2d":{"lon":-123.18836967609943,"lat":49.23318634498514}}},{"type":"Feature","geometry":{"coordinates":[[-123.18554257494021,49.23007204753214],[-123.18554351406617,49.22996338324476]],"type":"LineString"},"properties":{"effluent_type":"Combined","material":"blank","geo_point_2d":{"lon":-123.18554304450319,"lat":49.23001771538845}}},{"type":"Feature","geometry":{"coordinates":[[-123.14574675234039,49.20578910831989],[-123.14908174882373,49.207407504702076]],"type":"LineString"},"properties":{"effluent_type":"Combined","material":"Concrete","geo_point_2d":{"lon":-123.14741425058206,"lat":49.20659830651098}}},{"type":"Feature","geometry":{"coordinates":[[-123.04197259322366,49.237809646200596],[-123.04243119561978,49.23800768887855]],"type":"LineString"},"properties":{"effluent_type":"Sanitary","material":"blank","geo_point_2d":{"lon":-123.04220189442172,"lat":49.23790866753957}}},{"type":"Feature","geometry":{"coordinates":[[-123.11720080167544,49.30072890852522],[-123.11729086526873,49.30059980873075]],"type":"LineString"},"properties":{"effluent_type":"Combined","material":"BR","geo_point_2d":{"lon":-123.11724583347208,"lat":49.300664358627984}}},{"type":"Feature","geometry":{"coordinates":[[-123.0365160728358,49.256811511359146],[-123.03665403124585,49.25678637102534],[-123.03903923374071,49.256788198310595]],"type":"LineString"},"properties":{"effluent_type":"Sanitary","material":"blank","geo_point_2d":{"lon":-123.03777658040116,"lat":49.256787931922695}}},{"type":"Feature","geometry":{"coordinates":[[-123.04480095371265,49.238929427310836],[-123.0457705112678,49.2393018640659]],"type":"LineString"},"properties":{"effluent_type":"Sanitary","material":"blank","geo_point_2d":{"lon":-123.04528573249023,"lat":49.23911564568837}}},{"type":"Feature","geometry":{"coordinates":[[-123.04883869498826,49.23641237864896],[-123.04883924911292,49.236974392408854]],"type":"LineString"},"properties":{"effluent_type":"Sanitary","material":"blank","geo_point_2d":{"lon":-123.04883897205059,"lat":49.23669338552891}}},{"type":"Feature","geometry":{"coordinates":[[-123.04521952575216,49.242190182722574],[-123.04519495684724,49.24221573881149],[-123.04518315381353,49.24222914633228],[-123.04517286252093,49.242243092975016],[-123.04516422027525,49.242257488734],[-123.04515736446461,49.2422723335559],[-123.04515202015247,49.24228744764374],[-123.04514859941915,49.24230274088431],[-123.04514696487935,49.242318213331515],[-123.04514697898358,49.242333685134355],[-123.0451487791124,49.242349147243964],[-123.045152502507,49.24236443769233],[-123.04515787438645,49.24237954759143],[-123.04516489458817,49.24239429703635],[-123.04517370050078,49.24240868597308],[-123.04518415457416,49.24242253455028],[-123.04519611950408,49.24243593277356],[-123.04520959512716,49.24244870073782],[-123.04522444389238,49.242460658591575],[-123.04524066596431,49.24247198623904],[-123.0452581237092,49.2424824138764],[-123.04527681712683,49.24249194150315],[-123.04529647135958,49.242500479274035],[-123.04556295073291,49.24260759771063]],"type":"LineString"},"properties":{"effluent_type":"Storm","material":"blank","geo_point_2d":{"lon":-123.04529082614687,"lat":49.24243998559946}}},{"type":"Feature","geometry":{"coordinates":[[-123.12077082637352,49.299202596796796],[-123.12248372044192,49.29910926835085]],"type":"LineString"},"properties":{"effluent_type":"Combined","material":"BR","geo_point_2d":{"lon":-123.12162727340771,"lat":49.299155932573825}}},{"type":"Feature","geometry":{"coordinates":[[-123.11897535747808,49.299330274407794],[-123.11898415214229,49.299326847195836],[-123.118993084567,49.29932350979287],[-123.11900201740201,49.29932034329665],[-123.11901122556449,49.29931727546285],[-123.11902043437563,49.29931447748216],[-123.11902978073088,49.29931167935905],[-123.11903926528018,49.29930915094739],[-123.1190487500452,49.2993067124862],[-123.11905837278772,49.299304453785105],[-123.1190679957461,49.299302285034514],[-123.1190777568989,49.29930038599523],[-123.11908765581276,49.29929857676467],[-123.11909755515947,49.29929694743582],[-123.11910759226735,49.29929540791563],[-123.11911762980822,49.29929404829718],[-123.11912766778214,49.299292868580395],[-123.11913770618924,49.2992918687653],[-123.1191478825747,49.299291048710096],[-123.11915805939356,49.299290408556566],[-123.12077082637352,49.299202596796796]],"type":"LineString"},"properties":{"effluent_type":"Combined","material":"BR","geo_point_2d":{"lon":-123.11987081055653,"lat":49.29925263987596}}},{"type":"Feature","geometry":{"coordinates":[[-123.11719044177427,49.264184357407714],[-123.11719359017408,49.26418471402256],[-123.11719789358034,49.26418525836506],[-123.11720218334847,49.26418584769727],[-123.11720645947847,49.26418648201918],[-123.11721072199165,49.264187170325975],[-123.1172149571433,49.26418791263161],[-123.11721917863554,49.26418869093176],[-123.11722337276626,49.26418952323076],[-123.11722755328023,49.26419040951464],[-123.11723170639007,49.264191331807005],[-123.1172358183937,49.264192308112165],[-123.11723991675926,49.26419332940706],[-123.11724398774206,49.264194395705616],[-123.1172480313634,49.264195516003],[-123.11725204758066,49.2641966723089],[-123.11725602269175,49.264197882627606],[-123.11725997042008,49.26419913794998],[-123.11726387699963,49.26420042929483],[-123.11726775621774,49.26420177463855],[-123.11727159428709,49.2642031560047],[-123.11727540497373,49.26420458237456],[-123.11727916080946,49.26420606277118],[-123.11728288921988,49.26420757018116],[-123.11728657652414,49.26420913160399],[-123.1172902089349,49.26421072906323],[-123.11729381396299,49.26421237152618],[-123.11729736409755,49.26421405002556],[-123.11730087310471,49.264215773542624],[-123.11730434096312,49.26421753308219],[-123.11730775394935,49.26421933765337],[-123.11731112578684,49.26422117824706],[-123.11731442898608,49.26422305489116],[-123.11731770478136,49.264224967543825],[-123.11732091193839,49.26422691624689],[-123.11732407796802,49.26422890996768],[-123.11732718908281,49.26423093072976],[-123.11733024530412,49.26423298752832],[-123.11733323290852,49.26423508937248],[-123.11733617934286,49.26423721824401],[-123.11733907086236,49.264239374156844],[-123.11734189374361,49.264241566120155],[-123.11734466173138,49.264243794119935],[-123.1173473748043,49.26424604916108],[-123.11735001923897,49.26424834025265],[-123.1173526087588,49.26425065838556],[-123.11735512961903,49.26425300357381],[-123.11735758181963,49.264255375817314],[-123.11735997912675,49.26425778409736],[-123.11736232149767,49.26426021042356],[-123.1173645814855,49.26426267281423],[-123.11736678653718,49.26426515325107],[-123.11736892292919,49.2642676607432],[-123.11737099064023,49.26427018629548],[-123.11737298969162,49.26427273890312],[-123.11737492008332,49.26427531856607],[-123.11737678179401,49.26427791628916],[-123.11737857482372,49.2642805320724],[-123.11738029919373,49.26428317491101],[-123.11738195488272,49.26428583580975],[-123.11738354189065,49.26428851476866],[-123.1173850464514,49.264291202806525],[-123.11738648233114,49.26429390890453],[-123.11738784952976,49.26429663306272],[-123.11738914804732,49.26429937528111],[-123.117390364139,49.26430213557363],[-123.11739151152824,49.26430490493111],[-123.11739257647024,49.26430768336759],[-123.1173935727311,49.26431047986422],[-123.11739450028949,49.264313285425864],[-123.11739534540064,49.264316100066495],[-123.1173961218306,49.264318932767274],[-123.1173968157919,49.26432176555187],[-123.11739744102937,49.26432459840628],[-123.11739798384083,49.26432744933485],[-123.11739844418364,49.26433030034719],[-123.11739883582388,49.26433316042458],[-123.1173991587402,49.26433602057176],[-123.11739939920915,49.26433888979792],[-123.11739955720935,49.26434175910788],[-123.1173996464856,49.264344628487684],[-123.1173996532931,49.26434749795126],[-123.11739959137661,49.26435036748467],[-123.117399591526,49.26435043045094],[-123.1173813070072,49.264818145714514],[-123.11738130722054,49.26481823566636],[-123.11738121951957,49.264821824842066],[-123.11738122803307,49.26482541392005],[-123.11738131899483,49.26482899391906],[-123.11738151993738,49.264832582801546],[-123.11738181707312,49.2648361625911],[-123.11738221042341,49.26483974228289],[-123.11738268622206,49.26484331289573],[-123.11738327198023,49.26484688339682],[-123.11738394018676,49.264850444818954],[-123.11738471833152,49.26485399713421],[-123.11738557892468,49.26485754037046],[-123.1173865357112,49.26486107451377],[-123.11738758866976,49.26486459056897],[-123.11738873782168,49.26486809753122],[-123.1173899694221,49.26487159541446],[-123.11739131093954,49.2648750751956],[-123.11739273488412,49.26487853690261],[-123.11739425502219,49.26488198951662],[-123.11739585756612,49.264885415061265],[-123.1173975562822,49.26488882251779],[-123.11739935117048,49.26489221188614],[-123.11740122848599,49.264895583180284],[-123.11740320197373,49.26489893638629],[-123.11740525784606,49.2649022535277],[-123.11740740991195,49.26490556157616],[-123.1174096443625,49.26490883356002],[-123.11741197496394,49.26491207846051],[-123.1174143742478,49.26491530530077],[-123.11741686966127,49.26491849606245],[-123.11741944750209,49.26492166874989],[-123.11742212145121,49.26492479636361],[-123.11742486408275,49.26492790591702],[-123.117427689099,49.264930979405825],[-123.11743059649999,49.26493401683001],[-123.117433600052,49.26493702717081],[-123.11743665847744,49.26493999247971],[-123.11743981305398,49.26494293070518],[-123.11744303627027,49.264945832879995],[-123.11744634184996,49.264948689994974],[-123.11744972983578,49.26495152004045],[-123.11745318644007,49.26495430504008],[-123.11745671164144,49.26495703599861],[-123.11746030550398,49.264959739901634],[-123.1174639817513,49.26496240773998],[-123.1174677266171,49.264965030532416],[-123.1174715401013,49.26496760827893],[-123.11747542220402,49.26497014097958],[-123.1174793729252,49.264972628634254],[-123.11748337851989,49.26497507125699],[-123.117487466478,49.26497746881981],[-123.11749160930957,49.26497982135069],[-123.11749580699333,49.26498211985439],[-123.11750007329552,49.26498437331214],[-123.11750439447117,49.26498658173789],[-123.11750878424394,49.26498873612248],[-123.11751321512382,49.26499083649392],[-123.11751771462214,49.26499289181932],[-123.1175222552276,49.26499489313154],[-123.11752686445146,49.26499684939774],[-123.11753151476108,49.26499874265556],[-123.11753621994414,49.265000590881314],[-123.11754096621291,49.26500237609869],[-123.11754576735508,49.26500411628396],[-123.11755060958298,49.265005793460865],[-123.11755549291789,49.265007416624485],[-123.11756041735985,49.26500898577487],[-123.11756539665383,49.26501050089797],[-123.11757040328847,49.26501195302665],[-123.1175754510301,49.26501335114203],[-123.11758053985734,49.26501468624896],[-123.11758565604657,49.26501596735656],[-123.11759081334276,49.26501719445091],[-123.11759599797955,49.265018358550755],[-123.11760120995686,49.26501945965612],[-123.11760646304113,49.26502050674817],[-123.1176117297209,49.265021490859716],[-123.11761702374123,49.26502241197677],[-123.1176223451234,49.26502327909449],[-123.11762769384607,49.265024083217696],[-123.11763305616422,49.26502482436039],[-123.1176384320778,49.26502550252256],[-123.11764383533182,49.265026117690226],[-123.11764925220264,49.265026678872545],[-123.11765468266884,49.26502717707434],[-123.11766011296405,49.2650276033144],[-123.11766557062097,49.26502797555512],[-123.11767102812829,49.26502828482931],[-123.1176764992309,49.26502853112295],[-123.11768197018382,49.26502871445007],[-123.117687454732,49.26502883479665],[-123.11883395927045,49.26504814339068]],"type":"LineString"},"properties":{"effluent_type":"Combined","material":"Concrete","geo_point_2d":{"lon":-123.11783206138563,"lat":49.264832699883385}}},{"type":"Feature","geometry":{"coordinates":[[-123.03348265477008,49.28835754473187],[-123.03336706153306,49.288217649375916]],"type":"LineString"},"properties":{"effluent_type":"Combined","material":"Concrete","geo_point_2d":{"lon":-123.03342485815158,"lat":49.2882875970539}}},{"type":"Feature","geometry":{"coordinates":[[-123.13628413442109,49.20440763084967],[-123.13645296226622,49.20434715401932],[-123.13720016437168,49.20345544624302]],"type":"LineString"},"properties":{"effluent_type":"Combined","material":"Concrete","geo_point_2d":{"lon":-123.13676539079725,"lat":49.20396488706245}}},{"type":"Feature","geometry":{"coordinates":[[-123.11345736766904,49.258696606899015],[-123.11467962968858,49.258716691850765]],"type":"LineString"},"properties":{"effluent_type":"Combined","material":"blank","geo_point_2d":{"lon":-123.11406849867882,"lat":49.258706649374886}}},{"type":"Feature","geometry":{"coordinates":[[-123.03369022966088,49.23557561856471],[-123.03430109749085,49.235819920637]],"type":"LineString"},"properties":{"effluent_type":"Sanitary","material":"blank","geo_point_2d":{"lon":-123.03399566357587,"lat":49.23569776960086}}},{"type":"Feature","geometry":{"coordinates":[[-123.03430109749085,49.235819920637],[-123.03368187990738,49.23646784156986]],"type":"LineString"},"properties":{"effluent_type":"Sanitary","material":"blank","geo_point_2d":{"lon":-123.03399148869912,"lat":49.23614388110343}}},{"type":"Feature","geometry":{"coordinates":[[-123.18755321658053,49.270272845249714],[-123.18755208681681,49.270301181964626],[-123.18755155912496,49.27030702970142],[-123.1875515812893,49.270312876545646],[-123.18755187838181,49.270318722943614],[-123.18755258786673,49.270324568672166],[-123.18755370974418,49.270330413731315],[-123.18755524367333,49.27033616816957],[-123.18755705219013,49.27034183221009],[-123.18755927309986,49.27034749558117],[-123.18756190640269,49.270353158282745],[-123.18756495141668,49.270358640411935],[-123.18756840848296,49.27036403192012],[-123.18757200301424,49.27036942320505],[-123.18757614672123,49.27037463369432],[-123.18758056467551,49.27037966383422],[-123.18758525721822,49.27038460357612],[-123.18759036181362,49.270389452696875],[-123.1875957406565,49.27039412146814],[-123.18760153121117,49.270398609666664],[-123.18760745889014,49.270403007690255],[-123.18761379793985,49.27040713518958]],"type":"LineString"},"properties":{"effluent_type":"Sanitary","material":"blank","geo_point_2d":{"lon":-123.18756903192292,"lat":49.27034663164088}}},{"type":"Feature","geometry":{"coordinates":[[-123.04883924911292,49.236974392408854],[-123.04881742520686,49.23768988344501]],"type":"LineString"},"properties":{"effluent_type":"Sanitary","material":"blank","geo_point_2d":{"lon":-123.04882833715989,"lat":49.23733213792693}}},{"type":"Feature","geometry":{"coordinates":[[-123.09805842149142,49.21835424685828],[-123.09797328211604,49.21835396828557]],"type":"LineString"},"properties":{"effluent_type":"Combined","material":"blank","geo_point_2d":{"lon":-123.09801585180374,"lat":49.218354107571926}}},{"type":"Feature","geometry":{"coordinates":[[-123.10382226080256,49.22198408338306],[-123.10307371923004,49.22196769869542]],"type":"LineString"},"properties":{"effluent_type":"Combined","material":"Concrete","geo_point_2d":{"lon":-123.10344799001629,"lat":49.22197589103924}}},{"type":"Feature","geometry":{"coordinates":[[-123.03350492691298,49.28839033464855],[-123.03348265477008,49.28835754473187]],"type":"LineString"},"properties":{"effluent_type":"Combined","material":"Concrete","geo_point_2d":{"lon":-123.03349379084153,"lat":49.28837393969021}}},{"type":"Feature","geometry":{"coordinates":[[-123.16833210064091,49.219012600827135],[-123.16832494786598,49.218382303009946]],"type":"LineString"},"properties":{"effluent_type":"Combined","material":"RC","geo_point_2d":{"lon":-123.16832852425345,"lat":49.218697451918544}}},{"type":"Feature","geometry":{"coordinates":[[-123.17283839965638,49.22537335009943],[-123.17605288752377,49.22541181702369]],"type":"LineString"},"properties":{"effluent_type":"Combined","material":"Concrete","geo_point_2d":{"lon":-123.17444564359008,"lat":49.22539258356156}}},{"type":"Feature","geometry":{"coordinates":[[-123.14399877739504,49.29145690948113],[-123.1444162963691,49.291178168008656]],"type":"LineString"},"properties":{"effluent_type":"Combined","material":"RC","geo_point_2d":{"lon":-123.14420753688208,"lat":49.29131753874489}}},{"type":"Feature","geometry":{"coordinates":[[-123.0715181644564,49.26002532768632],[-123.07352728810869,49.26004251575052],[-123.07354829077508,49.26004413051585],[-123.0735616107336,49.26004573217864],[-123.0735770217556,49.260048699780306],[-123.07359104638584,49.26005281964987],[-123.07360471470095,49.26005762338073],[-123.07361874240001,49.26006380314815],[-123.07362890814406,49.260069985375004],[-123.07363767272328,49.26007662724973],[-123.07364925849659,49.260085785984366],[-123.07365698061359,49.260093804789285],[-123.07366224364013,49.260102508797516],[-123.07366630791962,49.26010916266185],[-123.07367062424517,49.26011894669848],[-123.07367304461947,49.26012918170442],[-123.07367392168963,49.260136719131324],[-123.07367409464736,49.26014211614719]],"type":"LineString"},"properties":{"effluent_type":"Combined","material":"blank","geo_point_2d":{"lon":-123.07261962497104,"lat":49.260037552805976}}},{"type":"Feature","geometry":{"coordinates":[[-123.07955781309354,49.2638121451417],[-123.07953299818503,49.26381710958834]],"type":"LineString"},"properties":{"effluent_type":"Sanitary","material":"Concrete","geo_point_2d":{"lon":-123.07954540563931,"lat":49.26381462736502}}},{"type":"Feature","geometry":{"coordinates":[[-123.18837967410585,49.23271981659024],[-123.18840613083724,49.23142703762073],[-123.18840612570611,49.231425688339925],[-123.18843726972683,49.230618105903595]],"type":"LineString"},"properties":{"effluent_type":"Combined","material":"Concrete","geo_point_2d":{"lon":-123.18840397917096,"lat":49.23166882857552}}},{"type":"Feature","geometry":{"coordinates":[[-123.20259013890443,49.27195552128873],[-123.20258458276925,49.27210601171125]],"type":"LineString"},"properties":{"effluent_type":"Sanitary","material":"Ductile Iron","geo_point_2d":{"lon":-123.20258736083686,"lat":49.272030766499995}}},{"type":"Feature","geometry":{"coordinates":[[-123.10238279453665,49.279936731342694],[-123.10237906831131,49.28002298043199]],"type":"LineString"},"properties":{"effluent_type":"Sanitary","material":"Polyvinyl Chloride","geo_point_2d":{"lon":-123.10238093142397,"lat":49.27997985588734}}},{"type":"Feature","geometry":{"coordinates":[[-123.06920278112489,49.25726694356289],[-123.06920208930237,49.25730291584031]],"type":"LineString"},"properties":{"effluent_type":"Sanitary","material":"Polyvinyl Chloride","geo_point_2d":{"lon":-123.06920243521363,"lat":49.2572849297016}}},{"type":"Feature","geometry":{"coordinates":[[-123.03268655631422,49.23517261395298],[-123.03369006477601,49.23557555564608]],"type":"LineString"},"properties":{"effluent_type":"Sanitary","material":"blank","geo_point_2d":{"lon":-123.03318831054511,"lat":49.23537408479953}}},{"type":"Feature","geometry":{"coordinates":[[-123.07895429020328,49.26768378806949],[-123.07893799641485,49.26868007133038]],"type":"LineString"},"properties":{"effluent_type":"Sanitary","material":"Steel","geo_point_2d":{"lon":-123.07894614330907,"lat":49.268181929699935}}},{"type":"Feature","geometry":{"coordinates":[[-123.20369097517239,49.27526951215408],[-123.2034174658808,49.27529069192222]],"type":"LineString"},"properties":{"effluent_type":"Combined","material":"RC","geo_point_2d":{"lon":-123.20355422052661,"lat":49.27528010203815}}},{"type":"Feature","geometry":{"coordinates":[[-123.10215247800426,49.277418284158244],[-123.10211901600606,49.27741913229758]],"type":"LineString"},"properties":{"effluent_type":"Sanitary","material":"blank","geo_point_2d":{"lon":-123.10213574700515,"lat":49.27741870822791}}},{"type":"Feature","geometry":{"coordinates":[[-123.20107070683915,49.27168606160783],[-123.2022553439746,49.27198200498925]],"type":"LineString"},"properties":{"effluent_type":"Combined","material":"Concrete","geo_point_2d":{"lon":-123.20166302540687,"lat":49.27183403329854}}},{"type":"Feature","geometry":{"coordinates":[[-123.20102488117188,49.27042571590082],[-123.19896697092264,49.27000515418997]],"type":"LineString"},"properties":{"effluent_type":"Combined","material":"RC","geo_point_2d":{"lon":-123.19999592604727,"lat":49.270215435045394}}},{"type":"Feature","geometry":{"coordinates":[[-123.09715852797665,49.21584437109992],[-123.09716022062369,49.215664104255175]],"type":"LineString"},"properties":{"effluent_type":"Combined","material":"blank","geo_point_2d":{"lon":-123.09715937430016,"lat":49.21575423767754}}},{"type":"Feature","geometry":{"coordinates":[[-123.05243213710273,49.24671865458879],[-123.05429647093844,49.247499038171185]],"type":"LineString"},"properties":{"effluent_type":"Sanitary","material":"Polyvinyl Chloride","geo_point_2d":{"lon":-123.05336430402059,"lat":49.24710884637999}}},{"type":"Feature","geometry":{"coordinates":[[-123.14307385338802,49.204519687228355],[-123.14574675234039,49.20578910831989]],"type":"LineString"},"properties":{"effluent_type":"Combined","material":"Concrete","geo_point_2d":{"lon":-123.1444103028642,"lat":49.20515439777412}}},{"type":"Feature","geometry":{"coordinates":[[-123.09557860623784,49.2149308871059],[-123.09439757981522,49.21490974789766]],"type":"LineString"},"properties":{"effluent_type":"Combined","material":"blank","geo_point_2d":{"lon":-123.09498809302653,"lat":49.21492031750178}}},{"type":"Feature","geometry":{"coordinates":[[-123.05628059853841,49.291675668069765],[-123.0567098319548,49.29145362856625],[-123.05746474431517,49.29113769638449],[-123.05913938352762,49.29036540840591],[-123.05954645312771,49.2901557020213],[-123.06041788221714,49.28957559236803]],"type":"LineString"},"properties":{"effluent_type":"Combined","material":"Concrete","geo_point_2d":{"lon":-123.0583812271808,"lat":49.29068402516255}}},{"type":"Feature","geometry":{"coordinates":[[-123.05671187914557,49.2564960327106],[-123.05500791042707,49.25602208905972]],"type":"LineString"},"properties":{"effluent_type":"Sanitary","material":"blank","geo_point_2d":{"lon":-123.05585989478632,"lat":49.25625906088516}}},{"type":"Feature","geometry":{"coordinates":[[-123.10946475846778,49.26988727342855],[-123.10943107970138,49.269887197387916],[-123.10943088312305,49.269922620657006]],"type":"LineString"},"properties":{"effluent_type":"Sanitary","material":"S","geo_point_2d":{"lon":-123.10943923639559,"lat":49.26989629536006}}},{"type":"Feature","geometry":{"coordinates":[[-123.12409548985548,49.20734267288602],[-123.12638440520541,49.20638899253263],[-123.12756639965752,49.20589401328031]],"type":"LineString"},"properties":{"effluent_type":"Combined","material":"Concrete","geo_point_2d":{"lon":-123.12583123788433,"lat":49.20661904483532}}},{"type":"Feature","geometry":{"coordinates":[[-123.12756639965752,49.20589401328031],[-123.12793953650562,49.20573697445872]],"type":"LineString"},"properties":{"effluent_type":"Combined","material":"Concrete","geo_point_2d":{"lon":-123.12775296808158,"lat":49.205815493869515}}},{"type":"Feature","geometry":{"coordinates":[[-123.11929030531607,49.20935714897962],[-123.12315984545883,49.20773595911054]],"type":"LineString"},"properties":{"effluent_type":"Combined","material":"Concrete","geo_point_2d":{"lon":-123.12122507538746,"lat":49.208546554045085}}},{"type":"Feature","geometry":{"coordinates":[[-123.0306913758768,49.23436928282683],[-123.03169164890824,49.23476864469336]],"type":"LineString"},"properties":{"effluent_type":"Sanitary","material":"blank","geo_point_2d":{"lon":-123.03119151239252,"lat":49.2345689637601}}},{"type":"Feature","geometry":{"coordinates":[[-123.03716235623259,49.28108454384826],[-123.03468766773973,49.28108037487695],[-123.03466429370165,49.28108047184304],[-123.03464092035652,49.28108155827363],[-123.03461768519767,49.28108363412754],[-123.03459487696898,49.28108670831354],[-123.03457219316806,49.28109076293203],[-123.03455005997084,49.28109571689914],[-123.0345284773763,49.28110157021509],[-123.03450758294096,49.28110841279098],[-123.0344873765384,49.28111606472356],[-123.03446785823068,49.28112461596502],[-123.03444930288148,49.28113388653024],[-123.03443171055314,49.28114396637136],[-123.03441521867775,49.28115476549617],[-123.03439968976032,49.281166283946064],[-123.03438539872829,49.28117843168783],[-123.03437234551954,49.281191118770174],[-123.03436066762961,49.281204345152666],[-123.03435022750168,49.28121802092482],[-123.03434116263162,49.2812321460461],[-123.03433347295791,49.28124663056507]],"type":"LineString"},"properties":{"effluent_type":"Combined","material":"blank","geo_point_2d":{"lon":-123.03572112369659,"lat":49.281089524711035}}},{"type":"Feature","geometry":{"coordinates":[[-123.07884207624892,49.27037923034098],[-123.07883197859857,49.270477914511964]],"type":"LineString"},"properties":{"effluent_type":"Sanitary","material":"blank","geo_point_2d":{"lon":-123.07883702742375,"lat":49.270428572426475}}},{"type":"Feature","geometry":{"coordinates":[[-123.10522179215886,49.25669408701598],[-123.10688132749796,49.256735911668876],[-123.10689768595697,49.25673805538672],[-123.10691390854481,49.25674091884533],[-123.10692972021414,49.256744412347174],[-123.1069452585866,49.25674862571713],[-123.10696024861471,49.25675346925781],[-123.10697469029886,49.25675894296944],[-123.1069887208719,49.25676495677295],[-123.10700192844217,49.25677169095429],[-123.10701458728049,49.25677887540324],[-123.10702642270797,49.25678659133131],[-123.10703757199603,49.256794766649875],[-123.10704776044619,49.25680347357538],[-123.10705712513513,49.25681255006719],[-123.10706552861605,49.25682198725764],[-123.10707310831573,49.25683178501956],[-123.10707958937951,49.25684194360783],[-123.10708497141768,49.256852283118704],[-123.10708952928404,49.256862803297544],[-123.10709285089096,49.25687359447861],[-123.10709521050843,49.25688438655128],[-123.10709633367043,49.256895359674324]],"type":"LineString"},"properties":{"effluent_type":"Combined","material":"Concrete","geo_point_2d":{"lon":-123.10619350382365,"lat":49.25672651501862}}},{"type":"Feature","geometry":{"coordinates":[[-123.11460581246648,49.26224723259029],[-123.11468958673915,49.26224857070583]],"type":"LineString"},"properties":{"effluent_type":"Combined","material":"blank","geo_point_2d":{"lon":-123.11464769960281,"lat":49.26224790164805}}},{"type":"Feature","geometry":{"coordinates":[[-123.0909006288267,49.28556437927247],[-123.09173481264058,49.285903287749406],[-123.09454067743192,49.286714288518006],[-123.09485872593845,49.286635769896826],[-123.0951007490848,49.28628097237959]],"type":"LineString"},"properties":{"effluent_type":"Sanitary","material":"Concrete","geo_point_2d":{"lon":-123.09306436420152,"lat":49.28623595024803}}},{"type":"Feature","geometry":{"coordinates":[[-123.11280844638387,49.216868913502],[-123.1128047935867,49.21686883611173],[-123.11280115441886,49.216868713731635],[-123.11279751518963,49.216868564365654],[-123.11279387583761,49.216868361028],[-123.11279023638326,49.216868112713954],[-123.11278661057871,49.21686782840533],[-123.1127829984035,49.21686749910686],[-123.112779386126,49.21686712483202],[-123.11277580122997,49.2168667145492],[-123.11277221625211,49.21686626828525],[-123.11276863115157,49.216865768049594],[-123.11276507345295,49.216865240801255],[-123.11276152936323,49.21686465956786],[-123.11275799894383,49.21686405133518],[-123.1127544958855,49.21686339809924],[-123.11275100645656,49.21686269987353],[-123.11274753067751,49.21686196565328],[-123.11274406852789,49.216861186443204],[-123.11274063378025,49.216860380220446],[-123.11273722637318,49.216859519999254],[-123.11273384636816,49.21685863276533],[-123.1127304799926,49.216857700541624],[-123.11272714099856,49.21685673231001],[-123.1127238293861,49.21685572807044],[-123.11272054513472,49.21685467882767],[-123.11271728828538,49.21685360257226],[-123.11271405879712,49.21685248131363],[-123.11271085669047,49.216851324047084],[-123.1127076957175,49.216850139754484],[-123.11270456210562,49.21684891045871],[-123.11270146960696,49.2168476451416],[-123.11269840448992,49.21684634381657],[-123.11269536677491,49.21684501547891],[-123.11269237015269,49.21684364212466],[-123.11268941466413,49.216842241744395],[-123.11268650028879,49.21684080534281],[-123.11268361329509,49.21683933293331],[-123.11268076743505,49.21683783349778],[-123.11267797641987,49.21683629802758],[-123.11267521280678,49.216834735544744],[-123.1126724903069,49.216833137040595],[-123.11266982267237,49.21683151149704],[-123.11266718241943,49.216829849945604],[-123.11266459705224,49.21682817035003],[-123.11266205277786,49.216826445737894],[-123.11265956338924,49.21682470308163],[-123.11265711511383,49.21682292440408],[-123.1126547217242,49.216821127682394],[-123.11265236944782,49.21681929493946],[-123.11265005832551,49.21681744416576],[-123.11264780204812,49.21681555735742],[-123.11264560065642,49.21681365250496],[-123.11264345413005,49.21681172061312],[-123.11264134873734,49.21680976169529],[-123.11263931196198,49.21680778471995],[-123.11263731632027,49.21680578071861],[-123.11263537556431,49.21680375867316],[-123.1126334896736,49.216801709588346],[-123.11263165866862,49.21679964245943],[-123.1126298962605,49.21679754827775],[-123.11262817500646,49.216795436065375],[-123.11262650863817,49.21679330580888],[-123.11262489717598,49.21679116650355],[-123.11262335431063,49.21678900014549],[-123.11262185259936,49.2167868157567],[-123.11262041950538,49.216784613310445],[-123.1126190550491,49.216782401801986],[-123.11261773172644,49.216780163267565],[-123.11261647706192,49.21677792466618],[-123.1126152909942,49.216775659012065],[-123.11261414610095,49.2167733843225],[-123.11261308357699,49.21677110055737],[-123.1126120622275,49.2167688077568],[-123.11261110949519,49.21676649689878],[-123.11261022540056,49.21676417697853],[-123.11260939621197,49.21676184800948],[-123.11260862192941,49.21675950999162],[-123.11260793001607,49.21675716289817],[-123.11260727927713,49.216754806769295],[-123.11260671092784,49.21675245056011],[-123.1126061974641,49.216750076306866],[-123.11260573892679,49.21674770200007],[-123.1126053490475,49.21674532762632],[-123.11260502780577,49.21674294419037],[-123.11260476149046,49.216740560700906],[-123.11260456381267,49.216738168149234],[-123.11260443481329,49.216735784525895],[-123.11260436071986,49.21673339185375],[-123.11260435528439,49.21673099911467],[-123.11260440477524,49.21672860632206],[-123.11260453665564,49.216726213449114],[-123.11260464297324,49.216724657162096]],"type":"LineString"},"properties":{"effluent_type":"Combined","material":"blank","geo_point_2d":{"lon":-123.11268490942146,"lat":49.21682184521134}}},{"type":"Feature","geometry":{"coordinates":[[-123.0411828892017,49.25808882764113],[-123.0411243435212,49.25808866859044],[-123.04111815980666,49.25808948036045],[-123.04111197616663,49.25809038208221],[-123.04110579275047,49.258091553659966],[-123.04109988434512,49.258092905043796],[-123.0410939760141,49.25809434637942],[-123.04108806790673,49.25809605757105],[-123.04108243473532,49.258097858616765],[-123.04107693914366,49.25809983951751],[-123.0410714436262,49.258101910370115],[-123.04106622319392,49.25810425098105],[-123.04106100283576,49.25810668154388],[-123.04105605748805,49.25810929191295],[-123.04105124964534,49.25811199218512],[-123.04104671673848,49.2581147823115],[-123.04104232148576,49.258117842245206],[-123.04103806366345,49.258120902129946],[-123.04103408085157,49.2581241418211],[-123.04103037297561,49.25812747136658],[-123.04102680260465,49.25813089081526],[-123.04102350716965,49.258134400118344]],"type":"LineString"},"properties":{"effluent_type":"Storm","material":"Concrete","geo_point_2d":{"lon":-123.04109924617636,"lat":49.25809986415676}}},{"type":"Feature","geometry":{"coordinates":[[-123.1284752113656,49.20556723229702],[-123.12870496904031,49.20550789539452],[-123.12911341557232,49.205316469369365],[-123.12981268387874,49.20498958803484],[-123.13021642589698,49.20499649172858]],"type":"LineString"},"properties":{"effluent_type":"Combined","material":"Concrete","geo_point_2d":{"lon":-123.12933736532781,"lat":49.20523003412987}}},{"type":"Feature","geometry":{"coordinates":[[-123.07382640894905,49.260496987897454],[-123.07506212550425,49.26050715685837]],"type":"LineString"},"properties":{"effluent_type":"Combined","material":"blank","geo_point_2d":{"lon":-123.07444426722667,"lat":49.26050207237791}}},{"type":"Feature","geometry":{"coordinates":[[-123.07367607430797,49.26014250167886],[-123.07367607497748,49.26014295143894],[-123.073676075647,49.260143401199045],[-123.07367621375298,49.260143850871486],[-123.07367621455641,49.26014439058357],[-123.07367621522593,49.26014484034366],[-123.07367621589545,49.26014529010373],[-123.0736763541353,49.26014582972821],[-123.07367635480483,49.26014627948829],[-123.07367635560826,49.2601468192004],[-123.07367635627777,49.26014726896048],[-123.0736763569473,49.260147718720546],[-123.07367635775073,49.26014825843265],[-123.07367635842026,49.26014870819272],[-123.07367635908977,49.26014915795282],[-123.07367649732969,49.260149697577276],[-123.0736764979992,49.26015014733737],[-123.07367649866872,49.26015059709747],[-123.07367636203566,49.26015113689718],[-123.07367636270517,49.26015158665728],[-123.07367124348646,49.260405695609116],[-123.07367152840307,49.260412441834795],[-123.07367250037193,49.26041909767028],[-123.07367429696444,49.26042575297991],[-123.07367678060983,49.2604323178993],[-123.07368008861168,49.26043870238873],[-123.07368408353298,49.26044490653581],[-123.07368876524,49.26045084038842],[-123.07369413386691,49.2604565938985],[-123.07370018927988,49.26046207711395],[-123.07370679404174,49.26046729012234],[-123.07371394788453,49.26047205301956],[-123.0737216510763,49.260476545709516],[-123.07372990334896,49.260480588288075],[-123.07373856739909,49.260484270794834],[-123.07374764309257,49.26048750327774],[-123.07375699285774,49.26049019587238],[-123.0737666169625,49.2604925284827],[-123.07377651513849,49.26049432120466],[-123.07378668751953,49.26049566399016],[-123.07379685909636,49.260496467062694],[-123.07380716744024,49.26049682028649],[-123.07382640894905,49.260496987897454]],"type":"LineString"},"properties":{"effluent_type":"Combined","material":"blank","geo_point_2d":{"lon":-123.0737001595335,"lat":49.26035862592124}}},{"type":"Feature","geometry":{"coordinates":[[-123.07867108306493,49.273153931911885],[-123.07863993996824,49.27507029706828]],"type":"LineString"},"properties":{"effluent_type":"Sanitary","material":"Concrete","geo_point_2d":{"lon":-123.07865551151659,"lat":49.27411211449008}}},{"type":"Feature","geometry":{"coordinates":[[-123.17408413830366,49.26154389049448],[-123.17403627905922,49.26286421684596]],"type":"LineString"},"properties":{"effluent_type":"Combined","material":"BR\/CON","geo_point_2d":{"lon":-123.17406020868142,"lat":49.26220405367021}}},{"type":"Feature","geometry":{"coordinates":[[-123.08128938590052,49.26417475090352],[-123.08128882868031,49.26420369786244]],"type":"LineString"},"properties":{"effluent_type":"Sanitary","material":"blank","geo_point_2d":{"lon":-123.08128910729042,"lat":49.26418922438298}}},{"type":"Feature","geometry":{"coordinates":[[-123.09715373302693,49.21618629472411],[-123.09715852797665,49.21584437109992]],"type":"LineString"},"properties":{"effluent_type":"Combined","material":"blank","geo_point_2d":{"lon":-123.09715613050179,"lat":49.216015332912015}}},{"type":"Feature","geometry":{"coordinates":[[-123.06260286631337,49.25072292597333],[-123.06495639799539,49.251377729370425]],"type":"LineString"},"properties":{"effluent_type":"Sanitary","material":"Polyvinyl Chloride","geo_point_2d":{"lon":-123.06377963215438,"lat":49.25105032767188}}},{"type":"Feature","geometry":{"coordinates":[[-123.11610530055582,49.211835691124605],[-123.1161096940193,49.211835596755485],[-123.11611408706145,49.21183532248091],[-123.11611847947148,49.21183477834815],[-123.11612273415773,49.21183405444794],[-123.11612698842245,49.21183315064224],[-123.11613110496332,49.21183206706912],[-123.11613494626724,49.21183071391393],[-123.11613878736023,49.21182927080597],[-123.11614235321623,49.211827558116],[-123.11614578155897,49.21182575561131],[-123.11614893466471,49.21182368352467],[-123.11615195025712,49.21182152162335],[-123.11615469103398,49.21181927004542],[-123.11615701948232,49.211816838976304],[-123.11615921041738,49.21181431809257],[-123.11616112653698,49.211811707532284],[-123.11616263032812,49.21180891748087],[-123.11616385972538,49.211806217658264],[-123.11616481409652,49.21180333820648],[-123.11616535656088,49.21180045916897],[-123.11616562442077,49.21179758040756]],"type":"LineString"},"properties":{"effluent_type":"Combined","material":"Concrete","geo_point_2d":{"lon":-123.11614078498111,"lat":49.211823615127656}}},{"type":"Feature","geometry":{"coordinates":[[-123.09326008333322,49.212984296008024],[-123.0932675459476,49.21266683738229]],"type":"LineString"},"properties":{"effluent_type":"Combined","material":"Concrete","geo_point_2d":{"lon":-123.0932638146404,"lat":49.21282556669516}}},{"type":"Feature","geometry":{"coordinates":[[-123.11681719643974,49.22265396421457],[-123.11685695111076,49.221650861300375]],"type":"LineString"},"properties":{"effluent_type":"Combined","material":"blank","geo_point_2d":{"lon":-123.11683707377526,"lat":49.222152412757474}}},{"type":"Feature","geometry":{"coordinates":[[-123.11685695111076,49.221650861300375],[-123.11686819911849,49.22136578974111]],"type":"LineString"},"properties":{"effluent_type":"Combined","material":"blank","geo_point_2d":{"lon":-123.11686257511462,"lat":49.221508325520745}}},{"type":"Feature","geometry":{"coordinates":[[-123.0685813154991,49.25477742020465],[-123.06861675307435,49.2548046546755]],"type":"LineString"},"properties":{"effluent_type":"Sanitary","material":"Polyvinyl Chloride","geo_point_2d":{"lon":-123.06859903428673,"lat":49.25479103744007}}},{"type":"Feature","geometry":{"coordinates":[[-123.1413813173532,49.29346708821086],[-123.14115429013926,49.293570360337995]],"type":"LineString"},"properties":{"effluent_type":"Sanitary","material":"Concrete","geo_point_2d":{"lon":-123.14126780374622,"lat":49.29351872427443}}},{"type":"Feature","geometry":{"coordinates":[[-123.14176041784881,49.293064621020136],[-123.14141620462884,49.293451303990764],[-123.1413813173532,49.29346708821086]],"type":"LineString"},"properties":{"effluent_type":"Sanitary","material":"Concrete","geo_point_2d":{"lon":-123.14157525653171,"lat":49.29327182186823}}},{"type":"Feature","geometry":{"coordinates":[[-123.14311601286992,49.27733643543099],[-123.14316520969287,49.27739513104369]],"type":"LineString"},"properties":{"effluent_type":"Sanitary","material":"Concrete","geo_point_2d":{"lon":-123.1431406112814,"lat":49.27736578323734}}},{"type":"Feature","geometry":{"coordinates":[[-123.03356219569056,49.28485602660385],[-123.03357142681543,49.28486268934382]],"type":"LineString"},"properties":{"effluent_type":"Combined","material":"blank","geo_point_2d":{"lon":-123.033566811253,"lat":49.284859357973836}}},{"type":"Feature","geometry":{"coordinates":[[-123.07401799172472,49.25354563293633],[-123.07398983921907,49.2542382109482],[-123.07398999183152,49.25424837544848],[-123.07399138109064,49.25425844920454],[-123.07399374576434,49.254268342431516],[-123.07399747089866,49.254278234787066],[-123.07400215757241,49.254287856670004],[-123.07400794320628,49.25429720799222],[-123.07401482766635,49.254306198801444],[-123.07402267366729,49.2543149191376],[-123.07403148094039,49.25432318909629],[-123.07404124948594,49.2543310086773],[-123.0740518418838,49.25433837796845],[-123.07406325786488,49.254345117065334],[-123.07407548382162,49.25435131592861],[-123.07408827239723,49.254356974716664],[-123.07410174700058,49.25436191344572],[-123.07411577021087,49.254366132203735],[-123.07413020474189,49.25436972103079],[-123.07414505045845,49.25437258997463],[-123.07416003251912,49.25437473921148],[-123.07417542562938,49.254376078612744],[-123.07419081766194,49.25437669839514],[-123.07483460760828,49.25438714941685]],"type":"LineString"},"properties":{"effluent_type":"Combined","material":"Concrete","geo_point_2d":{"lon":-123.07421898339746,"lat":49.25416203325175}}},{"type":"Feature","geometry":{"coordinates":[[-123.07453041095046,49.21093338245792],[-123.07511024536639,49.20978387679717]],"type":"LineString"},"properties":{"effluent_type":"Combined","material":"Concrete","geo_point_2d":{"lon":-123.07482032815842,"lat":49.21035862962755}}},{"type":"Feature","geometry":{"coordinates":[[-123.14567274088068,49.26971720888005],[-123.15027263042062,49.26978926139662]],"type":"LineString"},"properties":{"effluent_type":"Combined","material":"Concrete","geo_point_2d":{"lon":-123.14797268565066,"lat":49.26975323513834}}},{"type":"Feature","geometry":{"coordinates":[[-123.18777848634194,49.26608382680226],[-123.18777979786162,49.26614690805672]],"type":"LineString"},"properties":{"effluent_type":"Storm","material":"blank","geo_point_2d":{"lon":-123.18777914210179,"lat":49.26611536742949}}},{"type":"Feature","geometry":{"coordinates":[[-123.09399555976064,49.2142142816601],[-123.09410903078692,49.21424252440904]],"type":"LineString"},"properties":{"effluent_type":"Combined","material":"Concrete","geo_point_2d":{"lon":-123.09405229527378,"lat":49.21422840303457}}},{"type":"Feature","geometry":{"coordinates":[[-123.0973139593339,49.21665877183323],[-123.09730160109203,49.21665887219667],[-123.09728937910657,49.216658432727264],[-123.09727701839334,49.2166572737511],[-123.0972650683924,49.21665548475819],[-123.0972532546492,49.216653155932626],[-123.09724171432099,49.216650206201415],[-123.09723058486502,49.216646707411165],[-123.09722000343854,49.216642578489086],[-123.0972098329025,49.21663790950349],[-123.09720034806489,49.21663279017603],[-123.09719141143374,49.216627130669785],[-123.09718316067746,49.21662111077463],[-123.09717573293531,49.21661464042257],[-123.09716912838353,49.21660780956638],[-123.0971633471982,49.216600708158865],[-123.09715838920276,49.216593246247506],[-123.09715425474957,49.21658560373768],[-123.09715121846938,49.21657778039846],[-123.09714900590693,49.21656986641361],[-123.09714775420106,49.21656177171503],[-123.09714760101933,49.21655367609254],[-123.09714827173038,49.21654557977713]],"type":"LineString"},"properties":{"effluent_type":"Combined","material":"blank","geo_point_2d":{"lon":-123.09721259660603,"lat":49.216623818192694}}},{"type":"Feature","geometry":{"coordinates":[[-123.07932731618129,49.2649790715019],[-123.07932665894815,49.2650149448219]],"type":"LineString"},"properties":{"effluent_type":"Sanitary","material":"blank","geo_point_2d":{"lon":-123.0793269875647,"lat":49.2649970081619}}},{"type":"Feature","geometry":{"coordinates":[[-123.04978878436448,49.24546529503093],[-123.05043564428532,49.24546564411482]],"type":"LineString"},"properties":{"effluent_type":"Storm","material":"Concrete","geo_point_2d":{"lon":-123.0501122143249,"lat":49.24546546957288}}},{"type":"Feature","geometry":{"coordinates":[[-123.07998536543033,49.21814584790664],[-123.07997959349318,49.218143063367584],[-123.07997382184693,49.21814045873359],[-123.07996777570658,49.21813794424207],[-123.0799615925371,49.21813560975061],[-123.07995540951336,49.21813336521151],[-123.07994908946046,49.218131300672404],[-123.07994263223323,49.21812932618067],[-123.07993603797676,49.2181275316889],[-123.07992930669099,49.21812591719712],[-123.07992257555071,49.2181243926576],[-123.07991584468637,49.218123039027745],[-123.07990897680709,49.2181218743931],[-123.07990197175323,49.21812079980565],[-123.07989496698968,49.21811990512314],[-123.07988796251634,49.2181191903455],[-123.07988095818816,49.218118565520086],[-123.07987381697515,49.21811821064722],[-123.07986681322706,49.21811794563162],[-123.07985967230405,49.218117770663184],[-123.07854704558356,49.21811012517607]],"type":"LineString"},"properties":{"effluent_type":"Combined","material":"Concrete","geo_point_2d":{"lon":-123.0792682116604,"lat":49.21811513133511}}},{"type":"Feature","geometry":{"coordinates":[[-123.07854704558356,49.21811012517607],[-123.07702693752765,49.218099266065806]],"type":"LineString"},"properties":{"effluent_type":"Combined","material":"blank","geo_point_2d":{"lon":-123.0777869915556,"lat":49.21810469562094}}},{"type":"Feature","geometry":{"coordinates":[[-123.17371500918115,49.272470030420635],[-123.17367269635892,49.27362150597603]],"type":"LineString"},"properties":{"effluent_type":"Combined","material":"Concrete","geo_point_2d":{"lon":-123.17369385277004,"lat":49.27304576819833}}},{"type":"Feature","geometry":{"coordinates":[[-123.06787361740156,49.254233330539556],[-123.06858110914243,49.25477725841322]],"type":"LineString"},"properties":{"effluent_type":"Sanitary","material":"Polyvinyl Chloride","geo_point_2d":{"lon":-123.068227363272,"lat":49.25450529447639}}},{"type":"Feature","geometry":{"coordinates":[[-123.19580613261822,49.225571505654734],[-123.1964051310282,49.22520429128254]],"type":"LineString"},"properties":{"effluent_type":"Combined","material":"Concrete","geo_point_2d":{"lon":-123.1961056318232,"lat":49.22538789846864}}},{"type":"Feature","geometry":{"coordinates":[[-123.10237906831131,49.28002298043199],[-123.10236282534882,49.280399137262485]],"type":"LineString"},"properties":{"effluent_type":"Sanitary","material":"Polyvinyl Chloride","geo_point_2d":{"lon":-123.10237094683006,"lat":49.280211058847236}}},{"type":"Feature","geometry":{"coordinates":[[-123.17393981930233,49.26515531594505],[-123.17387920667683,49.26683820334183]],"type":"LineString"},"properties":{"effluent_type":"Combined","material":"BR\/CON","geo_point_2d":{"lon":-123.17390951298957,"lat":49.26599675964344}}},{"type":"Feature","geometry":{"coordinates":[[-123.07525833423516,49.20950373006387],[-123.07537276198138,49.20926324733955],[-123.07537755282331,49.20925370920594],[-123.0753820690728,49.20924417125132],[-123.07538631073001,49.20923463347574],[-123.07539041495355,49.209225005836785],[-123.07539438188027,49.20921537828728],[-123.07539807421509,49.209205750916844],[-123.07540162911647,49.209196033683114],[-123.07540504672133,49.209186316538876],[-123.07540818973463,49.209176599573794],[-123.0754110580197,49.20916679283506],[-123.07541378900858,49.20915698618589],[-123.07541638270133,49.20914717962628],[-123.07541870180306,49.20913737324589],[-123.07542088347205,49.209127477002255],[-123.07542292784522,49.20911758084823],[-123.07542456033279,49.209107684963094],[-123.07542619281973,49.20909778907793],[-123.07542755057945,49.20908780341922],[-123.07542863388574,49.209077907892606],[-123.07544175753625,49.20873386544279]],"type":"LineString"},"properties":{"effluent_type":"Combined","material":"Concrete","geo_point_2d":{"lon":-123.07538865418762,"lat":49.20912823178223}}},{"type":"Feature","geometry":{"coordinates":[[-123.07511024536639,49.20978387679717],[-123.07514577769831,49.20976568320243],[-123.07526278653783,49.20953343860413],[-123.0752649791791,49.20953073858858],[-123.07526717168358,49.20952794862018],[-123.07526936432434,49.20952524860453],[-123.07527169439753,49.2095226384522],[-123.07527402433391,49.20951993834699],[-123.07527649170265,49.20951732810508],[-123.07527895907113,49.209514717863094],[-123.07528142643935,49.20951210762109],[-123.07528403123995,49.20950958724233],[-123.07528677333632,49.209507066774016],[-123.07528951543237,49.20950454630565],[-123.07529225752818,49.209502025837224],[-123.0752951370563,49.20949959523202],[-123.07529801658416,49.20949716462674],[-123.07530103354433,49.20949482388471],[-123.07530405050424,49.20949248314259],[-123.07530720475982,49.20949014231089],[-123.07531035915176,49.209487891431905],[-123.07530488962121,49.2094845037737]],"type":"LineString"},"properties":{"effluent_type":"Combined","material":"blank","geo_point_2d":{"lon":-123.0752122951775,"lat":49.20963529134081}}},{"type":"Feature","geometry":{"coordinates":[[-123.05910572010536,49.2467206503452],[-123.05908298752753,49.247463497082805],[-123.05908298978153,49.24746538607989],[-123.05908285452689,49.247467185195],[-123.05908258187091,49.24746898438036],[-123.05908230921496,49.24747078356574],[-123.05908203655893,49.24747258275109],[-123.0590816265016,49.24747438200673],[-123.05908107904293,49.247476181332615],[-123.05908066898552,49.24747798058824],[-123.05907998412539,49.24747977998442],[-123.0590794366666,49.247481579310296],[-123.05907861440502,49.24748337877671],[-123.05907792943744,49.2474850882206],[-123.05907710706845,49.24748679773478],[-123.05907614740536,49.24748859727142],[-123.05907518763487,49.24749030685581],[-123.05907422786436,49.24749201644019],[-123.05907313058505,49.2474936361426],[-123.059072033413,49.24749534579724],[-123.05907093613354,49.2474969654996],[-123.0585900092003,49.24815204508444]],"type":"LineString"},"properties":{"effluent_type":"Combined","material":"blank","geo_point_2d":{"lon":-123.05895929616327,"lat":49.247474781108046}}},{"type":"Feature","geometry":{"coordinates":[[-123.13928399199462,49.27996766690215],[-123.13929059608573,49.280115719635695],[-123.13922499687337,49.28015906551779]],"type":"LineString"},"properties":{"effluent_type":"Sanitary","material":"Concrete","geo_point_2d":{"lon":-123.13927706908893,"lat":49.28007486620716}}},{"type":"Feature","geometry":{"coordinates":[[-123.13966558057771,49.28042811941784],[-123.13938393666649,49.28025620177056]],"type":"LineString"},"properties":{"effluent_type":"Combined","material":"Fibreglass","geo_point_2d":{"lon":-123.1395247586221,"lat":49.2803421605942}}},{"type":"Feature","geometry":{"coordinates":[[-123.03239017394345,49.234586297157655],[-123.03463807480894,49.23550166717533]],"type":"LineString"},"properties":{"effluent_type":"Storm","material":"blank","geo_point_2d":{"lon":-123.0335141243762,"lat":49.23504398216649}}},{"type":"Feature","geometry":{"coordinates":[[-123.03035251183921,49.234058343601376],[-123.03079261200634,49.23405682387178]],"type":"LineString"},"properties":{"effluent_type":"Storm","material":"blank","geo_point_2d":{"lon":-123.03057256192278,"lat":49.23405758373658}}},{"type":"Feature","geometry":{"coordinates":[[-123.02922406555211,49.23405917429385],[-123.03035251183921,49.234058343601376]],"type":"LineString"},"properties":{"effluent_type":"Storm","material":"blank","geo_point_2d":{"lon":-123.02978828869567,"lat":49.23405875894761}}},{"type":"Feature","geometry":{"coordinates":[[-123.02812804988683,49.234687197841964],[-123.02916993286712,49.234693353074114]],"type":"LineString"},"properties":{"effluent_type":"Sanitary","material":"blank","geo_point_2d":{"lon":-123.02864899137695,"lat":49.234690275458036}}},{"type":"Feature","geometry":{"coordinates":[[-123.11260464297324,49.216724657162096],[-123.11265186049116,49.215453353090545]],"type":"LineString"},"properties":{"effluent_type":"Combined","material":"blank","geo_point_2d":{"lon":-123.11262825173218,"lat":49.21608900512632}}},{"type":"Feature","geometry":{"coordinates":[[-123.13870674127641,49.29396577392557],[-123.1376837184308,49.294133218897954],[-123.13767230914934,49.29413530137776],[-123.13766090036792,49.294137563759016],[-123.13764962986752,49.29414009582926],[-123.13763849739756,49.29414280763718],[-123.1376273654272,49.29414569934661],[-123.13761650926818,49.29414886058134],[-123.13760565360856,49.294152201717594],[-123.13759507350962,49.29415572242796],[-123.13758463144057,49.2941594228762],[-123.13757432740138,49.29416330306235],[-123.13756416164226,49.29416745293777],[-123.13755427144352,49.29417178238749],[-123.13754451902409,49.294176201623934],[-123.13753490488449,49.2941808905498],[-123.1375255660549,49.2941856690988],[-123.137516365505,49.29419071733727],[-123.13750744026504,49.29419585519902],[-123.13749879058528,49.294201172635375],[-123.13749041646577,49.29420666964643],[-123.13670444919808,49.29470774194883],[-123.13669264604987,49.2947166611183],[-123.1366804290569,49.294725131018055],[-123.13666752365212,49.29473333187592],[-123.13665406687032,49.294741083626434],[-123.1366401964927,49.294748476058025],[-123.13662591251929,49.29475550917061],[-123.13661107716929,49.2947620931753],[-123.13659582822386,49.2947683178606],[-123.13658016543461,49.29477409327508],[-123.13656422608581,49.294779329304724],[-123.13654787314232,49.29478420601451],[-123.13653124388844,49.29478863329053],[-123.13651447560862,49.29479252101885],[-123.13649729373516,49.294796049426935],[-123.13647997258828,49.29479894833583],[-123.13646237538107,49.29480148776176],[-123.13644477668232,49.29480348747727],[-123.13642703896011,49.29480494764471],[-123.13640916246321,49.294805958215285],[-123.13639114694392,49.294806429237646],[-123.1363793184025,49.29480617334307],[-123.13636735282499,49.29480609751217],[-123.13635538799186,49.29480629153392],[-123.13634342365484,49.294806665457],[-123.13633159734633,49.29480721911918],[-123.13631963424922,49.29480804279628],[-123.13630780918028,49.29480904621249],[-123.13629598485493,49.29481031948136],[-123.13628429855748,49.294811772489425],[-123.13627261300326,49.294813495350226],[-123.13626106547667,49.29481539795022],[-123.13624965622553,49.29481757024079],[-123.13623824746922,49.29481992243285],[-123.13622683920764,49.29482245452634],[-123.13621570650571,49.29482516619708],[-123.13620471207871,49.294828147558505],[-123.13619371814607,49.29483130882151],[-123.13618300002062,49.29483473961315],[-123.13617241967411,49.29483826019307]],"type":"LineString"},"properties":{"effluent_type":"Combined","material":"blank","geo_point_2d":{"lon":-123.13741797197795,"lat":49.294348016718736}}},{"type":"Feature","geometry":{"coordinates":[[-123.04092103775919,49.2373843414991],[-123.04197259322366,49.237809646200596]],"type":"LineString"},"properties":{"effluent_type":"Sanitary","material":"blank","geo_point_2d":{"lon":-123.04144681549141,"lat":49.23759699384985}}},{"type":"Feature","geometry":{"coordinates":[[-123.04000494187451,49.23832748990491],[-123.0404641623026,49.23785645593379]],"type":"LineString"},"properties":{"effluent_type":"Sanitary","material":"blank","geo_point_2d":{"lon":-123.04023455208853,"lat":49.23809197291935}}},{"type":"Feature","geometry":{"coordinates":[[-123.16833599294678,49.21598989271449],[-123.16830171526603,49.21600487483392]],"type":"LineString"},"properties":{"effluent_type":"Combined","material":"blank","geo_point_2d":{"lon":-123.16831885410642,"lat":49.21599738377421}}},{"type":"Feature","geometry":{"coordinates":[[-123.11020442235613,49.20866903098677],[-123.11023680013791,49.20797296233511]],"type":"LineString"},"properties":{"effluent_type":"Combined","material":"blank","geo_point_2d":{"lon":-123.11022061124703,"lat":49.20832099666095}}},{"type":"Feature","geometry":{"coordinates":[[-123.14206169930584,49.29278176696909],[-123.14195124120238,49.29281184760226]],"type":"LineString"},"properties":{"effluent_type":"Sanitary","material":"Polyvinyl Chloride","geo_point_2d":{"lon":-123.1420064702541,"lat":49.292796807285676}}},{"type":"Feature","geometry":{"coordinates":[[-123.11268404977713,49.21256124797554],[-123.11268186389842,49.21256004473957],[-123.11267903199428,49.212558536294054],[-123.11267615898083,49.21255706386972],[-123.11267324483755,49.21255561847127],[-123.11267028960538,49.212554218089274],[-123.11266730695341,49.212552835724495],[-123.1126642832125,49.212551498376165],[-123.11266121836223,49.212550197049],[-123.11265812611258,49.21254892273432],[-123.112654992774,49.21254769343608],[-123.11265184576646,49.212546491136926],[-123.11264864393956,49.212545333867595],[-123.11264542844368,49.21254420359736],[-123.11264217185887,49.212543118343525],[-123.11263890162552,49.21254206908407],[-123.11263559028274,49.21254105584573],[-123.11263225156101,49.212540078615156],[-123.11262889921116,49.21253914637417],[-123.11262551946187,49.212538241145694],[-123.11262211235405,49.212537380920224],[-123.11261867788764,49.212536565697754],[-123.11261522977264,49.21253578646962],[-123.11261175427863,49.212535043249254],[-123.11260826513603,49.21253433602321],[-123.11260476236527,49.21253367378676],[-123.11260123223589,49.212533056553326],[-123.1125976884579,49.21253247531424],[-123.11259413103124,49.21253193006948],[-123.11259057370684,49.21253142980095],[-123.1125869890238,49.212530974535404],[-123.1125833906921,49.21253055526417],[-123.11257977873217,49.212530180982576],[-123.11257616685401,49.21252984268192],[-123.11257254134757,49.212529549370856],[-123.11256891594334,49.21252930103602],[-123.11256527689038,49.212529088695504],[-123.11256163793958,49.21252892133122],[-123.1125579990705,49.21252878994787],[-123.1125543465731,49.21252870355411]],"type":"LineString"},"properties":{"effluent_type":"Combined","material":"blank","geo_point_2d":{"lon":-123.11262054568896,"lat":49.21253975648834}}},{"type":"Feature","geometry":{"coordinates":[[-123.08315553635349,49.21420808460259],[-123.0831616283226,49.21382066238577]],"type":"LineString"},"properties":{"effluent_type":"Combined","material":"Concrete","geo_point_2d":{"lon":-123.08315858233806,"lat":49.21401437349418}}},{"type":"Feature","geometry":{"coordinates":[[-123.07866527457458,49.26741737650456],[-123.07874103632047,49.26751824203546],[-123.078827787418,49.26786458798011],[-123.0788015915067,49.26926505011069],[-123.07886862983064,49.26949672061793]],"type":"LineString"},"properties":{"effluent_type":"Combined","material":"RC","geo_point_2d":{"lon":-123.07880529905049,"lat":49.26844556820601}}},{"type":"Feature","geometry":{"coordinates":[[-123.07931572841586,49.26556174369076],[-123.07930732687528,49.265979954370096],[-123.07859887598133,49.26613228646359],[-123.07838451810696,49.26668788571842]],"type":"LineString"},"properties":{"effluent_type":"Sanitary","material":"Concrete","geo_point_2d":{"lon":-123.07888128708582,"lat":49.26610873310051}}},{"type":"Feature","geometry":{"coordinates":[[-123.08128737231102,49.26427935754829],[-123.08128288535482,49.2643843977009]],"type":"LineString"},"properties":{"effluent_type":"Sanitary","material":"Steel","geo_point_2d":{"lon":-123.08128512883292,"lat":49.2643318776246}}},{"type":"Feature","geometry":{"coordinates":[[-123.0408692354228,49.25827758661333],[-123.0411614227095,49.25800644813723]],"type":"LineString"},"properties":{"effluent_type":"Storm","material":"Concrete","geo_point_2d":{"lon":-123.04101532906614,"lat":49.25814201737527}}},{"type":"Feature","geometry":{"coordinates":[[-123.07402231284303,49.21365186846072],[-123.07403407429322,49.21305953050277]],"type":"LineString"},"properties":{"effluent_type":"Combined","material":"blank","geo_point_2d":{"lon":-123.07402819356811,"lat":49.213355699481745}}},{"type":"Feature","geometry":{"coordinates":[[-123.06789010797691,49.25909310296344],[-123.06863266992808,49.259098780991955],[-123.06863775521946,49.25909895787529],[-123.0686428271418,49.25909940462269],[-123.06864791305706,49.259100031265774],[-123.06865286191324,49.259100927846426],[-123.06865767371035,49.259102094364664],[-123.06866234844844,49.25910353082051],[-123.06866688587803,49.25910505730989],[-123.06867128637354,49.25910694368898],[-123.06867527469339,49.25910892026496],[-123.06867912595443,49.25911116677864],[-123.06868284003187,49.25911359327799],[-123.06868614193365,49.259116109974364],[-123.06868903190941,49.25911889677188],[-123.06869178457673,49.259121773603106],[-123.06869412506829,49.25912474063142],[-123.06869605338404,49.25912779785687],[-123.06869770708244,49.25913103514981],[-123.0686990859137,49.25913427260614],[-123.06869991513533,49.25913760034141],[-123.0687004694897,49.259140928240086],[-123.06870061166792,49.259144346335965],[-123.06869305461383,49.25955164500274]],"type":"LineString"},"properties":{"effluent_type":"Combined","material":"blank","geo_point_2d":{"lon":-123.06843433936548,"lat":49.25918002457167}}},{"type":"Feature","geometry":{"coordinates":[[-123.2061695305804,49.274871981324594],[-123.20369097517239,49.27526951215408]],"type":"LineString"},"properties":{"effluent_type":"Combined","material":"RC","geo_point_2d":{"lon":-123.2049302528764,"lat":49.27507074673934}}},{"type":"Feature","geometry":{"coordinates":[[-123.10647649751846,49.214417304982604],[-123.10652135723912,49.21420032437931]],"type":"LineString"},"properties":{"effluent_type":"Combined","material":"blank","geo_point_2d":{"lon":-123.1064989273788,"lat":49.21430881468096}}},{"type":"Feature","geometry":{"coordinates":[[-123.06923504851366,49.255556735787756],[-123.06920907264005,49.25685218842487]],"type":"LineString"},"properties":{"effluent_type":"Sanitary","material":"Polyvinyl Chloride","geo_point_2d":{"lon":-123.06922206057685,"lat":49.25620446210631}}},{"type":"Feature","geometry":{"coordinates":[[-123.12200821502316,49.25772559446933],[-123.12199052226107,49.258643412947805]],"type":"LineString"},"properties":{"effluent_type":"Combined","material":"blank","geo_point_2d":{"lon":-123.12199936864211,"lat":49.25818450370856}}},{"type":"Feature","geometry":{"coordinates":[[-123.08761008757554,49.213862746264475],[-123.09048304409262,49.21393118046219]],"type":"LineString"},"properties":{"effluent_type":"Combined","material":"Concrete","geo_point_2d":{"lon":-123.08904656583408,"lat":49.21389696336334}}},{"type":"Feature","geometry":{"coordinates":[[-123.09760918653025,49.216664639529085],[-123.0973139593339,49.21665877183323]],"type":"LineString"},"properties":{"effluent_type":"Combined","material":"blank","geo_point_2d":{"lon":-123.09746157293209,"lat":49.21666170568116}}},{"type":"Feature","geometry":{"coordinates":[[-123.17381782267621,49.268521766013464],[-123.17377256771567,49.269749822963554]],"type":"LineString"},"properties":{"effluent_type":"Combined","material":"BR\/CON","geo_point_2d":{"lon":-123.17379519519594,"lat":49.269135794488506}}},{"type":"Feature","geometry":{"coordinates":[[-123.07388000573108,49.25775065250216],[-123.074678455844,49.25775705649551],[-123.07469879762958,49.257758482579845],[-123.07471914036684,49.25776053832501],[-123.07473920933272,49.25776331386076],[-123.07475900425631,49.257766629283225],[-123.07477852540998,49.257770664496576],[-123.07479777265866,49.25777532954893],[-123.07481660857302,49.25778062452944],[-123.0748350330177,49.2577864594862],[-123.07485290869928,49.25779292446051],[-123.07487037291209,49.25779992941156],[-123.07488728837625,49.257807573375814],[-123.07490351736274,49.25781565854812],[-123.0749192113306,49.257824373730024],[-123.07493420509168,49.257833539124626],[-123.07494851238904,49.25784315472325],[-123.07496199579262,49.25785322061537],[-123.07497465530223,49.257863736801205],[-123.07498812731765,49.25787534987438]],"type":"LineString"},"properties":{"effluent_type":"Combined","material":"Concrete","geo_point_2d":{"lon":-123.0744461747583,"lat":49.25776712927162}}},{"type":"Feature","geometry":{"coordinates":[[-123.0800962903823,49.214575247989806],[-123.0800957898302,49.2146053825306],[-123.0800955185527,49.21460745163349],[-123.08009497265486,49.2146095209268],[-123.08009428944683,49.214611590315315],[-123.08009346878323,49.21461356984633],[-123.08009223604375,49.21461545971023],[-123.08009100330419,49.214617349574134],[-123.08008935848869,49.2146191497709],[-123.08008771367305,49.21462094996768],[-123.0800857939463,49.21462257044936],[-123.08008359945372,49.2146241011687],[-123.08008140481567,49.2146255419353],[-123.08007893541182,49.21462689293951],[-123.08007632855234,49.214628154086135],[-123.08007372140213,49.21462923532729],[-123.08007083934079,49.2146301368533],[-123.08006795727937,49.21463103837923],[-123.08006507478197,49.21463167004698],[-123.08006191751879,49.214632211952264],[-123.08005889742053,49.21463266380957],[-123.08005573972142,49.21463293585652],[-123.0800525817318,49.21463302799798]],"type":"LineString"},"properties":{"effluent_type":"Combined","material":"Concrete","geo_point_2d":{"lon":-123.08008425061536,"lat":49.214612251342956}}},{"type":"Feature","geometry":{"coordinates":[[-123.09687256320198,49.21495445625502],[-123.09557860623784,49.2149308871059]],"type":"LineString"},"properties":{"effluent_type":"Combined","material":"blank","geo_point_2d":{"lon":-123.09622558471992,"lat":49.21494267168047}}},{"type":"Feature","geometry":{"coordinates":[[-123.11483519246555,49.26462339450607],[-123.1148258815182,49.26483420637973]],"type":"LineString"},"properties":{"effluent_type":"Combined","material":"BR\/CON","geo_point_2d":{"lon":-123.11483053699187,"lat":49.26472880044289}}},{"type":"Feature","geometry":{"coordinates":[[-123.15266139666844,49.27003284127657],[-123.1526613968905,49.27003291323785],[-123.15263970408135,49.27061628947579],[-123.15263970433111,49.27061637043226]],"type":"LineString"},"properties":{"effluent_type":"Combined","material":"Concrete","geo_point_2d":{"lon":-123.15265055031887,"lat":49.27032460585132}}},{"type":"Feature","geometry":{"coordinates":[[-123.1431012821426,49.28867196047067],[-123.14318665313978,49.28861536505894]],"type":"LineString"},"properties":{"effluent_type":"Sanitary","material":"blank","geo_point_2d":{"lon":-123.14314396764118,"lat":49.288643662764805}}},{"type":"Feature","geometry":{"coordinates":[[-123.144366361237,49.28951549194283],[-123.1444430857112,49.2894647532719],[-123.14447735275603,49.289360375485344]],"type":"LineString"},"properties":{"effluent_type":"Combined","material":"Concrete","geo_point_2d":{"lon":-123.14443492864834,"lat":49.28944790929535}}},{"type":"Feature","geometry":{"coordinates":[[-123.1990503580519,49.271180872207374],[-123.20107070683915,49.27168606160783]],"type":"LineString"},"properties":{"effluent_type":"Combined","material":"Concrete","geo_point_2d":{"lon":-123.20006053244553,"lat":49.2714334669076}}},{"type":"Feature","geometry":{"coordinates":[[-123.16864896830086,49.22538771013076],[-123.16866756118877,49.225318239505846]],"type":"LineString"},"properties":{"effluent_type":"Combined","material":"Concrete","geo_point_2d":{"lon":-123.1686582647448,"lat":49.22535297481831}}},{"type":"Feature","geometry":{"coordinates":[[-123.11003733397243,49.212355315883634],[-123.1100445709703,49.21208362434946]],"type":"LineString"},"properties":{"effluent_type":"Combined","material":"blank","geo_point_2d":{"lon":-123.11004095247137,"lat":49.21221947011655}}},{"type":"Feature","geometry":{"coordinates":[[-123.05510568422821,49.25508013531249],[-123.05578188378392,49.254042050447566]],"type":"LineString"},"properties":{"effluent_type":"Combined","material":"blank","geo_point_2d":{"lon":-123.05544378400606,"lat":49.254561092880024}}},{"type":"Feature","geometry":{"coordinates":[[-123.03092967160582,49.29008798128811],[-123.0309352236499,49.29159847426916]],"type":"LineString"},"properties":{"effluent_type":"Combined","material":"blank","geo_point_2d":{"lon":-123.03093244762786,"lat":49.29084322777864}}},{"type":"Feature","geometry":{"coordinates":[[-123.07500392449161,49.25913116128313],[-123.074989971637,49.259682288952924]],"type":"LineString"},"properties":{"effluent_type":"Sanitary","material":"Polyvinyl Chloride","geo_point_2d":{"lon":-123.0749969480643,"lat":49.259406725118026}}},{"type":"Feature","geometry":{"coordinates":[[-123.03463807480894,49.23550166717533],[-123.03544436028159,49.23581288306028],[-123.0354499940208,49.23581513014349],[-123.03545549045586,49.23581746722103],[-123.03546098695585,49.235819894250795],[-123.03546648345636,49.235822321280274],[-123.03547184265278,49.23582483830414],[-123.03547720191416,49.235827445280194],[-123.03548242380703,49.23583005229819],[-123.0354876457649,49.23583274926842],[-123.03549273035428,49.2358354462806],[-123.03549781500865,49.23583823324502],[-123.03550276235896,49.23584111020386],[-123.03550770970983,49.235843987162525],[-123.03551251969219,49.235846864163186],[-123.0355173298041,49.23584992106855],[-123.03552200248295,49.235852888063505],[-123.0355266752914,49.23585603496316],[-123.03553121073128,49.23585918190489],[-123.0355356088026,49.2358623288887],[-123.035540006939,49.23586556582478]],"type":"LineString"},"properties":{"effluent_type":"Storm","material":"blank","geo_point_2d":{"lon":-123.03509206355295,"lat":49.235677502645395}}},{"type":"Feature","geometry":{"coordinates":[[-123.14864295601356,49.21146547802881],[-123.14865914987408,49.210428021336014]],"type":"LineString"},"properties":{"effluent_type":"Combined","material":"blank","geo_point_2d":{"lon":-123.14865105294382,"lat":49.210946749682414}}},{"type":"Feature","geometry":{"coordinates":[[-123.16208211670262,49.253658250764545],[-123.1634065418494,49.25543112470862]],"type":"LineString"},"properties":{"effluent_type":"Combined","material":"BR\/CON","geo_point_2d":{"lon":-123.16274432927601,"lat":49.25454468773658}}},{"type":"Feature","geometry":{"coordinates":[[-123.14295545484238,49.27714485680608],[-123.14311601286992,49.27733643543099]],"type":"LineString"},"properties":{"effluent_type":"Sanitary","material":"Fibreglass","geo_point_2d":{"lon":-123.14303573385615,"lat":49.277240646118535}}},{"type":"Feature","geometry":{"coordinates":[[-123.14290919707159,49.27708967458478],[-123.14295545484238,49.27714485680608]],"type":"LineString"},"properties":{"effluent_type":"Sanitary","material":"Fibreglass","geo_point_2d":{"lon":-123.14293232595699,"lat":49.27711726569543}}},{"type":"Feature","geometry":{"coordinates":[[-123.19386999574735,49.233661900770976],[-123.19366894277607,49.233645749696805]],"type":"LineString"},"properties":{"effluent_type":"Sanitary","material":"blank","geo_point_2d":{"lon":-123.19376946926171,"lat":49.23365382523389}}},{"type":"Feature","geometry":{"coordinates":[[-123.0363900214129,49.20697060492475],[-123.03643080195927,49.20697832802134]],"type":"LineString"},"properties":{"effluent_type":"Storm","material":"blank","geo_point_2d":{"lon":-123.03641041168609,"lat":49.20697446647304}}},{"type":"Feature","geometry":{"coordinates":[[-123.14908174882373,49.207407504702076],[-123.14923259030738,49.20727538490083]],"type":"LineString"},"properties":{"effluent_type":"Storm","material":"Concrete","geo_point_2d":{"lon":-123.14915716956556,"lat":49.207341444801465}}},{"type":"Feature","geometry":{"coordinates":[[-123.14932602977444,49.20752607998194],[-123.14930705582864,49.20751683935504]],"type":"LineString"},"properties":{"effluent_type":"Combined","material":"Concrete","geo_point_2d":{"lon":-123.14931654280154,"lat":49.207521459668484}}},{"type":"Feature","geometry":{"coordinates":[[-123.14971313727969,49.20777701538862],[-123.14932602977444,49.20752607998194]],"type":"LineString"},"properties":{"effluent_type":"Combined","material":"Concrete","geo_point_2d":{"lon":-123.14951958352707,"lat":49.20765154768528}}},{"type":"Feature","geometry":{"coordinates":[[-123.04811585011528,49.24122037848246],[-123.04815406709184,49.24131592797974]],"type":"LineString"},"properties":{"effluent_type":"Sanitary","material":"blank","geo_point_2d":{"lon":-123.04813495860355,"lat":49.24126815323111}}},{"type":"Feature","geometry":{"coordinates":[[-123.04157176403156,49.25678031654835],[-123.0417102638825,49.256748513522936],[-123.04350644950189,49.25676313398358],[-123.04359039415617,49.256752218132974],[-123.04425429445398,49.256756085553334]],"type":"LineString"},"properties":{"effluent_type":"Sanitary","material":"blank","geo_point_2d":{"lon":-123.04291148745506,"lat":49.25675592336879}}},{"type":"Feature","geometry":{"coordinates":[[-123.14281412587145,49.27697021011466],[-123.14284888137962,49.27701771571079],[-123.14290919707159,49.27708967458478]],"type":"LineString"},"properties":{"effluent_type":"Sanitary","material":"Fibreglass","geo_point_2d":{"lon":-123.14286072216738,"lat":49.27703067831775}}},{"type":"Feature","geometry":{"coordinates":[[-123.14319673617321,49.288398029283975],[-123.14325490424464,49.28844994926459]],"type":"LineString"},"properties":{"effluent_type":"Combined","material":"Fibreglass","geo_point_2d":{"lon":-123.14322582020894,"lat":49.28842398927428}}},{"type":"Feature","geometry":{"coordinates":[[-123.141408746353,49.29302193808359],[-123.14093615524517,49.29310268030492]],"type":"LineString"},"properties":{"effluent_type":"Sanitary","material":"Polyvinyl Chloride","geo_point_2d":{"lon":-123.14117245079908,"lat":49.293062309194255}}},{"type":"Feature","geometry":{"coordinates":[[-123.16864965518228,49.22538776309954],[-123.16852300860648,49.2255800958706]],"type":"LineString"},"properties":{"effluent_type":"Combined","material":"Concrete","geo_point_2d":{"lon":-123.16858633189437,"lat":49.225483929485065}}},{"type":"Feature","geometry":{"coordinates":[[-123.19552898826763,49.27021578999696],[-123.19900905398477,49.27112740392508]],"type":"LineString"},"properties":{"effluent_type":"Storm","material":"Concrete","geo_point_2d":{"lon":-123.1972690211262,"lat":49.27067159696102}}},{"type":"Feature","geometry":{"coordinates":[[-123.10174929222539,49.272961002683104],[-123.10164843261795,49.27302304133636]],"type":"LineString"},"properties":{"effluent_type":"Sanitary","material":"Polyvinyl Chloride","geo_point_2d":{"lon":-123.10169886242167,"lat":49.27299202200973}}},{"type":"Feature","geometry":{"coordinates":[[-123.10160991400437,49.27408779090618],[-123.10170760356486,49.27448878244933]],"type":"LineString"},"properties":{"effluent_type":"Sanitary","material":"Polyvinyl Chloride","geo_point_2d":{"lon":-123.10165875878462,"lat":49.27428828667776}}},{"type":"Feature","geometry":{"coordinates":[[-123.07212639290525,49.214564955603336],[-123.07407123611864,49.21458959527444]],"type":"LineString"},"properties":{"effluent_type":"Combined","material":"Concrete","geo_point_2d":{"lon":-123.07309881451195,"lat":49.214577275438884}}},{"type":"Feature","geometry":{"coordinates":[[-123.04953125475473,49.25680178034912],[-123.0495421115963,49.25680186564636],[-123.0495529680777,49.256801591134156],[-123.04956382410865,49.25680086686037],[-123.04957454244175,49.25679987278818],[-123.04958512289667,49.25679842901346],[-123.04959570308057,49.25679671538144],[-123.04960600795862,49.25679455210588],[-123.04961617513801,49.25679211903213],[-123.0496262045285,49.25678932620804],[-123.04963582126645,49.25678616475656],[-123.04964530031435,49.25678274250223],[-123.04965450414566,49.25677896055678],[-123.04966343285048,49.25677490887241],[-123.04967193516865,49.25677049756205],[-123.04968017610287,49.256765816507055],[-123.04968786714646,49.25676095578363],[-123.0496952829731,49.25675573536948],[-123.04970228633626,49.25675033522798],[-123.04970887714563,49.256744665407105],[-123.04971491806461,49.25673881591816],[-123.05075003618468,49.255683128113276]],"type":"LineString"},"properties":{"effluent_type":"Sanitary","material":"blank","geo_point_2d":{"lon":-123.0501606201772,"lat":49.25627883365828}}},{"type":"Feature","geometry":{"coordinates":[[-123.05500791042707,49.25602208905972],[-123.05502186436165,49.255260304491536]],"type":"LineString"},"properties":{"effluent_type":"Sanitary","material":"blank","geo_point_2d":{"lon":-123.05501488739434,"lat":49.25564119677563}}},{"type":"Feature","geometry":{"coordinates":[[-123.03272810147749,49.288676927344234],[-123.03373077503021,49.28834030080172]],"type":"LineString"},"properties":{"effluent_type":"Combined","material":"Concrete","geo_point_2d":{"lon":-123.03322943825384,"lat":49.28850861407298}}},{"type":"Feature","geometry":{"coordinates":[[-123.16878172873506,49.22445034403116],[-123.1687925503979,49.22448244133531]],"type":"LineString"},"properties":{"effluent_type":"Combined","material":"blank","geo_point_2d":{"lon":-123.16878713956648,"lat":49.22446639268324}}},{"type":"Feature","geometry":{"coordinates":[[-123.13531167775211,49.29374109722366],[-123.13645116853417,49.29447838589155],[-123.13645419944388,49.29448027129609],[-123.13645695529057,49.29448215702534],[-123.13645971163412,49.29448422265714],[-123.13646233044625,49.294486288451274],[-123.13646481172695,49.29448835440774],[-123.13646701844127,49.29449060059159],[-123.13646922515575,49.29449284677541],[-123.13647129433879,49.294495093121604],[-123.13647322648701,49.294497519532776],[-123.13647502085543,49.294499856155056],[-123.13647667818903,49.29450237284227],[-123.13647819774276,49.29450479974063],[-123.1364795800133,49.29450731675271],[-123.13648068746893,49.29450992404091],[-123.13648179467634,49.29451244137779],[-123.13648262706877,49.29451504899084],[-123.13648332217797,49.29451774671764],[-123.13648401703885,49.29452035449309],[-123.13648429955298,49.29452305270715]],"type":"LineString"},"properties":{"effluent_type":"Combined","material":"blank","geo_point_2d":{"lon":-123.13590542745548,"lat":49.29412555622852}}},{"type":"Feature","geometry":{"coordinates":[[-123.21855006000494,49.27651094589265],[-123.21691071594816,49.27638405440718]],"type":"LineString"},"properties":{"effluent_type":"Combined","material":"RC","geo_point_2d":{"lon":-123.21773038797656,"lat":49.276447500149914}}},{"type":"Feature","geometry":{"coordinates":[[-123.10186447094725,49.274899310598066],[-123.10193495925782,49.275201252874005]],"type":"LineString"},"properties":{"effluent_type":"Sanitary","material":"Polyvinyl Chloride","geo_point_2d":{"lon":-123.10189971510253,"lat":49.275050281736036}}},{"type":"Feature","geometry":{"coordinates":[[-123.15263970433111,49.27061637043226],[-123.15264002646757,49.27063167083753],[-123.15264213562476,49.270646959886804],[-123.15264589408926,49.27066215680514],[-123.15265143905036,49.27067717145917],[-123.1526586322116,49.270691734175436],[-123.1526676115948,49.270706024675206],[-123.15267796397218,49.270719773648175],[-123.15268189492348,49.27072404117257]],"type":"LineString"},"properties":{"effluent_type":"Combined","material":"Concrete","geo_point_2d":{"lon":-123.15265389189656,"lat":49.27067284566464}}},{"type":"Feature","geometry":{"coordinates":[[-123.04565360450155,49.24362670419263],[-123.0456201073616,49.243655142368695],[-123.0452805951236,49.2440995595888]],"type":"LineString"},"properties":{"effluent_type":"Storm","material":"RC","geo_point_2d":{"lon":-123.04546393728536,"lat":49.24386012826531}}},{"type":"Feature","geometry":{"coordinates":[[-123.11498493901402,49.26579281097957],[-123.11499001414836,49.26579416420445],[-123.11499513039315,49.26579546341694],[-123.11500027398229,49.2657966996356],[-123.11500545866095,49.265797872846704],[-123.11501065695958,49.265798992072796],[-123.11501589634771,49.26580004829133],[-123.11502116310099,49.26580105051118],[-123.11502645719852,49.265801989737135],[-123.11503177864029,49.2658028659692],[-123.11503711368105,49.26580367922106],[-123.11504246234172,49.2658044384879],[-123.1150435347811,49.26580457234813]],"type":"LineString"},"properties":{"effluent_type":"Combined","material":"BR\/CON","geo_point_2d":{"lon":-123.11501410490963,"lat":49.265799348494035}}},{"type":"Feature","geometry":{"coordinates":[[-123.11482460134833,49.264863010296516],[-123.1148234780388,49.26488833291318]],"type":"LineString"},"properties":{"effluent_type":"Combined","material":"BR\/CON","geo_point_2d":{"lon":-123.11482403969356,"lat":49.26487567160485}}},{"type":"Feature","geometry":{"coordinates":[[-123.1148234780388,49.26488833291318],[-123.11479209320203,49.26559717716321],[-123.11479199698601,49.265597177258805],[-123.11479188160565,49.265600766459514],[-123.11479187618644,49.265604355550984],[-123.11479195321726,49.265607935565335],[-123.11479212648497,49.26561152447929],[-123.11479239594787,49.265615104302455],[-123.11479276162689,49.26561868403004],[-123.11479322352197,49.26562226366202],[-123.11479378161235,49.26562583420322],[-123.11479443589799,49.26562939565362],[-123.11479518637896,49.26563294801327],[-123.1147960330552,49.2656364912821],[-123.11479696218166,49.26564002547383],[-123.11479800124864,49.26564355056111],[-123.11479912274498,49.265647057576075],[-123.1148003404367,49.26565055550022],[-123.11480165432384,49.26565404433359],[-123.11480305061953,49.26565750609946],[-123.11480454311067,49.265660958774525],[-123.11480613177638,49.26566439336358],[-123.11480781661677,49.265667809866656],[-123.1148095838866,49.265671208297356],[-123.11481144731025,49.26567457964692],[-123.11481339316337,49.26567793292411],[-123.11481543517034,49.26568125912013],[-123.11481755960683,49.26568456724377],[-123.11481978019715,49.26568784828622],[-123.11482208319619,49.265691102261115],[-123.11482446860394,49.265694329168454],[-123.11482695018645,49.26569753798978],[-123.11482951413593,49.265700701753154],[-123.11483214676987,49.2657038474578],[-123.11483487553689,49.26570695708603],[-123.11483768671263,49.26571003964669],[-123.11484058027631,49.26571308614456],[-123.11484355624874,49.265716105574846],[-123.11484660084307,49.265719079960846],[-123.11484974159134,49.265722027265554],[-123.11485295098238,49.26572493852112],[-123.11485622899532,49.265727804732386],[-123.11485960314138,49.26573063486719],[-123.11486303218501,49.26573342896647],[-123.11486654361661,49.26573618700297],[-123.1148701374153,49.26573889998143],[-123.1148737861116,49.2657415769244],[-123.11487751717497,49.26574420880934],[-123.11488131686025,49.265746795649925],[-123.11488517142226,49.26574933745979],[-123.11488910835133,49.26575183421161],[-123.11489311390234,49.26575428591905],[-123.11489717433004,49.265756692595765],[-123.11490130337967,49.26575905422807],[-123.11490548730599,49.26576137082964],[-123.11490973983332,49.26576363339162],[-123.11491404723736,49.26576585092285],[-123.11491842326329,49.26576802340965],[-123.11492284039981,49.26577014188417],[-123.11492732613735,49.265772206319056],[-123.11493186673067,49.26577421672801],[-123.11493644845547,49.26577618211986],[-123.11494108503604,49.26577809348571],[-123.11494577645148,49.265779941830395],[-123.11495052274356,49.26578174514431],[-123.11495531014621,49.26578349444589],[-123.11496013865938,49.26578518973516],[-123.11496502202829,49.26578683099844],[-123.1149699327416,49.265788409267834],[-123.11497489831062,49.265789933511265],[-123.11497990499014,49.265791403742355],[-123.11498493901402,49.26579281097957]],"type":"LineString"},"properties":{"effluent_type":"Combined","material":"BR\/CON","geo_point_2d":{"lon":-123.11482466039052,"lat":49.265381896294485}}},{"type":"Feature","geometry":{"coordinates":[[-123.10191089370632,49.27272884729481],[-123.10191323973719,49.27276658904913]],"type":"LineString"},"properties":{"effluent_type":"Sanitary","material":"Ductile Iron","geo_point_2d":{"lon":-123.10191206672175,"lat":49.27274771817197}}},{"type":"Feature","geometry":{"coordinates":[[-123.10164843261795,49.27302304133636],[-123.10164281257447,49.27317818633834]],"type":"LineString"},"properties":{"effluent_type":"Sanitary","material":"Polyvinyl Chloride","geo_point_2d":{"lon":-123.10164562259621,"lat":49.27310061383735}}},{"type":"Feature","geometry":{"coordinates":[[-123.03867865015246,49.20755805438373],[-123.0380496924924,49.20752066296549]],"type":"LineString"},"properties":{"effluent_type":"Sanitary","material":"blank","geo_point_2d":{"lon":-123.03836417132243,"lat":49.20753935867461}}},{"type":"Feature","geometry":{"coordinates":[[-123.09196612874027,49.21417682176495],[-123.09399555976064,49.2142142816601]],"type":"LineString"},"properties":{"effluent_type":"Combined","material":"Concrete","geo_point_2d":{"lon":-123.09298084425046,"lat":49.21419555171252}}},{"type":"Feature","geometry":{"coordinates":[[-123.14412261442892,49.27291364368814],[-123.14364353515805,49.27315416004817],[-123.14370420926326,49.27321822032952]],"type":"LineString"},"properties":{"effluent_type":"Sanitary","material":"Fibreglass","geo_point_2d":{"lon":-123.14385350783509,"lat":49.27305542503666}}},{"type":"Feature","geometry":{"coordinates":[[-123.11077152234625,49.26818340802219],[-123.11075521951891,49.26855791176389],[-123.10955774719677,49.269146080019624]],"type":"LineString"},"properties":{"effluent_type":"Sanitary","material":"Ductile Iron","geo_point_2d":{"lon":-123.11028960185185,"lat":49.26874641666107}}},{"type":"Feature","geometry":{"coordinates":[[-123.02351261986637,49.23412987629991],[-123.02421164791302,49.23411850583813]],"type":"LineString"},"properties":{"effluent_type":"Sanitary","material":"blank","geo_point_2d":{"lon":-123.02386213388968,"lat":49.23412419106902}}},{"type":"Feature","geometry":{"coordinates":[[-123.0591987134396,49.2458024594469],[-123.05919362986981,49.24580255200401],[-123.05918868401928,49.245802914347266],[-123.05918360109449,49.24580354661754],[-123.05917865578125,49.2458043587217],[-123.05917398558374,49.24580544054172],[-123.05916931570844,49.24580679221837],[-123.05916478344456,49.245808323728994],[-123.05916038879204,49.24581003507364],[-123.05915626925503,49.24581201613416],[-123.059152424726,49.245814176958405],[-123.05914885520497,49.24581651754636],[-123.05914542329525,49.24581903796842],[-123.05914240368278,49.24582164813162],[-123.05913965907837,49.245824438058605],[-123.059137189482,49.24582740774942],[-123.05913513207562,49.245830377229176],[-123.05913334967737,49.24583352647278],[-123.05913197957665,49.24583676545764],[-123.05913102166609,49.245840004231525],[-123.05913033854902,49.245843242864744],[-123.05913006772971,49.245846571239284],[-123.05910572010536,49.2467206503452]],"type":"LineString"},"properties":{"effluent_type":"Combined","material":"Concrete","geo_point_2d":{"lon":-123.0591216345613,"lat":49.246240293481584}}},{"type":"Feature","geometry":{"coordinates":[[-123.1417927568708,49.292956486485124],[-123.141408746353,49.29302193808359]],"type":"LineString"},"properties":{"effluent_type":"Sanitary","material":"Polyvinyl Chloride","geo_point_2d":{"lon":-123.14160075161189,"lat":49.29298921228435}}},{"type":"Feature","geometry":{"coordinates":[[-123.14426578798246,49.2728416833737],[-123.14412261442892,49.27291364368814]],"type":"LineString"},"properties":{"effluent_type":"Sanitary","material":"Concrete","geo_point_2d":{"lon":-123.1441942012057,"lat":49.27287766353093}}},{"type":"Feature","geometry":{"coordinates":[[-123.16831109601749,49.21718235269781],[-123.16830171526603,49.21600487483392]],"type":"LineString"},"properties":{"effluent_type":"Combined","material":"RC","geo_point_2d":{"lon":-123.16830640564176,"lat":49.216593613765866}}},{"type":"Feature","geometry":{"coordinates":[[-123.14896954419264,49.20835895592261],[-123.14906994700092,49.20824035835777],[-123.14923208500294,49.2076503364776],[-123.14923439809624,49.20764340711138],[-123.14923739818286,49.20763665676342],[-123.1492412225531,49.20763008525626],[-123.14924587147736,49.207623782542434],[-123.14925107010379,49.20761765902404],[-123.14925695572265,49.20761171452359],[-123.1492635291461,49.207606218898775],[-123.1492707895617,49.20760090229172],[-123.14927846320094,49.20759603491496],[-123.1492866873543,49.20759161659094],[-123.14929546148018,49.20758746741435],[-123.1493046491008,49.20758385742038],[-123.14931424967459,49.20758060670366],[-123.14932412645315,49.20757789534682],[-123.14933427916584,49.20757563339717],[-123.1493447080838,49.207573910807284],[-123.1493552756461,49.20757263780197],[-123.14936584483364,49.20757190451131],[-123.14937668992933,49.20757161163241],[-123.14938739938769,49.20757186764094],[-123.14939797345299,49.20757275349428]],"type":"LineString"},"properties":{"effluent_type":"Combined","material":"RC","geo_point_2d":{"lon":-123.14916136082945,"lat":49.2079306997221}}},{"type":"Feature","geometry":{"coordinates":[[-123.14885005076187,49.208653795815415],[-123.14883321110241,49.20871535432173]],"type":"LineString"},"properties":{"effluent_type":"Combined","material":"blank","geo_point_2d":{"lon":-123.14884163093214,"lat":49.208684575068574}}},{"type":"Feature","geometry":{"coordinates":[[-123.02812510990285,49.23420267843815],[-123.02812804988683,49.234687197841964]],"type":"LineString"},"properties":{"effluent_type":"Sanitary","material":"Polyvinyl Chloride","geo_point_2d":{"lon":-123.02812657989483,"lat":49.23444493814006}}},{"type":"Feature","geometry":{"coordinates":[[-123.08691515592088,49.21384654902197],[-123.08740109567799,49.21385777727644]],"type":"LineString"},"properties":{"effluent_type":"Combined","material":"Concrete","geo_point_2d":{"lon":-123.08715812579943,"lat":49.213852163149205}}},{"type":"Feature","geometry":{"coordinates":[[-123.07545691227544,49.26051439271248],[-123.07530714687915,49.26050560315804]],"type":"LineString"},"properties":{"effluent_type":"Sanitary","material":"Concrete","geo_point_2d":{"lon":-123.07538202957728,"lat":49.26050999793526}}},{"type":"Feature","geometry":{"coordinates":[[-123.11035357253556,49.20690208700857],[-123.11173029053185,49.206913329923715],[-123.11255209572802,49.206843799008546]],"type":"LineString"},"properties":{"effluent_type":"Combined","material":"Concrete","geo_point_2d":{"lon":-123.1114537436363,"lat":49.206896790362606}}},{"type":"Feature","geometry":{"coordinates":[[-123.04258561734848,49.29088868399766],[-123.04263722586003,49.29123543742318]],"type":"LineString"},"properties":{"effluent_type":"Combined","material":"blank","geo_point_2d":{"lon":-123.04261142160425,"lat":49.291062060710416}}},{"type":"Feature","geometry":{"coordinates":[[-123.02345127747888,49.29278576138396],[-123.02471789057608,49.29253918297738]],"type":"LineString"},"properties":{"effluent_type":"Combined","material":"Concrete","geo_point_2d":{"lon":-123.0240845840275,"lat":49.292662472180666}}},{"type":"Feature","geometry":{"coordinates":[[-123.2144552202201,49.275768509210984],[-123.21243516357829,49.27518440480672]],"type":"LineString"},"properties":{"effluent_type":"Combined","material":"RC","geo_point_2d":{"lon":-123.2134451918992,"lat":49.27547645700885}}},{"type":"Feature","geometry":{"coordinates":[[-123.09781324177975,49.21680567480871],[-123.09781267228013,49.21679542067304],[-123.09781114174548,49.21678525730388],[-123.09780837554423,49.21677518493381],[-123.09780451117065,49.21676529339902],[-123.09779954862537,49.216755582699484],[-123.09779362557987,49.21674623262402],[-123.09778660436373,49.216737063383505],[-123.09777848552751,49.21672835383087],[-123.09776954349051,49.21671999579032],[-123.09775964113224,49.21671208832575],[-123.09774891576872,49.2167046313207],[-123.09773750507061,49.21669780456408],[-123.09772527136731,49.216691428266564],[-123.09771235250649,49.21668577216964],[-123.09769874813331,49.21668065636779],[-123.09768473323363,49.21667626053387],[-123.09767017033165,49.21667250382641],[-123.09765533420031,49.21666945797515],[-123.0976402248567,49.216667131975235],[-123.09762470498447,49.21666552594265],[-123.09760918653025,49.216664639529085]],"type":"LineString"},"properties":{"effluent_type":"Combined","material":"blank","geo_point_2d":{"lon":-123.0977309197015,"lat":49.21671135634701}}},{"type":"Feature","geometry":{"coordinates":[[-123.20249160538457,49.275143906454694],[-123.20288552132388,49.27515041161917]],"type":"LineString"},"properties":{"effluent_type":"Combined","material":"Concrete","geo_point_2d":{"lon":-123.20268856335423,"lat":49.27514715903693}}},{"type":"Feature","geometry":{"coordinates":[[-123.02688221741572,49.29180916536995],[-123.0281415783901,49.290927852546524]],"type":"LineString"},"properties":{"effluent_type":"Combined","material":"Concrete","geo_point_2d":{"lon":-123.02751189790291,"lat":49.291368508958236}}},{"type":"Feature","geometry":{"coordinates":[[-123.07402891322546,49.21799822141401],[-123.07403776556853,49.217176812036506]],"type":"LineString"},"properties":{"effluent_type":"Combined","material":"blank","geo_point_2d":{"lon":-123.074033339397,"lat":49.21758751672526}}},{"type":"Feature","geometry":{"coordinates":[[-123.0951007490848,49.28628097237959],[-123.09548276754191,49.28572051009186],[-123.09596497693065,49.28542163286486],[-123.09765361172174,49.28503655608917],[-123.09839918646416,49.28490763445932],[-123.10067017321774,49.2844225025925],[-123.10083140791464,49.2841312692056],[-123.10103778819479,49.28405804812429],[-123.10181943943168,49.28391181110986],[-123.1018761137294,49.28392975150562]],"type":"LineString"},"properties":{"effluent_type":"Sanitary","material":"Concrete","geo_point_2d":{"lon":-123.0983895073034,"lat":49.28490490692663}}},{"type":"Feature","geometry":{"coordinates":[[-123.1438576948778,49.27342994708323],[-123.14368852182221,49.27363884604515]],"type":"LineString"},"properties":{"effluent_type":"Sanitary","material":"Fibreglass","geo_point_2d":{"lon":-123.14377310835,"lat":49.27353439656419}}},{"type":"Feature","geometry":{"coordinates":[[-123.0786001032495,49.27509038344063],[-123.0785740897102,49.275884954939585]],"type":"LineString"},"properties":{"effluent_type":"Storm","material":"blank","geo_point_2d":{"lon":-123.07858709647985,"lat":49.275487669190106}}},{"type":"Feature","geometry":{"coordinates":[[-123.05643866622032,49.253414422837885],[-123.05644154963565,49.253412352528635],[-123.05644429563296,49.25341028228644],[-123.05644690410963,49.253408122159165],[-123.05644951248354,49.25340587207968],[-123.05645198354199,49.25340371201943],[-123.05645445439508,49.25340137205481],[-123.05645678783014,49.25339903215731],[-123.05645898384724,49.25339669232691],[-123.05646117986412,49.253394352496464],[-123.05646323836042,49.25339192278097],[-123.05646515933621,49.25338940318045],[-123.05646631040308,49.25338656012826],[-123.0564667751199,49.25338436506736],[-123.05646759556319,49.25338080255913]],"type":"LineString"},"properties":{"effluent_type":"Combined","material":"blank","geo_point_2d":{"lon":-123.05645529531198,"lat":49.25339914250019}}},{"type":"Feature","geometry":{"coordinates":[[-123.13274628125433,49.204275157369416],[-123.13253043372319,49.204362677636794],[-123.13252930804947,49.20440378744896]],"type":"LineString"},"properties":{"effluent_type":"Combined","material":"Concrete","geo_point_2d":{"lon":-123.13262207697333,"lat":49.2043285692202}}},{"type":"Feature","geometry":{"coordinates":[[-123.11282946997396,49.26438345352172],[-123.11280958923024,49.26483315221255]],"type":"LineString"},"properties":{"effluent_type":"Sanitary","material":"Ductile Iron","geo_point_2d":{"lon":-123.11281952960209,"lat":49.26460830286713}}},{"type":"Feature","geometry":{"coordinates":[[-123.09328308871552,49.211119725525805],[-123.09328158689424,49.211116938199474],[-123.09327968581877,49.21111357549716],[-123.09327768866714,49.21111023086298],[-123.09319341782866,49.21096641925718],[-123.09319142068875,49.21096307462138],[-123.09318951962533,49.21095971191748],[-123.09318770090833,49.21095633115653],[-123.09318597825083,49.210952923332215],[-123.09318433795666,49.21094950644612],[-123.09318279372194,49.210946062496646],[-123.09318134556361,49.21094260047906],[-123.09317997976852,49.21093912939973],[-123.09317871004974,49.2109356402523],[-123.09317753640731,49.21093213303676],[-123.09317645885805,49.210928616748454],[-123.09317547740199,49.210925091387296],[-123.09317457829218,49.210921547969114],[-123.09317378900546,49.21091799546708],[-123.09317308209882,49.210914442898556],[-123.09317247126836,49.21091087226198],[-123.09317195654788,49.21090730154785],[-123.09317153793737,49.2109037307562],[-123.09317121540296,49.21090014189649],[-123.0931709889954,49.21089656195451],[-123.09317085868082,49.21089297293973],[-123.09317082447612,49.21088938384742],[-123.09317088639818,49.21088580367288],[-123.0931736564771,49.21080363847764]],"type":"LineString"},"properties":{"effluent_type":"Combined","material":"Concrete","geo_point_2d":{"lon":-123.09320775961805,"lat":49.210967209566654}}},{"type":"Feature","geometry":{"coordinates":[[-123.11156673030959,49.2648095862079],[-123.11095956216714,49.26479801837258]],"type":"LineString"},"properties":{"effluent_type":"Sanitary","material":"Ductile Iron","geo_point_2d":{"lon":-123.11126314623839,"lat":49.264803802290245}}},{"type":"Feature","geometry":{"coordinates":[[-123.09402712120216,49.24973936939812],[-123.09398288624521,49.25079442850487],[-123.09398100057666,49.250814489391686],[-123.09397691616729,49.2508344621147],[-123.09397049509165,49.250854076929045],[-123.09396201233909,49.250873423562986],[-123.09395133015526,49.250892322223564],[-123.09393844819657,49.25091059300595],[-123.093923641112,49.25092814573386],[-123.09390704648168,49.25094507024701],[-123.09388838897077,49.25096109691165],[-123.0938680806406,49.25097613543971],[-123.09384612166134,49.25099027578245],[-123.09382264893243,49.251003247971],[-123.09379779986538,49.251015051892885],[-123.09377171170158,49.25102559748362],[-123.09374452202373,49.25103497458292],[-123.09371636773338,49.25104291322228],[-123.09368738641388,49.25104950324162],[-123.09365772921952,49.25105474451783],[-123.09362750574124,49.251058457057056],[-123.09359700488525,49.25106082052936],[-123.09356622631402,49.25106165503022]],"type":"LineString"},"properties":{"effluent_type":"Combined","material":"blank","geo_point_2d":{"lon":-123.09393941605262,"lat":49.25050717478571}}},{"type":"Feature","geometry":{"coordinates":[[-123.05686177135021,49.2485888353579],[-123.05845280299995,49.24925011705709]],"type":"LineString"},"properties":{"effluent_type":"Sanitary","material":"Polyvinyl Chloride","geo_point_2d":{"lon":-123.05765728717509,"lat":49.24891947620749}}},{"type":"Feature","geometry":{"coordinates":[[-123.17377256771567,49.269749822963554],[-123.17373077808587,49.270896620796066]],"type":"LineString"},"properties":{"effluent_type":"Combined","material":"BR\/CON","geo_point_2d":{"lon":-123.17375167290079,"lat":49.270323221879806}}},{"type":"Feature","geometry":{"coordinates":[[-123.07837551943787,49.28691630724862],[-123.07837591710805,49.28724526927571]],"type":"LineString"},"properties":{"effluent_type":"Storm","material":"Concrete","geo_point_2d":{"lon":-123.07837571827297,"lat":49.28708078826216}}},{"type":"Feature","geometry":{"coordinates":[[-123.07710750704938,49.28566662488606],[-123.0771084635835,49.28653575553535]],"type":"LineString"},"properties":{"effluent_type":"Combined","material":"Concrete","geo_point_2d":{"lon":-123.07710798531645,"lat":49.2861011902107}}},{"type":"Feature","geometry":{"coordinates":[[-123.0754123895164,49.259698187400495],[-123.0750182755227,49.259695286649126],[-123.07500986353404,49.259694662445916],[-123.07500125725525,49.2596927970291],[-123.07499418722544,49.25968893367764],[-123.074989971637,49.259682288952924]],"type":"LineString"},"properties":{"effluent_type":"Sanitary","material":"Polyvinyl Chloride","geo_point_2d":{"lon":-123.07519882156681,"lat":49.25969632464716}}},{"type":"Feature","geometry":{"coordinates":[[-123.0786616154277,49.27222285515893],[-123.07862866267871,49.27318220568299]],"type":"LineString"},"properties":{"effluent_type":"Storm","material":"Concrete","geo_point_2d":{"lon":-123.07864513905321,"lat":49.27270253042096}}},{"type":"Feature","geometry":{"coordinates":[[-123.07403407429322,49.21305953050277],[-123.07404019931816,49.21275692521784]],"type":"LineString"},"properties":{"effluent_type":"Combined","material":"blank","geo_point_2d":{"lon":-123.07403713680569,"lat":49.212908227860304}}},{"type":"Feature","geometry":{"coordinates":[[-123.12609444696035,49.2989125199269],[-123.13038781398984,49.29867845111036],[-123.13040005344764,49.2986777176879],[-123.13041229195571,49.29867662445909],[-123.13042439268253,49.298675441433005],[-123.13043649245924,49.29867389860058],[-123.13044845421706,49.29867217601967],[-123.1304604154992,49.29867027353501],[-123.13047223852476,49.29866810135063],[-123.13048392329355,49.29866565946658],[-123.13049560758621,49.298663037678864],[-123.13050701607854,49.29866014634684],[-123.13051842409446,49.29865707511119],[-123.13052955654733,49.29865382428259],[-123.13054068828598,49.29865030359919],[-123.13055154446141,49.29864660332296],[-123.13056226261672,49.298642723298585],[-123.13057284251425,49.298638573574856],[-123.13058314684828,49.2986342442585],[-123.13059331316197,49.29862973519415],[-123.13060334145526,49.29862504638183],[-123.13113468482207,49.298365357279835]],"type":"LineString"},"properties":{"effluent_type":"Combined","material":"BR","geo_point_2d":{"lon":-123.1286435831279,"lat":49.298754792163194}}},{"type":"Feature","geometry":{"coordinates":[[-123.02505131726218,49.23409585667122],[-123.02590480048812,49.2340914496667]],"type":"LineString"},"properties":{"effluent_type":"Storm","material":"Concrete","geo_point_2d":{"lon":-123.02547805887515,"lat":49.23409365316895}}},{"type":"Feature","geometry":{"coordinates":[[-123.02590479992367,49.23409037023679],[-123.02712861325718,49.234079079140486]],"type":"LineString"},"properties":{"effluent_type":"Storm","material":"Concrete","geo_point_2d":{"lon":-123.02651670659043,"lat":49.23408472468864}}},{"type":"Feature","geometry":{"coordinates":[[-123.1407991806553,49.2676904432507],[-123.14072559457186,49.2694623893889]],"type":"LineString"},"properties":{"effluent_type":"Combined","material":"Concrete","geo_point_2d":{"lon":-123.14076238761359,"lat":49.2685764163198}}},{"type":"Feature","geometry":{"coordinates":[[-123.14860835046719,49.212352269152795],[-123.14863225813812,49.21173957826617]],"type":"LineString"},"properties":{"effluent_type":"Combined","material":"blank","geo_point_2d":{"lon":-123.14862030430264,"lat":49.21204592370948}}},{"type":"Feature","geometry":{"coordinates":[[-123.1688007894489,49.22516347019081],[-123.16881822011288,49.22451910452797],[-123.1687925503979,49.22448244133531]],"type":"LineString"},"properties":{"effluent_type":"Combined","material":"Concrete","geo_point_2d":{"lon":-123.16880923732231,"lat":49.224819179594796}}},{"type":"Feature","geometry":{"coordinates":[[-123.1681157617692,49.2262023432706],[-123.16841206105326,49.22574873905785]],"type":"LineString"},"properties":{"effluent_type":"Combined","material":"RC","geo_point_2d":{"lon":-123.16826391141122,"lat":49.225975541164225}}},{"type":"Feature","geometry":{"coordinates":[[-123.06917602638603,49.259451824832624],[-123.06917561588851,49.25947278392041],[-123.06901510646527,49.25967032479093],[-123.06901469840649,49.25969308291805]],"type":"LineString"},"properties":{"effluent_type":"Sanitary","material":"Concrete","geo_point_2d":{"lon":-123.0690948760427,"lat":49.25957228185412}}},{"type":"Feature","geometry":{"coordinates":[[-123.1739485960317,49.264914986766506],[-123.17402879391977,49.26504278684814]],"type":"LineString"},"properties":{"effluent_type":"Combined","material":"RC","geo_point_2d":{"lon":-123.17398869497573,"lat":49.26497888680733}}},{"type":"Feature","geometry":{"coordinates":[[-123.13134110473335,49.2659487765233],[-123.13134120283617,49.26594948703284],[-123.1313417346337,49.26595305752413],[-123.13134234887882,49.26595661892647],[-123.13134307306207,49.26596017120864],[-123.13134389346205,49.26596372338142],[-123.13134479628583,49.265967257470095],[-123.13134580904777,49.26597078243857],[-123.13134690425743,49.26597429831814],[-123.13134809566006,49.2659778050931],[-123.13134938323176,49.265981293768334],[-123.13135075322738,49.26598476435945],[-123.13135223313735,49.265988216835176],[-123.13135379549514,49.265991660221935],[-123.131355440253,49.2659950765294],[-123.1313571949253,49.26599847472146],[-123.13135901827631,49.26600185484502],[-123.1313609515418,49.26600521685317],[-123.13136296720741,49.266008551782015],[-123.13136506529702,49.266011868626684],[-123.13136725953203,49.266015158376405],[-123.13136953616718,49.266018421046745],[-123.13137189520256,49.26602165663777],[-123.13137435038333,49.2660248651338],[-123.13137688796432,49.266028046550474],[-123.13137950792164,49.266031191892644],[-123.13138221030307,49.26603431915056],[-123.13138499503697,49.26603740133879],[-123.13138786219498,49.26604046544282],[-123.13139081170549,49.2660434844771],[-123.13139384361624,49.266046476432],[-123.1313969579034,49.2660494323123],[-123.1314001408217,49.266052352133705],[-123.13140340609249,49.266055226885285],[-123.13140675376359,49.26605807455749],[-123.13141017004195,49.26606087717552],[-123.13141365495143,49.266063643734576],[-123.13141722223739,49.26606637421903],[-123.1314208581067,49.26606905065415],[-123.13142456263107,49.266071700025435],[-123.1314283494841,49.26607429533176],[-123.131432191223,49.2660768545947],[-123.13143610156921,49.26607936880343],[-123.13144008049879,49.26608182896282],[-123.13144412805954,49.266084253063156],[-123.13144824420367,49.26608662311411],[-123.13145241523372,49.26608895712166],[-123.13145664110183,49.26609123709545],[-123.13146093555333,49.26609346301983],[-123.1314652848668,49.26609564390561],[-123.13146970278756,49.266097779737144],[-123.1314741617772,49.26609985255535],[-123.131478689398,49.26610188931451],[-123.13148325808767,49.26610386306028],[-123.13148788161541,49.266105782772264],[-123.13149256000511,49.26610765744563],[-123.13149729323283,49.26610947808515],[-123.1315020675294,49.266111235711335],[-123.13150688294259,49.26611294831448],[-123.13151175316992,49.26611459788862],[-123.13151665076857,49.266116202455386],[-123.13152160318131,49.26611774399313],[-123.13152659666282,49.26611922251746],[-123.13153163126091,49.2661206560188],[-123.13153669315858,49.266122017527174],[-123.13154179617281,49.26612333401254],[-123.13154692651047,49.266124587500094],[-123.13155209791684,49.266125777974295],[-123.13155729667051,49.26612691444587],[-123.13156253649288,49.26612798790404],[-123.13156778991726,49.26612900737528],[-123.13157307066498,49.26612996384869],[-123.13157837873605,49.26613085732438],[-123.13158371413043,49.26613168780225],[-123.13158906312675,49.26613246429319],[-123.13159443944636,49.266133177786315],[-123.13159982934394,49.26613382829731],[-123.13160523281948,49.266134415826144],[-123.13161066361823,49.26613494035723],[-123.13161609424965,49.2661354019218],[-123.13162153848286,49.26613580949942],[-123.13162699627004,49.266136145099686],[-123.131632467659,49.266136426713004],[-123.13163793888052,49.26613664535981],[-123.13164340991064,49.266136792044946],[-123.13164889454245,49.26613688474314]],"type":"LineString"},"properties":{"effluent_type":"Combined","material":"Concrete","geo_point_2d":{"lon":-123.131470936051,"lat":49.266076281689806}}},{"type":"Feature","geometry":{"coordinates":[[-123.14865914987408,49.210428021336014],[-123.14865449141841,49.20939175168449]],"type":"LineString"},"properties":{"effluent_type":"Combined","material":"RC","geo_point_2d":{"lon":-123.14865682064624,"lat":49.20990988651025}}},{"type":"Feature","geometry":{"coordinates":[[-123.0943050641037,49.21429138882051],[-123.09758735834698,49.21435148550961]],"type":"LineString"},"properties":{"effluent_type":"Combined","material":"Concrete","geo_point_2d":{"lon":-123.09594621122534,"lat":49.21432143716506}}},{"type":"Feature","geometry":{"coordinates":[[-123.0482121888314,49.24246745613771],[-123.04759402638429,49.24310964853125]],"type":"LineString"},"properties":{"effluent_type":"Sanitary","material":"Concrete","geo_point_2d":{"lon":-123.04790310760785,"lat":49.24278855233448}}},{"type":"Feature","geometry":{"coordinates":[[-123.05130573144801,49.246328173594314],[-123.05130513939595,49.2474806787541],[-123.051305362202,49.247483539138145],[-123.0513056384494,49.24748493327604],[-123.0513059694803,49.24748615648026],[-123.05130635537854,49.247487289707784],[-123.05130682375491,49.2474884588796],[-123.05130731948107,49.24748950210606],[-123.05130799404347,49.24749075214339],[-123.0513089987141,49.247492334857576],[-123.05131030579837,49.24749404337069],[-123.05131190150023,49.24749582371741],[-123.0513139232864,49.247497738803304],[-123.05131549097688,49.24749900643437],[-123.05131738853335,49.24750037286637],[-123.05131971212757,49.247501829061406],[-123.05132184304293,49.24750297950416],[-123.05132470238176,49.24750431852314],[-123.05132635197276,49.24750506439435],[-123.05132790513106,49.24750556743717],[-123.05132932085996,49.24750604355533],[-123.05133094271905,49.2475065465676],[-123.05133245455443,49.24750695068118],[-123.05133446111891,49.24750743553203],[-123.05133529946349,49.24750762405934],[-123.05133622029557,49.247507857526124]],"type":"LineString"},"properties":{"effluent_type":"Combined","material":"Concrete","geo_point_2d":{"lon":-123.05130587971698,"lat":49.24692649491409}}},{"type":"Feature","geometry":{"coordinates":[[-123.08127596441999,49.26487371465103],[-123.08127282453407,49.26503742055778]],"type":"LineString"},"properties":{"effluent_type":"Sanitary","material":"Steel","geo_point_2d":{"lon":-123.08127439447702,"lat":49.2649555676044}}},{"type":"Feature","geometry":{"coordinates":[[-123.07934359918157,49.26410166817049],[-123.07934313982095,49.264123778697815]],"type":"LineString"},"properties":{"effluent_type":"Sanitary","material":"blank","geo_point_2d":{"lon":-123.07934336950127,"lat":49.26411272343415}}},{"type":"Feature","geometry":{"coordinates":[[-123.13766857076793,49.20326084225046],[-123.13765246174927,49.20324377037595],[-123.13763553007011,49.203227059291535],[-123.13761750117423,49.203210709323955],[-123.13759865011806,49.203194900051095],[-123.13757897665221,49.203179541519766],[-123.13755834349872,49.203164633893145],[-123.1375370252142,49.20315017684371],[-123.13751488501939,49.20313635044],[-123.13749192266476,49.20312306472885],[-123.13746813792581,49.20311023875225],[-123.13744379232878,49.203098124067026],[-123.13741877557703,49.20308654989328],[-123.13739307394245,49.2030755162469],[-123.13736668792298,49.20306520303289],[-123.13733989184942,49.20305552896688],[-123.1373125346656,49.20304647623755],[-123.1372846441002,49.20303814375988],[-123.1372563434534,49.203030441433924],[-123.13722763297321,49.20302345921213],[-123.13719055228857,49.20301783622067],[-123.1371537444265,49.20301158322218],[-123.13711720963697,49.20300479016961],[-123.13708094792106,49.202997457063276],[-123.13704495905615,49.20298950294595],[-123.13700924299374,49.20298090982734],[-123.13697393728602,49.202971776492916],[-123.13693904193391,49.20296210294302],[-123.13690441941242,49.20295179938803],[-123.13687019354556,49.20294096462976],[-123.13683639174008,49.20292958064553],[-123.13680300029384,49.2029176564472],[-123.13677015648513,49.202905191872574],[-123.13673772303717,49.20289218708466],[-123.13670583722812,49.202878641921274],[-123.13667449930645,49.202864646335634],[-123.13664370902472,49.20285011037544],[-123.13661346640826,49.20283504303639],[-123.1365837716557,49.20281951628113],[-123.13655667864374,49.20280659507998],[-123.13652932556218,49.20279394403895],[-123.13650169868303,49.20278156317407],[-123.13647379775853,49.20276936253242],[-123.13644562328354,49.20275752201924],[-123.136417312312,49.20274596051478],[-123.13638859024003,49.20273466035258],[-123.13635973139878,49.20272354025073],[-123.13633046172872,49.20271278043868],[-123.13630104180842,49.20270229065558],[-123.13627149909283,49.202692070868906],[-123.13624168282412,49.20268221120948],[-123.13621159250772,49.20267253177154],[-123.1361812286621,49.202663221455694],[-123.13615071453957,49.20265417217275],[-123.13612007761975,49.20264539288555],[-123.13608916689778,49.20263688377189],[-123.13605811989682,49.20262873462261],[-123.1360269363695,49.20262085548486],[-123.13576820944118,49.202535353700746],[-123.13575557969902,49.202530241222995],[-123.13574279895536,49.20252512892133],[-123.13573001870671,49.202520196523736],[-123.13571710118418,49.20251526428597],[-123.13570404688011,49.20251051211356],[-123.13569099257855,49.202505759939655],[-123.13567793877164,49.20250118766976],[-123.13566461041445,49.20249661572087],[-123.13565141982811,49.20249222351467],[-123.1356380919678,49.202487831468176],[-123.13562462732548,49.202483619486834],[-123.13561116268546,49.202479407503894],[-123.13559756101738,49.202475285633284],[-123.13558395984337,49.20247134366654],[-123.13557035867154,49.202467401698215],[-123.13555662074192,49.202463648790136],[-123.13554274551355,49.20245988704624],[-123.13552887077893,49.20245630520616],[-123.13551499631666,49.20245282231242],[-123.13526417313471,49.20239563633363],[-123.13524947453638,49.20239196547174],[-123.13523477594022,49.202388294607964],[-123.1352199405607,49.20238480380852],[-123.1352049541796,49.20238131318393],[-123.13518998201863,49.202378002446814],[-123.13517501010483,49.20237478166051],[-123.13515990116213,49.202371650985604],[-123.1351449297424,49.20236861010088],[-123.13512968404217,49.20236566848343],[-123.13511457584025,49.20236280766087],[-123.1350993308542,49.20236012690237],[-123.13508408586978,49.202357446141846],[-123.13506870410097,49.20235494544533],[-123.1350533225787,49.20235253469952],[-123.13503794130285,49.20235021390441],[-123.13502256027334,49.20234798305999],[-123.13500717949007,49.20234584216625],[-123.134991661677,49.202343791383655],[-123.13497614411007,49.20234183055171],[-123.13517634529919,49.201711286496746],[-123.13503681105865,49.20169310828839],[-123.13504089278868,49.20167970051292],[-123.13500820979927,49.20167542097385]],"type":"LineString"},"properties":{"effluent_type":"Sanitary","material":"Polyvinyl Chloride","geo_point_2d":{"lon":-123.13605796726806,"lat":49.20256313874304}}},{"type":"Feature","geometry":{"coordinates":[[-123.06758258655816,49.258640275379875],[-123.06904680680744,49.25865131928272]],"type":"LineString"},"properties":{"effluent_type":"Sanitary","material":"Polyvinyl Chloride","geo_point_2d":{"lon":-123.0683146966828,"lat":49.2586457973313}}},{"type":"Feature","geometry":{"coordinates":[[-123.18555877647755,49.22944327057578],[-123.1855708123938,49.2290299188433]],"type":"LineString"},"properties":{"effluent_type":"Combined","material":"RC","geo_point_2d":{"lon":-123.18556479443568,"lat":49.22923659470954}}},{"type":"Feature","geometry":{"coordinates":[[-123.18843726972683,49.230618105903595],[-123.18845100270525,49.23022744622613],[-123.19016394245598,49.229190192792785]],"type":"LineString"},"properties":{"effluent_type":"Combined","material":"Concrete","geo_point_2d":{"lon":-123.18916646936411,"lat":49.22982542547542}}},{"type":"Feature","geometry":{"coordinates":[[-123.13633252714739,49.2947204777067],[-123.13625688503598,49.294720800795304]],"type":"LineString"},"properties":{"effluent_type":"Sanitary","material":"High Density Polyethylene","geo_point_2d":{"lon":-123.1362947060917,"lat":49.294720639251}}},{"type":"Feature","geometry":{"coordinates":[[-123.03086688865486,49.2069409632841],[-123.02957769468925,49.20683446351221]],"type":"LineString"},"properties":{"effluent_type":"Sanitary","material":"blank","geo_point_2d":{"lon":-123.03022229167206,"lat":49.20688771339816}}},{"type":"Feature","geometry":{"coordinates":[[-123.07953299818503,49.26381710958834],[-123.07949003979641,49.263881661753516]],"type":"LineString"},"properties":{"effluent_type":"Sanitary","material":"blank","geo_point_2d":{"lon":-123.07951151899074,"lat":49.26384938567092}}},{"type":"Feature","geometry":{"coordinates":[[-123.05899242976997,49.25678427585016],[-123.06046781127128,49.25803609667659]],"type":"LineString"},"properties":{"effluent_type":"Sanitary","material":"Polyvinyl Chloride","geo_point_2d":{"lon":-123.05973012052063,"lat":49.25741018626337}}},{"type":"Feature","geometry":{"coordinates":[[-123.04716474667467,49.240837537509165],[-123.04800941834631,49.24117750647481]],"type":"LineString"},"properties":{"effluent_type":"Sanitary","material":"blank","geo_point_2d":{"lon":-123.0475870825105,"lat":49.24100752199199}}},{"type":"Feature","geometry":{"coordinates":[[-123.08352919918947,49.28314837043812],[-123.08333251824443,49.283034003871705],[-123.08332302164926,49.28302861361509],[-123.0833131130108,49.283023493510015],[-123.08330279232902,49.28301864355637],[-123.08329233460381,49.28301406355582],[-123.08328160233508,49.28300975360744],[-123.08327059567415,49.28300580366278],[-123.08325931431803,49.2830020338185],[-123.08324775856946,49.28299862397778],[-123.08323606577675,49.282995484089874],[-123.08322423593975,49.28299261415473],[-123.08321226920965,49.28299010412393],[-123.08320002793502,49.2829878641448],[-123.08318778726671,49.28298598397097],[-123.08317540970461,49.28298446370133],[-123.08316289509717,49.28298321338426],[-123.08315038094413,49.282982232920745],[-123.08313772989658,49.28298161236136],[-123.08312507945412,49.28298135160713],[-123.08311242961652,49.2829814506581],[-123.08229762105655,49.28299148777277],[-123.08222806539654,49.28300314106534],[-123.08182032018745,49.28305155468436],[-123.07986272866685,49.28330659714075]],"type":"LineString"},"properties":{"effluent_type":"Combined","material":"Concrete","geo_point_2d":{"lon":-123.08171074154525,"lat":49.283100305353955}}},{"type":"Feature","geometry":{"coordinates":[[-123.09822956510111,49.21436334566012],[-123.09855612059991,49.2142488184103]],"type":"LineString"},"properties":{"effluent_type":"Combined","material":"Concrete","geo_point_2d":{"lon":-123.0983928428505,"lat":49.21430608203521}}},{"type":"Feature","geometry":{"coordinates":[[-123.09779822408092,49.21435813458985],[-123.09773126388453,49.214354062428264]],"type":"LineString"},"properties":{"effluent_type":"Combined","material":"Concrete","geo_point_2d":{"lon":-123.09776474398271,"lat":49.21435609850906}}},{"type":"Feature","geometry":{"coordinates":[[-123.02957769468925,49.20683446351221],[-123.02758076559863,49.206669732066025]],"type":"LineString"},"properties":{"effluent_type":"Sanitary","material":"blank","geo_point_2d":{"lon":-123.02857923014395,"lat":49.20675209778912}}},{"type":"Feature","geometry":{"coordinates":[[-123.03466705323633,49.23686672317639],[-123.0356303363976,49.237253414551276]],"type":"LineString"},"properties":{"effluent_type":"Sanitary","material":"blank","geo_point_2d":{"lon":-123.03514869481695,"lat":49.23706006886383}}},{"type":"Feature","geometry":{"coordinates":[[-123.1081934572227,49.25942188484676],[-123.109318842529,49.25944150551436]],"type":"LineString"},"properties":{"effluent_type":"Combined","material":"BR\/CON","geo_point_2d":{"lon":-123.10875614987586,"lat":49.25943169518056}}},{"type":"Feature","geometry":{"coordinates":[[-123.09855612059991,49.2142488184103],[-123.1016599930567,49.21430684657343]],"type":"LineString"},"properties":{"effluent_type":"Combined","material":"Concrete","geo_point_2d":{"lon":-123.10010805682829,"lat":49.21427783249186}}},{"type":"Feature","geometry":{"coordinates":[[-123.1016599930567,49.21430684657343],[-123.10180926734876,49.21430935971482]],"type":"LineString"},"properties":{"effluent_type":"Combined","material":"Concrete","geo_point_2d":{"lon":-123.10173463020273,"lat":49.21430810314412}}},{"type":"Feature","geometry":{"coordinates":[[-123.13642491763703,49.29469909512094],[-123.13639304083077,49.29472021740114]],"type":"LineString"},"properties":{"effluent_type":"Sanitary","material":"High Density Polyethylene","geo_point_2d":{"lon":-123.13640897923388,"lat":49.29470965626104}}},{"type":"Feature","geometry":{"coordinates":[[-123.10188752245082,49.214310541059696],[-123.1022893344916,49.21415242666256]],"type":"LineString"},"properties":{"effluent_type":"Combined","material":"Concrete","geo_point_2d":{"lon":-123.1020884284712,"lat":49.21423148386113}}},{"type":"Feature","geometry":{"coordinates":[[-123.02364232524467,49.20555500001669],[-123.02373567948443,49.20555561953656],[-123.02382877357192,49.20555766928651],[-123.02392185467622,49.2055612481642],[-123.02401479921008,49.20556627523773],[-123.02410748361612,49.205572732542606],[-123.0242000040063,49.2055806290546],[-123.02429212704769,49.205590054776145],[-123.02438385266456,49.20560083879758],[-123.02447529077236,49.20561314301189],[-123.02456604316701,49.20562679659379],[-123.02465638447539,49.20564189843456],[-123.02474619113914,49.20565843057099],[-123.02483529843187,49.20567641103035],[-123.02492372003492,49.20569573186777],[-123.02501146968777,49.205716402077066],[-123.02509836897545,49.20573852064685],[-123.02518445903527,49.205761979626466],[-123.0252697398823,49.20578679700832],[-123.02535404672864,49.2058128738821]],"type":"LineString"},"properties":{"effluent_type":"Sanitary","material":"blank","geo_point_2d":{"lon":-123.02450488412241,"lat":49.20563999658574}}},{"type":"Feature","geometry":{"coordinates":[[-123.1131737684396,49.25712474630736],[-123.11314534118796,49.2578731581174]],"type":"LineString"},"properties":{"effluent_type":"Combined","material":"blank","geo_point_2d":{"lon":-123.11315955481378,"lat":49.25749895221238}}},{"type":"Feature","geometry":{"coordinates":[[-123.18766557264645,49.265327423349454],[-123.18766713978368,49.265327474775304],[-123.18767042515107,49.26532755039591],[-123.187673710382,49.265327590035795],[-123.1876770091874,49.265327584677514],[-123.18768029414538,49.265327552356],[-123.18768357893282,49.26532747505863],[-123.18768686358375,49.26532736178056],[-123.1876901480982,49.26532721252178],[-123.18769341873113,49.26532702730463],[-123.18769668922756,49.26532680610677],[-123.18769995955336,49.26532653993307],[-123.18770321599762,49.265326237800984],[-123.18770645859445,49.265325908705684],[-123.18770970102064,49.265325534634506],[-123.18771292956525,49.265325124604985],[-123.1877161442283,49.265324678617084],[-123.18771935872067,49.265324187653306],[-123.18772254562059,49.265323669748675],[-123.1877257186389,49.26532311588569],[-123.18772889148651,49.26532251704683],[-123.18773203674165,49.26532189126711],[-123.18773515437013,49.26532122955133],[-123.18773827182793,49.26532052285972],[-123.18774136169318,49.26531978922723],[-123.18774443767683,49.265319019636394],[-123.18774748603381,49.26531821410952],[-123.18775050676415,49.265317372646635],[-123.18775351361283,49.2653164952254],[-123.18775649286901,49.26531559086328],[-123.18775945824352,49.26531465054284],[-123.18776238224632,49.26531367430869],[-123.18776529236749,49.2653126621162],[-123.18776816111692,49.265311614010045],[-123.18777101601883,49.26531053894071],[-123.18777382958318,49.26530943695283],[-123.1877766292317,49.26530829001148],[-123.18777938757678,49.26530712514678],[-123.187782104516,49.26530591537324],[-123.18778480764179,49.265304687631684],[-123.18778746936175,49.265303414981325],[-123.18779008977823,49.26530212440761],[-123.18779268256802,49.26530079789791],[-123.18779524776521,49.265299444447365],[-123.18779775787978,49.26529806410067],[-123.18780024036765,49.26529664781801],[-123.18780269529707,49.26529521358967],[-123.18780509510975,49.26529374347001],[-123.18780746732983,49.26529224640954],[-123.1878097844673,49.26529072245293],[-123.18781207404633,49.26528918055065],[-123.18781432225363,49.26528760273476],[-123.18781651541244,49.26528600701788],[-123.18781868097865,49.26528438436018],[-123.18782079146229,49.26528273480636],[-123.1878228606083,49.265281058334075],[-123.18782488845089,49.26527936393849],[-123.18782686121085,49.26527764264677],[-123.1878288064124,49.26527590340941],[-123.18783068278633,49.26527413729827],[-123.18783253160183,49.265272353241485],[-123.18783432536887,49.26527055128376],[-123.18783606408745,49.265268731425074],[-123.1878377614685,49.265266884647936],[-123.18783940380106,49.26526501996985],[-123.18784100483023,49.2652631373685],[-123.18784253706596,49.26526123688851],[-123.18784404174328,49.265259318462896],[-123.18784547762715,49.2652573821587],[-123.18784687224178,49.26525543692637],[-123.18784821177383,49.26525346479796],[-123.18784949629165,49.26525148376377],[-123.18785072579522,49.26524949382378],[-123.18785191396121,49.26524747696537],[-123.18785303340213,49.265245460218665],[-123.18785409779466,49.26524342557105],[-123.18785512088384,49.265241373000165],[-123.18785608899293,49.26523932051866],[-123.18785698830862,49.2652372501586],[-123.18785784635513,49.2652351708704],[-123.18785863564246,49.26523308269877],[-123.18785938366054,49.26523098559905],[-123.18786006291947,49.26522887961589],[-123.18786068716422,49.26522676472699],[-123.18786127017391,49.26522464990512],[-123.1878617843903,49.26522251720466],[-123.1878622436608,49.26522039358877],[-123.18786263413804,49.265218252094286],[-123.18786298338024,49.265216110666884],[-123.18786327764246,49.265213969328855],[-123.18786350314558,49.265211819107414],[-123.1878636736687,49.265209668975366],[-123.18786378921183,49.26520751893271],[-123.1878637890411,49.265207473956956]],"type":"LineString"},"properties":{"effluent_type":"Combined","material":"RC","geo_point_2d":{"lon":-123.1877817545041,"lat":49.26529077255889}}},{"type":"Feature","geometry":{"coordinates":[[-123.11759806631575,49.26043439851445],[-123.11551761119354,49.2604006693932]],"type":"LineString"},"properties":{"effluent_type":"Combined","material":"blank","geo_point_2d":{"lon":-123.11655783875464,"lat":49.26041753395383}}},{"type":"Feature","geometry":{"coordinates":[[-123.1882075145891,49.2426101422433],[-123.18821358541295,49.24222649419288]],"type":"LineString"},"properties":{"effluent_type":"Combined","material":"Concrete","geo_point_2d":{"lon":-123.18821055000102,"lat":49.24241831821808}}},{"type":"Feature","geometry":{"coordinates":[[-123.07996584306179,49.26605254152693],[-123.07970078528555,49.26602249179598]],"type":"LineString"},"properties":{"effluent_type":"Sanitary","material":"blank","geo_point_2d":{"lon":-123.07983331417367,"lat":49.266037516661456}}},{"type":"Feature","geometry":{"coordinates":[[-123.0789174918926,49.26860536223481],[-123.07890878904804,49.269164590562426]],"type":"LineString"},"properties":{"effluent_type":"Sanitary","material":"Concrete","geo_point_2d":{"lon":-123.07891314047032,"lat":49.26888497639862}}},{"type":"Feature","geometry":{"coordinates":[[-123.04890921941383,49.24154426972142],[-123.04828591995113,49.24129300704778]],"type":"LineString"},"properties":{"effluent_type":"Sanitary","material":"blank","geo_point_2d":{"lon":-123.04859756968249,"lat":49.241418638384594}}},{"type":"Feature","geometry":{"coordinates":[[-123.145596861712,49.290463747765834],[-123.14562252450519,49.29044554519373],[-123.14562595218044,49.29044203275946],[-123.1456289670293,49.29043843089367],[-123.14563170657216,49.29043473942313],[-123.14563403302375,49.29043086856977],[-123.14563608416948,49.2904269081117],[-123.14563772275405,49.29042294817354],[-123.14563894851257,49.29041889880396],[-123.14563989896547,49.29041475982971],[-123.14564043685743,49.29041062137541],[-123.14564056218867,49.29040648344105],[-123.14564027495922,49.29040234602666],[-123.14563971268942,49.29039820895891],[-123.14563860060392,49.290394162535755],[-123.14563721347821,49.290390116459214],[-123.14563555131242,49.29038607072931],[-123.14563333959617,49.29038220559526],[-123.14563085310496,49.29037843075911],[-123.14562809157383,49.29037465626953],[-123.14562491801263,49.29037106220247],[-123.14562146994157,49.29036764838452]],"type":"LineString"},"properties":{"effluent_type":"Combined","material":"blank","geo_point_2d":{"lon":-123.14562759401306,"lat":49.29041908083227}}},{"type":"Feature","geometry":{"coordinates":[[-123.14494155496838,49.29082761644999],[-123.14500454033369,49.29078553000902]],"type":"LineString"},"properties":{"effluent_type":"Combined","material":"RC","geo_point_2d":{"lon":-123.14497304765105,"lat":49.2908065732295}}},{"type":"Feature","geometry":{"coordinates":[[-123.07837551943787,49.28691630724862],[-123.07837563513408,49.286902544562366]],"type":"LineString"},"properties":{"effluent_type":"Storm","material":"Concrete","geo_point_2d":{"lon":-123.07837557728598,"lat":49.28690942590549}}},{"type":"Feature","geometry":{"coordinates":[[-123.10233727226047,49.28104033625858],[-123.10233096094038,49.28117973113296]],"type":"LineString"},"properties":{"effluent_type":"Sanitary","material":"Polyvinyl Chloride","geo_point_2d":{"lon":-123.10233411660042,"lat":49.28111003369577}}},{"type":"Feature","geometry":{"coordinates":[[-123.09421711805494,49.21335250592061],[-123.09421695852436,49.213340812181336],[-123.09421542609927,49.213329209514704],[-123.09421279522277,49.213317607743924],[-123.09420879179547,49.21330627695107],[-123.09420341547634,49.21329503723055],[-123.09419692766132,49.213284158227545],[-123.09418921850583,49.21327364003144],[-123.09418042531686,49.21326348253004],[-123.09417052080448,49.213253775698206],[-123.09415951869973,49.21324451952442],[-123.09414755647998,49.21323580384922],[-123.094134634487,49.21322780857764],[-123.09412088968537,49.21322035369215],[-123.09410632224579,49.21321352914511],[-123.09409106981566,49.21320751472982],[-123.09407513222384,49.213202220493265],[-123.09405864677599,49.21319764632338],[-123.09404175094835,49.213193882060835],[-123.09402444491083,49.213191017658175],[-123.09400700293371,49.21318887298628],[-123.09398915074503,49.21318762817399]],"type":"LineString"},"properties":{"effluent_type":"Combined","material":"blank","geo_point_2d":{"lon":-123.09412649706682,"lat":49.2132431492468}}},{"type":"Feature","geometry":{"coordinates":[[-123.1157403834629,49.23725275243964],[-123.11600115426417,49.237274286372134],[-123.11601750521122,49.237275799144655],[-123.11603399142491,49.237276412254246],[-123.11605047553152,49.23727612583883],[-123.11606695753018,49.23727493989842],[-123.11608316267433,49.23727285470907],[-123.11609909117401,49.2372699602232],[-123.11611460544474,49.237266166626725],[-123.11612956832396,49.23726156401014],[-123.11614384241722,49.237256143516575],[-123.11615742797714,49.237250013088975],[-123.11617018739861,49.23724307391822],[-123.11618196999336,49.237235506061104],[-123.11619280344692,49.23722739944258],[-123.11620267381112,49.237218664124406],[-123.11621130655183,49.2372093903355],[-123.11621870209163,49.237199757980676],[-123.11622486043103,49.23718976706015],[-123.11622978157068,49.23717941757415],[-123.1162334657223,49.23716879947505],[-123.11623563856382,49.23715809294397],[-123.11623657484114,49.237147297704546],[-123.11623608244473,49.23713650390258]],"type":"LineString"},"properties":{"effluent_type":"Storm","material":"blank","geo_point_2d":{"lon":-123.11601720290756,"lat":49.23724898980019}}},{"type":"Feature","geometry":{"coordinates":[[-123.11277177042214,49.23749651821543],[-123.11286280781185,49.237026166767805]],"type":"LineString"},"properties":{"effluent_type":"Storm","material":"blank","geo_point_2d":{"lon":-123.112817289117,"lat":49.23726134249162}}},{"type":"Feature","geometry":{"coordinates":[[-123.04422554952228,49.25673073005414],[-123.04422630794008,49.25665669914501]],"type":"LineString"},"properties":{"effluent_type":"Storm","material":"blank","geo_point_2d":{"lon":-123.04422592873118,"lat":49.25669371459958}}},{"type":"Feature","geometry":{"coordinates":[[-123.1151735034659,49.260829265929026],[-123.11513414979623,49.261890533029096],[-123.11513378705479,49.261894122478985],[-123.11513334182769,49.26189770301585],[-123.11513278662665,49.26190127466711],[-123.11513214896084,49.261904846400505],[-123.11513141506516,49.26190840923459],[-123.11513058491872,49.26191195417417],[-123.11512964481916,49.26191549922328],[-123.11512863597795,49.26191903534569],[-123.11512751714177,49.26192255358726],[-123.11512630205469,49.26192605393431],[-123.1151250044818,49.26192954536833],[-123.11512361065797,49.261933018907825],[-123.11512212060414,49.261936483547956],[-123.11512053427845,49.26193992129837],[-123.11511886546683,49.261943350135745],[-123.11511710038332,49.26194675208339],[-123.11511525279292,49.261950136122756],[-123.1151133089306,49.261953493272415],[-123.1151112688172,49.2619568325275],[-123.115109146176,49.26196014487917],[-123.11510694102785,49.261963439322535],[-123.11510465333095,49.2619666978673],[-123.1151022693829,49.26196993851746],[-123.11509978916285,49.26197315227784],[-123.11509611644505,49.2619777614835]],"type":"LineString"},"properties":{"effluent_type":"Combined","material":"blank","geo_point_2d":{"lon":-123.11515097195512,"lat":49.26140796151482}}},{"type":"Feature","geometry":{"coordinates":[[-123.18800810663075,49.25672184605272],[-123.18801152165668,49.25559115902054],[-123.18803657201015,49.253781737784415],[-123.18804124712224,49.25298658810592]],"type":"LineString"},"properties":{"effluent_type":"Combined","material":"BHS","geo_point_2d":{"lon":-123.18802290252971,"lat":49.254854205680964}}},{"type":"Feature","geometry":{"coordinates":[[-123.0940666705353,49.248692454577665],[-123.09402712120216,49.24973936939812]],"type":"LineString"},"properties":{"effluent_type":"Combined","material":"blank","geo_point_2d":{"lon":-123.09404689586873,"lat":49.24921591198789}}},{"type":"Feature","geometry":{"coordinates":[[-123.06375453707179,49.25349167333512],[-123.0644925615212,49.25369727225296]],"type":"LineString"},"properties":{"effluent_type":"Combined","material":"BR\/CON","geo_point_2d":{"lon":-123.0641235492965,"lat":49.253594472794035}}},{"type":"Feature","geometry":{"coordinates":[[-123.0644925615212,49.25369727225296],[-123.06796602055371,49.25465504404571]],"type":"LineString"},"properties":{"effluent_type":"Combined","material":"BR\/CON","geo_point_2d":{"lon":-123.06622929103746,"lat":49.254176158149335}}},{"type":"Feature","geometry":{"coordinates":[[-123.1103510868057,49.205575355196565],[-123.11037724161409,49.20502730070736]],"type":"LineString"},"properties":{"effluent_type":"Combined","material":"Concrete","geo_point_2d":{"lon":-123.1103641642099,"lat":49.20530132795196}}},{"type":"Feature","geometry":{"coordinates":[[-123.08160615203916,49.257542287791935],[-123.0809841233071,49.25793114781403]],"type":"LineString"},"properties":{"effluent_type":"Combined","material":"blank","geo_point_2d":{"lon":-123.08129513767312,"lat":49.257736717802985}}},{"type":"Feature","geometry":{"coordinates":[[-123.07891748331019,49.26951350827706],[-123.07890431526678,49.26984159903427]],"type":"LineString"},"properties":{"effluent_type":"Sanitary","material":"Steel","geo_point_2d":{"lon":-123.0789108992885,"lat":49.26967755365567}}},{"type":"Feature","geometry":{"coordinates":[[-123.17387920667683,49.26683820334183],[-123.17381782267621,49.268521766013464]],"type":"LineString"},"properties":{"effluent_type":"Combined","material":"BR\/CON","geo_point_2d":{"lon":-123.17384851467652,"lat":49.26767998467765}}},{"type":"Feature","geometry":{"coordinates":[[-123.1038881119653,49.223845163440174],[-123.10391569489462,49.22289828763713]],"type":"LineString"},"properties":{"effluent_type":"Combined","material":"Concrete","geo_point_2d":{"lon":-123.10390190342997,"lat":49.223371725538655}}},{"type":"Feature","geometry":{"coordinates":[[-123.1019055537693,49.22014285675993],[-123.10193715956738,49.219298361501025]],"type":"LineString"},"properties":{"effluent_type":"Combined","material":"Concrete","geo_point_2d":{"lon":-123.10192135666833,"lat":49.219720609130476}}},{"type":"Feature","geometry":{"coordinates":[[-123.09318620345171,49.210386067067866],[-123.09318753517073,49.21034219597014]],"type":"LineString"},"properties":{"effluent_type":"Combined","material":"Concrete","geo_point_2d":{"lon":-123.09318686931121,"lat":49.21036413151901}}},{"type":"Feature","geometry":{"coordinates":[[-123.14199867385256,49.27585543402797],[-123.14242465599357,49.2764377889468]],"type":"LineString"},"properties":{"effluent_type":"Sanitary","material":"Fibreglass","geo_point_2d":{"lon":-123.14221166492305,"lat":49.276146611487384}}},{"type":"Feature","geometry":{"coordinates":[[-123.12034691441472,49.26427918748636],[-123.13382847475175,49.26449437505893],[-123.1379562542691,49.26455935900123]],"type":"LineString"},"properties":{"effluent_type":"Combined","material":"blank","geo_point_2d":{"lon":-123.12915157886906,"lat":49.26441961848243}}},{"type":"Feature","geometry":{"coordinates":[[-123.10222816745002,49.28364643441373],[-123.1022277208451,49.283656545384915],[-123.10222796056694,49.28365943262384],[-123.10222724155167,49.28366414673135],[-123.10222751855476,49.28367176539903],[-123.10222709487549,49.28367966353698],[-123.1022259275249,49.28369365206588],[-123.10221807291818,49.28370538872171],[-123.10221152492065,49.283710638700526],[-123.10220101885768,49.283716854663396],[-123.10219124855459,49.283719804726346],[-123.10208952710599,49.28374105129051],[-123.10201703737631,49.283755066826686],[-123.10193712552011,49.28377055507854],[-123.10169327674618,49.283816249537125],[-123.10161637386128,49.28383070047385],[-123.10155898806127,49.283841149345385],[-123.10155368167717,49.28384173869533],[-123.10154909071073,49.28384252531015],[-123.10154635602392,49.28384331029354],[-123.10151985642032,49.28384860474995],[-123.10151085539825,49.28385123025316],[-123.10150436291644,49.28385677698371],[-123.10149586081799,49.283868010429096],[-123.10149277914597,49.28387392296519],[-123.10149454060056,49.283881315451154],[-123.10149570414934,49.28388547019958],[-123.1014974857942,49.28388930057879],[-123.10150245321503,49.28389774268392],[-123.1015047724679,49.283902229238514],[-123.10150786228846,49.28390698497136]],"type":"LineString"},"properties":{"effluent_type":"Sanitary","material":"Polyvinyl Chloride","geo_point_2d":{"lon":-123.10186384105442,"lat":49.28378281219283}}},{"type":"Feature","geometry":{"coordinates":[[-123.06809323011701,49.212911174114055],[-123.06815107418637,49.21292913056829],[-123.06820849364043,49.21294780686697],[-123.06826536478218,49.21296711313093],[-123.06832167389508,49.212987058364476],[-123.06837744841691,49.213007624561534],[-123.06843267475512,49.21302891067905],[-123.06848735266288,49.21305073681231],[-123.06854148227805,49.21307320191009],[-123.0685949262711,49.21309628806417],[-123.0686476846555,49.213120004270756],[-123.06865125685519,49.21312162129879],[-123.0686523560511,49.213122160362495],[-123.06866266098267,49.21312719159624],[-123.06867434022335,49.213133121540366],[-123.06868533243772,49.213138692080456],[-123.06869632452994,49.21314417266674],[-123.06870827851559,49.21315019239687],[-123.06871982046096,49.21315612241803],[-123.06873122497818,49.21316196256697],[-123.0687428907541,49.2131680724178],[-123.06875388323343,49.21317382285685],[-123.0687647384091,49.21317957337662],[-123.0687765554797,49.213185863039634],[-123.06878782307867,49.213191973122996],[-123.06879854095597,49.2131977237213],[-123.06881008342262,49.21320401354444],[-123.06881861676129,49.21320877596102],[-123.06882136488534,49.213210213569084],[-123.06883180815784,49.213215964327915],[-123.06884321345152,49.21322234418228],[-123.06885420657919,49.213228544375546],[-123.06886519972211,49.21323475356303],[-123.06887619298024,49.21324104370693],[-123.06888704880978,49.21324724397891],[-123.06889859192425,49.21325398355693],[-123.06890889840862,49.213260094201694],[-123.06891934220198,49.21326620476358],[-123.06893006098609,49.21327258501892],[-123.06894119194261,49.21327914493294],[-123.06895177355092,49.213285615221],[-123.0689619427419,49.21329172594291],[-123.06897321138894,49.213298555630125],[-123.06897637219303,49.21330053270507],[-123.06898351839243,49.213305026079205],[-123.06899423744356,49.21331158623404],[-123.06900509405456,49.213318326211414],[-123.069014988896,49.21332461699823],[-123.06902543334225,49.213331177314224],[-123.0690361530309,49.21333818722896],[-123.06904646017612,49.213344747625136],[-123.06905621784668,49.2133511284432],[-123.06906652524792,49.21335786874307],[-123.06907710764139,49.21336487873604],[-123.06908727774156,49.21337161911616],[-123.06909895972352,49.21337943802496],[-123.06910885496525,49.21338599866193],[-123.06911792574165,49.213392110027215],[-123.06912534758415,49.21339732285023],[-123.0691263096099,49.213397951944344],[-123.06913661753217,49.21340505204891],[-123.06914747531218,49.21341260158757],[-123.06915776963532,49.213419791651226],[-123.06916711579078,49.21342644256472],[-123.06917687424608,49.213433363089045],[-123.06918704525262,49.21344073312957],[-123.06919694114603,49.21344774352268],[-123.06920656255383,49.213454844032206],[-123.06921618383882,49.21346185458819],[-123.0692256679451,49.21346895517839],[-123.06923528936115,49.21347605568551],[-123.06924477359851,49.21348324622687],[-123.06925494487672,49.213490796166894],[-123.06926800350345,49.213501132912306],[-123.06927460153526,49.21350634621965],[-123.06928353605271,49.213513177276155],[-123.06929329554717,49.21352081741258],[-123.06930209301412,49.21352782845551],[-123.06931102779075,49.21353483941538],[-123.06932051267927,49.213542479714214],[-123.06932972257881,49.213549850318834],[-123.06933879517383,49.21355722100513],[-123.06934814276364,49.21356486138407],[-123.06935680319053,49.21357205241075],[-123.06936587591953,49.21357951304764],[-123.0693750864621,49.21358733341235],[-123.06938360958947,49.213594524519436],[-123.0693926824525,49.21360207510694],[-123.06939902000458,49.21360755842206],[-123.06940176942683,49.21360989554373],[-123.06941043038577,49.2136174553726],[-123.06941922876815,49.21362509607576],[-123.06942788971979,49.213632646908],[-123.06943641349255,49.21364028777488],[-123.06944493714192,49.213647838688374],[-123.06945359835353,49.213655569424176],[-123.06946212226023,49.213663300241876],[-123.06947064616959,49.213671031058944],[-123.06947889546645,49.21367876204053],[-123.06948728194737,49.213686402986205],[-123.06949608123655,49.21369467335267],[-123.06950391823992,49.213702134722034],[-123.06951216754712,49.213709865701205],[-123.06952055454303,49.2137178664554],[-123.06952289192783,49.21372011386931],[-123.06952894192014,49.213726137067226],[-123.06953650419176,49.21373350864687],[-123.06954461645384,49.21374141961186],[-123.06955300371274,49.213749600269146],[-123.06956125379281,49.213757870961274],[-123.06956881645279,49.21376551239698],[-123.06957664063124,49.21377360343887],[-123.06958489084552,49.21378196408197],[-123.06959231633117,49.21378969555162],[-123.06959974169285,49.21379733706801],[-123.06960771717274,49.213805607922204],[-123.06960799229388,49.213805967567694]],"type":"LineString"},"properties":{"effluent_type":"Combined","material":"Concrete","geo_point_2d":{"lon":-123.06888987886751,"lat":49.21329295600632}}},{"type":"Feature","geometry":{"coordinates":[[-123.08178466340033,49.257386895167464],[-123.08160615203916,49.257542287791935]],"type":"LineString"},"properties":{"effluent_type":"Combined","material":"blank","geo_point_2d":{"lon":-123.08169540771974,"lat":49.2574645914797}}},{"type":"Feature","geometry":{"coordinates":[[-123.08014857879215,49.21422746311352],[-123.08312731691143,49.214247594203826]],"type":"LineString"},"properties":{"effluent_type":"Combined","material":"Concrete","geo_point_2d":{"lon":-123.08163794785179,"lat":49.21423752865867}}},{"type":"Feature","geometry":{"coordinates":[[-123.04525489204589,49.2567756493454],[-123.04703920274945,49.25678685532472]],"type":"LineString"},"properties":{"effluent_type":"Sanitary","material":"blank","geo_point_2d":{"lon":-123.04614704739767,"lat":49.25678125233506}}},{"type":"Feature","geometry":{"coordinates":[[-123.11030046454793,49.206906185618074],[-123.11026655344011,49.206905858184165]],"type":"LineString"},"properties":{"effluent_type":"Combined","material":"Concrete","geo_point_2d":{"lon":-123.11028350899404,"lat":49.20690602190112}}},{"type":"Feature","geometry":{"coordinates":[[-123.13113468482207,49.298365357279835],[-123.13234528002296,49.297773841181616]],"type":"LineString"},"properties":{"effluent_type":"Combined","material":"BR","geo_point_2d":{"lon":-123.13173998242252,"lat":49.29806959923073}}},{"type":"Feature","geometry":{"coordinates":[[-123.13648429955298,49.29452305270715],[-123.13648458057702,49.294525211213426],[-123.13648472406929,49.29452736988212],[-123.13648473002985,49.29452952871328],[-123.13648459845865,49.29453168770685],[-123.13648446688745,49.29453384670042],[-123.1364840602527,49.29453600601889],[-123.13648365336955,49.294538075386036],[-123.13648324673471,49.29454023470446],[-123.13648256503627,49.294542394347765],[-123.13648188308943,49.29454446403976],[-123.13648106363554,49.294546542889314],[-123.13648010687332,49.294548702857476],[-123.1364791496143,49.29455068292301],[-123.13647805507175,49.29455275310227],[-123.13647682274895,49.29455473349264],[-123.13647545289422,49.29455671404544],[-123.13647408303937,49.29455869459823],[-123.13647257540424,49.294560585362106],[-123.13647106776901,49.29456247612597],[-123.13617241967411,49.29483826019307]],"type":"LineString"},"properties":{"effluent_type":"Combined","material":"blank","geo_point_2d":{"lon":-123.13633690082519,"lat":49.2946854109629}}},{"type":"Feature","geometry":{"coordinates":[[-123.13666517661242,49.294804702241],[-123.13658826492396,49.294818456819776]],"type":"LineString"},"properties":{"effluent_type":"Sanitary","material":"Concrete","geo_point_2d":{"lon":-123.13662672076819,"lat":49.29481157953039}}},{"type":"Feature","geometry":{"coordinates":[[-123.13616722700392,49.294780553373975],[-123.13609827861683,49.29482436905838]],"type":"LineString"},"properties":{"effluent_type":"Sanitary","material":"S","geo_point_2d":{"lon":-123.13613275281037,"lat":49.29480246121618}}},{"type":"Feature","geometry":{"coordinates":[[-123.11080801129492,49.26734578501659],[-123.11077152234625,49.26818340802219]],"type":"LineString"},"properties":{"effluent_type":"Sanitary","material":"Ductile Iron","geo_point_2d":{"lon":-123.11078976682059,"lat":49.267764596519385}}},{"type":"Feature","geometry":{"coordinates":[[-123.10388701353448,49.223878042132824],[-123.1038881119653,49.223845163440174]],"type":"LineString"},"properties":{"effluent_type":"Combined","material":"blank","geo_point_2d":{"lon":-123.10388756274989,"lat":49.2238616027865}}},{"type":"Feature","geometry":{"coordinates":[[-123.0790476281668,49.26141374358941],[-123.07889074747658,49.26141825846674]],"type":"LineString"},"properties":{"effluent_type":"Storm","material":"blank","geo_point_2d":{"lon":-123.07896918782167,"lat":49.261416001028074}}},{"type":"Feature","geometry":{"coordinates":[[-123.18910100366408,49.27046759623636],[-123.18920988310946,49.27046939693646],[-123.1892219762008,49.270468387660806],[-123.18923406860357,49.270467198480986],[-123.18924602182088,49.27046555976787],[-123.18925797431481,49.270463732155505],[-123.18926965053684,49.270461554181644],[-123.18928132572546,49.27045910635228],[-123.18929286207181,49.27045629894118],[-123.1893041224554,49.27045322212506],[-123.18931524434058,49.27044987567873],[-123.18932609026271,49.27044625982755],[-123.18933679768612,49.270442374346246],[-123.1893472291463,49.27043821946022],[-123.18935738464307,49.27043379516945],[-123.18936740164077,49.27042910124879],[-123.18937700555485,49.27042422810025],[-123.189386333161,49.27041899559584],[-123.18939524768348,49.27041358386377],[-123.18940402405094,49.270407992453435],[-123.18941238699041,49.27040213186417],[-123.18942033684625,49.27039609204748]],"type":"LineString"},"properties":{"effluent_type":"Sanitary","material":"blank","geo_point_2d":{"lon":-123.18926572064551,"lat":49.27045129933027}}},{"type":"Feature","geometry":{"coordinates":[[-123.04423583536244,49.25581509412738],[-123.04422998813125,49.25633053123183],[-123.04422630794008,49.25665669914501]],"type":"LineString"},"properties":{"effluent_type":"Storm","material":"Concrete","geo_point_2d":{"lon":-123.04423106554935,"lat":49.256235896567155}}},{"type":"Feature","geometry":{"coordinates":[[-123.03356015999609,49.288238615158534],[-123.03355986218754,49.28838739527863]],"type":"LineString"},"properties":{"effluent_type":"Combined","material":"blank","geo_point_2d":{"lon":-123.03356001109181,"lat":49.28831300521858}}},{"type":"Feature","geometry":{"coordinates":[[-123.10217049010946,49.27867037075215],[-123.10216823965838,49.27879894088037]],"type":"LineString"},"properties":{"effluent_type":"Sanitary","material":"Polyvinyl Chloride","geo_point_2d":{"lon":-123.10216936488392,"lat":49.278734655816265}}},{"type":"Feature","geometry":{"coordinates":[[-123.10193715956738,49.219298361501025],[-123.10196464704174,49.218588520036185]],"type":"LineString"},"properties":{"effluent_type":"Combined","material":"Concrete","geo_point_2d":{"lon":-123.10195090330456,"lat":49.2189434407686}}},{"type":"Feature","geometry":{"coordinates":[[-123.09356622631402,49.25106165503022],[-123.09247781309318,49.25104417211756]],"type":"LineString"},"properties":{"effluent_type":"Combined","material":"blank","geo_point_2d":{"lon":-123.0930220197036,"lat":49.251052913573886}}},{"type":"Feature","geometry":{"coordinates":[[-123.06919063268985,49.258702505951646],[-123.06917602638603,49.259451824832624]],"type":"LineString"},"properties":{"effluent_type":"Sanitary","material":"Concrete","geo_point_2d":{"lon":-123.06918332953794,"lat":49.259077165392135}}},{"type":"Feature","geometry":{"coordinates":[[-123.11755781621497,49.21010052397459],[-123.11763174613421,49.210069495915235]],"type":"LineString"},"properties":{"effluent_type":"Combined","material":"Concrete","geo_point_2d":{"lon":-123.11759478117459,"lat":49.21008500994491}}},{"type":"Feature","geometry":{"coordinates":[[-123.10218261463616,49.27797731717796],[-123.10217804032668,49.278238802201216]],"type":"LineString"},"properties":{"effluent_type":"Sanitary","material":"Polyvinyl Chloride","geo_point_2d":{"lon":-123.10218032748142,"lat":49.278108059689586}}},{"type":"Feature","geometry":{"coordinates":[[-123.10211917327668,49.277675108109634],[-123.10211928013382,49.277880027293655]],"type":"LineString"},"properties":{"effluent_type":"Sanitary","material":"Polyvinyl Chloride","geo_point_2d":{"lon":-123.10211922670524,"lat":49.27777756770165}}},{"type":"Feature","geometry":{"coordinates":[[-123.08194593188526,49.248899933399294],[-123.0819362771372,49.24915195954637],[-123.08193613432675,49.24915699697514],[-123.08191738625001,49.249701572332086],[-123.0819178324051,49.24972208113284],[-123.08192061434008,49.24974249832505],[-123.08192573176014,49.24976264400421],[-123.08193318481693,49.2497826081222],[-123.08194283565884,49.2498021209195],[-123.08195468399039,49.24982100249124],[-123.08196859255479,49.249839342886446],[-123.08198469846378,49.24985696210252],[-123.08200258934636,49.249873770479],[-123.08202253972125,49.24988958791558],[-123.08204415110609,49.24990441469426],[-123.08206739588522,49.24991816987661],[-123.08209215006318,49.24993065565483],[-123.08211813898707,49.24994197117069],[-123.08214551365558,49.24995202636368],[-123.08217397147091,49.249960641543545],[-123.08220325135568,49.24996781689525],[-123.08223321604888,49.24997364246813],[-123.08226386526427,49.24997794735258],[-123.08229480048556,49.24998071384143],[-123.08232613165141,49.2499819508514],[-123.08240775539387,49.24998385361842]],"type":"LineString"},"properties":{"effluent_type":"Combined","material":"blank","geo_point_2d":{"lon":-123.08201347360074,"lat":49.24956503457405}}},{"type":"Feature","geometry":{"coordinates":[[-123.10312956318197,49.21414926881236],[-123.10614661554395,49.214195092275126]],"type":"LineString"},"properties":{"effluent_type":"Combined","material":"Concrete","geo_point_2d":{"lon":-123.10463808936296,"lat":49.21417218054374}}},{"type":"Feature","geometry":{"coordinates":[[-123.10760327171057,49.21421320131467],[-123.10868390153037,49.214222318292045]],"type":"LineString"},"properties":{"effluent_type":"Combined","material":"Concrete","geo_point_2d":{"lon":-123.10814358662049,"lat":49.21421775980336}}},{"type":"Feature","geometry":{"coordinates":[[-123.0892486711598,49.20831119255847],[-123.09104779920057,49.20816228361551],[-123.09132084866802,49.20816349831386]],"type":"LineString"},"properties":{"effluent_type":"Combined","material":"Concrete","geo_point_2d":{"lon":-123.09028435696925,"lat":49.20822703602009}}},{"type":"Feature","geometry":{"coordinates":[[-123.10211928013382,49.277880027293655],[-123.10213129326313,49.27789848378783]],"type":"LineString"},"properties":{"effluent_type":"Sanitary","material":"Polyvinyl Chloride","geo_point_2d":{"lon":-123.10212528669848,"lat":49.27788925554074}}},{"type":"Feature","geometry":{"coordinates":[[-123.03554980677033,49.23587310082684],[-123.035550865107,49.23587392806391],[-123.03555443877198,49.23587680544324],[-123.03555787506816,49.23587968286478],[-123.03556117399553,49.235882560328484],[-123.03556447298786,49.23588552774456],[-123.0355677719806,49.235888495160516],[-123.03557093366909,49.23589155257115],[-123.03557409529337,49.23589452002922],[-123.03557711961338,49.23589757748198],[-123.03558014399837,49.23590072488709],[-123.03558316831912,49.23590378233968],[-123.03558605533557,49.23590692978698],[-123.03558880498313,49.2359100772765],[-123.03559155469566,49.235913314718395],[-123.03559430434393,49.23591646220778],[-123.03559691668784,49.2359196996919],[-123.03559939166277,49.23592293721827],[-123.03584511462077,49.23624103211912],[-123.03585006463554,49.23624750716079],[-123.03585542676232,49.23625398207435],[-123.03586078876027,49.23626027708275],[-123.03586656287047,49.23626657196295],[-123.03587248802428,49.23627277684347],[-123.03587853668253,49.23627880178042],[-123.03588486008294,49.236284826631696],[-123.03589132079004,49.23629076148748],[-123.03589805610902,49.23629651635261],[-123.03590506617037,49.23630227113198],[-123.03591207610289,49.236307846006035],[-123.03591936071258,49.23631333084176],[-123.03592691999948,49.236318725639144],[-123.03593447922277,49.236324030483594],[-123.03594231312333,49.2363292452896],[-123.0359504216359,49.236334280104714],[-123.03595853008483,49.23633922496677],[-123.03596691314573,49.23634398983785],[-123.03597543357873,49.23634875466551],[-123.03626266546352,49.23650410272107]],"type":"LineString"},"properties":{"effluent_type":"Storm","material":"blank","geo_point_2d":{"lon":-123.03587762751899,"lat":49.236222802179036}}},{"type":"Feature","geometry":{"coordinates":[[-123.035540006939,49.23586556582478],[-123.03554371784281,49.235868263257316],[-123.03554729150697,49.23587114063689],[-123.03554980677033,49.23587310082684]],"type":"LineString"},"properties":{"effluent_type":"Storm","material":"blank","geo_point_2d":{"lon":-123.03554493843991,"lat":49.23586929153641}}},{"type":"Feature","geometry":{"coordinates":[[-123.10990632108947,49.2141278535715],[-123.10991566074242,49.21397422322985]],"type":"LineString"},"properties":{"effluent_type":"Combined","material":"Concrete","geo_point_2d":{"lon":-123.10991099091596,"lat":49.21405103840067}}},{"type":"Feature","geometry":{"coordinates":[[-123.16498986214849,49.25749928638551],[-123.16500184212987,49.257506375499915],[-123.16501423350114,49.25751319416897],[-123.16502703596232,49.25751965244075],[-123.16504011208463,49.257525750511455],[-123.16505359959652,49.2575315781364],[-123.16506749819791,49.25753704536368],[-123.16508167045994,49.25754215238954],[-123.16509611668238,49.25754698916562],[-123.16511069880613,49.25755136698953],[-123.16512569204858,49.2575553934105],[-123.16514082122173,49.257558969874296],[-123.16515622435429,49.25756227608792],[-123.16517176341692,49.257565132344254],[-123.16518757583805,49.25756753844672],[-123.1652033870598,49.25756958474],[-123.16521933451071,49.257571271027544],[-123.16523543163304,49.25757250733791],[-123.165251513782,49.2575733748635],[-123.16526759445985,49.25757380162322],[-123.16772022341311,49.25761232891371]],"type":"LineString"},"properties":{"effluent_type":"Combined","material":"BR\/CON","geo_point_2d":{"lon":-123.16634880688842,"lat":49.257588366122725}}},{"type":"Feature","geometry":{"coordinates":[[-123.18562791405621,49.227480491492955],[-123.189198083818,49.22750474355805]],"type":"LineString"},"properties":{"effluent_type":"Combined","material":"Concrete","geo_point_2d":{"lon":-123.1874129989371,"lat":49.2274926175255}}},{"type":"Feature","geometry":{"coordinates":[[-123.19164590774675,49.22740534069982],[-123.1910637177144,49.227445893265454]],"type":"LineString"},"properties":{"effluent_type":"Combined","material":"Concrete","geo_point_2d":{"lon":-123.19135481273057,"lat":49.227425616982636}}},{"type":"Feature","geometry":{"coordinates":[[-123.11093023025273,49.21348792177848],[-123.1109304984256,49.21348504302988],[-123.11093104121223,49.21348216401751],[-123.11093185861256,49.21347928474144],[-123.11093308813474,49.2134764950224],[-123.11093445516498,49.21347379512416],[-123.11093623411568,49.21347109483024],[-123.11093828808248,49.2134685741779],[-123.11094047935595,49.21346605339363],[-123.11094308295235,49.213463712119],[-123.11094582405666,49.213461460665066],[-123.11094883997569,49.213459298899956],[-123.11095213091079,49.21345731677631],[-123.11095555955512,49.21345551442596],[-123.11095912570732,49.213453801896264],[-123.11096296707694,49.21345235896062],[-123.11096680864769,49.21345100597752],[-123.11097091150388,49.213449832648955],[-123.11097502869464,49.213448929165025],[-123.11097928339343,49.21344811550167],[-123.110983676003,49.213447571564174],[-123.11098806901528,49.213447207531814]],"type":"LineString"},"properties":{"effluent_type":"Combined","material":"Concrete","geo_point_2d":{"lon":-123.11095377260874,"lat":49.21346109007653}}},{"type":"Feature","geometry":{"coordinates":[[-123.08127282453407,49.26503742055778],[-123.08127203969612,49.26507843023926]],"type":"LineString"},"properties":{"effluent_type":"Sanitary","material":"Steel","geo_point_2d":{"lon":-123.0812724321151,"lat":49.26505792539852}}},{"type":"Feature","geometry":{"coordinates":[[-123.1391166575645,49.266247824815835],[-123.14063224092249,49.266269440559476],[-123.14064684036606,49.2662700974291]],"type":"LineString"},"properties":{"effluent_type":"Combined","material":"Concrete","geo_point_2d":{"lon":-123.13988175554363,"lat":49.26625873903468}}},{"type":"Feature","geometry":{"coordinates":[[-123.14242465599357,49.2764377889468],[-123.14273629191396,49.27686379427913]],"type":"LineString"},"properties":{"effluent_type":"Sanitary","material":"Fibreglass","geo_point_2d":{"lon":-123.14258047395374,"lat":49.276650791612965}}},{"type":"Feature","geometry":{"coordinates":[[-123.10366784945147,49.2701771019562],[-123.10466714501847,49.27019546876681],[-123.10506118391706,49.27021340737963]],"type":"LineString"},"properties":{"effluent_type":"Sanitary","material":"Ductile Iron","geo_point_2d":{"lon":-123.10436463911847,"lat":49.27019142218954}}},{"type":"Feature","geometry":{"coordinates":[[-123.10977521758969,49.26216602790818],[-123.11098496533783,49.26218834967884]],"type":"LineString"},"properties":{"effluent_type":"Combined","material":"blank","geo_point_2d":{"lon":-123.11038009146375,"lat":49.26217718879351}}},{"type":"Feature","geometry":{"coordinates":[[-123.13062224791388,49.26523816075168],[-123.13109744114651,49.26524794905359],[-123.13111613249156,49.2652472082279]],"type":"LineString"},"properties":{"effluent_type":"Combined","material":"blank","geo_point_2d":{"lon":-123.13086919535407,"lat":49.26524322620046}}},{"type":"Feature","geometry":{"coordinates":[[-123.18817236563241,49.244890340398875],[-123.18817179317173,49.24492047538556]],"type":"LineString"},"properties":{"effluent_type":"Combined","material":"Concrete","geo_point_2d":{"lon":-123.18817207940208,"lat":49.24490540789222}}},{"type":"Feature","geometry":{"coordinates":[[-123.1582643044697,49.24835610700241],[-123.15940348052385,49.2499399503881]],"type":"LineString"},"properties":{"effluent_type":"Combined","material":"BR\/CON","geo_point_2d":{"lon":-123.15883389249677,"lat":49.24914802869525}}},{"type":"Feature","geometry":{"coordinates":[[-123.06920141122173,49.25733888810931],[-123.06920071942238,49.25737487837666]],"type":"LineString"},"properties":{"effluent_type":"Sanitary","material":"Polyvinyl Chloride","geo_point_2d":{"lon":-123.06920106532206,"lat":49.257356883242984}}},{"type":"Feature","geometry":{"coordinates":[[-123.20583776007106,49.27018792752029],[-123.20513689361584,49.27018052057584]],"type":"LineString"},"properties":{"effluent_type":"Combined","material":"RC","geo_point_2d":{"lon":-123.20548732684345,"lat":49.270184224048066}}},{"type":"Feature","geometry":{"coordinates":[[-123.07404883717246,49.21623257958072],[-123.07400618359792,49.215531155020464]],"type":"LineString"},"properties":{"effluent_type":"Combined","material":"blank","geo_point_2d":{"lon":-123.07402751038518,"lat":49.215881867300595}}},{"type":"Feature","geometry":{"coordinates":[[-123.0283903139282,49.27741836612437],[-123.03116910008106,49.27742345186054]],"type":"LineString"},"properties":{"effluent_type":"Combined","material":"blank","geo_point_2d":{"lon":-123.02977970700462,"lat":49.27742090899245}}},{"type":"Feature","geometry":{"coordinates":[[-123.07762805574994,49.260146543481724],[-123.07740587985134,49.26044794212959],[-123.07739422581467,49.26046594035637],[-123.0773849091896,49.26048456668111],[-123.0773780671346,49.26050364110825],[-123.07737369937104,49.260522983734305],[-123.07737194333934,49.260542594467466],[-123.0773726610425,49.260562113591874],[-123.07737599006168,49.26058163096745],[-123.0773817923997,49.260600786878044],[-123.07739006819999,49.260619671275215],[-123.07740081690253,49.26063792435047],[-123.07741390107175,49.26065554619522],[-123.07742918299033,49.26067235699676],[-123.077446525081,49.26068826689435],[-123.07746592720406,49.260703185935064],[-123.07748725164043,49.26071693430608],[-123.07751022351414,49.260729512190714],[-123.07753484240202,49.26074064973197],[-123.07756069612961,49.26075043715763],[-123.07758778455452,49.2607587845149],[-123.07761583265763,49.260765602035505],[-123.0776447028574,49.260770799859166],[-123.07767412013374,49.26077428821801]],"type":"LineString"},"properties":{"effluent_type":"Combined","material":"blank","geo_point_2d":{"lon":-123.07749004119692,"lat":49.26050417309686}}},{"type":"Feature","geometry":{"coordinates":[[-123.20251118530047,49.27415062273991],[-123.20247482020686,49.275144133762986],[-123.20247482101686,49.275144331655824],[-123.20247482175323,49.2751445115584],[-123.20247483627416,49.27514470043205],[-123.20247485075825,49.275144880310535],[-123.20247486527917,49.27514506918418],[-123.20247489351102,49.27514524903857],[-123.20247492177968,49.275145437888106],[-123.20247495001153,49.27514561774252],[-123.20247499199112,49.27514579757285],[-123.20247503400752,49.27514598639827],[-123.20247507598712,49.2751461662286],[-123.20247513171444,49.275146346034816],[-123.20247518744175,49.275146525841066],[-123.20247525691681,49.27514670562319],[-123.20247532639189,49.275146885405334],[-123.20247539586695,49.27514706518747],[-123.20247546534203,49.27514724496961],[-123.20247554856483,49.27514742472765],[-123.20247563175081,49.27514759549056],[-123.20247572872134,49.275147775224504],[-123.20247582565506,49.27514794596335],[-123.20247592262561,49.2751481256973],[-123.2024760333071,49.27514829641203],[-123.20247614398856,49.27514846712678],[-123.20247625463321,49.27514862884637],[-123.20247637906242,49.27514879953702],[-123.20247648974389,49.27514897025177],[-123.202476627884,49.27514913192318],[-123.20247675227638,49.2751492936187],[-123.20247689041652,49.27514945529013],[-123.20247702855667,49.27514961696155],[-123.20247718044453,49.27514977860887],[-123.20247733229559,49.27514993126106],[-123.20247748418346,49.27515009290842],[-123.20247763603452,49.27515024556061],[-123.20247780163331,49.27515039818873],[-123.20247796719529,49.27515054182171],[-123.20247813279408,49.27515069444981],[-123.2024783121038,49.275150838058714],[-123.20247847766578,49.27515098169168],[-123.2024786569755,49.2751511253006],[-123.20247885003297,49.27515126888539],[-123.20247904305361,49.275151403475064],[-123.20247922232652,49.275151538088835],[-123.20247942909492,49.27515167265439],[-123.20247962211555,49.27515180724408],[-123.20247982884713,49.27515193281452],[-123.20248003557867,49.275152058384975],[-123.20248024231029,49.27515218395543],[-123.20248044904183,49.27515230952586],[-123.20248066948432,49.27515242607709],[-123.20248088992683,49.27515254262833],[-123.20248111036932,49.27515265917956],[-123.202481330775,49.27515276673566],[-123.20248156492842,49.275152874267654],[-123.20248179908185,49.27515298179964],[-123.20248203323526,49.27515308933166],[-123.20248226735187,49.275153187868526],[-123.20248250146848,49.27515328640539],[-123.20248274933282,49.27515338491818],[-123.20248299716035,49.27515347443584],[-123.20248324498786,49.275153563953495],[-123.20248349281539,49.27515365347113],[-123.2024837406429,49.27515374298878],[-123.20248398843364,49.275153823511296],[-123.20248424997207,49.27515390400974],[-123.2024845114737,49.275153975513035],[-123.20248477297534,49.275154047016336],[-123.20248503447698,49.27515411851963],[-123.20248529594178,49.27515418102779],[-123.20248555744342,49.27515425253109],[-123.20248581887141,49.27515430604413],[-123.20248609408397,49.27515436852822],[-123.2024863692597,49.27515442201716],[-123.20248663068769,49.27515447553017],[-123.2024869058266,49.275154520023996],[-123.20248718096552,49.275154564517806],[-123.20248745610445,49.275154609011615],[-123.20248773124337,49.275154653505425],[-123.20248800634548,49.275154689004125],[-123.20248828141072,49.27515471550766],[-123.20248857026057,49.27515475098224],[-123.20248884532585,49.2751547774858],[-123.20248913410205,49.27515479497014],[-123.20248940913051,49.27515481247855],[-123.20248968415895,49.27515482998696],[-123.20248997293515,49.275154847471285],[-123.2024902479268,49.27515485598458],[-123.20249053666618,49.27515486447378],[-123.20274193290452,49.275159011191406]],"type":"LineString"},"properties":{"effluent_type":"Sanitary","material":"Ductile Iron","geo_point_2d":{"lon":-123.20251727046376,"lat":49.274756865159844}}},{"type":"Feature","geometry":{"coordinates":[[-123.07400341217996,49.2149440258419],[-123.07400811624164,49.214710262456805]],"type":"LineString"},"properties":{"effluent_type":"Combined","material":"blank","geo_point_2d":{"lon":-123.0740057642108,"lat":49.21482714414935}}},{"type":"Feature","geometry":{"coordinates":[[-123.12199052226107,49.258643412947805],[-123.12196158191405,49.25953698306075]],"type":"LineString"},"properties":{"effluent_type":"Combined","material":"BR","geo_point_2d":{"lon":-123.12197605208756,"lat":49.25909019800427}}},{"type":"Feature","geometry":{"coordinates":[[-123.17412363498005,49.260441206652516],[-123.17412166998047,49.26049599946678]],"type":"LineString"},"properties":{"effluent_type":"Combined","material":"BR\/CON","geo_point_2d":{"lon":-123.17412265248026,"lat":49.26046860305965}}},{"type":"Feature","geometry":{"coordinates":[[-123.17412166998047,49.26049599946678],[-123.17408511395621,49.26151648960544]],"type":"LineString"},"properties":{"effluent_type":"Combined","material":"BR\/CON","geo_point_2d":{"lon":-123.17410339196834,"lat":49.261006244536105}}},{"type":"Feature","geometry":{"coordinates":[[-123.07669373893819,49.26077037357903],[-123.07767412013374,49.26077428821801]],"type":"LineString"},"properties":{"effluent_type":"Combined","material":"BR\/CON","geo_point_2d":{"lon":-123.07718392953596,"lat":49.26077233089852}}},{"type":"Feature","geometry":{"coordinates":[[-123.12248372044192,49.29910926835085],[-123.1231938921748,49.299070535936416]],"type":"LineString"},"properties":{"effluent_type":"Combined","material":"BR","geo_point_2d":{"lon":-123.12283880630835,"lat":49.299089902143635}}},{"type":"Feature","geometry":{"coordinates":[[-123.14439356468485,49.28926201910729],[-123.14419829188783,49.28913544007346]],"type":"LineString"},"properties":{"effluent_type":"Combined","material":"RC","geo_point_2d":{"lon":-123.14429592828634,"lat":49.289198729590375}}},{"type":"Feature","geometry":{"coordinates":[[-123.04405641679045,49.25347135065737],[-123.0441498366449,49.253598057644]],"type":"LineString"},"properties":{"effluent_type":"Storm","material":"Concrete","geo_point_2d":{"lon":-123.04410312671769,"lat":49.25353470415068}}},{"type":"Feature","geometry":{"coordinates":[[-123.09132084866802,49.20816349831386],[-123.09287701885982,49.208032302518106]],"type":"LineString"},"properties":{"effluent_type":"Combined","material":"Concrete","geo_point_2d":{"lon":-123.09209893376392,"lat":49.20809790041598}}},{"type":"Feature","geometry":{"coordinates":[[-123.14951271814489,49.206246761228314],[-123.1495016648062,49.20628717341836]],"type":"LineString"},"properties":{"effluent_type":"Combined","material":"blank","geo_point_2d":{"lon":-123.14950719147555,"lat":49.20626696732334}}},{"type":"Feature","geometry":{"coordinates":[[-123.15264057483536,49.20916397339397],[-123.1510584492577,49.20864907577939],[-123.14971313727969,49.20777701538862]],"type":"LineString"},"properties":{"effluent_type":"Combined","material":"Concrete","geo_point_2d":{"lon":-123.1511312213436,"lat":49.20856621364181}}},{"type":"Feature","geometry":{"coordinates":[[-123.07870064686445,49.273970719950746],[-123.07868342637782,49.27496790223484]],"type":"LineString"},"properties":{"effluent_type":"Sanitary","material":"Steel","geo_point_2d":{"lon":-123.07869203662113,"lat":49.274469311092794}}},{"type":"Feature","geometry":{"coordinates":[[-123.08703901928736,49.28282569570185],[-123.08702088769233,49.28353156970476]],"type":"LineString"},"properties":{"effluent_type":"Sanitary","material":"blank","geo_point_2d":{"lon":-123.08702995348985,"lat":49.28317863270331}}},{"type":"Feature","geometry":{"coordinates":[[-123.05458981912658,49.24806873869925],[-123.05458557723604,49.24869542925241],[-123.05458599976369,49.248704784089504],[-123.05458765883529,49.24871404839009],[-123.05459027964196,49.24872322228392],[-123.05459386208499,49.2487322158187],[-123.05459854356974,49.24874102892942],[-123.05460432399755,49.24874957166371],[-123.05461092855909,49.248757844151335],[-123.05461849446111,49.24876566642271],[-123.05462702190239,49.24877321838211],[-123.05463637318044,49.24878023023759],[-123.05464641098968,49.24878679200624],[-123.05465727273503,49.248792903622835],[-123.05466882081288,49.24879838524771],[-123.05468091781799,49.24880323694569],[-123.05468849168616,49.24880581499102]],"type":"LineString"},"properties":{"effluent_type":"Combined","material":"blank","geo_point_2d":{"lon":-123.05459530439487,"lat":49.24845952698258}}},{"type":"Feature","geometry":{"coordinates":[[-123.07922017334339,49.28185620762553],[-123.07918811124824,49.28286225004457],[-123.07918313744958,49.2830191293001],[-123.0789948029832,49.28346641731041],[-123.07767151435233,49.28383235649807],[-123.07750252849462,49.284010763288435],[-123.07746390684618,49.28402140348989]],"type":"LineString"},"properties":{"effluent_type":"Sanitary","material":"Concrete","geo_point_2d":{"lon":-123.07868383894277,"lat":49.28318813918043}}},{"type":"Feature","geometry":{"coordinates":[[-123.08726893544394,49.28291313529635],[-123.08712907291851,49.28289884856007]],"type":"LineString"},"properties":{"effluent_type":"Sanitary","material":"blank","geo_point_2d":{"lon":-123.08719900418123,"lat":49.28290599192821}}},{"type":"Feature","geometry":{"coordinates":[[-123.18551930728549,49.23031047735835],[-123.18554712813155,49.23022057000097]],"type":"LineString"},"properties":{"effluent_type":"Combined","material":"RC","geo_point_2d":{"lon":-123.18553321770852,"lat":49.230265523679655}}},{"type":"Feature","geometry":{"coordinates":[[-123.144366361237,49.28951549194283],[-123.14431036163774,49.28955244207638]],"type":"LineString"},"properties":{"effluent_type":"Combined","material":"Concrete","geo_point_2d":{"lon":-123.14433836143738,"lat":49.2895339670096}}},{"type":"Feature","geometry":{"coordinates":[[-123.2231380892422,49.27735235758361],[-123.22013976408674,49.27663396880988]],"type":"LineString"},"properties":{"effluent_type":"Combined","material":"RC","geo_point_2d":{"lon":-123.22163892666447,"lat":49.27699316319675}}},{"type":"Feature","geometry":{"coordinates":[[-123.14885005076187,49.208653795815415],[-123.14891263204112,49.208426134205794]],"type":"LineString"},"properties":{"effluent_type":"Combined","material":"blank","geo_point_2d":{"lon":-123.14888134140149,"lat":49.2085399650106}}},{"type":"Feature","geometry":{"coordinates":[[-123.03319227282923,49.28701812231969],[-123.03318938759539,49.28790277079805]],"type":"LineString"},"properties":{"effluent_type":"Combined","material":"RC","geo_point_2d":{"lon":-123.0331908302123,"lat":49.28746044655887}}},{"type":"Feature","geometry":{"coordinates":[[-123.07741824255594,49.27320004192416],[-123.07732552596283,49.2761959512246]],"type":"LineString"},"properties":{"effluent_type":"Combined","material":"blank","geo_point_2d":{"lon":-123.07737188425938,"lat":49.27469799657438}}},{"type":"Feature","geometry":{"coordinates":[[-123.10943088312305,49.269922620657006],[-123.10942905361222,49.27025145976921]],"type":"LineString"},"properties":{"effluent_type":"Sanitary","material":"Polyvinyl Chloride","geo_point_2d":{"lon":-123.10942996836764,"lat":49.270087040213106}}},{"type":"Feature","geometry":{"coordinates":[[-123.10946463003691,49.269909995416036],[-123.10943088312305,49.269922620657006]],"type":"LineString"},"properties":{"effluent_type":"Sanitary","material":"Polyvinyl Chloride","geo_point_2d":{"lon":-123.10944775657998,"lat":49.26991630803652}}},{"type":"Feature","geometry":{"coordinates":[[-123.07541677588554,49.260042359289216],[-123.07542357415701,49.259705502201406],[-123.07541141276704,49.25969755837324]],"type":"LineString"},"properties":{"effluent_type":"Sanitary","material":"Polyvinyl Chloride","geo_point_2d":{"lon":-123.07542006418883,"lat":49.2598668052021}}},{"type":"Feature","geometry":{"coordinates":[[-123.10164671676479,49.27388737269913],[-123.1016171733594,49.27388733571837]],"type":"LineString"},"properties":{"effluent_type":"Sanitary","material":"blank","geo_point_2d":{"lon":-123.1016319450621,"lat":49.27388735420875}}},{"type":"Feature","geometry":{"coordinates":[[-123.07849974258272,49.26680676001757],[-123.07850804096168,49.266821623444855]],"type":"LineString"},"properties":{"effluent_type":"Sanitary","material":"blank","geo_point_2d":{"lon":-123.0785038917722,"lat":49.266814191731214}}},{"type":"Feature","geometry":{"coordinates":[[-123.09287701885982,49.208032302518106],[-123.09394881078137,49.20794204051776],[-123.09417556811627,49.2079091219892]],"type":"LineString"},"properties":{"effluent_type":"Combined","material":"Concrete","geo_point_2d":{"lon":-123.09352694008855,"lat":49.207976355068155}}},{"type":"Feature","geometry":{"coordinates":[[-123.09324268946047,49.20767089188359],[-123.0932996732692,49.205770733834655],[-123.09330007666384,49.20576623586084],[-123.09330035650135,49.205761737986805],[-123.09330062261027,49.20575724012386],[-123.09330061414798,49.20575274248271],[-123.0933006056857,49.20574824484152],[-123.09330059739264,49.20574383715319],[-123.09330031435928,49.2057393397338],[-123.0933000313429,49.20573485130969],[-123.09329961102414,49.2057303540012],[-123.09329905341995,49.20572585680358],[-123.09329835853038,49.205721359716854],[-123.09329766381015,49.20571695258295],[-123.09329683163536,49.20571245560709],[-123.09329586234453,49.20570804869494],[-123.09329475576841,49.205703641893656],[-123.09329364902327,49.20569914513953],[-123.09329241889067,49.205694738438034],[-123.09329103774436,49.20569033185848],[-123.09328951948214,49.20568601534261],[-123.09328800122016,49.205681698826716],[-123.09328662024386,49.20567738219992],[-123.09328537638388,49.20567297550941],[-123.09328413269336,49.2056686587717],[-123.09328316342143,49.2056642608547],[-123.09328219430195,49.205659943895235],[-123.09328136229874,49.20565553687203],[-123.0932805302957,49.20565112984883],[-123.09327997286334,49.20564672260389],[-123.09327941543108,49.20564231535894],[-123.0932789952842,49.205637908003105],[-123.0932787124226,49.205633500536415],[-123.0932784295611,49.20562909306971],[-123.0932784349986,49.205624685370196],[-123.09327842670756,49.20562027768175],[-123.09327855570172,49.205615869882436],[-123.09327882198103,49.20561146197225],[-123.0932790882603,49.20560705406206],[-123.0932794918247,49.20560264604099],[-123.09328070470664,49.205495708978894]],"type":"LineString"},"properties":{"effluent_type":"Combined","material":"Concrete","geo_point_2d":{"lon":-123.09327306154981,"lat":49.20658226291498}}},{"type":"Feature","geometry":{"coordinates":[[-123.20233360906694,49.278032863098176],[-123.20230885475851,49.27998412460631]],"type":"LineString"},"properties":{"effluent_type":"Combined","material":"Concrete","geo_point_2d":{"lon":-123.20232123191272,"lat":49.279008493852245}}},{"type":"Feature","geometry":{"coordinates":[[-123.10208504995784,49.27576349947381],[-123.10204647136392,49.275769335446405]],"type":"LineString"},"properties":{"effluent_type":"Sanitary","material":"blank","geo_point_2d":{"lon":-123.10206576066088,"lat":49.275766417460105}}},{"type":"Feature","geometry":{"coordinates":[[-123.20234858490954,49.276854125123236],[-123.20233360906694,49.278032863098176]],"type":"LineString"},"properties":{"effluent_type":"Combined","material":"Concrete","geo_point_2d":{"lon":-123.20234109698825,"lat":49.277443494110706}}},{"type":"Feature","geometry":{"coordinates":[[-123.05701734668487,49.24854628321668],[-123.05777701254173,49.248862717727]],"type":"LineString"},"properties":{"effluent_type":"Combined","material":"Concrete","geo_point_2d":{"lon":-123.0573971796133,"lat":49.24870450047185}}},{"type":"Feature","geometry":{"coordinates":[[-123.0585900092003,49.24815204508444],[-123.05845280554699,49.24843754217484],[-123.05842112979133,49.248934805391315],[-123.05841814064637,49.24907989092299],[-123.05841828346487,49.24908447841661],[-123.05841870109502,49.24908906577127],[-123.05841953083657,49.24909356296527],[-123.05842063538991,49.24909806002031],[-123.05842215216099,49.24910255686685],[-123.05842394363793,49.24910696362218],[-123.05842614722661,49.249111280216816],[-123.05842876303333,49.249115596602955],[-123.05843151603412,49.24911973301506],[-123.05843468125302,49.249123869218614],[-123.05843812107197,49.24912782537866],[-123.05844197300307,49.24913169137784],[-123.05844609953428,49.249135377333445],[-123.05845036336586,49.24913897326717],[-123.05845503920352,49.24914238908775],[-123.05845985223537,49.24914562493415],[-123.05846507737952,49.24914877061953],[-123.05847043961167,49.249151646378486],[-123.05847593914419,49.249154432115425],[-123.05848185057658,49.24915694778678]],"type":"LineString"},"properties":{"effluent_type":"Combined","material":"Concrete","geo_point_2d":{"lon":-123.05846018988053,"lat":49.24865724926855}}},{"type":"Feature","geometry":{"coordinates":[[-123.05777701254173,49.248862717727],[-123.05853436561395,49.24917886954579]],"type":"LineString"},"properties":{"effluent_type":"Combined","material":"Concrete","geo_point_2d":{"lon":-123.05815568907784,"lat":49.24902079363639}}},{"type":"Feature","geometry":{"coordinates":[[-123.0562867893179,49.248807134252274],[-123.05635150657443,49.248806652942655],[-123.05635906364614,49.248806469351834],[-123.05636648321035,49.248806195875346],[-123.0563740398723,49.24880565247464],[-123.05638145892414,49.24880492923605],[-123.05638887787336,49.248804116044745],[-123.05639629661741,49.248803122948544],[-123.05640357764871,49.248801860062265],[-123.05641085857718,49.24880050722328],[-123.05641800189527,49.2487989745465],[-123.05642514500786,49.24879726196484],[-123.05643215050995,49.24879536954538],[-123.0564390184014,49.248793297288195],[-123.0564457625253,49.248791135138774],[-123.05645235529798,49.248788793158376],[-123.05645881045993,49.248786271340286],[-123.05646512801108,49.248783569684555],[-123.05647130805401,49.2487807781434],[-123.0564773504861,49.24877780676463],[-123.05648325530728,49.248774655548274],[-123.05691239211751,49.24851793703176],[-123.0569245903137,49.24851506154439],[-123.05693620437306,49.24851801525133],[-123.05694614259876,49.2485214015541],[-123.05695555854484,49.2485246621803],[-123.05696423249883,49.24852791417635],[-123.05697770395365,49.248532980841865],[-123.05698712002825,49.24853634940816],[-123.05699413071115,49.24853900853734],[-123.05700133380225,49.24854170355203],[-123.05700540260551,49.2485431227905],[-123.05700857787717,49.24854419165584],[-123.05701183508405,49.248544819714496],[-123.05701734668487,49.24854628321668]],"type":"LineString"},"properties":{"effluent_type":"Combined","material":"Concrete","geo_point_2d":{"lon":-123.05665695591293,"lat":49.24866836398064}}},{"type":"Feature","geometry":{"coordinates":[[-123.0837165926705,49.254117126207376],[-123.08363290209236,49.25577534743819]],"type":"LineString"},"properties":{"effluent_type":"Combined","material":"blank","geo_point_2d":{"lon":-123.08367474738142,"lat":49.25494623682278}}},{"type":"Feature","geometry":{"coordinates":[[-123.08083274211216,49.26355985325005],[-123.07955781309354,49.2638121451417]],"type":"LineString"},"properties":{"effluent_type":"Sanitary","material":"Concrete","geo_point_2d":{"lon":-123.08019527760285,"lat":49.263685999195864}}},{"type":"Feature","geometry":{"coordinates":[[-123.14316800740436,49.267953934230746],[-123.14315587086308,49.268348622695484]],"type":"LineString"},"properties":{"effluent_type":"Sanitary","material":"Concrete","geo_point_2d":{"lon":-123.14316193913372,"lat":49.268151278463115}}},{"type":"Feature","geometry":{"coordinates":[[-123.03318938759539,49.28790277079805],[-123.03336706153306,49.288217649375916]],"type":"LineString"},"properties":{"effluent_type":"Combined","material":"Concrete","geo_point_2d":{"lon":-123.03327822456421,"lat":49.28806021008698}}},{"type":"Feature","geometry":{"coordinates":[[-123.14630682663397,49.28998493787108],[-123.1462708557216,49.29000495267848]],"type":"LineString"},"properties":{"effluent_type":"Combined","material":"Concrete","geo_point_2d":{"lon":-123.14628884117778,"lat":49.289994945274785}}},{"type":"Feature","geometry":{"coordinates":[[-123.20236151200844,49.27584013745182],[-123.20235964825716,49.27598610570814],[-123.202346022993,49.27634548750274],[-123.20234858490954,49.276854125123236]],"type":"LineString"},"properties":{"effluent_type":"Combined","material":"Concrete","geo_point_2d":{"lon":-123.20235117618701,"lat":49.27634708164241}}},{"type":"Feature","geometry":{"coordinates":[[-123.04380414881001,49.23854975155981],[-123.04457639816472,49.238840101462024]],"type":"LineString"},"properties":{"effluent_type":"Sanitary","material":"blank","geo_point_2d":{"lon":-123.04419027348737,"lat":49.23869492651092}}},{"type":"Feature","geometry":{"coordinates":[[-123.04457639816472,49.238840101462024],[-123.04480095371265,49.238929427310836]],"type":"LineString"},"properties":{"effluent_type":"Sanitary","material":"blank","geo_point_2d":{"lon":-123.04468867593869,"lat":49.23888476438643}}},{"type":"Feature","geometry":{"coordinates":[[-123.11253040378816,49.256595232624626],[-123.11252643026484,49.25669112550956],[-123.11252635110107,49.2566925738166],[-123.11252628668193,49.25669446287496],[-123.11252629095573,49.256696342871145],[-123.11252632271487,49.25669822284059],[-123.11252642318736,49.25670010274309],[-123.11252656490835,49.25670199160066],[-123.11252674781649,49.25670386242768],[-123.11252699945845,49.25670574218294],[-123.112527292308,49.25670761290286],[-123.11252762638563,49.25670948358264],[-123.11252802917664,49.25671135419548],[-123.11252845943262,49.25671321578635],[-123.11252895838155,49.2567150683151],[-123.11252949855856,49.25671692080369],[-123.1125300799432,49.25671876425693],[-123.11253073002081,49.25672059864806],[-123.11253140756341,49.256722424017184],[-123.11253215381944,49.25672424931939],[-123.11253294126267,49.256726056591035],[-123.112533769934,49.25672786382254],[-123.11253465353523,49.25672965301007],[-123.11253557834415,49.256731433162265],[-123.11253655810339,49.256733204265686],[-123.11253757907026,49.25673496633377],[-123.11253865496708,49.256736710357885],[-123.11253975834933,49.25673845435525],[-123.11254093038376,49.256740171300045],[-123.11254212988317,49.25674187922288],[-123.11254338433294,49.256743578096945],[-123.11254469371265,49.25674525892704],[-123.1125460305369,49.25674692173998],[-123.11254742231158,49.25674857550415],[-123.11254885525301,49.25675020224254],[-123.11255032940217,49.25675181994555],[-123.11255184473859,49.25675341961801],[-123.11255340126226,49.256755001259855],[-123.1125549989732,49.256756564871154],[-123.11255665161406,49.25675811043847],[-123.11255833169953,49.25675963798859],[-123.11256005297226,49.256761147508115],[-123.11256181543223,49.25676263899706],[-123.11256363280174,49.256764103446834],[-123.11256546387312,49.2567655498928],[-123.11256734985402,49.25676696929957],[-123.11256926329993,49.25676837968435],[-123.11257123163493,49.25676975403474],[-123.11257321369226,49.256771119376516],[-123.11257525063866,49.25677244868389],[-123.1125773150296,49.25677375997408],[-123.11257940686515,49.25677505324704],[-123.1125815398675,49.2567763194942],[-123.11258370029401,49.25677755872894],[-123.11258590188729,49.256778770937885],[-123.11258813090474,49.25677995613442],[-123.11259040110943,49.25678112330033],[-123.11259268499555,49.256782263467215],[-123.11259501002802,49.25678336761307],[-123.11259736250506,49.256784453741716],[-123.11259974240622,49.25678551285792],[-123.11260214973149,49.25678654496171],[-123.11260458448083,49.25678755005306],[-123.11260704663385,49.25678851913681],[-123.11260953623143,49.25678947020329],[-123.11261205323267,49.25679038526216],[-123.11261458391526,49.256791273321994],[-123.11261714202199,49.256792134369356],[-123.11261972753232,49.25679295940912],[-123.11262234048719,49.256793766431606],[-123.1126249533603,49.256794537473276],[-123.11262760737972,49.256795272493875],[-123.11263026135826,49.25679598952404],[-123.11263295648313,49.25679667053319],[-123.1126356515262,49.25679731556146],[-123.11263837399333,49.25679793357728],[-123.11264109639912,49.25679852460743],[-123.11264384620847,49.25679907962996],[-123.11264660967875,49.256799598658226],[-123.11264938683034,49.25680009068743],[-123.11265217766326,49.25680055571758],[-123.11265498215708,49.256800984753475],[-123.11265780031175,49.25680137779512],[-123.11266061840504,49.25680174385111],[-123.11266345015919,49.25680207391284],[-123.11266629559465,49.2568023769755],[-123.11266914094823,49.2568026440573],[-123.11267198621996,49.25680287515825],[-123.11267485891567,49.25680307924673],[-123.11267771778681,49.256803247367756],[-123.11268059033925,49.25680338848972],[-123.11268346280981,49.256803493630805],[-123.11268633519843,49.256803562791056],[-123.11293554654138,49.256809858981434],[-123.11293990320435,49.25680995367015],[-123.11294425999048,49.25681010232986],[-123.11294861687927,49.25681029596542],[-123.11295296012803,49.256810534590244],[-123.1129573035205,49.25681083618125],[-123.11296163325244,49.25681117376635],[-123.11296596310763,49.25681156532245],[-123.11297026560062,49.25681201087644],[-123.11297456819638,49.25681250140628],[-123.11297885717266,49.256813045920545],[-123.1129831187663,49.25681363543753],[-123.11298738046274,49.25681426993034],[-123.11299161479704,49.25681495842105],[-123.11299583549145,49.25681569190104],[-123.11300002882375,49.25681647937892],[-123.11300419475295,49.256817302864334],[-123.11300834708328,49.25681818932944],[-123.11301248575325,49.25681911178858],[-123.11301658331848,49.2568200882591],[-123.11302065348059,49.256821100737156],[-123.11302471002341,49.25682216719968],[-123.11302872544097,49.2568232786784],[-123.113032713476,49.256824435159814],[-123.11303667414907,49.25682564563919],[-123.11304059367635,49.25682689213955],[-123.11304448582112,49.25682818364263],[-123.1130483505834,49.25682952014849],[-123.11305216047779,49.25683090168398],[-123.11305594298967,49.256832328222245],[-123.11305969809855,49.25683379076804],[-123.11306339833953,49.25683529834352],[-123.11306705745537,49.25683685093517],[-123.113070675446,49.256838448543064],[-123.11307425229093,49.256840082171976],[-123.11307778799016,49.2568417518219],[-123.11308128258477,49.25684347548327],[-123.11308472227044,49.25684522618389],[-123.11308812083097,49.256847021900796],[-123.11309146450307,49.25684885365216],[-123.11309476702948,49.25685072142458],[-123.11309801468806,49.25685263422672],[-123.11310120743765,49.25685457406814],[-123.11310434531944,49.25685655893929],[-123.11310744203496,49.2568585708363],[-123.11311048388265,49.256860627763004],[-123.11311345707865,49.256862711742514],[-123.11311638912899,49.25686483174311],[-123.11311925252764,49.25686697879647],[-123.11312206105843,49.25686917087956],[-123.1131248146597,49.25687138100682],[-123.1131274996504,49.25687363617726],[-123.11313012971158,49.25687590939188],[-123.11313270488436,49.256878218641035],[-123.11313521140545,49.256880554942995],[-123.11313766301753,49.25688291828435],[-123.11314004599845,49.25688531767371],[-123.11314236030711,49.256887735120685],[-123.11314461970677,49.256890179607055],[-123.113146796712,49.256892651159724],[-123.1131489188082,49.256895149751756],[-123.11315097223209,49.256897666401464],[-123.11315297074698,49.25690021009055],[-123.11315488684681,49.25690277185073],[-123.1131567342949,49.25690536066379],[-123.11315851307063,49.256907967534495],[-123.11316022317402,49.25691059246288],[-123.11316186462562,49.25691324444411],[-123.11316343738432,49.256915905487844],[-123.11316494149119,49.25691859358444],[-123.11316636316238,49.25692129075694],[-123.11316771616117,49.256924005987166],[-123.113169000467,49.25692673027985],[-123.11317021612099,49.25692948162543],[-123.11317134931869,49.25693223305174],[-123.11317241384396,49.25693500253576],[-123.113173395954,49.25693779009093],[-123.1131743093505,49.256940577713394],[-123.1131751540745,49.25694338339355],[-123.11317591636272,49.25694619814969],[-123.11317659619458,49.25694901298655],[-123.11317722109668,49.256951845867675],[-123.11317774979963,49.256954678843044],[-123.11317822355223,49.25695752086744],[-123.11317860110567,49.25696036298605],[-123.11317890996598,49.25696321416719],[-123.11317915011261,49.256966065415625],[-123.11317930780275,49.256968916744825],[-123.11317939679977,49.25697177713654],[-123.1131794033197,49.25697462861385],[-123.1131793274037,49.256977489167134],[-123.11317924270355,49.25697951317385],[-123.1131737684396,49.25712474630736]],"type":"LineString"},"properties":{"effluent_type":"Combined","material":"blank","geo_point_2d":{"lon":-123.11287592956397,"lat":49.25683619653739}}},{"type":"Feature","geometry":{"coordinates":[[-123.02382569450444,49.26552650397542],[-123.02380534800804,49.265518871243735],[-123.023490720032,49.265486750810126],[-123.02346776718512,49.26548999374668]],"type":"LineString"},"properties":{"effluent_type":"Storm","material":"Concrete","geo_point_2d":{"lon":-123.02364727808612,"lat":49.26550308025129}}},{"type":"Feature","geometry":{"coordinates":[[-123.10242630802438,49.27948401930987],[-123.10241071191842,49.279481748357554]],"type":"LineString"},"properties":{"effluent_type":"Sanitary","material":"blank","geo_point_2d":{"lon":-123.1024185099714,"lat":49.27948288383371}}},{"type":"Feature","geometry":{"coordinates":[[-123.10209282796241,49.276601169310425],[-123.10211848408476,49.276602100128834]],"type":"LineString"},"properties":{"effluent_type":"Sanitary","material":"blank","geo_point_2d":{"lon":-123.10210565602358,"lat":49.276601634719626}}},{"type":"Feature","geometry":{"coordinates":[[-123.11491038004351,49.25879405529927],[-123.11493499507543,49.258835831574096],[-123.11490157746323,49.25940678201086]],"type":"LineString"},"properties":{"effluent_type":"Combined","material":"Concrete","geo_point_2d":{"lon":-123.11491863025282,"lat":49.25909736291772}}},{"type":"Feature","geometry":{"coordinates":[[-123.03766758751381,49.259372528472234],[-123.03721894294459,49.25956875146514]],"type":"LineString"},"properties":{"effluent_type":"Storm","material":"Concrete","geo_point_2d":{"lon":-123.0374432652292,"lat":49.25947063996868}}},{"type":"Feature","geometry":{"coordinates":[[-123.10176492944464,49.26367434605947],[-123.11240019769038,49.26387194578501]],"type":"LineString"},"properties":{"effluent_type":"Combined","material":"blank","geo_point_2d":{"lon":-123.10708256356752,"lat":49.263773145922244}}},{"type":"Feature","geometry":{"coordinates":[[-123.02623338788126,49.258233712377695],[-123.02812293334411,49.258214827710326]],"type":"LineString"},"properties":{"effluent_type":"Sanitary","material":"blank","geo_point_2d":{"lon":-123.02717816061269,"lat":49.25822427004401}}},{"type":"Feature","geometry":{"coordinates":[[-123.12165087088229,49.26049948351212],[-123.1199342081766,49.26047179193165]],"type":"LineString"},"properties":{"effluent_type":"Combined","material":"blank","geo_point_2d":{"lon":-123.12079253952945,"lat":49.260485637721885}}},{"type":"Feature","geometry":{"coordinates":[[-123.1678206354776,49.22665513540742],[-123.1681157617692,49.2262023432706]],"type":"LineString"},"properties":{"effluent_type":"Combined","material":"RC","geo_point_2d":{"lon":-123.16796819862341,"lat":49.22642873933901}}},{"type":"Feature","geometry":{"coordinates":[[-123.04681581240204,49.239738011268614],[-123.0457705112678,49.2393018640659]],"type":"LineString"},"properties":{"effluent_type":"Sanitary","material":"blank","geo_point_2d":{"lon":-123.04629316183492,"lat":49.239519937667254}}},{"type":"Feature","geometry":{"coordinates":[[-123.17885374561587,49.228226163576714],[-123.17885507577552,49.2281723068626]],"type":"LineString"},"properties":{"effluent_type":"Combined","material":"blank","geo_point_2d":{"lon":-123.17885441069569,"lat":49.228199235219655}}},{"type":"Feature","geometry":{"coordinates":[[-123.1788722025593,49.227468301823016],[-123.17887230727246,49.22746687141345],[-123.1788724669237,49.22746544091884],[-123.17887264030948,49.22746401040296],[-123.1788728686333,49.22746257980202],[-123.17887313819315,49.227461158132485],[-123.17887343522209,49.22745973642042],[-123.17887377348697,49.22745832363975],[-123.17887415295544,49.22745691079531],[-123.1788745598929,49.227455497908316],[-123.1788750080664,49.227454093952744],[-123.1788754974759,49.22745269892857],[-123.17887602808891,49.2274513038406],[-123.1788765862034,49.22744991770532],[-123.17887718555393,49.227448540501406],[-123.17887782610794,49.227447163233734],[-123.17887849419591,49.22744580391395],[-123.1788792034874,49.227444444530335],[-123.17887995401487,49.22744309407813],[-123.17888073204381,49.22744175257862],[-123.17888155130872,49.2274404200105],[-123.17888239810759,49.22743910539029],[-123.17888328610994,49.22743779070625],[-123.17888420161374,49.2274364849749],[-123.17888515838601,49.227435197170166],[-123.17888615639423,49.22743391829681],[-123.17888716816941,49.227432648397425],[-123.17888823494752,49.22743139640336],[-123.17888932922708,49.227430153361986],[-123.1788904510081,49.227428919273265],[-123.17889160032304,49.227427703132435],[-123.17889279087395,49.22742649592302],[-123.17889400895875,49.227425306661445],[-123.1788952682795,49.22742412633127],[-123.17889655516669,49.22742297294422],[-123.1788978695228,49.22742181951459],[-123.1788992114453,49.22742069302807],[-123.17890058086925,49.2274195754942],[-123.17890199156163,49.22741847588693],[-123.17890342975544,49.22741738523234],[-123.17890489551561,49.22741632152083],[-123.17890638877726,49.227415266761945],[-123.17890790957281,49.22741422995098],[-123.17890944420022,49.22741322010436],[-123.1789110200636,49.227412219189105],[-123.17891262346087,49.22741123622173],[-123.17891424069003,49.22741028021871],[-123.17891589915513,49.22740933314706],[-123.17891757145213,49.22740841303976],[-123.17891927125055,49.22740750188512],[-123.17892098488085,49.22740661769483],[-123.17892273977957,49.227405751431114],[-123.17892450851018,49.227404912131746],[-123.17892629100773,49.22740408180633],[-123.17892811480617,49.22740327840268],[-123.17892993866953,49.22740249298945],[-123.17893180383379,49.227401734497995],[-123.17893366906296,49.22740099399697],[-123.17893557556053,49.22740027142252],[-123.17893748215555,49.227399575833665],[-123.17893941628445,49.227398898192696],[-123.17894136421278,49.227398238520806],[-123.17894332600552,49.22739761480853],[-123.1789453152997,49.22739700004885],[-123.17894730469126,49.22739641227478],[-123.17894932164928,49.227395851443795],[-123.1789513524067,49.22739530858192],[-123.17895339699605,49.22739479268439],[-123.1789554554173,49.22739430375119],[-123.178957527638,49.227393832787094],[-123.17895959995614,49.22739338880864],[-123.17896169980821,49.22739296277802],[-123.17896379975771,49.227392563733005],[-123.17896591353917,49.2273921916523],[-123.17896804112006,49.22739183754075],[-123.17897016883089,49.227391519410006],[-123.17897231034115,49.22739121924838],[-123.17897446565087,49.22739093705585],[-123.17897662105806,49.22739068184895],[-123.17897877659517,49.22739046262288],[-123.17898094589928,49.227390252370704],[-123.17898174227298,49.227390188169956],[-123.1790057238841,49.227390474840405]],"type":"LineString"},"properties":{"effluent_type":"Combined","material":"RC","geo_point_2d":{"lon":-123.17892789626592,"lat":49.22741352413841}}},{"type":"Feature","geometry":{"coordinates":[[-123.18821358541295,49.24222649419288],[-123.18835967809301,49.23365287338005]],"type":"LineString"},"properties":{"effluent_type":"Combined","material":"Concrete","geo_point_2d":{"lon":-123.188286631753,"lat":49.237939683786465}}},{"type":"Feature","geometry":{"coordinates":[[-123.11240019769038,49.26387194578501],[-123.11454735217579,49.26391322092239],[-123.1148193330674,49.26393718404475]],"type":"LineString"},"properties":{"effluent_type":"Combined","material":"blank","geo_point_2d":{"lon":-123.11361021038766,"lat":49.2638962626896}}},{"type":"Feature","geometry":{"coordinates":[[-123.14422124027017,49.2914396311913],[-123.14356733538047,49.29191530914337],[-123.1413619560386,49.29342959308014]],"type":"LineString"},"properties":{"effluent_type":"Combined","material":"Concrete","geo_point_2d":{"lon":-123.14279647400095,"lat":49.29244151021882}}},{"type":"Feature","geometry":{"coordinates":[[-123.07875946419995,49.27129734514002],[-123.0787283408311,49.27292957086016]],"type":"LineString"},"properties":{"effluent_type":"Sanitary","material":"Steel","geo_point_2d":{"lon":-123.07874390251553,"lat":49.2721134580001}}},{"type":"Feature","geometry":{"coordinates":[[-123.1050895768175,49.27018409320245],[-123.10507197161736,49.270211868386966]],"type":"LineString"},"properties":{"effluent_type":"Sanitary","material":"blank","geo_point_2d":{"lon":-123.10508077421744,"lat":49.270197980794705}}},{"type":"Feature","geometry":{"coordinates":[[-123.13414687226117,49.2661768197152],[-123.1391166575645,49.266247824815835]],"type":"LineString"},"properties":{"effluent_type":"Combined","material":"Concrete","geo_point_2d":{"lon":-123.13663176491283,"lat":49.26621232226552}}},{"type":"Feature","geometry":{"coordinates":[[-123.04566419158505,49.23932918870948],[-123.04564297397428,49.23941177341638],[-123.04564228940035,49.23941429235461],[-123.04564146744737,49.23941681134711],[-123.04564064557717,49.239419420291966],[-123.04563968624498,49.23942193933872],[-123.0456387269127,49.239424458385464],[-123.04563763020131,49.239426977486474],[-123.0456365334069,49.23942940663508],[-123.04563529931625,49.23943192579033],[-123.04563406514258,49.23943435499319],[-123.04563269358972,49.239436784250266],[-123.04563132203677,49.23943921350737],[-123.04562981310458,49.23944164281868],[-123.04562816671032,49.239443982231855],[-123.04562665777783,49.239446411543156],[-123.04562487400416,49.239448751010535],[-123.04562309023035,49.23945109047791],[-123.04562130637349,49.239453339992835],[-123.04561938522022,49.239455679514386],[-123.04561746398392,49.23945792908351],[-123.04454070389916,49.24066927958528],[-123.04453548894627,49.240675488311375],[-123.04453082368384,49.240681876730115],[-123.0445268454946,49.24068844478866],[-123.04452341691535,49.24069510258765],[-123.04452053802714,49.24070194007949],[-123.04451820874935,49.24070886731186],[-123.04451656646481,49.24071588423187],[-123.04451547371026,49.24072290094008],[-123.04451506794946,49.240730007335955],[-123.04451534910187,49.24073711346716],[-123.04451604232158,49.24074412948714],[-123.04451755983767,49.24075114518951],[-123.04451962680423,49.240758070727686],[-123.04452224330232,49.240764996054054],[-123.04452540917048,49.24077174126383],[-123.04452926179161,49.240778306303994],[-123.04453366386406,49.24078478117984],[-123.04453861530716,49.2407910759389],[-123.04454411612102,49.24079719058114],[-123.04455016622488,49.24080303515408]],"type":"LineString"},"properties":{"effluent_type":"Storm","material":"Concrete","geo_point_2d":{"lon":-123.04507645826324,"lat":49.240068376721545}}},{"type":"Feature","geometry":{"coordinates":[[-123.17886907803468,49.22760339757425],[-123.1788722025593,49.227468301823016]],"type":"LineString"},"properties":{"effluent_type":"Combined","material":"RC","geo_point_2d":{"lon":-123.17887064029699,"lat":49.22753584969863}}},{"type":"Feature","geometry":{"coordinates":[[-123.17882541862271,49.22843386313074],[-123.17885409433975,49.22828472221475],[-123.17885408385206,49.228281816760294]],"type":"LineString"},"properties":{"effluent_type":"Combined","material":"RC","geo_point_2d":{"lon":-123.17884002553103,"lat":49.22835786557633}}},{"type":"Feature","geometry":{"coordinates":[[-123.1901486374703,49.26866402109045],[-123.18789958920173,49.26862660135086],[-123.18789023820598,49.268625627084965],[-123.18788102330373,49.268624292788886],[-123.18787180737729,49.268622688637656],[-123.18786272788624,49.26862081440777],[-123.18785392229002,49.26861866987578],[-123.18784525278791,49.26861616531374],[-123.18783672006309,49.268613480624616],[-123.18782832377408,49.268610525857],[-123.18782020138038,49.26860730078745],[-123.18781249034137,49.268603805192605],[-123.1878047782792,49.26860003974282],[-123.18779747791326,49.26859609371929],[-123.18779058924353,49.26859196712213],[-123.18778383701007,49.26858757044671],[-123.18777749613147,49.2685829032463],[-123.18777142983124,49.268578145647304],[-123.18776577522713,49.268573207474844],[-123.18776053197782,49.2685679987776],[-123.18775556330667,49.268562699681866],[-123.18775100667284,49.26855730996436]],"type":"LineString"},"properties":{"effluent_type":"Combined","material":"RC","geo_point_2d":{"lon":-123.18894035168353,"lat":49.268642269409}}},{"type":"Feature","geometry":{"coordinates":[[-123.18942033684625,49.27039609204748],[-123.1894226670292,49.27024712770815],[-123.1894237071603,49.27023156430597],[-123.1894266724726,49.27021617765161],[-123.18943128803687,49.27020096819559],[-123.18943769165973,49.27018602566384],[-123.18944588368416,49.27017144000745],[-123.18945558918139,49.2701572116769],[-123.18946708411102,49.270143610075294],[-123.1894799560813,49.27013063587838],[-123.18949434221064,49.27011819890879],[-123.18951010641302,49.270106659197246],[-123.18952724799928,49.27009583684026],[-123.18954549273153,49.27008591219115],[-123.18956484095479,49.27007697520081],[-123.18958515486158,49.27006893614284],[-123.18960643514188,49.270061974919535],[-123.18962840652532,49.27005600203023],[-123.18965093223916,49.270051197602974],[-123.18967401228494,49.27004756163743],[-123.18969737139253,49.27004500463328],[-123.18972101025335,49.270043706493155],[-123.18974479071592,49.27004348753976],[-123.19236900308165,49.27005955841994]],"type":"LineString"},"properties":{"effluent_type":"Combined","material":"Concrete","geo_point_2d":{"lon":-123.19078349942187,"lat":49.27007144016924}}},{"type":"Feature","geometry":{"coordinates":[[-123.02346776718512,49.26548999374668],[-123.02348811357916,49.26549754558106],[-123.0238027416654,49.26552975597369],[-123.02382569450444,49.26552650397542]],"type":"LineString"},"properties":{"effluent_type":"Storm","material":"Concrete","geo_point_2d":{"lon":-123.02364619734657,"lat":49.26551338547601}}},{"type":"Feature","geometry":{"coordinates":[[-123.08751236563083,49.25187220041789],[-123.08927404320181,49.251899169545155]],"type":"LineString"},"properties":{"effluent_type":"Combined","material":"blank","geo_point_2d":{"lon":-123.08839320441632,"lat":49.251885684981524}}},{"type":"Feature","geometry":{"coordinates":[[-123.17372246874945,49.27103183111973],[-123.17380838700448,49.27107137073321]],"type":"LineString"},"properties":{"effluent_type":"Combined","material":"blank","geo_point_2d":{"lon":-123.17376542787696,"lat":49.27105160092647}}},{"type":"Feature","geometry":{"coordinates":[[-123.17380783713934,49.27107137156034],[-123.17387985214056,49.271105444962686]],"type":"LineString"},"properties":{"effluent_type":"Combined","material":"blank","geo_point_2d":{"lon":-123.17384384463995,"lat":49.27108840826151}}},{"type":"Feature","geometry":{"coordinates":[[-123.0281415783901,49.290927852546524],[-123.02939451180595,49.29004358607755]],"type":"LineString"},"properties":{"effluent_type":"Combined","material":"Concrete","geo_point_2d":{"lon":-123.02876804509802,"lat":49.29048571931204}}},{"type":"Feature","geometry":{"coordinates":[[-123.19717374876495,49.234194198580816],[-123.19753347089846,49.23449177682615]],"type":"LineString"},"properties":{"effluent_type":"Storm","material":"blank","geo_point_2d":{"lon":-123.19735360983171,"lat":49.234342987703485}}},{"type":"Feature","geometry":{"coordinates":[[-123.05070136438108,49.23808133660741],[-123.05063766724963,49.23679505347966]],"type":"LineString"},"properties":{"effluent_type":"Sanitary","material":"Vitrified Clay","geo_point_2d":{"lon":-123.05066951581536,"lat":49.237438195043545}}},{"type":"Feature","geometry":{"coordinates":[[-123.10380538964603,49.22566548398817],[-123.10380534343149,49.22566309128914],[-123.10380535215323,49.22566069854074],[-123.10380542954532,49.22565830573065],[-123.1038055618925,49.225655921866434],[-123.10380577662521,49.22565352893291],[-123.10380603257894,49.22565114495761],[-123.10380637093704,49.22564876090826],[-123.10380676425021,49.22564638580477],[-123.10380721249956,49.225644010651926],[-123.10380774317214,49.22564164442029],[-123.10380832879973,49.225639287134534],[-123.1038089693635,49.22563692979939],[-123.1038096786352,49.22563459039304],[-123.10381044284308,49.225632250937295],[-123.1038112894741,49.22562992040273],[-123.10381217732603,49.2256275988264],[-123.1038131338859,49.22562529517886],[-123.10381415913477,49.225623000464815],[-123.10381523933864,49.225620714696646],[-123.10381637449747,49.225618437874374],[-123.10381757836416,49.225616178980836],[-123.10381785198992,49.225615675000064],[-123.10381813931201,49.225615153016456],[-123.10381934317856,49.22561289412289],[-123.10382047833701,49.22561061730055],[-123.10382155854033,49.22560833153233],[-123.10382258378847,49.22560603681822],[-123.10382354034742,49.22560373317057],[-123.10382442819831,49.22560141159413],[-123.10382526109412,49.22559908107182],[-123.10382603903476,49.225596741603624],[-123.10382674830507,49.225594402197146],[-123.1038273888674,49.225592044861905],[-123.10382797449347,49.22558968757598],[-123.1038284914304,49.22558732135657],[-123.10382895341225,49.225584946191276],[-123.10382934672384,49.2255825710877],[-123.10382968508033,49.225580187038254],[-123.10382994103254,49.22557780306286],[-123.10383015576375,49.22557541012927],[-123.10383028810953,49.225573026264996],[-123.10383036550026,49.225570633454836],[-123.1038303742208,49.225568240706416],[-123.10383032800516,49.22556584800735]],"type":"LineString"},"properties":{"effluent_type":"Combined","material":"Concrete","geo_point_2d":{"lon":-123.10381785816159,"lat":49.22561566599188}}},{"type":"Feature","geometry":{"coordinates":[[-123.09417556811627,49.2079091219892],[-123.09654692137003,49.207709204808765]],"type":"LineString"},"properties":{"effluent_type":"Combined","material":"Concrete","geo_point_2d":{"lon":-123.09536124474315,"lat":49.207809163398984}}},{"type":"Feature","geometry":{"coordinates":[[-123.04767106231819,49.242069560474704],[-123.04811264395735,49.24224748312469],[-123.04812817496492,49.24225395322668],[-123.0481428822673,49.24226105333645],[-123.04815676603098,49.24226895436379],[-123.04816982601123,49.24227740444241],[-123.04818192489984,49.24228648458702],[-123.04819292513476,49.24229601495052],[-123.0482029642777,49.24230617538061],[-123.04821176729172,49.24231669613516],[-123.04821947156327,49.242327577157134],[-123.04822593970468,49.2423388185041],[-123.0482311717153,49.24235042017624],[-123.0482351673315,49.24236211231673],[-123.04823778925287,49.242373984935384],[-123.04823917486566,49.24238603797494],[-123.04823918651886,49.24239800163577],[-123.04823782438675,49.24241005582259],[-123.04823522559275,49.24242193062098],[-123.04823139022366,49.24243371598314],[-123.048226180716,49.24244523206168],[-123.04821973445634,49.24245647879905],[-123.0482121888314,49.24246745613771]],"type":"LineString"},"properties":{"effluent_type":"Sanitary","material":"Concrete","geo_point_2d":{"lon":-123.04800820334574,"lat":49.2422277105304}}},{"type":"Feature","geometry":{"coordinates":[[-123.05928563287068,49.24496656883636],[-123.05928329455142,49.24575627053391],[-123.0592831612471,49.2457596887906],[-123.05928247824878,49.24576301737704],[-123.05928152045718,49.245766346104475],[-123.05928028787228,49.24576967497291],[-123.05927850548545,49.24577282421879],[-123.05927644830516,49.245775973605625],[-123.0592741162237,49.24577903318114],[-123.05927137173674,49.24578191306354],[-123.05926835224086,49.24578461318232],[-123.05926492044708,49.245787223560185],[-123.05926135104096,49.2457896541039],[-123.05925750662591,49.245791904883916],[-123.05925324980524,49.24579397597067],[-123.05924899266135,49.24579577720049],[-123.05924446061618,49.245797488618756],[-123.05923965345453,49.245798930320966],[-123.05923484596977,49.24580010216617],[-123.05922990076533,49.24580100422482],[-123.05922481794886,49.24580172644914],[-123.05921973480949,49.245802178816454],[-123.05921451405824,49.24580245134942]],"type":"LineString"},"properties":{"effluent_type":"Combined","material":"blank","geo_point_2d":{"lon":-123.05928146249879,"lat":49.245405358301625}}},{"type":"Feature","geometry":{"coordinates":[[-123.02364232524467,49.20555500001669],[-123.02341828115493,49.205566379729426]],"type":"LineString"},"properties":{"effluent_type":"Sanitary","material":"blank","geo_point_2d":{"lon":-123.0235303031998,"lat":49.20556068987305}}},{"type":"Feature","geometry":{"coordinates":[[-123.02341828115493,49.205566379729426],[-123.02313335684829,49.20544327356955]],"type":"LineString"},"properties":{"effluent_type":"Sanitary","material":"blank","geo_point_2d":{"lon":-123.02327581900161,"lat":49.20550482664949}}},{"type":"Feature","geometry":{"coordinates":[[-123.17414733965404,49.25979187829669],[-123.17412363498005,49.260441206652516]],"type":"LineString"},"properties":{"effluent_type":"Combined","material":"BR\/CON","geo_point_2d":{"lon":-123.17413548731705,"lat":49.260116542474606}}},{"type":"Feature","geometry":{"coordinates":[[-123.08465029938216,49.283415520839256],[-123.08435949489078,49.283341163512844],[-123.08404654556306,49.283262054120335],[-123.08373985862947,49.28322656593738],[-123.08352919918947,49.28314837043812]],"type":"LineString"},"properties":{"effluent_type":"Combined","material":"Concrete","geo_point_2d":{"lon":-123.08408819574049,"lat":49.28328404936223}}},{"type":"Feature","geometry":{"coordinates":[[-123.07400341217996,49.2149440258419],[-123.07404038741207,49.21491465054549],[-123.07407123611864,49.21458959527444]],"type":"LineString"},"properties":{"effluent_type":"Combined","material":"blank","geo_point_2d":{"lon":-123.07405152683425,"lat":49.21477451486465}}},{"type":"Feature","geometry":{"coordinates":[[-123.16831584188516,49.21759326824112],[-123.16831109601749,49.21718235269781]],"type":"LineString"},"properties":{"effluent_type":"Combined","material":"RC","geo_point_2d":{"lon":-123.16831346895133,"lat":49.21738781046946}}},{"type":"Feature","geometry":{"coordinates":[[-123.16832494786598,49.218382303009946],[-123.16831584188516,49.21759326824112]],"type":"LineString"},"properties":{"effluent_type":"Combined","material":"RC","geo_point_2d":{"lon":-123.16832039487556,"lat":49.21798778562554}}},{"type":"Feature","geometry":{"coordinates":[[-123.04886234824082,49.24056021935043],[-123.04815406709184,49.24131592797974]],"type":"LineString"},"properties":{"effluent_type":"Sanitary","material":"Concrete","geo_point_2d":{"lon":-123.04850820766633,"lat":49.240938073665085}}},{"type":"Feature","geometry":{"coordinates":[[-123.20229169478876,49.28133520449535],[-123.20227359908307,49.28276026207956]],"type":"LineString"},"properties":{"effluent_type":"Combined","material":"Concrete","geo_point_2d":{"lon":-123.20228264693591,"lat":49.28204773328745}}},{"type":"Feature","geometry":{"coordinates":[[-123.145596861712,49.290463747765834],[-123.14422124027017,49.2914396311913]],"type":"LineString"},"properties":{"effluent_type":"Combined","material":"Concrete","geo_point_2d":{"lon":-123.14490905099109,"lat":49.290951689478575}}},{"type":"Feature","geometry":{"coordinates":[[-123.14305045835559,49.29209001555321],[-123.14399877739504,49.29145690948113]],"type":"LineString"},"properties":{"effluent_type":"Combined","material":"RC","geo_point_2d":{"lon":-123.1435246178753,"lat":49.29177346251717}}},{"type":"Feature","geometry":{"coordinates":[[-123.14115429013926,49.293570360337995],[-123.14101460372906,49.29363385681101],[-123.14095857712553,49.29364937885171]],"type":"LineString"},"properties":{"effluent_type":"Sanitary","material":"Concrete","geo_point_2d":{"lon":-123.14105755808134,"lat":49.29361296486426}}},{"type":"Feature","geometry":{"coordinates":[[-123.14095857712553,49.29364937885171],[-123.1404803224934,49.293781839284],[-123.1380235739975,49.294139029131905]],"type":"LineString"},"properties":{"effluent_type":"Sanitary","material":"Concrete","geo_point_2d":{"lon":-123.13949642653537,"lat":49.293919647585945}}},{"type":"Feature","geometry":{"coordinates":[[-123.04576788088833,49.23886374282624],[-123.04576884502421,49.23886644101712],[-123.04576967186583,49.23886922921485],[-123.04577049870754,49.238872017412525],[-123.04577118817187,49.23887480566464],[-123.04577174034189,49.23887768392357],[-123.04577215505132,49.23888047228455],[-123.04577258349859,49.23888326064007],[-123.04577286091371,49.238886139007846],[-123.04577313824576,49.23888892742325],[-123.04577327828342,49.23889180584547],[-123.04577328086042,49.2388945943697],[-123.04577328352056,49.23889747284635],[-123.04577314871999,49.23890026142504],[-123.04577287662494,49.23890314001052],[-123.04577246706918,49.23890592869808],[-123.04577205751339,49.238908717385584],[-123.04577164804064,49.238911596025524],[-123.04577110110714,49.2389143847675],[-123.04577041679593,49.23891717356387],[-123.04566419158505,49.23932918870948]],"type":"LineString"},"properties":{"effluent_type":"Storm","material":"Concrete","geo_point_2d":{"lon":-123.04572347623504,"lat":49.23909682366639}}},{"type":"Feature","geometry":{"coordinates":[[-123.20001698725234,49.23591458293262],[-123.19974404160044,49.23559620037397]],"type":"LineString"},"properties":{"effluent_type":"Storm","material":"blank","geo_point_2d":{"lon":-123.19988051442638,"lat":49.2357553916533}}},{"type":"Feature","geometry":{"coordinates":[[-123.19811364213932,49.234579656466124],[-123.19809905341234,49.23457266518349]],"type":"LineString"},"properties":{"effluent_type":"Storm","material":"blank","geo_point_2d":{"lon":-123.19810634777582,"lat":49.23457616082481}}},{"type":"Feature","geometry":{"coordinates":[[-123.116973268536,49.30105483538142],[-123.11720080167544,49.30072890852522]],"type":"LineString"},"properties":{"effluent_type":"Combined","material":"BR","geo_point_2d":{"lon":-123.11708703510573,"lat":49.300891871953326}}},{"type":"Feature","geometry":{"coordinates":[[-123.02812293334411,49.258214827710326],[-123.0281886252493,49.25821445189313],[-123.02819247327145,49.25821436100209],[-123.02819632124233,49.25821418015886],[-123.0282001691619,49.25821390936335],[-123.02820401703022,49.258213548615615],[-123.028207727416,49.25821309794918],[-123.02821157513037,49.25821246734487],[-123.02821528541348,49.258211836773995],[-123.0282189955939,49.25821102629874],[-123.02822256834301,49.25821021585698],[-123.02822614098945,49.25820922551087],[-123.02822971358441,49.258208145212556],[-123.02823314869674,49.25820697499558],[-123.02823644637775,49.2582058048121],[-123.02823974395595,49.25820445472429],[-123.02824290405147,49.25820301471791],[-123.02824606414684,49.2582015747114],[-123.02824908675953,49.25820004478632],[-123.02825197183819,49.25819833499054],[-123.02825485691665,49.25819662519467],[-123.02825760451239,49.25819482548024],[-123.02848771044481,49.25803627332925],[-123.02849032059252,49.25803447364314],[-123.02849279320579,49.25803249408661],[-123.02849512838816,49.258030514563934],[-123.0284974635186,49.25802844508911],[-123.02849952378749,49.258026375682014],[-123.02850144657373,49.258024216356674],[-123.02850336930801,49.2580219670792],[-123.02850501718082,49.2580197178695],[-123.02850666500167,49.25801737870767],[-123.0285080379611,49.25801503961363],[-123.02850927348975,49.25801270055347],[-123.02851050896648,49.2580102715412],[-123.02851146958187,49.25800784259674],[-123.02851229276652,49.25800541368618],[-123.02851297846871,49.25800289485745],[-123.02851352679201,49.25800046601472],[-123.02851393763287,49.257997947253756],[-123.02851407361251,49.25799542856066],[-123.02851420959215,49.257992909867575],[-123.02851405187971,49.25774299590779],[-123.02851432388942,49.25773804847348],[-123.02851514567031,49.2577331908556],[-123.02851651717039,49.25772833310205],[-123.02851857587117,49.25772356513099],[-123.02852104691286,49.25771888701022],[-123.02852406777693,49.2577143886579],[-123.02852750103352,49.25771007010797],[-123.02853148411232,49.25770593132639],[-123.02853601701327,49.257701972313164],[-123.0285409623065,49.25769819310212],[-123.02854632004383,49.257694683645376],[-123.02855195284744,49.257691533928934],[-123.0285579980433,49.257688564014515],[-123.02856445573526,49.257685953806345],[-123.02857105106396,49.25768370337228],[-123.02857792140728,49.25768172272623],[-123.02858506681723,49.257680101820256],[-123.02859234986428,49.25767884068828],[-123.02859977054854,49.2576779393303],[-123.0286071914405,49.25767739778031],[-123.02861474997,49.257677216004325],[-123.02873780452283,49.25767718546224]],"type":"LineString"},"properties":{"effluent_type":"Sanitary","material":"blank","geo_point_2d":{"lon":-123.0284533496116,"lat":49.2579485408419}}},{"type":"Feature","geometry":{"coordinates":[[-123.041457810125,49.280208094666634],[-123.04145847968624,49.280826422933984],[-123.04145973138404,49.28084342336958],[-123.04145905809,49.28086033454403],[-123.0414567348659,49.28087724631041],[-123.0414527616346,49.28089406871683],[-123.04144686325523,49.28091062195832],[-123.04143945213337,49.280926815934905],[-123.04143025335448,49.280942740696595],[-123.04141940418529,49.28095812633852],[-123.04140704219432,49.280973062762634],[-123.0413931673053,49.280987460016746],[-123.04137777936684,49.28100113819683],[-123.04136115336736,49.28101409720384],[-123.0413430143175,49.28102633713565],[-123.04132377455039,49.28103767794056],[-123.04130343414143,49.28104820956976],[-123.04128199294075,49.28105775211917],[-123.04125958845115,49.28106631453432],[-123.04123635815318,49.281073878775175],[-123.04121243955005,49.28108045378743],[-123.04118783249308,49.28108585966713],[-123.04116281212298,49.28109027621939],[-123.04009776987411,49.28109766694746]],"type":"LineString"},"properties":{"effluent_type":"Combined","material":"blank","geo_point_2d":{"lon":-123.04101940976908,"lat":49.28090497766049}}},{"type":"Feature","geometry":{"coordinates":[[-123.04146109845006,49.27907909958067],[-123.041457810125,49.280208094666634]],"type":"LineString"},"properties":{"effluent_type":"Combined","material":"blank","geo_point_2d":{"lon":-123.0414594542875,"lat":49.27964359712365}}},{"type":"Feature","geometry":{"coordinates":[[-123.10955774719677,49.269146080019624],[-123.10946817251192,49.269274427437786],[-123.10946493688289,49.26985607791869]],"type":"LineString"},"properties":{"effluent_type":"Sanitary","material":"Ductile Iron","geo_point_2d":{"lon":-123.10947639393298,"lat":49.26948998263227}}},{"type":"Feature","geometry":{"coordinates":[[-123.11314527245241,49.2578731491895],[-123.11312192888207,49.25849507421096]],"type":"LineString"},"properties":{"effluent_type":"Combined","material":"blank","geo_point_2d":{"lon":-123.11313360066724,"lat":49.25818411170023}}},{"type":"Feature","geometry":{"coordinates":[[-123.18554712813155,49.23022057000097],[-123.18554257494021,49.23007204753214]],"type":"LineString"},"properties":{"effluent_type":"Combined","material":"RC","geo_point_2d":{"lon":-123.18554485153588,"lat":49.23014630876655}}},{"type":"Feature","geometry":{"coordinates":[[-123.18804124712224,49.25298658810592],[-123.18806562721704,49.25188392233291],[-123.18807744680711,49.25115740336312],[-123.18809256312737,49.250253447990225],[-123.1881522262737,49.24627598182801],[-123.18818948829589,49.24378852142328]],"type":"LineString"},"properties":{"effluent_type":"Combined","material":"Concrete","geo_point_2d":{"lon":-123.18811954113657,"lat":49.24838763016376}}},{"type":"Feature","geometry":{"coordinates":[[-123.14256197827599,49.29240354294468],[-123.14254657189403,49.29243573764729],[-123.14250347015526,49.292464026622845],[-123.14242009018122,49.29254598539422]],"type":"LineString"},"properties":{"effluent_type":"Sanitary","material":"Polyvinyl Chloride","geo_point_2d":{"lon":-123.14249391956125,"lat":49.29247616264232}}},{"type":"Feature","geometry":{"coordinates":[[-123.07893799641485,49.26868007133038],[-123.07892658064937,49.26937395059508]],"type":"LineString"},"properties":{"effluent_type":"Sanitary","material":"Steel","geo_point_2d":{"lon":-123.0789322885321,"lat":49.26902701096273}}},{"type":"Feature","geometry":{"coordinates":[[-123.04527501216353,49.24126897662093],[-123.04499892256382,49.24155369384776],[-123.04499705599216,49.2415557454892],[-123.04499523066038,49.24155782410023],[-123.04499347403726,49.241559920674995],[-123.0449917723843,49.241562035218784],[-123.04499012570152,49.24156416773162],[-123.04498853398893,49.24156631821349],[-123.04498699724654,49.24156848666445],[-123.0449855154825,49.24157068207964],[-123.044984102419,49.241572886463345],[-123.04498274431754,49.24157509982085],[-123.04498144119447,49.24157734014264],[-123.04498020677192,49.241579589432924],[-123.04497902731147,49.241581847697006],[-123.04497790282122,49.24158412393017],[-123.04497684703973,49.241586418127056],[-123.04497585995884,49.241588721292416],[-123.04497491410152,49.24159103343696],[-123.04497405068331,49.24159335454464],[-123.0449732422272,49.241595684626134],[-123.04497248873321,49.24159802368149],[-123.04497180393982,49.24160037170534],[-123.0449711741086,49.24160272870302],[-123.04497059923946,49.241605094674526],[-123.04497010680136,49.24160746061397],[-123.0449696693254,49.241609835527214],[-123.04496930055011,49.24161221940898],[-123.04496898672882,49.241614603269355],[-123.04496874160004,49.241616987102965],[-123.04496856516381,49.24161937090986],[-123.04496844368977,49.241621763690596],[-123.0449683909083,49.24162415644457],[-123.04496840681936,49.24162654917184],[-123.04496847768448,49.2416289418777],[-123.04496861723402,49.24163132556159],[-123.04496882548432,49.24163371821397],[-123.04496908868055,49.24163610184971],[-123.04496942056933,49.241638485458736],[-123.04496980740409,49.241640860051135],[-123.04497026293146,49.24164323461677],[-123.0449707871433,49.24164560016042],[-123.04497136630926,49.241647965682695],[-123.04497201415153,49.24165031318774],[-123.04497271694795,49.241652660671406],[-123.0449734884289,49.24165499913309],[-123.04497432859432,49.241657328572785],[-123.04497520996725,49.241659649001186],[-123.0449761737632,49.24166196040225],[-123.04497719249703,49.24166425379147],[-123.04497826617684,49.241666538164026],[-123.04497940854125,49.241668813514565],[-123.0449806058435,49.24167107085326],[-123.04503075982939,49.241755804450925],[-123.04503142035935,49.241756991564934],[-123.04503314039353,49.24175997731356],[-123.04503494283469,49.24176293604436],[-123.04503682769098,49.24176587675252],[-123.04503768063458,49.24176714474859]],"type":"LineString"},"properties":{"effluent_type":"Storm","material":"Concrete","geo_point_2d":{"lon":-123.0450823221629,"lat":49.24150539438602}}},{"type":"Feature","geometry":{"coordinates":[[-123.2026489738567,49.275965350470386],[-123.20263602439204,49.27632474011139]],"type":"LineString"},"properties":{"effluent_type":"Storm","material":"blank","geo_point_2d":{"lon":-123.20264249912437,"lat":49.27614504529089}}},{"type":"Feature","geometry":{"coordinates":[[-123.20288552132388,49.27515041161917],[-123.20288182311046,49.27525431260193]],"type":"LineString"},"properties":{"effluent_type":"Combined","material":"Concrete","geo_point_2d":{"lon":-123.20288367221717,"lat":49.275202362110555}}},{"type":"Feature","geometry":{"coordinates":[[-123.20252707875024,49.274177796354564],[-123.20249160538457,49.275143906454694]],"type":"LineString"},"properties":{"effluent_type":"Combined","material":"RC","geo_point_2d":{"lon":-123.2025093420674,"lat":49.27466085140463}}},{"type":"Feature","geometry":{"coordinates":[[-123.1877101823547,49.26631842483911],[-123.18768601261566,49.266929445485964]],"type":"LineString"},"properties":{"effluent_type":"Sanitary","material":"blank","geo_point_2d":{"lon":-123.18769809748518,"lat":49.26662393516254}}},{"type":"Feature","geometry":{"coordinates":[[-123.15318438055756,49.213845427828645],[-123.15187820843406,49.21255014016148]],"type":"LineString"},"properties":{"effluent_type":"Combined","material":"blank","geo_point_2d":{"lon":-123.15253129449582,"lat":49.213197783995064}}},{"type":"Feature","geometry":{"coordinates":[[-123.11690173579358,49.220516143256084],[-123.11696323522484,49.21898179291156]],"type":"LineString"},"properties":{"effluent_type":"Combined","material":"blank","geo_point_2d":{"lon":-123.11693248550921,"lat":49.21974896808383}}},{"type":"Feature","geometry":{"coordinates":[[-123.21243516357829,49.27518440480672],[-123.21010133768804,49.27451000252378]],"type":"LineString"},"properties":{"effluent_type":"Combined","material":"RC","geo_point_2d":{"lon":-123.21126825063317,"lat":49.27484720366525}}},{"type":"Feature","geometry":{"coordinates":[[-123.09716022062369,49.215664104255175],[-123.09716726697374,49.215069771110706]],"type":"LineString"},"properties":{"effluent_type":"Combined","material":"blank","geo_point_2d":{"lon":-123.09716374379873,"lat":49.215366937682944}}},{"type":"Feature","geometry":{"coordinates":[[-123.15526966915542,49.26291932251838],[-123.15290034743839,49.262883380083686]],"type":"LineString"},"properties":{"effluent_type":"Combined","material":"BR\/CON","geo_point_2d":{"lon":-123.1540850082969,"lat":49.26290135130103}}},{"type":"Feature","geometry":{"coordinates":[[-123.17396555860967,49.26445007987692],[-123.17393981930233,49.26515531594505]],"type":"LineString"},"properties":{"effluent_type":"Combined","material":"BR\/CON","geo_point_2d":{"lon":-123.17395268895599,"lat":49.26480269791099}}},{"type":"Feature","geometry":{"coordinates":[[-123.06495639799539,49.251377729370425],[-123.06496433482023,49.251383931612146],[-123.0652342850201,49.25198126022091]],"type":"LineString"},"properties":{"effluent_type":"Sanitary","material":"Polyvinyl Chloride","geo_point_2d":{"lon":-123.06509720713409,"lat":49.251678028966104}}},{"type":"Feature","geometry":{"coordinates":[[-123.04978878436448,49.24546529503093],[-123.04962521276485,49.2454360139641]],"type":"LineString"},"properties":{"effluent_type":"Storm","material":"Polyvinyl Chloride","geo_point_2d":{"lon":-123.04970699856464,"lat":49.24545065449752}}},{"type":"Feature","geometry":{"coordinates":[[-123.20466021668341,49.237228977615544],[-123.20112298898317,49.23630681678444]],"type":"LineString"},"properties":{"effluent_type":"Sanitary","material":"blank","geo_point_2d":{"lon":-123.20289160283329,"lat":49.2367678972}}},{"type":"Feature","geometry":{"coordinates":[[-123.10940457604701,49.27029097185767],[-123.10810241645827,49.27026722681748]],"type":"LineString"},"properties":{"effluent_type":"Sanitary","material":"Ductile Iron","geo_point_2d":{"lon":-123.10875349625262,"lat":49.27027909933758}}},{"type":"Feature","geometry":{"coordinates":[[-123.10652365474353,49.27023848723608],[-123.107072393813,49.27024840546855]],"type":"LineString"},"properties":{"effluent_type":"Sanitary","material":"Ductile Iron","geo_point_2d":{"lon":-123.10679802427826,"lat":49.27024344635231}}},{"type":"Feature","geometry":{"coordinates":[[-123.10943204262797,49.270291476564005],[-123.10940457604701,49.27029097185767]],"type":"LineString"},"properties":{"effluent_type":"Sanitary","material":"Ductile Iron","geo_point_2d":{"lon":-123.10941830933749,"lat":49.27029122421084}}},{"type":"Feature","geometry":{"coordinates":[[-123.09401009932402,49.21490135647128],[-123.09406446275975,49.21490239164784]],"type":"LineString"},"properties":{"effluent_type":"Combined","material":"blank","geo_point_2d":{"lon":-123.09403728104189,"lat":49.214901874059564}}},{"type":"Feature","geometry":{"coordinates":[[-123.11023680013791,49.20797296233511],[-123.11029559158673,49.20673989425248]],"type":"LineString"},"properties":{"effluent_type":"Combined","material":"blank","geo_point_2d":{"lon":-123.11026619586232,"lat":49.20735642829379}}},{"type":"Feature","geometry":{"coordinates":[[-123.09410903078692,49.21424252440904],[-123.0943050641037,49.21429138882051]],"type":"LineString"},"properties":{"effluent_type":"Combined","material":"Concrete","geo_point_2d":{"lon":-123.09420704744532,"lat":49.21426695661477}}},{"type":"Feature","geometry":{"coordinates":[[-123.04935049517036,49.29286339899175],[-123.04939314512848,49.29287984190969],[-123.05013327459076,49.29282302459723],[-123.05316285200519,49.29226033665176]],"type":"LineString"},"properties":{"effluent_type":"Combined","material":"blank","geo_point_2d":{"lon":-123.05125958329062,"lat":49.29260500121802}}},{"type":"Feature","geometry":{"coordinates":[[-123.09352719225458,49.213155898971266],[-123.09350783311625,49.21315645436163],[-123.09348860958727,49.21315611011055],[-123.093469384193,49.213154776376484],[-123.09345043137714,49.213152362984594],[-123.09343175147994,49.21314904984034],[-123.0934136191145,49.21314483672188],[-123.09339603411216,49.213139633676704],[-123.09337899662627,49.2131335216625],[-123.09336291877891,49.213126608289784],[-123.09334766324746,49.21311888467472],[-123.09333336750763,49.21311044065935],[-123.09332003139022,49.2131011862913],[-123.09330793001503,49.213091391207236],[-123.09329706304318,49.21308087550209],[-123.09328743098214,49.21306990903437],[-123.09327917113718,49.21305849169347],[-123.09327228367681,49.21304671343241],[-123.0932669059059,49.21303457414054],[-123.09326290068702,49.21302216388169],[-123.09326054296899,49.21300966233965],[-123.09325955797006,49.21299697978356],[-123.09326008333322,49.212984296008024]],"type":"LineString"},"properties":{"effluent_type":"Combined","material":"Concrete","geo_point_2d":{"lon":-123.09336602200186,"lat":49.21310449426024}}},{"type":"Feature","geometry":{"coordinates":[[-123.07790771201904,49.28717254512491],[-123.07790685520273,49.28715239652611]],"type":"LineString"},"properties":{"effluent_type":"Storm","material":"blank","geo_point_2d":{"lon":-123.07790728361088,"lat":49.28716247082551}}},{"type":"Feature","geometry":{"coordinates":[[-123.06065391483779,49.25015845378885],[-123.06077597257129,49.250133985597905]],"type":"LineString"},"properties":{"effluent_type":"Sanitary","material":"Polyvinyl Chloride","geo_point_2d":{"lon":-123.06071494370454,"lat":49.25014621969338}}},{"type":"Feature","geometry":{"coordinates":[[-123.03645347244696,49.23758500132736],[-123.03747489853788,49.237996944545294]],"type":"LineString"},"properties":{"effluent_type":"Sanitary","material":"blank","geo_point_2d":{"lon":-123.03696418549242,"lat":49.237790972936324}}},{"type":"Feature","geometry":{"coordinates":[[-123.11699097211968,49.21695618116642],[-123.11698672180064,49.21695311808079],[-123.1169812206497,49.21694952554024],[-123.11697544529119,49.216946113182715],[-123.11696953282926,49.216942790916534],[-123.1169634834762,49.21693964869425],[-123.11695715991549,49.21693668665486],[-123.11695069946356,49.21693390465931],[-123.11694410212039,49.216931302707565],[-123.11693723056945,49.21692888093866],[-123.11693056501502,49.21692646795608]],"type":"LineString"},"properties":{"effluent_type":"Combined","material":"blank","geo_point_2d":{"lon":-123.11696155285465,"lat":49.21693976623064}}},{"type":"Feature","geometry":{"coordinates":[[-123.11693056501502,49.21692646795608],[-123.11692321410987,49.216924577393044],[-123.1169159318847,49.216922695755336],[-123.11690865008437,49.21692099402229],[-123.11690123160459,49.2169195622855],[-123.11689367602095,49.216918220639776],[-123.11688612107405,49.2169171488513],[-123.11687842944742,49.216916347059026],[-123.11687073824518,49.21691572517139],[-123.11686304725522,49.21691519323581],[-123.11685521979724,49.21691502124897],[-123.11684379477737,49.216914906872354]],"type":"LineString"},"properties":{"effluent_type":"Combined","material":"blank","geo_point_2d":{"lon":-123.1168874650803,"lat":49.21691854781252}}},{"type":"Feature","geometry":{"coordinates":[[-123.13343174982334,49.20480336312766],[-123.13345035604056,49.20493251412847]],"type":"LineString"},"properties":{"effluent_type":"Storm","material":"blank","geo_point_2d":{"lon":-123.13344105293194,"lat":49.20486793862807}}},{"type":"Feature","geometry":{"coordinates":[[-123.13038790052882,49.20499925773936],[-123.13043599302692,49.20500002201214]],"type":"LineString"},"properties":{"effluent_type":"Combined","material":"Concrete","geo_point_2d":{"lon":-123.13041194677787,"lat":49.20499963987575}}},{"type":"Feature","geometry":{"coordinates":[[-123.06796602055371,49.25465504404571],[-123.06867756294602,49.255052823601225],[-123.0701506306069,49.25598039792781],[-123.0729407457329,49.25770735264795],[-123.07294666037961,49.25771085704724],[-123.072952849754,49.25771427132064],[-123.0729593137235,49.25771750551597],[-123.07296591499097,49.257720649672116],[-123.07297265329117,49.25772352388492],[-123.07297952875663,49.25772621810641],[-123.07298667894973,49.257728822201784],[-123.07299382874558,49.257731156440556],[-123.07300125313631,49.257733310601104],[-123.07300867726234,49.25773528485707],[-123.0730163759831,49.25773707903474],[-123.07302407443902,49.257738693307765],[-123.07303177262999,49.25774012767618],[-123.07303974528277,49.25774129201417],[-123.07304771767042,49.25774227644747],[-123.07305568979287,49.257743080976134],[-123.07306366165,49.25774370560013],[-123.07307177053876,49.25774406028048],[-123.073079879162,49.25774423505615],[-123.07388000573108,49.25775065250216]],"type":"LineString"},"properties":{"effluent_type":"Combined","material":"BR\/CON","geo_point_2d":{"lon":-123.07087079080259,"lat":49.25638976432592}}},{"type":"Feature","geometry":{"coordinates":[[-123.11680013771117,49.21128347151867],[-123.11682464738497,49.21128407640253],[-123.11682643229521,49.21128407459726],[-123.11682807990465,49.21128407293086],[-123.11682986481486,49.21128407112552],[-123.11683151221234,49.21128397950639],[-123.11683329691057,49.211283887748365],[-123.11683494409606,49.211283706176495],[-123.1168367287943,49.211283614418406],[-123.11683837576774,49.211283342893836],[-123.1168400229532,49.21128316132193],[-123.11684166992661,49.21128288979728],[-123.11684345420082,49.21128261813377],[-123.11684510117422,49.21128234660909],[-123.1168467479356,49.211281985131734],[-123.11684825739619,49.21128162379324],[-123.1168499041575,49.21128126231583],[-123.11685155070683,49.211280810885754],[-123.1168530599553,49.21128035959451],[-123.11685470650455,49.21127990816436],[-123.11685621554098,49.21127936692044],[-123.11709218145698,49.211198080411876],[-123.11709341588723,49.21119753944322],[-123.11709451280446,49.211196908661044],[-123.11709574723464,49.211196367692345],[-123.11709684415182,49.21119573691015],[-123.1170979408565,49.21119501617529],[-123.11709903756116,49.21119429544041],[-123.11709999696525,49.211193574844714],[-123.11710081885633,49.21119276443552],[-123.11710177826036,49.211192043839795],[-123.1171025999389,49.211191143477954],[-123.11710328452939,49.21119033320795],[-123.11710410642034,49.21118952279875],[-123.11710465349775,49.21118862271527],[-123.1171053378757,49.21118772249258],[-123.11710574744009,49.21118673259562],[-123.11710629451746,49.21118583251213],[-123.1171067042943,49.21118493256782],[-123.11710697655812,49.21118394281007],[-123.11710724882198,49.21118295305228],[-123.11710738399776,49.211182053386395],[-123.11713697651048,49.21053876126871]],"type":"LineString"},"properties":{"effluent_type":"Combined","material":"Concrete","geo_point_2d":{"lon":-123.11706664661222,"lat":49.210989858206936}}},{"type":"Feature","geometry":{"coordinates":[[-123.16833599294678,49.21598989271449],[-123.16833641633741,49.216033699129845]],"type":"LineString"},"properties":{"effluent_type":"Combined","material":"blank","geo_point_2d":{"lon":-123.16833620464209,"lat":49.21601179592217}}},{"type":"Feature","geometry":{"coordinates":[[-123.07741824255594,49.27320004192416],[-123.07742061860064,49.273049280947376]],"type":"LineString"},"properties":{"effluent_type":"Combined","material":"blank","geo_point_2d":{"lon":-123.07741943057829,"lat":49.27312466143577}}},{"type":"Feature","geometry":{"coordinates":[[-123.07863993996824,49.27507029706828],[-123.07860848883318,49.275090017928655],[-123.07858326032323,49.27588538047202],[-123.07860772313647,49.27639898891532],[-123.07936753930055,49.277210365856675],[-123.07922017334339,49.28185620762553]],"type":"LineString"},"properties":{"effluent_type":"Sanitary","material":"Concrete","geo_point_2d":{"lon":-123.07911377961717,"lat":49.27838489777197}}},{"type":"Feature","geometry":{"coordinates":[[-123.1021447935041,49.277891401640325],[-123.10214482022104,49.27789102381901],[-123.10214491569936,49.27789065493211],[-123.10214506617196,49.27789028599655],[-123.10214527167597,49.27788993500273],[-123.10214553221138,49.277889601950626],[-123.1021458477782,49.27788928684024],[-123.10214620462787,49.277888989683746],[-123.10214660279753,49.27788872847144],[-123.10214705601719,49.27788849419602],[-123.10214753678969,49.277888286881776],[-123.10214804513362,49.277888115523915],[-123.102148581049,49.277887980122394],[-123.10214914453577,49.277887880677255],[-123.10214970809689,49.27788781721275],[-123.10215028549943,49.27788779871194],[-123.10215086297629,49.27788781619179],[-123.10215142679746,49.27788787865965],[-123.10215199069297,49.27788797710814],[-123.10215252716566,49.27788811156163],[-123.10215303621551,49.27788828202008],[-123.10215351784255,49.277888488483505],[-123.1021539720282,49.277888721956764],[-123.10215437127533,49.277888982464106],[-123.10215472935107,49.277889278988596],[-123.10215504621829,49.277889593539875],[-123.10215530812842,49.27788992613012],[-123.10215551508144,49.27789027675931],[-123.10215566707734,49.277890645427476],[-123.102155764079,49.27789101414421],[-123.10215579235641,49.277891391916924],[-123.10215576563955,49.27789176973826],[-123.1021556701613,49.277892138625184],[-123.1021555196888,49.27789250756072],[-123.10215531418483,49.277892858554566],[-123.10215505364947,49.27789319160671],[-123.10215473808266,49.277893506717106],[-123.10215438123303,49.27789380387363],[-123.10215398306336,49.277894065085974],[-123.1021535298437,49.27789429936142],[-123.10215304907116,49.277894506675665],[-123.10215254072718,49.27789467803357],[-123.10215200481176,49.27789481343508],[-123.10215144132489,49.27789491288027],[-123.1021508777637,49.277894976344754],[-123.10215030036107,49.27789499484557],[-123.10214972288412,49.27789497736572],[-123.10214915906288,49.277894914897885],[-123.10214859516732,49.27789481644935],[-123.10214805869457,49.27789468199584],[-123.10214754964464,49.27789451153736],[-123.10214706801757,49.27789430507391],[-123.1021466138319,49.27789407160065],[-123.10214621458478,49.27789381109327],[-123.10214585650905,49.27789351456877],[-123.10214553964187,49.27789320001744],[-123.1021452777318,49.27789286742718],[-123.10214507077883,49.27789251679797],[-123.102144918783,49.27789214812982],[-123.10214482178142,49.27789177941303],[-123.1021447935041,49.277891401640325]],"type":"LineString"},"properties":{"effluent_type":"Combined","material":"blank","geo_point_2d":{"lon":-123.1021502929302,"lat":49.27789139677877}}},{"type":"Feature","geometry":{"coordinates":[[-123.1193572568293,49.26666529231944],[-123.1193593159873,49.266669886740395],[-123.11936123773465,49.26667449929367],[-123.11936304956222,49.266679129950845],[-123.1193647240008,49.26668378773555],[-123.11936628849787,49.266688454629],[-123.11936771560583,49.26669314864998],[-123.11936903277223,49.2666978517797],[-123.1193702125278,49.26670257304178],[-123.1193712686179,49.26670731242203],[-123.11937220099918,49.266712051930035],[-123.11937299596951,49.26671680957044],[-123.11937368097637,49.26672156732442],[-123.11937422857221,49.26672634321078],[-123.11937465243734,49.26673111022974],[-123.11937493889138,49.2667358953811],[-123.11937511536014,49.266740671650844],[-123.119375154396,49.26674545705782],[-123.11937514284234,49.26674636558514],[-123.11934371447079,49.267592963403736]],"type":"LineString"},"properties":{"effluent_type":"Combined","material":"Concrete","geo_point_2d":{"lon":-123.11936030794354,"lat":49.26712789559319}}},{"type":"Feature","geometry":{"coordinates":[[-123.06920208930237,49.25730291584031],[-123.06920141122173,49.25733888810931]],"type":"LineString"},"properties":{"effluent_type":"Sanitary","material":"Polyvinyl Chloride","geo_point_2d":{"lon":-123.06920175026204,"lat":49.25732090197481}}},{"type":"Feature","geometry":{"coordinates":[[-123.07332506817511,49.21991092181512],[-123.07401123443971,49.21952099787037]],"type":"LineString"},"properties":{"effluent_type":"Combined","material":"blank","geo_point_2d":{"lon":-123.0736681513074,"lat":49.21971595984275}}},{"type":"Feature","geometry":{"coordinates":[[-123.07401123443971,49.21952099787037],[-123.07401768001338,49.21896346664291]],"type":"LineString"},"properties":{"effluent_type":"Combined","material":"blank","geo_point_2d":{"lon":-123.07401445722655,"lat":49.21924223225664}}},{"type":"Feature","geometry":{"coordinates":[[-123.07033159110391,49.219941082334145],[-123.07221721674543,49.21996089584239]],"type":"LineString"},"properties":{"effluent_type":"Combined","material":"blank","geo_point_2d":{"lon":-123.07127440392466,"lat":49.21995098908827}}},{"type":"Feature","geometry":{"coordinates":[[-123.07885302231453,49.27034714600821],[-123.07884207624892,49.27037923034098]],"type":"LineString"},"properties":{"effluent_type":"Sanitary","material":"blank","geo_point_2d":{"lon":-123.07884754928173,"lat":49.2703631881746}}},{"type":"Feature","geometry":{"coordinates":[[-123.10709633367043,49.256895359674324],[-123.10705987170238,49.2576058716044]],"type":"LineString"},"properties":{"effluent_type":"Combined","material":"blank","geo_point_2d":{"lon":-123.10707810268639,"lat":49.257250615639364}}},{"type":"Feature","geometry":{"coordinates":[[-123.10236282534882,49.280399137262485],[-123.10236145748198,49.28047562448542]],"type":"LineString"},"properties":{"effluent_type":"Sanitary","material":"Polyvinyl Chloride","geo_point_2d":{"lon":-123.1023621414154,"lat":49.28043738087395}}},{"type":"Feature","geometry":{"coordinates":[[-123.0977975752706,49.21436334340786],[-123.09822956510111,49.21436334566012]],"type":"LineString"},"properties":{"effluent_type":"Combined","material":"Concrete","geo_point_2d":{"lon":-123.09801357018586,"lat":49.21436334453399}}},{"type":"Feature","geometry":{"coordinates":[[-123.0932675459476,49.21266683738229],[-123.09327691133542,49.21225149949777]],"type":"LineString"},"properties":{"effluent_type":"Combined","material":"Concrete","geo_point_2d":{"lon":-123.0932722286415,"lat":49.21245916844002}}},{"type":"Feature","geometry":{"coordinates":[[-123.02383533680718,49.27741077811188],[-123.02572438826384,49.27741105663382]],"type":"LineString"},"properties":{"effluent_type":"Combined","material":"blank","geo_point_2d":{"lon":-123.02477986253551,"lat":49.27741091737285}}},{"type":"Feature","geometry":{"coordinates":[[-123.07530488962121,49.2094845037737],[-123.07729426571258,49.20932385610577]],"type":"LineString"},"properties":{"effluent_type":"Combined","material":"Concrete","geo_point_2d":{"lon":-123.0762995776669,"lat":49.20940417993974}}},{"type":"Feature","geometry":{"coordinates":[[-123.11684379477737,49.216914906872354],[-123.11439758014168,49.21689117013039]],"type":"LineString"},"properties":{"effluent_type":"Combined","material":"blank","geo_point_2d":{"lon":-123.11562068745951,"lat":49.21690303850137}}},{"type":"Feature","geometry":{"coordinates":[[-123.06655224493282,49.22031256854042],[-123.06718830915872,49.22032064688847]],"type":"LineString"},"properties":{"effluent_type":"Combined","material":"blank","geo_point_2d":{"lon":-123.0668702770458,"lat":49.220316607714445}}},{"type":"Feature","geometry":{"coordinates":[[-123.1072877683067,49.27025237046145],[-123.10806327870145,49.27026651682644]],"type":"LineString"},"properties":{"effluent_type":"Sanitary","material":"Ductile Iron","geo_point_2d":{"lon":-123.10767552350407,"lat":49.270259443643944}}},{"type":"Feature","geometry":{"coordinates":[[-123.03397154162595,49.282964105342],[-123.03357142681543,49.28486268934382],[-123.0335650212541,49.28567622337765]],"type":"LineString"},"properties":{"effluent_type":"Combined","material":"blank","geo_point_2d":{"lon":-123.03371143576541,"lat":49.28431401317886}}},{"type":"Feature","geometry":{"coordinates":[[-123.07390406258402,49.2094879452171],[-123.07397807276942,49.2094930251552],[-123.0740520682999,49.20949747538499],[-123.07412607679325,49.20950140383229],[-123.0742003727853,49.20950477433952],[-123.07427451681852,49.20950751522641],[-123.07434879734657,49.20950971626051],[-123.07442307693604,49.20951128757716],[-123.07449735571926,49.2095123191292],[-123.07457177098982,49.20951281082797],[-123.07464603430172,49.209512681902055],[-123.07472044781191,49.20951200411855],[-123.07479472307409,49.20951069670639],[-123.07486899753094,49.20950885852487],[-123.07494327101688,49.20950638163069],[-123.0750174063827,49.20950336506106],[-123.07509154093569,49.20949981772233],[-123.07516566078023,49.20949563168002],[-123.07523965622678,49.20949090595376],[-123.07530488962121,49.2094845037737]],"type":"LineString"},"properties":{"effluent_type":"Combined","material":"Concrete","geo_point_2d":{"lon":-123.07460456708523,"lat":49.20950415436568}}},{"type":"Feature","geometry":{"coordinates":[[-123.04451003236211,49.257168390913726],[-123.0440949553834,49.25716586050557]],"type":"LineString"},"properties":{"effluent_type":"Storm","material":"Concrete","geo_point_2d":{"lon":-123.04430249387275,"lat":49.25716712570965}}},{"type":"Feature","geometry":{"coordinates":[[-123.15547130961767,49.26292237959367],[-123.15526966915542,49.26291932251838]],"type":"LineString"},"properties":{"effluent_type":"Combined","material":"BR\/CON","geo_point_2d":{"lon":-123.15537048938654,"lat":49.26292085105602}}},{"type":"Feature","geometry":{"coordinates":[[-123.07883624051652,49.270512732000824],[-123.07875946419995,49.27129734514002]],"type":"LineString"},"properties":{"effluent_type":"Sanitary","material":"Steel","geo_point_2d":{"lon":-123.07879785235825,"lat":49.27090503857042}}},{"type":"Feature","geometry":{"coordinates":[[-123.05043564428532,49.24546564411482],[-123.05041946791377,49.24544735487249]],"type":"LineString"},"properties":{"effluent_type":"Storm","material":"Polyvinyl Chloride","geo_point_2d":{"lon":-123.05042755609954,"lat":49.245456499493656}}},{"type":"Feature","geometry":{"coordinates":[[-123.09417193568078,49.21432388045004],[-123.09418184537357,49.214126605819445]],"type":"LineString"},"properties":{"effluent_type":"Combined","material":"blank","geo_point_2d":{"lon":-123.09417689052715,"lat":49.21422524313474}}},{"type":"Feature","geometry":{"coordinates":[[-123.06861675307435,49.2548046546755],[-123.06871673791035,49.25488152235853]],"type":"LineString"},"properties":{"effluent_type":"Sanitary","material":"Polyvinyl Chloride","geo_point_2d":{"lon":-123.06866674549235,"lat":49.25484308851702}}},{"type":"Feature","geometry":{"coordinates":[[-123.14377439688947,49.28990688108445],[-123.14391151508181,49.28981630897594]],"type":"LineString"},"properties":{"effluent_type":"Combined","material":"Concrete","geo_point_2d":{"lon":-123.14384295598563,"lat":49.28986159503018}}},{"type":"Feature","geometry":{"coordinates":[[-123.07405871614874,49.21153067604789],[-123.07405996354186,49.211446578315766]],"type":"LineString"},"properties":{"effluent_type":"Combined","material":"blank","geo_point_2d":{"lon":-123.07405933984529,"lat":49.21148862718183}}},{"type":"Feature","geometry":{"coordinates":[[-123.19554032294194,49.26914992034553],[-123.19430854158325,49.26873318173139]],"type":"LineString"},"properties":{"effluent_type":"Combined","material":"RC","geo_point_2d":{"lon":-123.1949244322626,"lat":49.26894155103846}}},{"type":"Feature","geometry":{"coordinates":[[-123.14316520969287,49.27739513104369],[-123.13928399199462,49.27996766690215]],"type":"LineString"},"properties":{"effluent_type":"Sanitary","material":"Concrete","geo_point_2d":{"lon":-123.14122460084374,"lat":49.27868139897292}}},{"type":"Feature","geometry":{"coordinates":[[-123.03079261200634,49.23405682387178],[-123.03100946089339,49.234066075950984],[-123.03101528529244,49.23406632625441],[-123.03102099979458,49.234066567591796],[-123.03102671429677,49.23406680892891],[-123.03103260727106,49.2340668883033],[-123.03103851398737,49.234066976668956],[-123.03104428345229,49.234067244976174],[-123.03105005303,49.23406769318809],[-123.03105596002845,49.234068231315256],[-123.031061592355,49.23406885946848],[-123.03106736221515,49.234069757441944],[-123.03107299476773,49.234070745404594],[-123.03107862743339,49.2340719132719],[-123.03108412279154,49.234073171128394],[-123.03108948089869,49.234074608926576],[-123.03109483906262,49.23407613667697],[-123.0311000599756,49.23407784436909],[-123.03110514363766,49.234079732002925],[-123.03111022735662,49.234081709589],[-123.031115036404,49.23408377720136],[-123.03111984556482,49.234086024718486],[-123.03163742187238,49.23428196259138],[-123.03239017394345,49.234586297157655]],"type":"LineString"},"properties":{"effluent_type":"Storm","material":"blank","geo_point_2d":{"lon":-123.0316007395709,"lat":49.23428059822474}}},{"type":"Feature","geometry":{"coordinates":[[-123.02829730464947,49.23407281693946],[-123.02922406555211,49.23405917429385]],"type":"LineString"},"properties":{"effluent_type":"Storm","material":"blank","geo_point_2d":{"lon":-123.02876068510079,"lat":49.23406599561665}}},{"type":"Feature","geometry":{"coordinates":[[-123.0793218830575,49.26528536188013],[-123.07932009362705,49.26538665808135]],"type":"LineString"},"properties":{"effluent_type":"Sanitary","material":"Concrete","geo_point_2d":{"lon":-123.07932098834227,"lat":49.26533600998074}}},{"type":"Feature","geometry":{"coordinates":[[-123.07932202118961,49.265277212131956],[-123.0793218830575,49.26528536188013]],"type":"LineString"},"properties":{"effluent_type":"Sanitary","material":"Concrete","geo_point_2d":{"lon":-123.07932195212356,"lat":49.26528128700605}}},{"type":"Feature","geometry":{"coordinates":[[-123.11439758014168,49.21689117013039],[-123.11280844638387,49.216868913502]],"type":"LineString"},"properties":{"effluent_type":"Combined","material":"blank","geo_point_2d":{"lon":-123.11360301326278,"lat":49.2168800418162}}},{"type":"Feature","geometry":{"coordinates":[[-123.03951990666144,49.23880748111165],[-123.04000494187451,49.23832748990491]],"type":"LineString"},"properties":{"effluent_type":"Sanitary","material":"blank","geo_point_2d":{"lon":-123.03976242426799,"lat":49.238567485508284}}},{"type":"Feature","geometry":{"coordinates":[[-123.03843877934695,49.23838909033939],[-123.03951990666144,49.23880748111165]],"type":"LineString"},"properties":{"effluent_type":"Sanitary","material":"blank","geo_point_2d":{"lon":-123.0389793430042,"lat":49.238598285725516}}},{"type":"Feature","geometry":{"coordinates":[[-123.11835621908202,49.209773611371304],[-123.11929030531607,49.20935714897962]],"type":"LineString"},"properties":{"effluent_type":"Combined","material":"Concrete","geo_point_2d":{"lon":-123.11882326219904,"lat":49.20956538017546}}},{"type":"Feature","geometry":{"coordinates":[[-123.06842708789347,49.22033133471662],[-123.06920957689299,49.22034446939553]],"type":"LineString"},"properties":{"effluent_type":"Combined","material":"blank","geo_point_2d":{"lon":-123.06881833239322,"lat":49.22033790205607}}},{"type":"Feature","geometry":{"coordinates":[[-123.14302168855636,49.28868168384],[-123.1430776745225,49.28868755134495],[-123.1431012821426,49.28867196047067]],"type":"LineString"},"properties":{"effluent_type":"Sanitary","material":"Concrete","geo_point_2d":{"lon":-123.14306299260578,"lat":49.28868299147634}}},{"type":"Feature","geometry":{"coordinates":[[-123.07932602261425,49.26504670731968],[-123.07932202118961,49.265277212131956]],"type":"LineString"},"properties":{"effluent_type":"Sanitary","material":"Steel","geo_point_2d":{"lon":-123.07932402190193,"lat":49.265161959725816}}},{"type":"Feature","geometry":{"coordinates":[[-123.10111285600456,49.207325399860224],[-123.10239643832813,49.207219932679365]],"type":"LineString"},"properties":{"effluent_type":"Combined","material":"Concrete","geo_point_2d":{"lon":-123.10175464716635,"lat":49.207272666269795}}},{"type":"Feature","geometry":{"coordinates":[[-123.06665110618874,49.257718204463124],[-123.06663619603762,49.25864788632678]],"type":"LineString"},"properties":{"effluent_type":"Combined","material":"blank","geo_point_2d":{"lon":-123.06664365111318,"lat":49.25818304539495}}},{"type":"Feature","geometry":{"coordinates":[[-123.11763174613421,49.210069495915235],[-123.11830106573436,49.20979613810791]],"type":"LineString"},"properties":{"effluent_type":"Combined","material":"Concrete","geo_point_2d":{"lon":-123.11796640593428,"lat":49.209932817011584}}},{"type":"Feature","geometry":{"coordinates":[[-123.1127577263228,49.21266941635467],[-123.11275775261754,49.21266890359771],[-123.1127578020973,49.21266651080333],[-123.11275779665519,49.21266411806258],[-123.11275772258122,49.21266173438409],[-123.11275757983452,49.21265934177737],[-123.11275738216597,49.21265694922426],[-123.11275711586558,49.21265456573341],[-123.11275678091295,49.21265218230961],[-123.11275639105898,49.212649807934675],[-123.11275594628319,49.21264743361334],[-123.11275541914515,49.21264506836769],[-123.11275483708535,49.21264270317565],[-123.11275420014469,49.212640356027755],[-123.11275349455182,49.21263800894686],[-123.11275272032721,49.212635670928236],[-123.1127518912013,49.21263334195851],[-123.11275099344367,49.21263102205103],[-123.11275004078475,49.21262871119242],[-123.11274903324504,49.212626418377944],[-123.11274795705314,49.2126241256305],[-123.11274681227047,49.21262185993579],[-123.11274561256612,49.21261959429472],[-123.11274435800144,49.212617355693034],[-123.11274303478461,49.21261511715835],[-123.11274167043794,49.21261290564965],[-123.11274022372916,49.21261070321659],[-123.11273873589055,49.212608527809536],[-123.11273717942026,49.21260636146471],[-123.11273556806925,49.21260421316401],[-123.11273390183749,49.212602082907416],[-123.11273218074547,49.21259997969019],[-123.11273040475228,49.212597885521824],[-123.1127285738988,49.21259581839281],[-123.11272668816463,49.212593769307915],[-123.11272474757017,49.21259174726237],[-123.11272275209502,49.21258974326093],[-123.11272070175966,49.21258776629883],[-123.11271859656404,49.2125858163761],[-123.1127164364877,49.21258388449746],[-123.11271423526112,49.21258197064951],[-123.11271197919476,49.21258009283615],[-123.11270968199861,49.21257824204875],[-123.11270731619132,49.21257640931883],[-123.11270492300514,49.21257461259673],[-123.11270247493826,49.21257283391868],[-123.11269997203162,49.212571091275215],[-123.11269742799522,49.21256937565771],[-123.11269484282897,49.212567687066134],[-123.11269220282296,49.21256603450912],[-123.11268953541763,49.21256440896465],[-123.11268681315204,49.212562810459495],[-123.11268404977713,49.21256124797554]],"type":"LineString"},"properties":{"effluent_type":"Combined","material":"blank","geo_point_2d":{"lon":-123.1127312806871,"lat":49.21260881241234}}},{"type":"Feature","geometry":{"coordinates":[[-123.19694510771964,49.270630123566235],[-123.1990503580519,49.271180872207374]],"type":"LineString"},"properties":{"effluent_type":"Combined","material":"Concrete","geo_point_2d":{"lon":-123.19799773288577,"lat":49.2709054978868}}},{"type":"Feature","geometry":{"coordinates":[[-123.0463235774369,49.2404989911877],[-123.04716474667467,49.240837537509165]],"type":"LineString"},"properties":{"effluent_type":"Sanitary","material":"blank","geo_point_2d":{"lon":-123.04674416205577,"lat":49.24066826434843}}},{"type":"Feature","geometry":{"coordinates":[[-123.19236900308165,49.27005955841994],[-123.19463066021802,49.270073410458984]],"type":"LineString"},"properties":{"effluent_type":"Combined","material":"Concrete","geo_point_2d":{"lon":-123.19349983164982,"lat":49.27006648443946}}},{"type":"Feature","geometry":{"coordinates":[[-123.11467962968858,49.258716691850765],[-123.1147242855374,49.25871906593431],[-123.11476782568928,49.25872597899277],[-123.1148091799897,49.258737261113126],[-123.1148473320074,49.258752634997016],[-123.11488134401638,49.25877172277612],[-123.11491038004351,49.25879405529927]],"type":"LineString"},"properties":{"effluent_type":"Combined","material":"blank","geo_point_2d":{"lon":-123.11479970916801,"lat":49.25874209578943}}},{"type":"Feature","geometry":{"coordinates":[[-123.07551949867079,49.260503620536],[-123.07589914963815,49.260714399377825],[-123.07590891574014,49.260719610183386],[-123.07591895644438,49.260724640903454],[-123.07592927147478,49.26072931163403],[-123.07593986110727,49.260733802279],[-123.07595058790366,49.26073811292862],[-123.07596172646404,49.26074206349817],[-123.07597300205006,49.26074574412026],[-123.07598441466156,49.26074915479485],[-123.07599610173655,49.260752295431516],[-123.07600792583673,49.26075516612056],[-123.0760198869619,49.260757766861985],[-123.07603198511197,49.26076009765569],[-123.07604422014846,49.26076206854965],[-123.07605659220941,49.260763769495846],[-123.07606896385641,49.260765200584736],[-123.07608147238922,49.26076627177375],[-123.07609398050765,49.26076707310541],[-123.07610662564971,49.26076760448921],[-123.07611913280044,49.26076777615414],[-123.07617878152297,49.26076809664949]],"type":"LineString"},"properties":{"effluent_type":"Combined","material":"BR\/CON","geo_point_2d":{"lon":-123.07583979012624,"lat":49.26066680276217}}},{"type":"Feature","geometry":{"coordinates":[[-123.14803723544641,49.26276231420088],[-123.15071511069291,49.2628347356931]],"type":"LineString"},"properties":{"effluent_type":"Combined","material":"BR\/CON","geo_point_2d":{"lon":-123.14937617306967,"lat":49.26279852494699}}},{"type":"Feature","geometry":{"coordinates":[[-123.09406446275975,49.21490239164784],[-123.0942612471116,49.214774399282085],[-123.09428121506929,49.21431389649552],[-123.0943050641037,49.21429138882051]],"type":"LineString"},"properties":{"effluent_type":"Combined","material":"blank","geo_point_2d":{"lon":-123.09423729373056,"lat":49.21462809592414}}},{"type":"Feature","geometry":{"coordinates":[[-123.10231933844854,49.2805729446537],[-123.10231936516554,49.28057256683253],[-123.10231946064773,49.280572197945624],[-123.10231961112716,49.280571829010015],[-123.10231981664104,49.280571478016064],[-123.10232007718938,49.2805711449637],[-123.10232039277216,49.28057082985299],[-123.10232074964011,49.280570532696046],[-123.10232114783042,49.280570271483256],[-123.10232160107378,49.28057003720725],[-123.10232208187159,49.28056982989237],[-123.10232259024248,49.28056965853379],[-123.10232312618639,49.28056952313153],[-123.10232368970338,49.28056942368555],[-123.10232425329482,49.28056936022021],[-123.10232483072862,49.28056934171851],[-123.10232540823685,49.280569359197465],[-123.1023259720888,49.28056942166442],[-123.10232653601523,49.28056952011201],[-123.10232707251748,49.28056965456457],[-123.10232758159556,49.28056982502216],[-123.10232806324944,49.28057003148477],[-123.10232851746056,49.280570264957184],[-123.10232891673027,49.2805705254638],[-123.10232927482653,49.2805708219876],[-123.10232959171206,49.280571136538256],[-123.10232985363757,49.28057146912794],[-123.10233006060308,49.28057181975663],[-123.10233021260858,49.28057218842438],[-123.10233030961682,49.28057255714082],[-123.10233033789711,49.28057293491329],[-123.10233031118021,49.2805733127345],[-123.10233021569809,49.28057368162139],[-123.10233006521875,49.28057405055699],[-123.10232985970492,49.28057440155099],[-123.10232959915663,49.28057473460337],[-123.10232928357388,49.28057504971412],[-123.10232892670595,49.280575346871075],[-123.10232852851564,49.280575608083886],[-123.10232807527225,49.28057584235992],[-123.10232759447439,49.28057604967483],[-123.10232708610349,49.28057622103342],[-123.10232655015949,49.280576356435716],[-123.10232598664241,49.2805764558817],[-123.10232542305093,49.28057651934706],[-123.10232484561705,49.280576537848745],[-123.10232426810873,49.28057652036979],[-123.10232370425669,49.28057645790284],[-123.10232314033017,49.28057635945525],[-123.10232260382787,49.28057622500264],[-123.10232209474977,49.28057605454503],[-123.10232161309582,49.280575848082414],[-123.10232115888468,49.280575614609965],[-123.10232075961497,49.28057535410332],[-123.10232040151874,49.28057505757951],[-123.10232008463325,49.28057474302882],[-123.10231982270778,49.28057441043912],[-123.10231961574232,49.28057405981039],[-123.10231946373692,49.28057369114265],[-123.10231936672875,49.28057332242621],[-123.10231933844854,49.2805729446537]],"type":"LineString"},"properties":{"effluent_type":"Combined","material":"blank","geo_point_2d":{"lon":-123.10232483817283,"lat":49.28057293978367}}},{"type":"Feature","geometry":{"coordinates":[[-123.10234182111041,49.28168376631018],[-123.10230215924474,49.28168659893124]],"type":"LineString"},"properties":{"effluent_type":"Sanitary","material":"blank","geo_point_2d":{"lon":-123.10232199017759,"lat":49.281685182620706}}},{"type":"Feature","geometry":{"coordinates":[[-123.2022553439746,49.27198200498925],[-123.20226146750525,49.27198350546362],[-123.20226753634304,49.271985077995026],[-123.20227357798171,49.2719867225353],[-123.20227956492755,49.271988439132606],[-123.20228551089072,49.27199021876773],[-123.20229140212432,49.271992061464765],[-123.20229725241202,49.27199397619478],[-123.20230304797019,49.27199595398673],[-123.20230878883567,49.27199800383572],[-123.20231447497163,49.27200011674664],[-123.20232009263127,49.27200229274358],[-123.20232566930835,49.27200453177839],[-123.20233117750907,49.27200683389925],[-123.20233661723353,49.272009199106144],[-123.20234200222856,49.27201162737502],[-123.20234731874731,49.27201411872993],[-123.20235256675302,49.27201666417579],[-123.20235774628247,49.27201927270773],[-123.20236285733569,49.27202194432574],[-123.20236789983903,49.27202466103959],[-123.20237286015612,49.27202744985875],[-123.20237775192334,49.27203028377377],[-123.20238256146749,49.27203318079897],[-123.20238728875174,49.27203613193925],[-123.20239194748618,49.27203912817542],[-123.20239652399754,49.2720421875218],[-123.20240101821219,49.27204529198814],[-123.20240543016698,49.2720484505696],[-123.20240974607816,49.27205165429516],[-123.20241399347634,49.27205491211174],[-123.20241814483094,49.27205821507243],[-123.20242220017877,49.272061572172326],[-123.20242617319305,49.27206496539714],[-123.20243005020056,49.27206841276121],[-123.20243384487452,49.27207189625018],[-123.20243752975799,49.27207542490737],[-123.2024411323079,49.2720789896895],[-123.20244463881414,49.27208259961578],[-123.20244804927674,49.272086254686194],[-123.20245136365887,49.272089945905684],[-123.20245456817679,49.272093664303135],[-123.20245767665104,49.27209742784481],[-123.20246068904473,49.27210122753554],[-123.2024635915742,49.272105054404285],[-123.2024663980231,49.27210891742212],[-123.202468776478,49.2721123314299]],"type":"LineString"},"properties":{"effluent_type":"Combined","material":"Concrete","geo_point_2d":{"lon":-123.20237019696437,"lat":49.27203448801725}}},{"type":"Feature","geometry":{"coordinates":[[-123.17403627905922,49.26286421684596],[-123.17398048884993,49.26438456328272]],"type":"LineString"},"properties":{"effluent_type":"Combined","material":"BR\/CON","geo_point_2d":{"lon":-123.17400838395457,"lat":49.26362439006434}}},{"type":"Feature","geometry":{"coordinates":[[-123.08128784067783,49.26425489026387],[-123.08128737231102,49.26427935754829]],"type":"LineString"},"properties":{"effluent_type":"Sanitary","material":"Steel","geo_point_2d":{"lon":-123.08128760649443,"lat":49.26426712390608}}},{"type":"Feature","geometry":{"coordinates":[[-123.056978940251,49.25231760420892],[-123.05727326421932,49.25186200358406],[-123.0572749101635,49.2518593941535],[-123.05727669352099,49.251856784654805],[-123.05727861439587,49.251854265040116],[-123.05728053527052,49.25185174542542],[-123.05728245614499,49.25184922581068],[-123.05728451443274,49.251846706127765],[-123.05728657282434,49.251844276397],[-123.05728876862919,49.251841846598055],[-123.05729096443385,49.25183941679907],[-123.05729329765171,49.25183698693188],[-123.05729563097344,49.251834647016835],[-123.0572981017084,49.251832307033595],[-123.05730057244308,49.251829967050305],[-123.05730304328168,49.251827717019125],[-123.05730565153345,49.25182546691973],[-123.0573083971984,49.25182321675212],[-123.05731114296718,49.25182105653662],[-123.05731388873576,49.25181889632105],[-123.05731677191747,49.25181673603725],[-123.05731965520306,49.25181466570557],[-123.0573225384884,49.2518125953738],[-123.05732555929109,49.251810614925944],[-123.05732858009348,49.25180863447801],[-123.05733173830896,49.25180665396181],[-123.0573348966284,49.251804763397715],[-123.05733819236093,49.251802872765325],[-123.05734135067986,49.25180098220103],[-123.05734478392941,49.251799181452434],[-123.05734807976539,49.25179738077192],[-123.05735151311865,49.251795669975294],[-123.05735494647165,49.251793959178585],[-123.05735837992867,49.251792338333935],[-123.05736195079874,49.25179071742094],[-123.0573655080315,49.25178918646685],[-123.05736921641864,49.2517876554376],[-123.05737278739225,49.25178612447643],[-123.05737649588322,49.25178468339914],[-123.05738034178724,49.25178324225344],[-123.05738405038201,49.25178189112806],[-123.05738789649412,49.251780629886476],[-123.05739174250178,49.251779278692574],[-123.05739558871778,49.251778107402934],[-123.05739957234687,49.25177693604485],[-123.05740355597578,49.25177576468668],[-123.05740753970879,49.251774683280516],[-123.05741152344164,49.25177360187422],[-123.05741550727863,49.25177261041995],[-123.05741962852869,49.25177161889726],[-123.0574236124697,49.2517707173949],[-123.05742773392817,49.2517699057763],[-123.05743185538648,49.251769094157524],[-123.05743611425788,49.25176828247029],[-123.0574402358203,49.2517675608034],[-123.05744435738256,49.251766839136366],[-123.05744861656675,49.25176629730519],[-123.05745287564642,49.25176566552169],[-123.0574571348304,49.251765123690234],[-123.05746139411868,49.251764671810776],[-123.05746565340688,49.25176421993117],[-123.05746991279942,49.25176385800358],[-123.05747417219189,49.251763496075824],[-123.05747843168872,49.251763224100095],[-123.05748269118554,49.251762952124224],[-123.05748708819998,49.25176277003197],[-123.05749134790558,49.25176267796011],[-123.05749574502444,49.25176258581974],[-123.05750000473006,49.25176249374757],[-123.0575042645401,49.25176249162743],[-123.0575086618679,49.251762579390885],[-123.05751292178245,49.25176266722259],[-123.05751731921477,49.25176284493792],[-123.05752157923389,49.25176302272151],[-123.05752583935755,49.251763290457085],[-123.05753009958579,49.2517636481447],[-123.05753449722734,49.251764005763704],[-123.0575387574557,49.25176436345102],[-123.05754301778867,49.25176481109029],[-123.0575472782263,49.25176534868162],[-123.05755140125075,49.25176588634126],[-123.05755566168855,49.251766423932274],[-123.05755992233561,49.251767141427486],[-123.05756404546494,49.251767769038835],[-123.05756816880361,49.2517685765544],[-123.05757242945103,49.251769294049126],[-123.05757297920862,49.25176938372741],[-123.05810454416503,49.25191753878977]],"type":"LineString"},"properties":{"effluent_type":"Combined","material":"blank","geo_point_2d":{"lon":-123.05746872885615,"lat":49.251924323956246}}},{"type":"Feature","geometry":{"coordinates":[[-123.04083856067898,49.258277516502964],[-123.0411307618764,49.258006378099495]],"type":"LineString"},"properties":{"effluent_type":"Storm","material":"Concrete","geo_point_2d":{"lon":-123.04098466127769,"lat":49.258141947301226}}},{"type":"Feature","geometry":{"coordinates":[[-123.11063807093021,49.25384950647542],[-123.11237649642383,49.253881893553114],[-123.11239766281724,49.25388358205548],[-123.11241855682547,49.25388635024552],[-123.11243904062235,49.253890018353204],[-123.11245911461752,49.25389476628271],[-123.11247864078014,49.25390032431197],[-123.11249748210076,49.25390687247918],[-123.11251563837587,49.25391432083256],[-123.11253283456357,49.253922579688144],[-123.11254907066422,49.253931649046365],[-123.11256420905448,49.253941439089516],[-123.11257824971393,49.253951940822766],[-123.11259119247879,49.25396308228499],[-123.1126027622854,49.25397476479711],[-123.1126129591332,49.253986988359586],[-123.11262178302148,49.25399975297275],[-123.11262923333553,49.2540127887809],[-123.1126351728597,49.25402618587028],[-123.11263975254951,49.25403985414172],[-123.11264266987664,49.254053703938155],[-123.11264407579633,49.254067645160276],[-123.11264282671057,49.254116589376395]],"type":"LineString"},"properties":{"effluent_type":"Combined","material":"blank","geo_point_2d":{"lon":-123.11170309898151,"lat":49.25388398032397}}},{"type":"Feature","geometry":{"coordinates":[[-123.09284739888513,49.26350883345023],[-123.09284998363746,49.26349459196264]],"type":"LineString"},"properties":{"effluent_type":"Combined","material":"blank","geo_point_2d":{"lon":-123.0928486912613,"lat":49.263501712706436}}},{"type":"Feature","geometry":{"coordinates":[[-123.10368977079781,49.227527004747635],[-123.10373599875997,49.226797483403836]],"type":"LineString"},"properties":{"effluent_type":"Combined","material":"Concrete","geo_point_2d":{"lon":-123.1037128847789,"lat":49.227162244075735}}},{"type":"Feature","geometry":{"coordinates":[[-123.17373077808587,49.270896620796066],[-123.17372701214796,49.27099467412],[-123.173725798327,49.27100133239172],[-123.17372472228767,49.27100808040825],[-123.17372392118033,49.27101482801139],[-123.17372312007274,49.27102157561449],[-123.17372273136344,49.27102832259757],[-123.17372234265406,49.27103506958064],[-123.17372222887697,49.27104181615032],[-123.17372225256607,49.27104856251333],[-123.17372241372142,49.27105530866964],[-123.17372284980934,49.27106205441259],[-123.17372342336367,49.271068799948836],[-123.17372427185074,49.27107554507172],[-123.17372512033806,49.27108229019456],[-123.17372638090875,49.27108894474585],[-123.17372764179565,49.27109568924861],[-123.17372917729978,49.27110234338648],[-123.1737308502707,49.27110899731762],[-123.17373266074007,49.27111566003717],[-123.17373474611121,49.27112231334816],[-123.17373709662346,49.27112617774904],[-123.17373944776782,49.27113022205289],[-123.17374152366378,49.27113417681857],[-123.17374359987593,49.27113822153573],[-123.17374553862197,49.27114226645957],[-123.1737474776842,49.27114640133483],[-123.17374914149788,49.27115044667203],[-123.17375080562769,49.271154581960694],[-123.1737523322913,49.27115871745602],[-123.1737537214886,49.27116285315807],[-123.17375511068612,49.271166988860095],[-123.17375636273324,49.27117121472034],[-123.1737573395315,49.271175351042466],[-123.17375845411244,49.271179577109386],[-123.17375929376038,49.27118380358975],[-123.17375999594185,49.271188030276825],[-123.17376069812343,49.2711922569639],[-123.17376124909184,49.27119648387835],[-123.17376167634038,49.271200710978846],[-123.17374473735437,49.271661749321076]],"type":"LineString"},"properties":{"effluent_type":"Combined","material":"BR\/CON","geo_point_2d":{"lon":-123.17374525899226,"lat":49.271277889887294}}},{"type":"Feature","geometry":{"coordinates":[[-123.08740109567799,49.21385777727644],[-123.08761008757554,49.213862746264475]],"type":"LineString"},"properties":{"effluent_type":"Combined","material":"Concrete","geo_point_2d":{"lon":-123.08750559162677,"lat":49.213860261770456}}},{"type":"Feature","geometry":{"coordinates":[[-123.10373864305294,49.22675504137598],[-123.10379709264477,49.225802408374335]],"type":"LineString"},"properties":{"effluent_type":"Combined","material":"Concrete","geo_point_2d":{"lon":-123.10376786784886,"lat":49.22627872487516}}},{"type":"Feature","geometry":{"coordinates":[[-123.10652365474353,49.27023848723608],[-123.10640347805396,49.2702361152935]],"type":"LineString"},"properties":{"effluent_type":"Sanitary","material":"Ductile Iron","geo_point_2d":{"lon":-123.10646356639874,"lat":49.270237301264785}}},{"type":"Feature","geometry":{"coordinates":[[-123.10506118391706,49.27021340737963],[-123.10640347805396,49.2702361152935]],"type":"LineString"},"properties":{"effluent_type":"Sanitary","material":"Ductile Iron","geo_point_2d":{"lon":-123.10573233098552,"lat":49.270224761336564}}},{"type":"Feature","geometry":{"coordinates":[[-123.1028709374694,49.27016245041076],[-123.10273363564723,49.27024737927397]],"type":"LineString"},"properties":{"effluent_type":"Sanitary","material":"Ductile Iron","geo_point_2d":{"lon":-123.10280228655832,"lat":49.270204914842374}}},{"type":"Feature","geometry":{"coordinates":[[-123.04450981813876,49.25718997051504],[-123.04409469975056,49.2571874401219]],"type":"LineString"},"properties":{"effluent_type":"Storm","material":"Concrete","geo_point_2d":{"lon":-123.04430225894465,"lat":49.25718870531847}}},{"type":"Feature","geometry":{"coordinates":[[-123.19663044804491,49.23470740450102],[-123.19655881828143,49.2346571529619]],"type":"LineString"},"properties":{"effluent_type":"Sanitary","material":"blank","geo_point_2d":{"lon":-123.19659463316317,"lat":49.23468227873146}}},{"type":"Feature","geometry":{"coordinates":[[-123.09716726697374,49.215069771110706],[-123.09716862316063,49.21506113449955],[-123.0971688806802,49.21505240885981],[-123.09716790257441,49.21504377421226],[-123.09716582597889,49.21503514048874],[-123.09716265124676,49.21502668759449],[-123.09715824124368,49.21501850559762],[-123.09715287041628,49.21501050431434],[-123.09714640180633,49.215002863765314],[-123.09713897290166,49.214995673787556],[-123.09713072101358,49.21498893426541],[-123.09712150883108,49.214982645314215],[-123.09711147384164,49.2149768967709],[-123.09710075353242,49.21497177847252],[-123.09708934772713,49.21496720046624],[-123.09707753157615,49.21496343237905],[-123.09706502992846,49.21496020458358],[-123.09703899025831,49.214957419934166],[-123.0969863438294,49.214956762517694]],"type":"LineString"},"properties":{"effluent_type":"Combined","material":"blank","geo_point_2d":{"lon":-123.09709768087774,"lat":49.21498820297955}}},{"type":"Feature","geometry":{"coordinates":[[-123.07871951180181,49.27325577844978],[-123.07870064686445,49.273970719950746]],"type":"LineString"},"properties":{"effluent_type":"Sanitary","material":"Steel","geo_point_2d":{"lon":-123.07871007933312,"lat":49.27361324920027}}},{"type":"Feature","geometry":{"coordinates":[[-123.15235530338879,49.26982239783918],[-123.1523782626955,49.269823339044514],[-123.15240163804943,49.26982546706275],[-123.15242460434185,49.26982867503974],[-123.15244716157422,49.26983296297571],[-123.1524691725621,49.2698384210039],[-123.15249036182635,49.269844869584226],[-123.15251086710823,49.26985239848731],[-123.15253055066842,49.26986091794334],[-123.15254913730409,49.26987033836413],[-123.15256648955254,49.26988065993167],[-123.15258274459971,49.26989179251338],[-123.15259762724183,49.269903646521186],[-123.15261113747857,49.26991622195558],[-123.15262313784622,49.26992951899871],[-123.15263362751158,49.2699432677961],[-123.15264246901036,49.269957468529796],[-123.15264979980473,49.269972121018554],[-123.1526553444117,49.26998704572266],[-123.15265910282963,49.27000224264235],[-123.15266121196545,49.27001753169298],[-123.15266139666844,49.27003284127657]],"type":"LineString"},"properties":{"effluent_type":"Combined","material":"Concrete","geo_point_2d":{"lon":-123.15253880571173,"lat":49.26989104759809}}},{"type":"Feature","geometry":{"coordinates":[[-123.1148258815182,49.26483420637973],[-123.11482460134833,49.264863010296516]],"type":"LineString"},"properties":{"effluent_type":"Combined","material":"BR\/CON","geo_point_2d":{"lon":-123.11482524143327,"lat":49.26484860833813}}},{"type":"Feature","geometry":{"coordinates":[[-123.14318665313978,49.28861536505894],[-123.14321904472875,49.288593916416076],[-123.14322740755351,49.288537596294255],[-123.14329960229419,49.28848983239391]],"type":"LineString"},"properties":{"effluent_type":"Sanitary","material":"Concrete","geo_point_2d":{"lon":-123.14323800576254,"lat":49.28854933543675}}},{"type":"Feature","geometry":{"coordinates":[[-123.14446140298438,49.289337628656504],[-123.14448069220117,49.28935019777549],[-123.14447735275603,49.289360375485344]],"type":"LineString"},"properties":{"effluent_type":"Combined","material":"RC","geo_point_2d":{"lon":-123.14447357982118,"lat":49.2893475245634}}},{"type":"Feature","geometry":{"coordinates":[[-123.0363900214129,49.20697060492475],[-123.03635720575635,49.206965757800575],[-123.03632439023801,49.206961090572925],[-123.03629157492334,49.20695669319463],[-123.03625862239123,49.206952385803035],[-123.03622553277292,49.206948348303804],[-123.03619244329131,49.20694449070088],[-123.03615935394605,49.20694081299429],[-123.03612626473675,49.20693731518403],[-123.03609302464518,49.20693399731732],[-123.03605979841777,49.20693085934255],[-123.03602643503629,49.20692790130685],[-123.03599307185468,49.20692521312023],[-123.0359597088071,49.20692270482977],[-123.0359263458281,49.206920286482614],[-123.03589298304769,49.20691813798451],[-123.03585948317635,49.206916259378126],[-123.03582598337256,49.20691447071493],[-123.035792483701,49.20691286194782],[-123.03575898421974,49.206911514034424]],"type":"LineString"},"properties":{"effluent_type":"Sanitary","material":"blank","geo_point_2d":{"lon":-123.03607504951948,"lat":49.206935230109686}}},{"type":"Feature","geometry":{"coordinates":[[-123.19463066021802,49.270073410458984],[-123.19465402810317,49.27007314621417],[-123.19466131217438,49.27007275614425],[-123.19466861031033,49.27007244700699],[-123.19467590876471,49.27007221882551],[-123.19468322128392,49.270072071576706],[-123.19469052041075,49.27007201430203],[-123.19469783360246,49.27007203795998],[-123.19470514714816,49.2700721515689],[-123.19471244723077,49.27007233716164],[-123.19471974766745,49.27007261270534],[-123.1947270346765,49.270072969228025],[-123.19473430829336,49.27007341572481],[-123.19474156848268,49.27007394320062],[-123.19474882895541,49.27007454263709],[-123.19475606228974,49.270075232070845],[-123.19476326848569,49.270076011501914],[-123.1947704612188,49.270076862916845],[-123.1947776267782,49.27007779533395],[-123.19478477894569,49.270078817725164],[-123.19479189019319,49.27007992114178],[-123.19479897423165,49.270081096565406],[-123.19480601738562,49.270082362009546],[-123.19481303333063,49.270083699460756],[-123.19482000839119,49.27008512693248],[-123.19482695624284,49.27008662641126],[-123.19483384942839,49.27008820693864],[-123.19484071544048,49.27008986846821],[-123.19484751300475,49.27009160207441],[-123.19485428339564,49.270093416682876],[-123.1948609990851,49.27009530334479],[-123.19486187987835,49.27009556272019],[-123.19674887732691,49.27057878944071],[-123.19694510771964,49.270630123566235]],"type":"LineString"},"properties":{"effluent_type":"Combined","material":"Concrete","geo_point_2d":{"lon":-123.19579036479327,"lat":49.270334534445894}}},{"type":"Feature","geometry":{"coordinates":[[-123.1100445709703,49.21208362434946],[-123.11010886133731,49.21071339184334]],"type":"LineString"},"properties":{"effluent_type":"Combined","material":"blank","geo_point_2d":{"lon":-123.1100767161538,"lat":49.211398508096394}}},{"type":"Feature","geometry":{"coordinates":[[-123.05040923053649,49.23599746389279],[-123.05061286065339,49.2367170755655],[-123.05068048232542,49.238080356293345],[-123.050678573613,49.23809456961644],[-123.05067597802265,49.238108783240804],[-123.05067297021262,49.23812290709344],[-123.05066915188576,49.238137031301434],[-123.05066490750878,49.23815097579125],[-123.05066011362727,49.238164920521854],[-123.05065463277336,49.23817877560101],[-123.05064860232198,49.23819254096838],[-123.05064202218082,49.23820612667147],[-123.05063489244142,49.23821962266263],[-123.05062721310335,49.238233028941714],[-123.05061898407433,49.238246255556234],[-123.0506100680701,49.23825939251866],[-123.05060073965802,49.23827225980369],[-123.05059086164582,49.23828503737619],[-123.05058057131714,49.23829763522346],[-123.05057102089374,49.23830835273993]],"type":"LineString"},"properties":{"effluent_type":"Storm","material":"Concrete","geo_point_2d":{"lon":-123.0506028944598,"lat":49.23715696467333}}},{"type":"Feature","geometry":{"coordinates":[[-123.05057102089374,49.23830835273993],[-123.05056959382814,49.238309963513245],[-123.05055820402217,49.23832211207756],[-123.05054626452306,49.23833408097636],[-123.05042319393604,49.23848705390052],[-123.04998028656324,49.23914856763733],[-123.0494104145973,49.23989292617266]],"type":"LineString"},"properties":{"effluent_type":"Storm","material":"Concrete","geo_point_2d":{"lon":-123.0499949794567,"lat":49.23910336611016}}},{"type":"Feature","geometry":{"coordinates":[[-123.05043052290148,49.235997544552305],[-123.0506337395584,49.23671553722439],[-123.05063766724963,49.23679505347966]],"type":"LineString"},"properties":{"effluent_type":"Sanitary","material":"Vitrified Clay","geo_point_2d":{"lon":-123.0505421162225,"lat":49.236394983263324}}},{"type":"Feature","geometry":{"coordinates":[[-123.13829131739926,49.29353355962294],[-123.13819481790313,49.29355007324296],[-123.13774183248627,49.29384951425786],[-123.137729057991,49.29387000246846],[-123.13770970183107,49.29388278966871],[-123.13768232673517,49.29389031525621],[-123.13764272259893,49.29391667327884]],"type":"LineString"},"properties":{"effluent_type":"Sanitary","material":"Polyvinyl Chloride","geo_point_2d":{"lon":-123.137959454583,"lat":49.293709589073224}}},{"type":"Feature","geometry":{"coordinates":[[-123.19854921083042,49.2349829845997],[-123.19849755082917,49.23494619282497],[-123.19824357915424,49.23464213050046],[-123.19811364213932,49.234579656466124]],"type":"LineString"},"properties":{"effluent_type":"Storm","material":"blank","geo_point_2d":{"lon":-123.19834078031433,"lat":49.23476830109826}}},{"type":"Feature","geometry":{"coordinates":[[-123.04037594645764,49.20806154269681],[-123.03936817446078,49.20781138970407]],"type":"LineString"},"properties":{"effluent_type":"Sanitary","material":"blank","geo_point_2d":{"lon":-123.03987206045919,"lat":49.20793646620044}}},{"type":"Feature","geometry":{"coordinates":[[-123.04530901844343,49.29201142267439],[-123.04784995329828,49.29260075077243],[-123.04838131614453,49.2926997461278],[-123.04915290020845,49.29275734033726],[-123.04935049517036,49.29286339899175]],"type":"LineString"},"properties":{"effluent_type":"Combined","material":"blank","geo_point_2d":{"lon":-123.04733238867202,"lat":49.29245703861673}}},{"type":"Feature","geometry":{"coordinates":[[-123.18897881624521,49.27141913743156],[-123.18908975975343,49.27142092587436],[-123.18911314153873,49.271420527799776],[-123.18913623017215,49.27141896082447],[-123.18915917720987,49.271416314652534],[-123.18918170771614,49.27141258973415],[-123.18920368387852,49.271407696343296],[-123.18922524385074,49.271401814157976],[-123.18924583776344,49.27139494407901],[-123.18926574020573,49.271386995705164],[-123.1892846769309,49.27137814939003],[-123.18930264793846,49.27136840513409],[-123.18931937863832,49.27135785333967],[-123.18933486903042,49.271346494007304],[-123.18934898199223,49.27133441731418],[-123.18936173161514,49.271321713189714],[-123.18937309040636,49.271308381679425],[-123.18938279786835,49.271294603114605],[-123.18939099146894,49.2712803772704],[-123.18939753374255,49.27126570437244],[-123.18940242572357,49.27125085427527],[-123.18940552960244,49.27123573725303],[-123.18940698353605,49.27122053298334],[-123.18942033684625,49.27039609204748]],"type":"LineString"},"properties":{"effluent_type":"Combined","material":"Concrete","geo_point_2d":{"lon":-123.18934047095759,"lat":49.271026229953236}}},{"type":"Feature","geometry":{"coordinates":[[-123.20852989680056,49.274493518542094],[-123.2061695305804,49.274871981324594]],"type":"LineString"},"properties":{"effluent_type":"Combined","material":"RC","geo_point_2d":{"lon":-123.20734971369046,"lat":49.27468274993335}}},{"type":"Feature","geometry":{"coordinates":[[-123.07933097278766,49.26478214600766],[-123.07933082102876,49.26479036772749]],"type":"LineString"},"properties":{"effluent_type":"Sanitary","material":"blank","geo_point_2d":{"lon":-123.07933089690819,"lat":49.26478625686758}}},{"type":"Feature","geometry":{"coordinates":[[-123.07748276491611,49.26829745617235],[-123.07745200841097,49.27031274251471],[-123.07746094739484,49.27049075141727]],"type":"LineString"},"properties":{"effluent_type":"Combined","material":"Concrete","geo_point_2d":{"lon":-123.07746650037313,"lat":49.26939419730002}}},{"type":"Feature","geometry":{"coordinates":[[-123.03092967160582,49.29008798128811],[-123.03092926298555,49.29009427801121],[-123.0309285793256,49.290100574807894],[-123.0309273455862,49.29010687175179],[-123.03092583680682,49.2901131687693],[-123.03092405293107,49.29011937590875],[-123.03092171891913,49.29012549324376],[-123.03091910986687,49.29013161065231],[-123.03091608819797,49.29013763821956],[-123.03091265391232,49.29014357594548],[-123.03090894452976,49.29014942379327],[-123.0309049600502,49.29015518176286],[-123.03090056289734,49.290160759939404],[-123.03089575318354,49.29016633822612],[-123.03089066831625,49.29017173668291],[-123.03088530829544,49.29017695530977],[-123.03087967317727,49.290182084058266],[-123.03087362538544,49.290187033013474],[-123.03086730249613,49.29019189209024],[-123.03086070439701,49.290196481385294],[-123.02967589869118,49.290904450092924],[-123.02967218872737,49.29090966823909],[-123.02966889132897,49.290914886279204],[-123.02966600665803,49.29092037406807],[-123.02966380959695,49.29092586168036],[-123.02966202515572,49.29093143913833],[-123.02966079085654,49.290937106406645],[-123.02965996912354,49.29094277356908],[-123.02965983500113,49.29094844055499],[-123.02966011349919,49.290954197386604],[-123.02966094203211,49.29095986412543],[-123.0296623206541,49.29096553072303],[-123.0296642493113,49.290971107227826],[-123.0296667280039,49.29097659363975],[-123.02966961915588,49.290981900042496],[-123.02967306039754,49.2909872063039],[-123.02967691409881,49.29099233255607],[-123.02968118025979,49.29099727879896],[-123.0296859964028,49.29100204499715],[-123.02969122500569,49.29100663118597],[-123.02969686601445,49.29101094741372],[-123.02990476715145,49.291161562743625]],"type":"LineString"},"properties":{"effluent_type":"Combined","material":"blank","geo_point_2d":{"lon":-123.03021086390682,"lat":49.29062134587334}}},{"type":"Feature","geometry":{"coordinates":[[-123.14329960229419,49.28848983239391],[-123.14325490424464,49.28844994926459]],"type":"LineString"},"properties":{"effluent_type":"Combined","material":"Fibreglass","geo_point_2d":{"lon":-123.14327725326942,"lat":49.28846989082925}}},{"type":"Feature","geometry":{"coordinates":[[-123.08068627256871,49.2660339153473],[-123.0806281897575,49.266087477340506]],"type":"LineString"},"properties":{"effluent_type":"Sanitary","material":"Steel","geo_point_2d":{"lon":-123.08065723116312,"lat":49.2660606963439}}},{"type":"Feature","geometry":{"coordinates":[[-123.14634622191289,49.289960331180616],[-123.14681718194427,49.28966757075084]],"type":"LineString"},"properties":{"effluent_type":"Combined","material":"Cast Iron","geo_point_2d":{"lon":-123.14658170192858,"lat":49.28981395096572}}},{"type":"Feature","geometry":{"coordinates":[[-123.14865436934949,49.20936477495794],[-123.14883321110241,49.20871535432173]],"type":"LineString"},"properties":{"effluent_type":"Combined","material":"blank","geo_point_2d":{"lon":-123.14874379022595,"lat":49.20904006463984}}},{"type":"Feature","geometry":{"coordinates":[[-123.07744670632677,49.266108777451656],[-123.07748276491611,49.26829745617235]],"type":"LineString"},"properties":{"effluent_type":"Combined","material":"Concrete","geo_point_2d":{"lon":-123.07746473562145,"lat":49.267203116812}}},{"type":"Feature","geometry":{"coordinates":[[-123.11620284480328,49.21111119349769],[-123.11621213768277,49.210875876390176],[-123.1157604909624,49.21086478895026],[-123.11527644989759,49.21102849254884],[-123.11509696902964,49.210885781367985],[-123.11527034123463,49.20765690155439],[-123.11500248207928,49.207643216854784]],"type":"LineString"},"properties":{"effluent_type":"Sanitary","material":"Concrete","geo_point_2d":{"lon":-123.11533841398122,"lat":49.20966403923883}}},{"type":"Feature","geometry":{"coordinates":[[-123.11514598898773,49.21229444854828],[-123.11532586064813,49.212295969211304]],"type":"LineString"},"properties":{"effluent_type":"Combined","material":"Concrete","geo_point_2d":{"lon":-123.11523592481794,"lat":49.21229520887979}}},{"type":"Feature","geometry":{"coordinates":[[-123.08509580357027,49.213803592893655],[-123.0861166907718,49.2138282749601],[-123.08691515592088,49.21384654902197]],"type":"LineString"},"properties":{"effluent_type":"Combined","material":"Concrete","geo_point_2d":{"lon":-123.08600547294589,"lat":49.213825359914985}}},{"type":"Feature","geometry":{"coordinates":[[-123.0450924641742,49.24182110380333],[-123.04522113247221,49.24191857988199],[-123.04522463832717,49.241921331052474],[-123.04522807553063,49.24192412722593],[-123.04523144407436,49.24192695940711],[-123.04523473022796,49.24192983659664],[-123.04523793397502,49.24193274080406],[-123.04524106906236,49.24193568101922],[-123.04524412175952,49.24193866624275],[-123.0452470920501,49.2419416784842],[-123.04524997994233,49.2419447267388],[-123.04525278542796,49.24194780201132],[-123.04525552225378,49.241950913291596],[-123.04525816294262,49.24195406059043],[-123.04526072122484,49.241957234907204],[-123.0452631971004,49.241960436241925],[-123.0452655768307,49.241963664599986],[-123.04526788789295,49.2419669199706],[-123.04527010280167,49.24197019336931],[-123.04527222157333,49.241973502786635],[-123.04527425793005,49.241976830226655],[-123.04527621188005,49.24198018468466],[-123.04527806967647,49.2419835571708],[-123.04527984506616,49.24198695667493],[-123.04528152430224,49.24199037420716],[-123.04528310737646,49.24199380077233],[-123.0452846080439,49.24199725435548],[-123.04528601255768,49.24200072596676],[-123.04528732090954,49.242004206610964],[-123.04528853310772,49.24200770528334],[-123.04528966288258,49.242011212983236],[-123.04529069650373,49.24201473871129],[-123.04529163396285,49.242018273472254],[-123.04529247526001,49.24202181726617],[-123.04529322039515,49.24202537009301],[-123.04529386936825,49.24202893195277],[-123.0452944359179,49.24203250284009],[-123.04529489255864,49.24203607377051],[-123.0452952667759,49.24203965372847],[-123.04529553109244,49.24204324272474],[-123.04529571296897,49.24204682275809],[-123.04529578494471,49.242050411829794],[-123.04529577448871,49.2420540009338],[-123.04529566785403,49.24205758108026],[-123.04529546505714,49.242061170259674],[-123.04529515234289,49.242064750486946],[-123.04529475719681,49.24206833074653],[-123.045294265872,49.24207190204857],[-123.04529367837664,49.24207547338832],[-123.04529299469426,49.242079026775315],[-123.04529221484131,49.24208258019997],[-123.0452913525482,49.24208612466174],[-123.04529038032939,49.24208965117609],[-123.04528932567035,49.24209316872753],[-123.04528817483242,49.242096677321406],[-123.0452869278156,49.24210017695775],[-123.04528558460342,49.242103649646054],[-123.04528414521228,49.24210711337681],[-123.04528262337263,49.2421105591494],[-123.04528100533753,49.24211397797394],[-123.0452793048621,49.242117387835556],[-123.04527750819946,49.24212077974434],[-123.04527561534135,49.24212414470509],[-123.04527364003458,49.242127491707635],[-123.04527156853234,49.242130811762145],[-123.04526941458145,49.24213411385841],[-123.04526717816545,49.24213738000603],[-123.04526484556214,49.24214062820082],[-123.04526243050191,49.24214384944214],[-123.04525993298476,49.24214704373001],[-123.04525733926381,49.24215020207453],[-123.04525467683278,49.24215334245544],[-123.04525191818973,49.24215643789781],[-123.04524909082834,49.2421595063813],[-123.0452461672713,49.24216254791666],[-123.04524317498776,49.24216555349795],[-123.04524010023898,49.24216852313048],[-123.04523875500033,49.24216978299053],[-123.04521952575216,49.242190182722574]],"type":"LineString"},"properties":{"effluent_type":"Storm","material":"Concrete","geo_point_2d":{"lon":-123.04523095828331,"lat":49.24199226721575}}},{"type":"Feature","geometry":{"coordinates":[[-123.14347437536814,49.27390324696568],[-123.14194857199405,49.275786952250336]],"type":"LineString"},"properties":{"effluent_type":"Sanitary","material":"Fibreglass","geo_point_2d":{"lon":-123.14271147368108,"lat":49.27484509960801}}},{"type":"Feature","geometry":{"coordinates":[[-123.16878172873506,49.22445034403116],[-123.16838290206304,49.22325042611892]],"type":"LineString"},"properties":{"effluent_type":"Combined","material":"blank","geo_point_2d":{"lon":-123.16858231539906,"lat":49.22385038507504}}},{"type":"Feature","geometry":{"coordinates":[[-123.09439757981522,49.21490974789766],[-123.0943787665056,49.21490886374253],[-123.09436022627747,49.214907169785924],[-123.09434195878934,49.214904486122585],[-123.09432396421344,49.21490090270534],[-123.0943063800327,49.214896509374874],[-123.09428948069849,49.214891215954516],[-123.09427312924284,49.214885202462],[-123.094257462635,49.214878288880165],[-123.09424275601019,49.214870744843246],[-123.09422887190391,49.21486248950622],[-123.09421594759286,49.214853504766815],[-123.09420412074687,49.21484397941404],[-123.09419339136562,49.214833913448174],[-123.09418389675956,49.21482330675762],[-123.09417549978839,49.21481224940728],[-123.09416847524376,49.2148008311262],[-123.0941628232957,49.2147891418673],[-123.09415840663283,49.21477718174269],[-123.09415536273566,49.214765040593285],[-123.09415369177407,49.214752808371884],[-123.09415353105753,49.21474048496661]],"type":"LineString"},"properties":{"effluent_type":"Combined","material":"blank","geo_point_2d":{"lon":-123.09425112510334,"lat":49.21485426010943}}},{"type":"Feature","geometry":{"coordinates":[[-123.09091598150836,49.21394081628539],[-123.09120514972017,49.21416287076099]],"type":"LineString"},"properties":{"effluent_type":"Combined","material":"Concrete","geo_point_2d":{"lon":-123.09106056561427,"lat":49.21405184352319}}},{"type":"Feature","geometry":{"coordinates":[[-123.09773126388453,49.214354062428264],[-123.09769199198516,49.214353376026196]],"type":"LineString"},"properties":{"effluent_type":"Combined","material":"Concrete","geo_point_2d":{"lon":-123.09771162793484,"lat":49.21435371922723}}},{"type":"Feature","geometry":{"coordinates":[[-123.10191323973719,49.27276658904913],[-123.10191892739405,49.27285822704237]],"type":"LineString"},"properties":{"effluent_type":"Sanitary","material":"Polyvinyl Chloride","geo_point_2d":{"lon":-123.10191608356561,"lat":49.27281240804575}}},{"type":"Feature","geometry":{"coordinates":[[-123.10177530042812,49.27451719261352],[-123.10186447094725,49.274899310598066]],"type":"LineString"},"properties":{"effluent_type":"Sanitary","material":"Polyvinyl Chloride","geo_point_2d":{"lon":-123.10181988568769,"lat":49.274708251605794}}},{"type":"Feature","geometry":{"coordinates":[[-123.10170760356486,49.27448878244933],[-123.10177530042812,49.27451719261352]],"type":"LineString"},"properties":{"effluent_type":"Sanitary","material":"Polyvinyl Chloride","geo_point_2d":{"lon":-123.1017414519965,"lat":49.27450298753143}}},{"type":"Feature","geometry":{"coordinates":[[-123.05492332317601,49.255202755000894],[-123.05293757747835,49.25540913268207]],"type":"LineString"},"properties":{"effluent_type":"Sanitary","material":"blank","geo_point_2d":{"lon":-123.05393045032719,"lat":49.25530594384148}}},{"type":"Feature","geometry":{"coordinates":[[-123.05075003618468,49.255683128113276],[-123.05075484104863,49.255678268585655],[-123.05076005836845,49.255673588780915],[-123.05076555071994,49.25566908875942],[-123.05077145552718,49.255664768460754],[-123.05077749784972,49.25566053805351],[-123.0507838152962,49.2556565773815],[-123.05079039393964,49.255652706546506],[-123.05079726135712,49.255649015488494],[-123.05080426647456,49.25564559422603],[-123.05081154662372,49.25564235274651],[-123.05081896438062,49.255639291110356],[-123.05082665716932,49.25563640925705],[-123.05083462508225,49.25563379713868],[-123.0508425931791,49.255631364924],[-123.05085069897636,49.2556292025047],[-123.05085907980568,49.25562721986805],[-123.05086746091166,49.255625507087196],[-123.05087597971834,49.255624064101596],[-123.05088463612418,49.25562279196388],[-123.05089329281628,49.25562179867711],[-123.05293757747835,49.25540913268207]],"type":"LineString"},"properties":{"effluent_type":"Sanitary","material":"Concrete","geo_point_2d":{"lon":-123.05183668024841,"lat":49.25552471693217}}},{"type":"Feature","geometry":{"coordinates":[[-123.05044997638069,49.23848119529942],[-123.04999925066348,49.2391544063389]],"type":"LineString"},"properties":{"effluent_type":"Sanitary","material":"Concrete","geo_point_2d":{"lon":-123.0502246135221,"lat":49.23881780081916}}},{"type":"Feature","geometry":{"coordinates":[[-123.11380040666866,49.23709983556023],[-123.1157403834629,49.23725275243964]],"type":"LineString"},"properties":{"effluent_type":"Storm","material":"blank","geo_point_2d":{"lon":-123.11477039506579,"lat":49.23717629399994}}},{"type":"Feature","geometry":{"coordinates":[[-123.14857354056288,49.21323999590191],[-123.14860835046719,49.212352269152795]],"type":"LineString"},"properties":{"effluent_type":"Combined","material":"blank","geo_point_2d":{"lon":-123.14859094551502,"lat":49.21279613252735}}},{"type":"Feature","geometry":{"coordinates":[[-123.04681581240204,49.239738011268614],[-123.04626070197851,49.2403123921286],[-123.04625991968543,49.240313228999256],[-123.04625803948302,49.24031528966221],[-123.0462562279796,49.24031735929289],[-123.04625445771566,49.24031945589273],[-123.04625275615913,49.24032157045553],[-123.04625110957188,49.24032370298677],[-123.04624950421574,49.24032585349195],[-123.04624798130516,49.24032802195459],[-123.0462464996257,49.2403302083912],[-123.0462450866537,49.24033241279075],[-123.0462437149128,49.240334635164274],[-123.04624242560914,49.240336866500016],[-123.046241177545,49.240339124804976],[-123.04623999817156,49.240341383082395],[-123.0462388737674,49.240343659328275],[-123.04623781807074,49.240345953537165],[-123.0462368173266,49.24034824772403],[-123.04623588528997,49.240350559873875],[-123.04623500821428,49.24035288099696],[-123.04623419983771,49.240355211087774],[-123.0462334464305,49.24035755914707],[-123.04623276171404,49.24035990717887],[-123.04623213195853,49.2403622641839],[-123.04623157089378,49.240364621161426],[-123.04623107853661,49.24036699610196],[-123.04623064113203,49.24036937102049],[-123.04623027241823,49.24037174591153],[-123.04622995866546,49.24037412977582],[-123.04622971360348,49.24037651361262],[-123.0462295372407,49.24037890641717],[-123.04622941583061,49.24038129919972],[-123.04622936310291,49.24038368295955],[-123.0462293653363,49.240386075692626],[-123.04622943626053,49.24038846839821],[-123.04622957587561,49.240390861076314],[-123.04622978417316,49.240393244731685],[-123.04623004742342,49.24039562836505],[-123.0462303656264,49.240398011976446],[-123.04623076625845,49.24040039555484],[-123.04623122182642,49.24040276112077],[-123.04623173235552,49.24040513565996],[-123.04623231155878,49.24040749218115],[-123.04623295945296,49.24040984867488],[-123.0462336622915,49.24041219615137],[-123.04623443381259,49.2404145346051],[-123.04623526027807,49.24041686404161],[-123.0462361554261,49.240419184455405],[-123.04623710551016,49.2404214868567],[-123.0462381242852,49.240423789230505],[-123.04623919799624,49.240426073591806],[-123.0462403403815,49.240428339935164],[-123.04624153771958,49.240430606256496],[-123.0462428037235,49.240432845564605],[-123.04624411093366,49.24043507586098],[-123.04624548682648,49.240437297134584],[-123.0462469313851,49.24043949139498],[-123.04624841715003,49.24044167664362],[-123.0462499715892,49.24044384387425],[-123.04625158095607,49.24044598409716],[-123.04625324526741,49.24044811530282],[-123.04625497825302,49.240450228490445],[-123.04625675242814,49.24045231467584],[-123.04625858153935,49.24045438284875],[-123.04626047931646,49.2404564240084],[-123.04626241829986,49.240458456156276],[-123.0462644122026,49.24046045230117],[-123.04626647477964,49.240462430428025],[-123.04626856481639,49.240464390553385],[-123.04627072351909,49.24046632366548],[-123.0462729371495,49.240468229769824],[-123.0462751919694,49.24047010887188],[-123.04627748797888,49.240471960971675],[-123.04627985266266,49.24047379505343],[-123.04628225852761,49.240475593137724],[-123.04628470558205,49.24047736421968],[-123.04628720756425,49.24047910829389],[-123.04628975073598,49.24048082536581],[-123.04629233509726,49.24048251543546],[-123.04629497437787,49.24048416950206],[-123.04629764110982,49.24048579657189],[-123.04630036276949,49.24048739663392],[-123.0463031256103,49.240488960698436],[-123.04630592963224,49.24049048876539],[-123.04630877484371,49.24049198983004],[-123.0463116612363,49.240493454897184],[-123.0463145888184,49.240494892962005],[-123.04631754384347,49.24049629503478],[-123.04632054004962,49.24049766111002],[-123.0463235774369,49.2404989911877]],"type":"LineString"},"properties":{"effluent_type":"Sanitary","material":"blank","geo_point_2d":{"lon":-123.0464736910063,"lat":49.24011458210371}}},{"type":"Feature","geometry":{"coordinates":[[-123.06652150504851,49.25321508445603],[-123.06709014032393,49.253652804901776],[-123.06709223131531,49.25365444981282],[-123.06709249267858,49.2536546475559],[-123.06709258896903,49.253654719461736],[-123.06709274028782,49.25365483631171],[-123.0670929328809,49.25365498911863],[-123.0670931942076,49.253655159876054],[-123.06709348309113,49.25365538458879],[-123.06709371694632,49.253655564357395],[-123.06709390952723,49.25365570816908],[-123.0670940883663,49.253655851988746],[-123.06709434972959,49.253656049731816],[-123.06709452855645,49.25365618455625],[-123.06709483119404,49.253656418256234],[-123.0670951613519,49.2536566789259],[-123.06709564281635,49.25365704745031],[-123.06709705970174,49.2536581350491],[-123.06709847659936,49.2536592316431],[-123.06710005855768,49.253660445079056],[-123.06710158548776,49.25366161357086],[-123.06710391027421,49.253663393274195],[-123.06710586366512,49.253664903336634],[-123.06710762446299,49.25366626059214],[-123.06710909637724,49.253667393134926],[-123.06711077462661,49.253668678476565],[-123.0671119576573,49.253669586306614],[-123.06711422742832,49.253671330060826],[-123.06711666228463,49.25367320864741],[-123.06712069285456,49.25367630965683],[-123.0671243657587,49.25367913202212],[-123.06712777729975,49.25368175664428],[-123.06713442154359,49.25368686206871],[-123.06713764050448,49.253689342878964],[-123.06714186365822,49.25369258769926],[-123.06714471119933,49.25369478087812],[-123.0671485629456,49.2536977470622],[-123.06715358395827,49.253701603093326],[-123.06715755950438,49.253704659157336],[-123.06716181018103,49.25370793094656],[-123.06716622593149,49.25371132857274],[-123.06717053162555,49.253714636310534],[-123.06717443839119,49.25371763844263],[-123.06717685949799,49.25371950804071],[-123.06717897801543,49.25372117991981],[-123.06718115142722,49.25372279779565],[-123.06718138529527,49.253722986559296],[-123.06718178415113,49.25372323819353],[-123.06718211424887,49.25372345388686],[-123.06718409481084,49.25372473005642],[-123.06719112303273,49.25372924156972],[-123.06719355747968,49.25373081431743],[-123.06719817883732,49.25373382502833],[-123.06720211240605,49.25373632341157],[-123.0672066237687,49.25373928921001],[-123.0672105847854,49.253741760591346],[-123.0672272546145,49.25375256314721],[-123.06735579859485,49.25383512736456],[-123.06737410825366,49.25384922119353],[-123.06738926770865,49.2538608791525],[-123.06740523881281,49.25387317529653],[-123.06741526717263,49.253880887343975],[-123.06742673996764,49.25388972295006],[-123.06743686462562,49.253897506901176],[-123.06743936828839,49.25389943941205],[-123.06744111533727,49.253900778680006],[-123.06744194072219,49.253901416858795],[-123.06744283487797,49.25390209997356],[-123.06744326133072,49.25390243254775],[-123.06744390787472,49.253902926907415],[-123.06744478827635,49.25390360103497],[-123.06744561366136,49.25390423921373],[-123.0674462189429,49.25390470661182],[-123.06744661787512,49.253905012216414],[-123.06744672793299,49.253905102104355],[-123.06744679672835,49.25390516503072],[-123.06787361740156,49.254233330539556]],"type":"LineString"},"properties":{"effluent_type":"Sanitary","material":"Polyvinyl Chloride","geo_point_2d":{"lon":-123.06719695988642,"lat":49.253725053733625}}},{"type":"Feature","geometry":{"coordinates":[[-123.15294572150951,49.27082689414677],[-123.1529463539354,49.270826920295214],[-123.15739889585855,49.270898569252495]],"type":"LineString"},"properties":{"effluent_type":"Combined","material":"Concrete","geo_point_2d":{"lon":-123.15517230845487,"lat":49.270862739680624}}},{"type":"Feature","geometry":{"coordinates":[[-123.10164281257447,49.27317818633834],[-123.10160991400437,49.27408779090618]],"type":"LineString"},"properties":{"effluent_type":"Sanitary","material":"Polyvinyl Chloride","geo_point_2d":{"lon":-123.10162636328943,"lat":49.27363298862226}}},{"type":"Feature","geometry":{"coordinates":[[-123.03936817446078,49.20781138970407],[-123.03867865015246,49.20755805438373]],"type":"LineString"},"properties":{"effluent_type":"Sanitary","material":"blank","geo_point_2d":{"lon":-123.03902341230662,"lat":49.2076847220439}}},{"type":"Feature","geometry":{"coordinates":[[-123.02708857226783,49.234130577347685],[-123.02806872216891,49.23413070316723]],"type":"LineString"},"properties":{"effluent_type":"Sanitary","material":"blank","geo_point_2d":{"lon":-123.02757864721838,"lat":49.23413064025746}}},{"type":"Feature","geometry":{"coordinates":[[-123.02481787448895,49.234138913348076],[-123.0259289442749,49.23413466642643]],"type":"LineString"},"properties":{"effluent_type":"Sanitary","material":"blank","geo_point_2d":{"lon":-123.02537340938194,"lat":49.23413678988725}}},{"type":"Feature","geometry":{"coordinates":[[-123.02421164791302,49.23411850583813],[-123.02481773669193,49.23413804983368]],"type":"LineString"},"properties":{"effluent_type":"Sanitary","material":"blank","geo_point_2d":{"lon":-123.02451469230247,"lat":49.23412827783591}}},{"type":"Feature","geometry":{"coordinates":[[-123.02378541334288,49.234590853983086],[-123.02351633519224,49.234490782951035]],"type":"LineString"},"properties":{"effluent_type":"Storm","material":"blank","geo_point_2d":{"lon":-123.02365087426756,"lat":49.23454081846706}}},{"type":"Feature","geometry":{"coordinates":[[-123.09769199198516,49.214353376026196],[-123.09758735834698,49.21435148550961]],"type":"LineString"},"properties":{"effluent_type":"Combined","material":"Concrete","geo_point_2d":{"lon":-123.09763967516608,"lat":49.21435243076791}}},{"type":"Feature","geometry":{"coordinates":[[-123.11281477648383,49.21334518544015],[-123.11335618727553,49.21324147047811]],"type":"LineString"},"properties":{"effluent_type":"Combined","material":"Concrete","geo_point_2d":{"lon":-123.1130854818797,"lat":49.21329332795913}}},{"type":"Feature","geometry":{"coordinates":[[-123.11098806901528,49.213447207531814],[-123.1113539065732,49.2134150930859],[-123.11224544474443,49.21342887450766],[-123.1126164544129,49.21338316815655],[-123.11281477648383,49.21334518544015]],"type":"LineString"},"properties":{"effluent_type":"Combined","material":"Concrete","geo_point_2d":{"lon":-123.11190326589814,"lat":49.2134142037994}}},{"type":"Feature","geometry":{"coordinates":[[-123.02834806300339,49.26138848061308],[-123.028624948358,49.26131491250673]],"type":"LineString"},"properties":{"effluent_type":"Storm","material":"RC","geo_point_2d":{"lon":-123.0284865056807,"lat":49.2613516965599}}},{"type":"Feature","geometry":{"coordinates":[[-123.0380496924924,49.20752066296549],[-123.0370954072175,49.207146427409555],[-123.03643080195927,49.20697832802134]],"type":"LineString"},"properties":{"effluent_type":"Sanitary","material":"blank","geo_point_2d":{"lon":-123.03724815488391,"lat":49.2072248715466}}},{"type":"Feature","geometry":{"coordinates":[[-123.14464503600605,49.272589253864915],[-123.14452776082194,49.272679172648964],[-123.14440112062871,49.27276343604456],[-123.14426578798246,49.2728416833737]],"type":"LineString"},"properties":{"effluent_type":"Sanitary","material":"Fibreglass","geo_point_2d":{"lon":-123.14445906257949,"lat":49.27272093601562}}},{"type":"Feature","geometry":{"coordinates":[[-123.17634498775975,49.27121530932675],[-123.1795321142392,49.271260603382125]],"type":"LineString"},"properties":{"effluent_type":"Combined","material":"Concrete","geo_point_2d":{"lon":-123.17793855099947,"lat":49.27123795635444}}},{"type":"Feature","geometry":{"coordinates":[[-123.14896954419264,49.20835895592261],[-123.14891263204112,49.208426134205794]],"type":"LineString"},"properties":{"effluent_type":"Combined","material":"blank","geo_point_2d":{"lon":-123.14894108811689,"lat":49.2083925450642}}},{"type":"Feature","geometry":{"coordinates":[[-123.06553909744984,49.28558406538096],[-123.0678092007704,49.28510966354269]],"type":"LineString"},"properties":{"effluent_type":"Combined","material":"Concrete","geo_point_2d":{"lon":-123.06667414911013,"lat":49.28534686446183}}},{"type":"Feature","geometry":{"coordinates":[[-123.11278475745415,49.26221814402193],[-123.11460581246648,49.26224723259029]],"type":"LineString"},"properties":{"effluent_type":"Combined","material":"blank","geo_point_2d":{"lon":-123.11369528496031,"lat":49.26223268830611}}},{"type":"Feature","geometry":{"coordinates":[[-123.07510137736743,49.26049789327056],[-123.07443595140685,49.2604924140349]],"type":"LineString"},"properties":{"effluent_type":"Sanitary","material":"Concrete","geo_point_2d":{"lon":-123.07476866438714,"lat":49.26049515365273}}},{"type":"Feature","geometry":{"coordinates":[[-123.20455438573491,49.2701634729328],[-123.2043216615149,49.27016758173039]],"type":"LineString"},"properties":{"effluent_type":"Combined","material":"RC","geo_point_2d":{"lon":-123.2044380236249,"lat":49.2701655273316}}},{"type":"Feature","geometry":{"coordinates":[[-123.11255209572802,49.206843799008546],[-123.11253879821328,49.207548044578374]],"type":"LineString"},"properties":{"effluent_type":"Combined","material":"Concrete","geo_point_2d":{"lon":-123.11254544697063,"lat":49.207195921793456}}},{"type":"Feature","geometry":{"coordinates":[[-123.11729086526873,49.30059980873075],[-123.11780008056732,49.29987053077949],[-123.1178054272863,49.299863140311196],[-123.11781118709399,49.29985593831966],[-123.11781722220772,49.29984882599864],[-123.11782353284188,49.29984189329938],[-123.11783025632856,49.29983505013032],[-123.11783725512102,49.29982829663164],[-123.11784452943368,49.29982172275455],[-123.11785221659858,49.299815238407504],[-123.117860041737,49.29980893382218],[-123.11786827994206,49.29980280871803],[-123.11787665609917,49.29979685438041],[-123.1178853077978,49.299791088659234],[-123.11789437234845,49.29978541246775],[-123.11790357508721,49.29978000598906],[-123.11791305313143,49.29977468918021],[-123.11792266936394,49.29976964208408],[-123.11793256090192,49.29976468465767],[-123.11794272817471,49.299759996803516],[-123.11795317096768,49.299755488570234],[-123.11897535747808,49.299330274407794]],"type":"LineString"},"properties":{"effluent_type":"Combined","material":"BR","geo_point_2d":{"lon":-123.118038680971,"lat":49.299847288320244}}},{"type":"Feature","geometry":{"coordinates":[[-123.07510137736743,49.26049789327056],[-123.07518792287894,49.26049860157557],[-123.07530714687915,49.26050560315804]],"type":"LineString"},"properties":{"effluent_type":"Sanitary","material":"Concrete","geo_point_2d":{"lon":-123.07520430443826,"lat":49.260500482584405}}},{"type":"Feature","geometry":{"coordinates":[[-123.07135604241832,49.21455596202026],[-123.0720447742296,49.214563918109235]],"type":"LineString"},"properties":{"effluent_type":"Combined","material":"Concrete","geo_point_2d":{"lon":-123.07170040832395,"lat":49.21455994006475}}},{"type":"Feature","geometry":{"coordinates":[[-123.20513689361584,49.27018052057584],[-123.20455438573491,49.2701634729328]],"type":"LineString"},"properties":{"effluent_type":"Combined","material":"RC","geo_point_2d":{"lon":-123.20484563967538,"lat":49.27017199675432}}},{"type":"Feature","geometry":{"coordinates":[[-123.11480016659107,49.20753499783184],[-123.11465011440849,49.207531908563396],[-123.11464366175937,49.20753191496802],[-123.11463720931819,49.20753201132504],[-123.1146307572929,49.20753228758717],[-123.11462430547547,49.207532653801664],[-123.11461799136423,49.20753319978503],[-123.11461154037823,49.20753392580976],[-123.11460522709828,49.207534831603375],[-123.11459905131643,49.20753582721315],[-123.1145928759501,49.207537002728095],[-123.11458670099918,49.207538358148156],[-123.11458066354626,49.20753980338444],[-123.11457462650866,49.20754142852587],[-123.11456872717677,49.20754323343628],[-123.11456296534274,49.20754512816297],[-123.11455734100653,49.20754711270592],[-123.11455185437595,49.20754927701793],[-123.11454636816049,49.20755162123513],[-123.11454115671243,49.20755404613727],[-123.11453594549246,49.20755656998716],[-123.11453085783336,49.20755909371429],[-123.11452550911406,49.20756152774711],[-123.11452016018649,49.207563871826956],[-123.11451453626191,49.207566036273306],[-123.11450891212912,49.20756811076663],[-123.1145031502899,49.20757000549031],[-123.11449725074432,49.20757172044434],[-123.11449121370012,49.207573345581416],[-123.11448517624011,49.2075747908127],[-123.11447913857208,49.207576146090936],[-123.11447282590733,49.20757732173551],[-123.1144666501175,49.207578317338225],[-123.11446033682927,49.207579223123915],[-123.11445388583496,49.20757994913984],[-123.1144475717158,49.20758049511391],[-123.11444112009833,49.207580951270884],[-123.11443466785796,49.20758113756934],[-123.11442821540996,49.20758123391469],[-123.11442176277512,49.207581249302194],[-123.11253879821328,49.207548044578374]],"type":"LineString"},"properties":{"effluent_type":"Combined","material":"Concrete","geo_point_2d":{"lon":-123.11367237177694,"lat":49.20756174564493}}},{"type":"Feature","geometry":{"coordinates":[[-123.17410747305858,49.27118048195919],[-123.17634498775975,49.27121530932675]],"type":"LineString"},"properties":{"effluent_type":"Combined","material":"Concrete","geo_point_2d":{"lon":-123.17522623040917,"lat":49.27119789564297}}},{"type":"Feature","geometry":{"coordinates":[[-123.07401769374562,49.21896346663412],[-123.07402654954565,49.218199312324494]],"type":"LineString"},"properties":{"effluent_type":"Combined","material":"blank","geo_point_2d":{"lon":-123.07402212164563,"lat":49.21858138947931}}},{"type":"Feature","geometry":{"coordinates":[[-123.08312731691143,49.214247594203826],[-123.08312937654847,49.214247592721584],[-123.08313143588381,49.21424741133389],[-123.08313349506827,49.21424713999343],[-123.0831354169436,49.21424686875176],[-123.08313733851719,49.21424641760464],[-123.08313925993988,49.214245876504755],[-123.08314104390254,49.214245245550956],[-123.08314282771433,49.21424452464441],[-123.08314447406602,49.21424371388397],[-123.08314612041765,49.214242903123505],[-123.0831476291584,49.214241912556425],[-123.08314900058997,49.214240922088166],[-123.08315023456147,49.21423984176601],[-123.08315133107294,49.21423867158995],[-123.08315229027525,49.21423750151278],[-123.08315311216842,49.2142363315344],[-123.08315379645066,49.21423498174947],[-123.08315448088374,49.21423372191722],[-123.08315489054776,49.21423237232994],[-123.08315516290263,49.21423102284152],[-123.0831551607902,49.21422976350352],[-123.08315553635349,49.21420808460259]],"type":"LineString"},"properties":{"effluent_type":"Combined","material":"Concrete","geo_point_2d":{"lon":-123.08314809400271,"lat":49.214233317603885}}},{"type":"Feature","geometry":{"coordinates":[[-123.0697228696577,49.26044038458497],[-123.07183199523914,49.260457550735204]],"type":"LineString"},"properties":{"effluent_type":"Sanitary","material":"Concrete","geo_point_2d":{"lon":-123.0707774324484,"lat":49.26044896766008}}},{"type":"Feature","geometry":{"coordinates":[[-123.06906833066874,49.26043529963524],[-123.0697228696577,49.26044038458497]],"type":"LineString"},"properties":{"effluent_type":"Sanitary","material":"Concrete","geo_point_2d":{"lon":-123.06939560016322,"lat":49.260437842110115}}},{"type":"Feature","geometry":{"coordinates":[[-123.05043397509897,49.24587726667307],[-123.05127008183088,49.246227056034286]],"type":"LineString"},"properties":{"effluent_type":"Storm","material":"Concrete","geo_point_2d":{"lon":-123.05085202846493,"lat":49.246052161353674}}},{"type":"Feature","geometry":{"coordinates":[[-123.14370420926326,49.27321822032952],[-123.14387933844081,49.273403384316616],[-123.1438576948778,49.27342994708323]],"type":"LineString"},"properties":{"effluent_type":"Sanitary","material":"Fibreglass","geo_point_2d":{"lon":-123.14380086848605,"lat":49.27332334797658}}},{"type":"Feature","geometry":{"coordinates":[[-123.05646759556319,49.25338080255913],[-123.05647044779792,49.25337549398503],[-123.05647143449652,49.253373118764586],[-123.05647240815098,49.25337135522549],[-123.05680026113366,49.25254639570709],[-123.056978940251,49.25231760420892]],"type":"LineString"},"properties":{"effluent_type":"Combined","material":"blank","geo_point_2d":{"lon":-123.05669670444365,"lat":49.252833923019324}}},{"type":"Feature","geometry":{"coordinates":[[-123.04972973423511,49.24463331536003],[-123.04963559896828,49.245435100983805]],"type":"LineString"},"properties":{"effluent_type":"Combined","material":"blank","geo_point_2d":{"lon":-123.0496826666017,"lat":49.245034208171916}}},{"type":"Feature","geometry":{"coordinates":[[-123.04963559896828,49.245435100983805],[-123.04963367814342,49.245451518108595]],"type":"LineString"},"properties":{"effluent_type":"Combined","material":"blank","geo_point_2d":{"lon":-123.04963463855586,"lat":49.245443309546204}}},{"type":"Feature","geometry":{"coordinates":[[-123.11280958923024,49.26483315221255],[-123.11213602969752,49.26482041402383]],"type":"LineString"},"properties":{"effluent_type":"Sanitary","material":"Ductile Iron","geo_point_2d":{"lon":-123.11247280946388,"lat":49.264826783118195}}},{"type":"Feature","geometry":{"coordinates":[[-123.11485402766002,49.263997669306264],[-123.11491409161513,49.26406847381429]],"type":"LineString"},"properties":{"effluent_type":"Combined","material":"blank","geo_point_2d":{"lon":-123.11488405963757,"lat":49.26403307156028}}},{"type":"Feature","geometry":{"coordinates":[[-123.0702554947395,49.213688834779916],[-123.0705285730483,49.21415256407789],[-123.07052871035722,49.214152563994055]],"type":"LineString"},"properties":{"effluent_type":"Combined","material":"Concrete","geo_point_2d":{"lon":-123.07039206873982,"lat":49.21392075857292}}},{"type":"Feature","geometry":{"coordinates":[[-123.0785740897102,49.275884954939585],[-123.07857975791751,49.27599999051427]],"type":"LineString"},"properties":{"effluent_type":"Storm","material":"blank","geo_point_2d":{"lon":-123.07857692381386,"lat":49.275942472726925}}},{"type":"Feature","geometry":{"coordinates":[[-123.07857975791751,49.27599999051427],[-123.07859947681358,49.27640061365828]],"type":"LineString"},"properties":{"effluent_type":"Storm","material":"blank","geo_point_2d":{"lon":-123.07858961736555,"lat":49.27620030208628}}},{"type":"Feature","geometry":{"coordinates":[[-123.05070136438108,49.23808133660741],[-123.05069986494632,49.23809276122557],[-123.05069795338478,49.23810418602454],[-123.05069576707163,49.238115610944014],[-123.05069316853917,49.23812694609189],[-123.05069017161674,49.238138281414464],[-123.05068674873691,49.23814952697141],[-123.05068305110453,49.23816077264878],[-123.05067894125182,49.23817192855437],[-123.05067455655411,49.23818299462793],[-123.05066975972765,49.238194060882066],[-123.05066455068015,49.23820503736431],[-123.050659066787,49.238215924014405],[-123.05065317067245,49.2382267208925],[-123.05064699980385,49.23823751789075],[-123.05064041662138,49.2382481351645],[-123.05063355859261,49.23825866260588],[-123.05062628834153,49.238269100275055],[-123.05061874324386,49.23827944811172],[-123.05061078592348,49.238289706176005]],"type":"LineString"},"properties":{"effluent_type":"Sanitary","material":"blank","geo_point_2d":{"lon":-123.0506658212365,"lat":49.2381896757574}}},{"type":"Feature","geometry":{"coordinates":[[-123.11510859487389,49.257858382653914],[-123.1150777056174,49.25863491634353]],"type":"LineString"},"properties":{"effluent_type":"Combined","material":"Concrete","geo_point_2d":{"lon":-123.11509315024564,"lat":49.25824664949872}}},{"type":"Feature","geometry":{"coordinates":[[-123.0691781779538,49.25855261718911],[-123.06919063268985,49.258702505951646]],"type":"LineString"},"properties":{"effluent_type":"Sanitary","material":"Polyvinyl Chloride","geo_point_2d":{"lon":-123.06918440532182,"lat":49.25862756157038}}},{"type":"Feature","geometry":{"coordinates":[[-123.1038550925989,49.22483288247843],[-123.10388701353448,49.223878042132824]],"type":"LineString"},"properties":{"effluent_type":"Combined","material":"Concrete","geo_point_2d":{"lon":-123.10387105306668,"lat":49.224355462305624}}},{"type":"Feature","geometry":{"coordinates":[[-123.10233096094038,49.28117973113296],[-123.10228789878384,49.281419679656246]],"type":"LineString"},"properties":{"effluent_type":"Sanitary","material":"Polyvinyl Chloride","geo_point_2d":{"lon":-123.10230942986212,"lat":49.2812997053946}}},{"type":"Feature","geometry":{"coordinates":[[-123.13274628125433,49.204275157369416],[-123.13457262588618,49.20430175695374]],"type":"LineString"},"properties":{"effluent_type":"Combined","material":"Concrete","geo_point_2d":{"lon":-123.13365945357026,"lat":49.20428845716158}}},{"type":"Feature","geometry":{"coordinates":[[-123.1439879707784,49.289030764703085],[-123.1437001416917,49.288844104448344],[-123.14329960229419,49.28848983239391]],"type":"LineString"},"properties":{"effluent_type":"Combined","material":"RC","geo_point_2d":{"lon":-123.14363438540629,"lat":49.28877267147547}}},{"type":"Feature","geometry":{"coordinates":[[-123.20248819263453,49.27199609742802],[-123.2024939072059,49.2719950799511],[-123.20251357957981,49.271998553601094],[-123.20253284286478,49.27200283753267],[-123.20255169742993,49.27200802169745],[-123.2025698676022,49.272013926674894],[-123.20258749048244,49.27202046227298],[-123.20258762831949,49.27202055198328],[-123.20260456754465,49.27202798829728],[-123.20262068490975,49.272036145665915],[-123.20263598004668,49.2720449341382],[-123.2026504525871,49.27205426376306],[-123.20266382833034,49.27206431492579],[-123.20267639522388,49.272074907217636],[-123.20268771299871,49.27208595145923],[-123.2026979328701,49.272097447385676],[-123.20270180263879,49.27210247790827],[-123.20270705483756,49.27210939499721],[-123.20271494106294,49.27212170458396],[-123.20272159117697,49.27213428619485],[-123.20272686770973,49.272147140071276],[-123.20273104522981,49.27216017577969],[-123.20273384879815,49.272173393802575],[-123.20273527804503,49.27218670418877],[-123.20267783811803,49.273725676338465]],"type":"LineString"},"properties":{"effluent_type":"Storm","material":"Concrete","geo_point_2d":{"lon":-123.20269370499022,"lat":49.27279599567103}}},{"type":"Feature","geometry":{"coordinates":[[-123.02419726948143,49.234547744173206],[-123.02474530289088,49.23454743918276],[-123.02475320123328,49.23454708667593],[-123.02476597545355,49.2345455367552],[-123.02477859838197,49.23454360906505],[-123.024788954657,49.23454143898815],[-123.02479940678523,49.23453866620808],[-123.0248096663078,49.2345353087772],[-123.02481954094421,49.23453142970364],[-123.02482894827499,49.23452702900521],[-123.02483743512927,49.23452237663693],[-123.02484538604469,49.234517301606566],[-123.02485266370088,49.234511893896276],[-123.02485919946493,49.23450625246868],[-123.02486506199256,49.234500323337635],[-123.0248701140179,49.23449430442829],[-123.0248745614673,49.23448795282467],[-123.02487811611763,49.234481754332386],[-123.02488094273535,49.23447556499202],[-123.02488315112713,49.234469213870256],[-123.02488468641039,49.23446282691246],[-123.02488573950039,49.23445362454541],[-123.02488611866434,49.23444275820238],[-123.02488628734727,49.23442306756489]],"type":"LineString"},"properties":{"effluent_type":"Storm","material":"blank","geo_point_2d":{"lon":-123.02457400743994,"lat":49.23453566961844}}},{"type":"Feature","geometry":{"coordinates":[[-123.0248780878883,49.23442554302456],[-123.02488408323075,49.23419180916538],[-123.02488688270897,49.23417539070936],[-123.02489385162514,49.23415951304236],[-123.02490479215817,49.23414462686205],[-123.02491939375098,49.23413115472182],[-123.02493724192597,49.2341194790363],[-123.02495783005048,49.23410993122643],[-123.02498057371794,49.23410278231202],[-123.02500482733639,49.234098235218866],[-123.02502990245384,49.2340964190186],[-123.02505131726218,49.23409585667122]],"type":"LineString"},"properties":{"effluent_type":"Storm","material":"blank","geo_point_2d":{"lon":-123.02491567527096,"lat":49.23422117992445}}},{"type":"Feature","geometry":{"coordinates":[[-123.03000281081302,49.25725787583986],[-123.03068702647246,49.25725805594422],[-123.0306933481292,49.25725796431284],[-123.03069966961858,49.25725760282477],[-123.03070599088463,49.25725688152786],[-123.03071217461036,49.25725598036284],[-123.03071822079565,49.25725489932983],[-123.03072426675739,49.25725345848801],[-123.03073003775002,49.257251837814714],[-123.0307356711462,49.25724994732131],[-123.03074116694587,49.25724778700786],[-123.0307463877763,49.257245446862996],[-123.03075133363748,49.25724292688684],[-123.03075614190202,49.25724013709067],[-123.03076067519724,49.257237167463224],[-123.03076479615062,49.25723410799328],[-123.03076864207881,49.25723077874],[-123.03077221309368,49.25722735960767],[-123.03077550913932,49.257223760644194],[-123.03077825541483,49.25722007187497],[-123.0307808642056,49.25721629319013],[-123.03078292317043,49.25721233474744],[-123.03078470727816,49.25720837637798],[-123.0310623670935,49.25648479897088]],"type":"LineString"},"properties":{"effluent_type":"Sanitary","material":"blank","geo_point_2d":{"lon":-123.03065876168456,"lat":49.25705438255812}}},{"type":"Feature","geometry":{"coordinates":[[-123.07885667979563,49.269614619808394],[-123.07869295933799,49.269613265211284]],"type":"LineString"},"properties":{"effluent_type":"Combined","material":"Polyvinyl Chloride","geo_point_2d":{"lon":-123.0787748195668,"lat":49.269613942509835}}},{"type":"Feature","geometry":{"coordinates":[[-123.11479532142398,49.21229137937205],[-123.11514598898773,49.21229444854828]],"type":"LineString"},"properties":{"effluent_type":"Combined","material":"Concrete","geo_point_2d":{"lon":-123.11497065520587,"lat":49.21229291396016}}},{"type":"Feature","geometry":{"coordinates":[[-123.11473075904887,49.212332012260056],[-123.11473102637036,49.21232886364421],[-123.11473170581104,49.2123258045719],[-123.11473279737085,49.212322835043096],[-123.11473416353783,49.212319865241525],[-123.11473580452015,49.21231698511985],[-123.11473785741322,49.21231410458897],[-123.11474004802606,49.21231140382697],[-123.11474265096595,49.21230888256108],[-123.11474552872104,49.21230645097499],[-123.1147488185949,49.2123041089323],[-123.11475210888484,49.21230194679482],[-123.11475579777142,49.21229996416701],[-123.11475963831631,49.212298251246985],[-123.11476375367637,49.21229662800666],[-123.11476786945263,49.21229518467151],[-123.11477226046057,49.21229401092134],[-123.1147767891884,49.21229301693988],[-123.11478131854079,49.212292292816215],[-123.1147859856132,49.21229174846126],[-123.11479065331034,49.212291473964115],[-123.11479532142398,49.21229137937205]],"type":"LineString"},"properties":{"effluent_type":"Combined","material":"Concrete","geo_point_2d":{"lon":-123.11475742084954,"lat":49.21230424242959}}},{"type":"Feature","geometry":{"coordinates":[[-123.11470118382063,49.213002649203325],[-123.11473075904887,49.212332012260056]],"type":"LineString"},"properties":{"effluent_type":"Combined","material":"Concrete","geo_point_2d":{"lon":-123.11471597143473,"lat":49.21266733073169}}},{"type":"Feature","geometry":{"coordinates":[[-123.1231938921748,49.299070535936416],[-123.12609444696035,49.2989125199269]],"type":"LineString"},"properties":{"effluent_type":"Combined","material":"BR","geo_point_2d":{"lon":-123.12464416956759,"lat":49.29899152793166}}},{"type":"Feature","geometry":{"coordinates":[[-123.06901469840649,49.25969308291805],[-123.06900182967013,49.26039942149779]],"type":"LineString"},"properties":{"effluent_type":"Sanitary","material":"Concrete","geo_point_2d":{"lon":-123.0690082640383,"lat":49.260046252207914}}},{"type":"Feature","geometry":{"coordinates":[[-123.02471789057608,49.29253918297738],[-123.02527994709835,49.29242971623878]],"type":"LineString"},"properties":{"effluent_type":"Combined","material":"Concrete","geo_point_2d":{"lon":-123.02499891883723,"lat":49.29248444960808}}},{"type":"Feature","geometry":{"coordinates":[[-123.1145207182787,49.213101776404805],[-123.11470118382063,49.213002649203325]],"type":"LineString"},"properties":{"effluent_type":"Combined","material":"Concrete","geo_point_2d":{"lon":-123.11461095104966,"lat":49.213052212804065}}},{"type":"Feature","geometry":{"coordinates":[[-123.1505578172475,49.24341362103796],[-123.15063091478773,49.2435014002507],[-123.15064828967223,49.243522336503744],[-123.15066622732319,49.2435430921154],[-123.150684562873,49.243563667300414],[-123.15070331006093,49.24358406204069],[-123.15072260627754,49.24360427615679],[-123.15074231413298,49.24362430982766],[-123.15076257101786,49.2436441628739],[-123.1507832392684,49.243663745522404],[-123.15080431915865,49.24368314772503],[-123.15082581068886,49.24370236948156],[-123.1508478509758,49.243721320660335],[-123.15087016551263,49.243740091571915],[-123.15089302908066,49.24375868185724],[-123.15091630401548,49.243777001743425],[-123.15093999031714,49.24379505123026],[-123.15096408825993,49.24381292026946],[-123.15098859756975,49.24383051890881],[-123.15101351852095,49.24384793710004],[-123.1510388508394,49.243865084890864],[-123.15245666500644,49.2448211165322],[-123.15248337308937,49.244838532045314],[-123.15251035542428,49.244855767285415],[-123.15253788624445,49.244872641985474],[-123.15256569131655,49.244889336411994],[-123.15259404484607,49.244905661302624],[-123.15262267237794,49.24492172496241],[-123.15265171100086,49.24493742826235],[-123.15268102359795,49.244952861335754],[-123.15271088495695,49.2449680238192],[-123.1527410200124,49.24498282612351],[-123.15277156643545,49.24499735801885],[-123.15280238655431,49.245011529734576],[-123.15283348064617,49.24502543122245],[-123.1528649858272,49.245038972348546],[-123.15289690237478,49.24505224306446],[-123.15292909261676,49.24506515359973],[-123.15296141915833,49.24507770413605],[-123.15299429418177,49.24508989412748],[-123.15302730578179,49.2451018140715],[-123.1532107915798,49.2451667863553]],"type":"LineString"},"properties":{"effluent_type":"Combined","material":"BR\/CON","geo_point_2d":{"lon":-123.15182877486299,"lat":49.244373715616284}}},{"type":"Feature","geometry":{"coordinates":[[-123.0772748863305,49.278762220918054],[-123.07721245624703,49.280754766902426]],"type":"LineString"},"properties":{"effluent_type":"Combined","material":"blank","geo_point_2d":{"lon":-123.07724367128876,"lat":49.279758493910236}}},{"type":"Feature","geometry":{"coordinates":[[-123.13181258397937,49.20473365565069],[-123.13116317649536,49.204721747531536]],"type":"LineString"},"properties":{"effluent_type":"Combined","material":"Concrete","geo_point_2d":{"lon":-123.13148788023736,"lat":49.20472770159111}}},{"type":"Feature","geometry":{"coordinates":[[-123.08128221962629,49.264548119871684],[-123.08127596441999,49.26487371465103]],"type":"LineString"},"properties":{"effluent_type":"Sanitary","material":"Steel","geo_point_2d":{"lon":-123.08127909202314,"lat":49.26471091726136}}},{"type":"Feature","geometry":{"coordinates":[[-123.107264226987,49.259405768308405],[-123.1081934572227,49.25942188484676]],"type":"LineString"},"properties":{"effluent_type":"Combined","material":"BR\/CON","geo_point_2d":{"lon":-123.10772884210485,"lat":49.259413826577585}}},{"type":"Feature","geometry":{"coordinates":[[-123.07986272866685,49.28330659714075],[-123.07953389520901,49.28334938011001],[-123.0792120805897,49.28348227997956],[-123.07741910984971,49.28395207173271]],"type":"LineString"},"properties":{"effluent_type":"Combined","material":"Concrete","geo_point_2d":{"lon":-123.07864192151158,"lat":49.28362481409939}}},{"type":"Feature","geometry":{"coordinates":[[-123.11084457007911,49.26650306153081],[-123.11081819877045,49.26707660286511]],"type":"LineString"},"properties":{"effluent_type":"Sanitary","material":"Ductile Iron","geo_point_2d":{"lon":-123.11083138442477,"lat":49.26678983219796}}},{"type":"Feature","geometry":{"coordinates":[[-123.0335973013084,49.27661918667886],[-123.03358824082551,49.27724624352548],[-123.03358879992423,49.27725973613683],[-123.03359100877175,49.27727313831674],[-123.03359459240102,49.277286450145056],[-123.03359982565938,49.27729949163807],[-123.03360657112492,49.27731235278736],[-123.03361469113104,49.27732476377727],[-123.0336241856786,49.27733672460749],[-123.03363505476834,49.277348235277636],[-123.03364716079413,49.27735911592382],[-123.03366050375638,49.27736936654562],[-123.03367508365528,49.2773789871426],[-123.0336906254609,49.277387887842664],[-123.03370726659618,49.27739597865358],[-123.0337245945461,49.27740316974335],[-123.03374288434034,49.27740955098327],[-123.03376172346344,49.27741503254152],[-123.03378124933764,49.27741952442588],[-123.03380104950833,49.27742302675665],[-123.03382139900498,49.27742562940499],[-123.03384188524363,49.277427143592654],[-123.03386250829689,49.27742767726171],[-123.03391571488321,49.27742775160874]],"type":"LineString"},"properties":{"effluent_type":"Combined","material":"blank","geo_point_2d":{"lon":-123.03364489230323,"lat":49.27710968524136}}},{"type":"Feature","geometry":{"coordinates":[[-123.08129421116926,49.26383222811472],[-123.08129181037438,49.26397722350642]],"type":"LineString"},"properties":{"effluent_type":"Sanitary","material":"Steel","geo_point_2d":{"lon":-123.08129301077183,"lat":49.263904725810576}}},{"type":"Feature","geometry":{"coordinates":[[-123.08129854797484,49.263619101674706],[-123.08129421116926,49.26383222811472]],"type":"LineString"},"properties":{"effluent_type":"Sanitary","material":"Steel","geo_point_2d":{"lon":-123.08129637957205,"lat":49.263725664894714}}},{"type":"Feature","geometry":{"coordinates":[[-123.07949003979641,49.263881661753516],[-123.07944915171974,49.26394308214724]],"type":"LineString"},"properties":{"effluent_type":"Sanitary","material":"blank","geo_point_2d":{"lon":-123.07946959575806,"lat":49.26391237195038}}},{"type":"Feature","geometry":{"coordinates":[[-123.06046781127128,49.25803609667659],[-123.06111835420326,49.2580367888255]],"type":"LineString"},"properties":{"effluent_type":"Sanitary","material":"Polyvinyl Chloride","geo_point_2d":{"lon":-123.06079308273726,"lat":49.25803644275105}}},{"type":"Feature","geometry":{"coordinates":[[-123.05823832438023,49.256783552020245],[-123.05899242976997,49.25678427585016]],"type":"LineString"},"properties":{"effluent_type":"Sanitary","material":"Polyvinyl Chloride","geo_point_2d":{"lon":-123.0586153770751,"lat":49.2567839139352}}},{"type":"Feature","geometry":{"coordinates":[[-123.06409876217637,49.25809198753847],[-123.06522055532322,49.2580918634671]],"type":"LineString"},"properties":{"effluent_type":"Sanitary","material":"Polyvinyl Chloride","geo_point_2d":{"lon":-123.06465965874982,"lat":49.25809192550278}}},{"type":"Feature","geometry":{"coordinates":[[-123.0630888710251,49.25802116638361],[-123.06409876217637,49.25809198753847]],"type":"LineString"},"properties":{"effluent_type":"Sanitary","material":"Polyvinyl Chloride","geo_point_2d":{"lon":-123.06359381660073,"lat":49.25805657696104}}},{"type":"Feature","geometry":{"coordinates":[[-123.05517535036829,49.255073787420805],[-123.05578729210245,49.25524392594731]],"type":"LineString"},"properties":{"effluent_type":"Sanitary","material":"Polyvinyl Chloride","geo_point_2d":{"lon":-123.05548132123538,"lat":49.25515885668406}}},{"type":"Feature","geometry":{"coordinates":[[-123.03375543482596,49.23649762135226],[-123.03466705323633,49.23686672317639]],"type":"LineString"},"properties":{"effluent_type":"Sanitary","material":"blank","geo_point_2d":{"lon":-123.03421124403116,"lat":49.236682172264324}}},{"type":"Feature","geometry":{"coordinates":[[-123.07830356866202,49.2838044046909],[-123.07837314789533,49.28397985334951],[-123.07837563513408,49.286902544562366]],"type":"LineString"},"properties":{"effluent_type":"Storm","material":"Concrete","geo_point_2d":{"lon":-123.07837220571201,"lat":49.28534723123106}}},{"type":"Feature","geometry":{"coordinates":[[-123.17423966002211,49.26511408889083],[-123.18752818143167,49.26532508278791]],"type":"LineString"},"properties":{"effluent_type":"Combined","material":"RC","geo_point_2d":{"lon":-123.1808839207269,"lat":49.265219585839375}}},{"type":"Feature","geometry":{"coordinates":[[-123.18774985380482,49.266905891264244],[-123.1877130655155,49.2678393294805]],"type":"LineString"},"properties":{"effluent_type":"Storm","material":"BHS","geo_point_2d":{"lon":-123.18773145966016,"lat":49.26737261037238}}},{"type":"Feature","geometry":{"coordinates":[[-123.1877101823547,49.26631842483911],[-123.18771382806696,49.26622505766648]],"type":"LineString"},"properties":{"effluent_type":"Sanitary","material":"blank","geo_point_2d":{"lon":-123.18771200521086,"lat":49.266271741252794}}},{"type":"Feature","geometry":{"coordinates":[[-123.05502186436165,49.255260304491536],[-123.05520503744317,49.255064885964515]],"type":"LineString"},"properties":{"effluent_type":"Sanitary","material":"Polyvinyl Chloride","geo_point_2d":{"lon":-123.0551134509024,"lat":49.25516259522803}}},{"type":"Feature","geometry":{"coordinates":[[-123.13737191309905,49.294065793458955],[-123.13722615026634,49.294162151886844]],"type":"LineString"},"properties":{"effluent_type":"Sanitary","material":"Polyvinyl Chloride","geo_point_2d":{"lon":-123.1372990316827,"lat":49.294113972672896}}},{"type":"Feature","geometry":{"coordinates":[[-123.10954494940087,49.26077005502011],[-123.10951416160496,49.26158919701722]],"type":"LineString"},"properties":{"effluent_type":"Combined","material":"BR\/CON","geo_point_2d":{"lon":-123.10952955550292,"lat":49.26117962601867}}},{"type":"Feature","geometry":{"coordinates":[[-123.10180926734876,49.21430935971482],[-123.10188752245082,49.214310541059696]],"type":"LineString"},"properties":{"effluent_type":"Combined","material":"Concrete","geo_point_2d":{"lon":-123.10184839489979,"lat":49.21430995038726}}},{"type":"Feature","geometry":{"coordinates":[[-123.11091768133927,49.213825886661944],[-123.11093023025273,49.21348792177848]],"type":"LineString"},"properties":{"effluent_type":"Combined","material":"Concrete","geo_point_2d":{"lon":-123.11092395579601,"lat":49.213656904220215}}},{"type":"Feature","geometry":{"coordinates":[[-123.1142137160501,49.21306627013951],[-123.11419999357275,49.21308171961695],[-123.114199952381,49.213081719657666],[-123.11419988372812,49.213081719725544],[-123.11419981507524,49.21308171979343],[-123.11419974644306,49.213081728856565],[-123.1141996640596,49.213081728938],[-123.11419959540672,49.213081729005886],[-123.11419952677454,49.213081738069036],[-123.11419945814238,49.213081747132165],[-123.11419938948949,49.21308174720006],[-123.11419930712674,49.213081756276765],[-123.11419923849456,49.21308176533991],[-123.11419916986239,49.213081774403044],[-123.11419910123026,49.21308178346618],[-123.11419903259808,49.213081792529316],[-123.11419896398662,49.213081810587695],[-123.11419889535448,49.213081819650846],[-123.11419882672227,49.21308182871399],[-123.11419875811085,49.21308184677239],[-123.11419868949937,49.21308186483081],[-123.11419862086723,49.21308187389392],[-123.11419855225577,49.21308189195235],[-123.11419848364434,49.21308191001076],[-123.11419841503287,49.213081928069144],[-123.11419834642145,49.213081946127566],[-123.11419829154056,49.21308196417238],[-123.1141982229291,49.213081982230804],[-123.11419815433838,49.21308200928446],[-123.11419808572695,49.21308202734285],[-123.11419803084607,49.21308204538769],[-123.11419796225535,49.21308207244135],[-123.11419790739518,49.21308209948145],[-123.11419783878375,49.21308211753984],[-123.1141977839236,49.21308214457994],[-123.11419771533288,49.2130821716336],[-123.11419766047271,49.21308219867371],[-123.11419760561257,49.2130822257138],[-123.11419755075241,49.21308225275391],[-123.11419748216169,49.21308227980756],[-123.11419742730155,49.21308230684765],[-123.11419737246212,49.213082342883],[-123.11419731760198,49.21308236992311],[-123.11419726274181,49.213082396963216],[-123.11419720790238,49.21308243299855],[-123.11419716677283,49.21308246002508],[-123.11419711193336,49.21308249606043],[-123.11419705709393,49.21308253209578],[-123.11419700225453,49.21308256813114],[-123.11419696112495,49.21308259515768],[-123.11419690628551,49.21308263119302],[-123.11419686517667,49.213082667214806],[-123.1141968240678,49.21308270323661],[-123.1141967692284,49.21308273927194],[-123.11419672811952,49.21308277529372],[-123.11419668703138,49.21308282031078],[-123.11419664592255,49.21308285633256],[-123.1141966048137,49.21308289235435],[-123.11419656370485,49.21308292837614],[-123.11419652261671,49.213082973393156],[-123.11419648150783,49.213083009414966],[-123.1141964541503,49.21308305441843],[-123.11419641304144,49.21308309044021],[-123.11419637195333,49.21308313545728],[-123.11419634459574,49.21308318046073],[-123.11419631721748,49.21308321646895],[-123.11419627612935,49.21308326148598],[-123.11419624877179,49.21308330648947],[-123.11419622139353,49.21308334249769],[-123.11419619403597,49.21308338750116],[-123.11419616667843,49.21308343250464],[-123.11419613932087,49.21308347750809],[-123.11419611196331,49.21308352251157],[-123.11419609833631,49.21308356750147],[-123.11419607097878,49.213083612504946],[-123.1141960436212,49.21308365750842],[-123.11419602999423,49.21308370249831],[-123.11419601636726,49.21308374748821],[-123.1141959890097,49.21308379249168],[-123.11419597538274,49.213083837481584],[-123.11419596175577,49.21308388247148],[-123.11419594812877,49.21308392746138],[-123.11419593452253,49.21308398144654],[-123.11419592089555,49.213084026436455],[-123.11419592099914,49.21308407141276],[-123.11419590737218,49.21308411640266],[-123.1141958937452,49.21308416139257],[-123.11419589386952,49.21308421536417],[-123.1141958939731,49.21308426034049],[-123.11419588034613,49.21308430533037],[-123.11419588044974,49.21308435030672],[-123.11419588055332,49.213084395283026],[-123.11419588067766,49.21308444925462],[-123.11419588078125,49.21308449423094],[-123.11419588088486,49.21308453920727],[-123.11419589471903,49.213084584170005],[-123.11419589484336,49.21308463814161],[-123.11419589494696,49.21308468311793],[-123.11419590878116,49.21308472808067],[-123.11419593611123,49.21309659283507],[-123.11420204444586,49.21310177707569]],"type":"LineString"},"properties":{"effluent_type":"Combined","material":"blank","geo_point_2d":{"lon":-123.11420152579979,"lat":49.213083707067796}}},{"type":"Feature","geometry":{"coordinates":[[-123.07713290396276,49.28391188380005],[-123.07713338830236,49.28404609145835],[-123.07788963611291,49.286705519170695],[-123.07790685520273,49.28715239652611]],"type":"LineString"},"properties":{"effluent_type":"Storm","material":"Concrete","geo_point_2d":{"lon":-123.07754802161566,"lat":49.28552735236077}}},{"type":"Feature","geometry":{"coordinates":[[-123.06603772977891,49.22030565861377],[-123.06655224493282,49.22031256854042]],"type":"LineString"},"properties":{"effluent_type":"Combined","material":"Concrete","geo_point_2d":{"lon":-123.06629498735587,"lat":49.220309113577095}}},{"type":"Feature","geometry":{"coordinates":[[-123.18786202121714,49.26532834544418],[-123.18787638709225,49.26436231760829]],"type":"LineString"},"properties":{"effluent_type":"Combined","material":"BHS","geo_point_2d":{"lon":-123.1878692041547,"lat":49.26484533152623}}},{"type":"Feature","geometry":{"coordinates":[[-123.04091124135886,49.208052808815026],[-123.04037594645764,49.20806154269681]],"type":"LineString"},"properties":{"effluent_type":"Sanitary","material":"blank","geo_point_2d":{"lon":-123.04064359390823,"lat":49.20805717575592}}},{"type":"Feature","geometry":{"coordinates":[[-123.11017275007677,49.20934316835234],[-123.11020442235613,49.20866903098677]],"type":"LineString"},"properties":{"effluent_type":"Combined","material":"blank","geo_point_2d":{"lon":-123.11018858621645,"lat":49.209006099669544}}},{"type":"Feature","geometry":{"coordinates":[[-123.20258458276925,49.27210601171125],[-123.20257071516106,49.27250293116243]],"type":"LineString"},"properties":{"effluent_type":"Sanitary","material":"Ductile Iron","geo_point_2d":{"lon":-123.20257764896516,"lat":49.27230447143684}}},{"type":"Feature","geometry":{"coordinates":[[-123.13764272259893,49.29391667327884],[-123.13759206654964,49.293949979715805]],"type":"LineString"},"properties":{"effluent_type":"Sanitary","material":"Polyvinyl Chloride","geo_point_2d":{"lon":-123.13761739457428,"lat":49.293933326497324}}},{"type":"Feature","geometry":{"coordinates":[[-123.0652342850201,49.25198126022091],[-123.06528625888225,49.252067593996046],[-123.06534920590065,49.252159462597355],[-123.06539121878012,49.25221548805704],[-123.06548144565738,49.25233012603852],[-123.06556645420405,49.252426299718],[-123.06563547863281,49.25249945464698],[-123.06573433854933,49.252595089612235],[-123.06581319852889,49.25266530639422],[-123.06588218888157,49.25272265658792],[-123.06593487514412,49.25276466120254],[-123.0659766516559,49.252797110102996],[-123.06601211292806,49.252823643740925],[-123.06652150504851,49.25321508445603]],"type":"LineString"},"properties":{"effluent_type":"Sanitary","material":"Polyvinyl Chloride","geo_point_2d":{"lon":-123.06583507777714,"lat":49.25263967216414}}},{"type":"Feature","geometry":{"coordinates":[[-123.16755550773728,49.22706555152047],[-123.1678206354776,49.22665513540742]],"type":"LineString"},"properties":{"effluent_type":"Combined","material":"RC","geo_point_2d":{"lon":-123.16768807160744,"lat":49.22686034346394}}},{"type":"Feature","geometry":{"coordinates":[[-123.18791986779807,49.26875412034831],[-123.19064250874979,49.26880056402702]],"type":"LineString"},"properties":{"effluent_type":"Storm","material":"Concrete","geo_point_2d":{"lon":-123.18928118827391,"lat":49.26877734218766}}},{"type":"Feature","geometry":{"coordinates":[[-123.08583526651867,49.25184435903761],[-123.08417270089826,49.25182062952305],[-123.08414356958228,49.25182083064768],[-123.08411471569079,49.25182256075098],[-123.08408600150229,49.25182564002892],[-123.08405783940714,49.251830158133835],[-123.08403022925042,49.251836025113946],[-123.08400330844343,49.25184324086977],[-123.08397733791715,49.2518517152599],[-123.08395248255088,49.25186143916989],[-123.08392872863264,49.25187243060091],[-123.08390635066814,49.25188450045456],[-123.08388534865688,49.25189764873164],[-123.08386599742578,49.25191187523339],[-123.08384829651793,49.25192691010425],[-123.0838323834999,49.2519428431974],[-123.08381839532944,49.25195940455751],[-123.08380619474644,49.25197668423704],[-123.08379619368914,49.25199450203338],[-123.08378811717964,49.252012768194206],[-123.08378223989541,49.25203139256854],[-123.0837785616866,49.25205028520461],[-123.08377694483725,49.25206926629799]],"type":"LineString"},"properties":{"effluent_type":"Combined","material":"blank","geo_point_2d":{"lon":-123.08475312184409,"lat":49.25184805328363}}},{"type":"Feature","geometry":{"coordinates":[[-123.11030044453881,49.206897190342296],[-123.11026447412709,49.20689687386954]],"type":"LineString"},"properties":{"effluent_type":"Combined","material":"Concrete","geo_point_2d":{"lon":-123.11028245933295,"lat":49.206897032105914}}},{"type":"Feature","geometry":{"coordinates":[[-123.0780889071446,49.25973651007508],[-123.07762805574994,49.260146543481724]],"type":"LineString"},"properties":{"effluent_type":"Combined","material":"Concrete","geo_point_2d":{"lon":-123.07785848144725,"lat":49.259941526778405}}},{"type":"Feature","geometry":{"coordinates":[[-123.07840180972606,49.25953903318931],[-123.0780889071446,49.25973651007508]],"type":"LineString"},"properties":{"effluent_type":"Combined","material":"blank","geo_point_2d":{"lon":-123.07824535843534,"lat":49.25963777163221}}},{"type":"Feature","geometry":{"coordinates":[[-123.07984162076772,49.25864554225259],[-123.07948169633968,49.2588236167735]],"type":"LineString"},"properties":{"effluent_type":"Combined","material":"Concrete","geo_point_2d":{"lon":-123.0796616585537,"lat":49.258734579513046}}},{"type":"Feature","geometry":{"coordinates":[[-123.1180262811074,49.26419235789548],[-123.11950114818139,49.26425357445547]],"type":"LineString"},"properties":{"effluent_type":"Combined","material":"blank","geo_point_2d":{"lon":-123.11876371464439,"lat":49.26422296617548}}},{"type":"Feature","geometry":{"coordinates":[[-123.11950114818139,49.26425357445547],[-123.11997381076316,49.264273188910515],[-123.12034691441472,49.26427918748636]],"type":"LineString"},"properties":{"effluent_type":"Combined","material":"blank","geo_point_2d":{"lon":-123.11992395508337,"lat":49.26426902887651}}},{"type":"Feature","geometry":{"coordinates":[[-123.1148193330674,49.26393718404475],[-123.11482014417062,49.26393725520034],[-123.11485652184903,49.263941203920055],[-123.11505643660853,49.26398167234204],[-123.1156136998258,49.26409217987681],[-123.1180262811074,49.26419235789548]],"type":"LineString"},"properties":{"effluent_type":"Combined","material":"blank","geo_point_2d":{"lon":-123.11641745154465,"lat":49.264109910841654}}},{"type":"Feature","geometry":{"coordinates":[[-123.15027263042062,49.26978926139662],[-123.1523548909445,49.26982238039261],[-123.15235530338879,49.26982239783918]],"type":"LineString"},"properties":{"effluent_type":"Combined","material":"Concrete","geo_point_2d":{"lon":-123.15131396706296,"lat":49.269805824178235}}},{"type":"Feature","geometry":{"coordinates":[[-123.05061033161806,49.23828876187445],[-123.05058525115884,49.23829305459528]],"type":"LineString"},"properties":{"effluent_type":"Sanitary","material":"blank","geo_point_2d":{"lon":-123.05059779138844,"lat":49.238290908234866}}},{"type":"Feature","geometry":{"coordinates":[[-123.16441008360813,49.271009242389866],[-123.16893181265431,49.2710751312504]],"type":"LineString"},"properties":{"effluent_type":"Combined","material":"blank","geo_point_2d":{"lon":-123.16667094813121,"lat":49.27104218682013}}},{"type":"Feature","geometry":{"coordinates":[[-123.08024033111542,49.26608300687557],[-123.07996584306179,49.26605254152693]],"type":"LineString"},"properties":{"effluent_type":"Sanitary","material":"blank","geo_point_2d":{"lon":-123.08010308708859,"lat":49.26606777420125}}},{"type":"Feature","geometry":{"coordinates":[[-123.07970078528555,49.26602249179598],[-123.07882645560419,49.26617438188503]],"type":"LineString"},"properties":{"effluent_type":"Sanitary","material":"Steel","geo_point_2d":{"lon":-123.07926362044486,"lat":49.26609843684051}}},{"type":"Feature","geometry":{"coordinates":[[-123.04817707869623,49.24124503590149],[-123.04742265056403,49.242051672236016]],"type":"LineString"},"properties":{"effluent_type":"Storm","material":"Concrete","geo_point_2d":{"lon":-123.04779986463012,"lat":49.24164835406876}}},{"type":"Feature","geometry":{"coordinates":[[-123.04963367814342,49.245451518108595],[-123.04963299991023,49.2454602437756],[-123.0496328713501,49.24546905915877],[-123.04963356706557,49.24547777524027],[-123.04963494976943,49.245486500021826],[-123.04963715675875,49.245495134496856],[-123.04963991333233,49.24550376873572],[-123.04964349410193,49.24551222271569],[-123.04964776167202,49.245520496495736],[-123.0496525787371,49.2455286800871],[-123.04965821990896,49.24553659346708],[-123.04966441057637,49.24554441665825],[-123.04967128795514,49.24555196969682],[-123.04967871455914,49.24555916268952],[-123.04968682796503,49.24556617548172],[-123.04969549068669,49.245572918180066],[-123.04970470263387,49.24557930083218],[-123.04971432641052,49.245585323497025],[-123.04972449950301,49.245591076067655],[-123.04973522173069,49.2455963786394],[-123.0497462183915,49.24560132128266],[-123.05121493728844,49.24622053196476]],"type":"LineString"},"properties":{"effluent_type":"Combined","material":"blank","geo_point_2d":{"lon":-123.05038998616773,"lat":49.245869099250676}}},{"type":"Feature","geometry":{"coordinates":[[-123.04963565744448,49.24711087657488],[-123.04963477593955,49.24736917497782]],"type":"LineString"},"properties":{"effluent_type":"Combined","material":"blank","geo_point_2d":{"lon":-123.04963521669201,"lat":49.24724002577635}}},{"type":"Feature","geometry":{"coordinates":[[-123.04963818033274,49.246379176448784],[-123.0496357316684,49.24708897315785]],"type":"LineString"},"properties":{"effluent_type":"Combined","material":"blank","geo_point_2d":{"lon":-123.04963695600058,"lat":49.246734074803314}}},{"type":"Feature","geometry":{"coordinates":[[-123.0496357316684,49.24708897315785],[-123.04963565744448,49.24711087657488]],"type":"LineString"},"properties":{"effluent_type":"Combined","material":"blank","geo_point_2d":{"lon":-123.04963569455644,"lat":49.24709992486636}}},{"type":"Feature","geometry":{"coordinates":[[-123.07933484413716,49.26457343664253],[-123.07933097278766,49.26478214600766]],"type":"LineString"},"properties":{"effluent_type":"Sanitary","material":"Steel","geo_point_2d":{"lon":-123.07933290846243,"lat":49.2646777913251}}},{"type":"Feature","geometry":{"coordinates":[[-123.07893187064916,49.25917832410823],[-123.0786621175274,49.25936991719046],[-123.07840180972606,49.25953903318931]],"type":"LineString"},"properties":{"effluent_type":"Combined","material":"blank","geo_point_2d":{"lon":-123.07866870459472,"lat":49.259361422284535}}},{"type":"Feature","geometry":{"coordinates":[[-123.20263987305056,49.27475729393919],[-123.20261906779604,49.27531324241587],[-123.20261324742081,49.27546976899],[-123.20266076213805,49.2756581439577],[-123.2026489738567,49.275965350470386]],"type":"LineString"},"properties":{"effluent_type":"Storm","material":"Concrete","geo_point_2d":{"lon":-123.20263538682099,"lat":49.275362288519695}}},{"type":"Feature","geometry":{"coordinates":[[-123.17035905512012,49.264057937504155],[-123.17355810027527,49.264119273182494],[-123.17358971655035,49.264120215159174],[-123.17362106361334,49.26412277666937],[-123.17365200402028,49.26412695791988],[-123.17368226224869,49.26413257942099],[-123.17371197606374,49.26413973091819],[-123.17374059536394,49.26414832328702],[-123.1737682575983,49.26415835632156],[-123.17379468724263,49.264169650532786],[-123.17381960971974,49.26418229628666],[-123.17384302471456,49.26419620363255],[-123.1738647941483,49.26421119287498],[-123.17388464281026,49.264227174476936],[-123.1739025710159,49.264244238391015],[-123.17391857749988,49.264262024811686],[-123.17393240142685,49.26428062408447],[-123.17394401467324,49.26429985634828],[-123.17395329290171,49.26431954188684],[-123.17396037355729,49.26433968049371],[-123.17396498110982,49.26436009268005],[-123.173967253004,49.264380778239136],[-123.17396717242322,49.26438913490924]],"type":"LineString"},"properties":{"effluent_type":"Combined","material":"BR\/CON","geo_point_2d":{"lon":-123.17222390133827,"lat":49.264105528875334}}},{"type":"Feature","geometry":{"coordinates":[[-123.03433347295791,49.28124663056507],[-123.03397154162595,49.282964105342]],"type":"LineString"},"properties":{"effluent_type":"Combined","material":"blank","geo_point_2d":{"lon":-123.03415250729194,"lat":49.282105367953534}}},{"type":"Feature","geometry":{"coordinates":[[-123.102750221475,49.214143598022886],[-123.10312956318197,49.21414926881236]],"type":"LineString"},"properties":{"effluent_type":"Combined","material":"Concrete","geo_point_2d":{"lon":-123.1029398923285,"lat":49.214146433417625}}},{"type":"Feature","geometry":{"coordinates":[[-123.18758194371861,49.26954328781922],[-123.18755321658053,49.270272845249714]],"type":"LineString"},"properties":{"effluent_type":"Sanitary","material":"blank","geo_point_2d":{"lon":-123.18756758014955,"lat":49.26990806653447}}},{"type":"Feature","geometry":{"coordinates":[[-123.20256119563102,49.27277664473646],[-123.20251118530047,49.27415062273991]],"type":"LineString"},"properties":{"effluent_type":"Sanitary","material":"Ductile Iron","geo_point_2d":{"lon":-123.20253619046574,"lat":49.27346363373819}}},{"type":"Feature","geometry":{"coordinates":[[-123.2270567781153,49.27757285076717],[-123.2231380892422,49.27735235758361]],"type":"LineString"},"properties":{"effluent_type":"Combined","material":"RC","geo_point_2d":{"lon":-123.22509743367874,"lat":49.27746260417539}}},{"type":"Feature","geometry":{"coordinates":[[-123.19814072373198,49.235470842023474],[-123.19702051056777,49.235145474552986]],"type":"LineString"},"properties":{"effluent_type":"Sanitary","material":"blank","geo_point_2d":{"lon":-123.19758061714988,"lat":49.235308158288234}}},{"type":"Feature","geometry":{"coordinates":[[-123.17885507577552,49.2281723068626],[-123.17886907803468,49.22760339757425]],"type":"LineString"},"properties":{"effluent_type":"Combined","material":"RC","geo_point_2d":{"lon":-123.17886207690509,"lat":49.22788785221842}}},{"type":"Feature","geometry":{"coordinates":[[-123.07052871035722,49.214152563994055],[-123.07135381115005,49.214160081046174]],"type":"LineString"},"properties":{"effluent_type":"Combined","material":"Concrete","geo_point_2d":{"lon":-123.07094126075364,"lat":49.21415632252011}}},{"type":"Feature","geometry":{"coordinates":[[-123.07017614351466,49.21368807344014],[-123.0702554947395,49.213688834779916]],"type":"LineString"},"properties":{"effluent_type":"Combined","material":"Concrete","geo_point_2d":{"lon":-123.07021581912709,"lat":49.21368845411003}}},{"type":"Feature","geometry":{"coordinates":[[-123.0513560521387,49.246267199548996],[-123.05243213710273,49.24671865458879]],"type":"LineString"},"properties":{"effluent_type":"Sanitary","material":"Polyvinyl Chloride","geo_point_2d":{"lon":-123.0518940946207,"lat":49.24649292706889}}},{"type":"Feature","geometry":{"coordinates":[[-123.07871622878565,49.271564010104974],[-123.07870785367544,49.272002621380054]],"type":"LineString"},"properties":{"effluent_type":"Sanitary","material":"Concrete","geo_point_2d":{"lon":-123.07871204123055,"lat":49.27178331574252}}},{"type":"Feature","geometry":{"coordinates":[[-123.08129916466251,49.263542695968844],[-123.08129909726382,49.26357696774773]],"type":"LineString"},"properties":{"effluent_type":"Sanitary","material":"Steel","geo_point_2d":{"lon":-123.08129913096317,"lat":49.26355983185829}}},{"type":"Feature","geometry":{"coordinates":[[-123.08126036584342,49.26568681995964],[-123.08125785994235,49.26581814267134]],"type":"LineString"},"properties":{"effluent_type":"Sanitary","material":"Steel","geo_point_2d":{"lon":-123.0812591128929,"lat":49.26575248131549}}},{"type":"Feature","geometry":{"coordinates":[[-123.07890431526678,49.26984159903427],[-123.07885302231453,49.27034714600821]],"type":"LineString"},"properties":{"effluent_type":"Sanitary","material":"Steel","geo_point_2d":{"lon":-123.07887866879064,"lat":49.27009437252124}}},{"type":"Feature","geometry":{"coordinates":[[-123.14945118308503,49.24201684667066],[-123.1497044713249,49.24236319534409],[-123.1505578172475,49.24341362103796]],"type":"LineString"},"properties":{"effluent_type":"Combined","material":"BR\/CON","geo_point_2d":{"lon":-123.14999794591077,"lat":49.24272028752126}}},{"type":"Feature","geometry":{"coordinates":[[-123.0310623670935,49.25648479897088],[-123.03106607173466,49.25647544295116],[-123.03106840453883,49.25646995524267],[-123.0310712871607,49.2564646472906],[-123.03107471954371,49.256459429142716],[-123.03107856431782,49.256454390788114],[-123.03108295885282,49.25644944223763],[-123.03108790326148,49.256444763395464],[-123.03109312263476,49.25644026438339],[-123.03109889182511,49.256435945127386],[-123.03110493608739,49.25643197661042],[-123.0311115301723,49.25642819684462],[-123.03111838553572,49.256424686864484],[-123.0311255297194,49.25642153661477],[-123.03113294892432,49.25641865614694],[-123.03114064315055,49.256416045460966],[-123.03114861245474,49.25641379450892],[-123.03115671935427,49.25641181337569],[-123.03116510138864,49.25641028192843],[-123.03117362101862,49.25640902029987],[-123.03118214087485,49.25640811847925],[-123.03119079838365,49.25640757642944],[-123.03119945617576,49.256407484139665],[-123.03379029864632,49.25640952598552]],"type":"LineString"},"properties":{"effluent_type":"Sanitary","material":"blank","geo_point_2d":{"lon":-123.03241115010906,"lat":49.25640994349851}}},{"type":"Feature","geometry":{"coordinates":[[-123.0740470169253,49.216383701431994],[-123.07404883717246,49.21623257958072]],"type":"LineString"},"properties":{"effluent_type":"Combined","material":"blank","geo_point_2d":{"lon":-123.07404792704888,"lat":49.21630814050636}}},{"type":"Feature","geometry":{"coordinates":[[-123.10980555855906,49.21423089142568],[-123.10980630002754,49.214230890720835],[-123.10980792023368,49.21423087119006],[-123.10980952664913,49.21423082468651],[-123.10981113304466,49.21423076918767],[-123.10981275313122,49.21423069568525],[-123.10981435944703,49.21423060420533],[-123.10981595197215,49.214230485752644],[-123.10981755820825,49.214230358291594],[-123.10981915065366,49.214230203857795],[-123.10982074307913,49.21423004042873],[-123.10982233544479,49.214229850013844],[-123.10982390032873,49.214229650629775],[-123.10982547888378,49.21422942424683],[-123.10982705741888,49.21422918886861],[-123.10982862216329,49.21422892651762],[-123.10983017315684,49.2142286551844],[-123.1098317240906,49.214228356865355],[-123.10983327500439,49.214228049551046],[-123.1098347984165,49.21422772427233],[-123.10983632176884,49.21422737200775],[-123.10983784510121,49.214227010747884],[-123.1098393409319,49.2142266315236],[-123.1098408367227,49.21422623430877],[-123.10984231874274,49.21422581911645],[-123.10984380072284,49.214225385933574],[-123.1098452552013,49.21422493478628],[-123.10984670963987,49.214224465648414],[-123.10984813659667,49.21422398754139],[-123.10984956351359,49.21422349144383],[-123.10985097665974,49.21422297736877],[-123.10985237603506,49.214222445316224],[-123.1098537479087,49.21422189529923],[-123.1098551197624,49.214221336287],[-123.10985646411439,49.214220759310315],[-123.10985780842648,49.21422016434309],[-123.1098591252568,49.21421956040671],[-123.10986042831637,49.21421893849284],[-123.10986171760513,49.21421829860147],[-123.10986297939219,49.214217640745716],[-123.10986422742836,49.21421697390769],[-123.1098654617137,49.2142162980875],[-123.10986668222822,49.21421560428979],[-123.10986787524108,49.21421489252767],[-123.10986905450304,49.21421417178333],[-123.1098702199942,49.21421343306153],[-123.10987135800362,49.214212685370526],[-123.10987246851136,49.214211919715154],[-123.1098735652682,49.214211145077535],[-123.1098746482742,49.21421036145773],[-123.10987570377853,49.21420955987349],[-123.10987673180105,49.21420874932011],[-123.10987774607273,49.21420792978451],[-123.10987873284274,49.21420709228448],[-123.10987970586186,49.21420624580225],[-123.10988065139924,49.2142053903509],[-123.10988156945487,49.21420452593035],[-123.10988247373969,49.21420364353235],[-123.1098833505627,49.214202761160465],[-123.10988419988402,49.21420186082418],[-123.10988503545451,49.214200951505674],[-123.10988582983227,49.214200042226345],[-123.1098866104392,49.21419911496956],[-123.10988736356445,49.21419817874361],[-123.10988810293883,49.21419723353546],[-123.10988880112049,49.21419628836651],[-123.10988948553135,49.21419532522009],[-123.10989012874954,49.21419436211282],[-123.10989075821688,49.21419339002337],[-123.10989136020247,49.214192408964756],[-123.10989193470633,49.21419141893702],[-123.10989248172845,49.214190419940145],[-123.10989300128877,49.21418942096939],[-123.1098935071182,49.21418842201168],[-123.10989397171505,49.21418740510265],[-123.10989440885011,49.21418638821973],[-123.10989483225428,49.21418537134989],[-123.10989521444584,49.21418434552396],[-123.10989556915564,49.21418331072889],[-123.1098959101346,49.2141822759469],[-123.10989620992083,49.21418124120408],[-123.10989648222537,49.21418019749211],[-123.10989672706813,49.2141791538063],[-123.10989695817997,49.21417811013352],[-123.10989714807924,49.2141770575047],[-123.10990632108947,49.2141278535715]],"type":"LineString"},"properties":{"effluent_type":"Combined","material":"blank","geo_point_2d":{"lon":-123.10987135815566,"lat":49.21419508833603}}},{"type":"Feature","geometry":{"coordinates":[[-123.10242123452777,49.27936445986017],[-123.1024148117074,49.27944979384095]],"type":"LineString"},"properties":{"effluent_type":"Sanitary","material":"Polyvinyl Chloride","geo_point_2d":{"lon":-123.1024180231176,"lat":49.27940712685056}}},{"type":"Feature","geometry":{"coordinates":[[-123.14316679118785,49.29201880969494],[-123.14314795030019,49.292018833035655],[-123.14290710564333,49.292176960265984]],"type":"LineString"},"properties":{"effluent_type":"Sanitary","material":"Polyvinyl Chloride","geo_point_2d":{"lon":-123.14303549769423,"lat":49.29209304302616}}},{"type":"Feature","geometry":{"coordinates":[[-123.07867379618366,49.27159237386095],[-123.07867570385864,49.27149531443458]],"type":"LineString"},"properties":{"effluent_type":"Combined","material":"Concrete","geo_point_2d":{"lon":-123.07867475002115,"lat":49.271543844147764}}},{"type":"Feature","geometry":{"coordinates":[[-123.11848881372578,49.26586565813531],[-123.11853732458033,49.26586727248963],[-123.1186022868559,49.265873934236915],[-123.11866581649231,49.26588501406367],[-123.11872723964429,49.265900368741505],[-123.11878588244235,49.26591984604803],[-123.11884108458642,49.26594322178651],[-123.1188922406887,49.26597024471915],[-123.11893881399719,49.26600062755728],[-123.1189453970072,49.26600593694543]],"type":"LineString"},"properties":{"effluent_type":"Combined","material":"blank","geo_point_2d":{"lon":-123.11872457198503,"lat":49.265912544372206}}},{"type":"Feature","geometry":{"coordinates":[[-123.08043728757255,49.26609142436419],[-123.08024033111542,49.26608300687557]],"type":"LineString"},"properties":{"effluent_type":"Sanitary","material":"blank","geo_point_2d":{"lon":-123.08033880934397,"lat":49.266087215619876}}},{"type":"Feature","geometry":{"coordinates":[[-123.07882645560419,49.26617438188503],[-123.07881276816371,49.26673715795114]],"type":"LineString"},"properties":{"effluent_type":"Sanitary","material":"Steel","geo_point_2d":{"lon":-123.07881961188394,"lat":49.26645576991808}}},{"type":"Feature","geometry":{"coordinates":[[-123.08384248281683,49.250141146315656],[-123.08384190687127,49.25015806675406]],"type":"LineString"},"properties":{"effluent_type":"Combined","material":"blank","geo_point_2d":{"lon":-123.08384219484404,"lat":49.25014960653486}}},{"type":"Feature","geometry":{"coordinates":[[-123.0750118035204,49.25874391228508],[-123.07500392449161,49.25913116128313]],"type":"LineString"},"properties":{"effluent_type":"Sanitary","material":"Polyvinyl Chloride","geo_point_2d":{"lon":-123.07500786400601,"lat":49.2589375367841}}},{"type":"Feature","geometry":{"coordinates":[[-123.07830650461817,49.271520661821896],[-123.07851600747942,49.271521509120895],[-123.07860743573201,49.271529002918825],[-123.07867379618366,49.27159237386095]],"type":"LineString"},"properties":{"effluent_type":"Storm","material":"Concrete","geo_point_2d":{"lon":-123.07849992987188,"lat":49.27153130558442}}},{"type":"Feature","geometry":{"coordinates":[[-123.20253363919232,49.27108587448838],[-123.20252957225959,49.271267719587875],[-123.20253951433911,49.271449818977054],[-123.20255430858514,49.27163178392099],[-123.2025580233564,49.27166612108015]],"type":"LineString"},"properties":{"effluent_type":"Sanitary","material":"Ductile Iron","geo_point_2d":{"lon":-123.2025387927444,"lat":49.27137623843994}}},{"type":"Feature","geometry":{"coordinates":[[-123.1683685253037,49.22205856434522],[-123.16835437978179,49.22089008070889]],"type":"LineString"},"properties":{"effluent_type":"Combined","material":"blank","geo_point_2d":{"lon":-123.16836145254274,"lat":49.22147432252706}}},{"type":"Feature","geometry":{"coordinates":[[-123.16838290206304,49.22325042611892],[-123.1683685253037,49.22205856434522]],"type":"LineString"},"properties":{"effluent_type":"Combined","material":"blank","geo_point_2d":{"lon":-123.16837571368337,"lat":49.22265449523207}}},{"type":"Feature","geometry":{"coordinates":[[-123.1877130655155,49.2678393294805],[-123.18768561525157,49.26853150102277],[-123.18768467726362,49.268537889140596],[-123.18768387639341,49.268544187083684],[-123.18768348824173,49.26855057430836],[-123.18768337500833,49.26855696108647],[-123.18768353669333,49.268563347417995],[-123.18768397329684,49.26856973330297],[-123.18768482227821,49.268576118518084],[-123.18768594617835,49.2685825032866],[-123.18768734465611,49.26858879765705],[-123.18768901805285,49.26859509158093],[-123.18769110382793,49.26860138483485],[-123.18769332675582,49.26860759690913],[-123.18769596168696,49.26861370936685],[-123.18769887153748,49.268619821377904],[-123.18770205596626,49.26862584299079],[-123.18770551531462,49.26863186415696],[-123.18770924890018,49.26863770497341],[-123.18771339486489,49.26864354511982],[-123.18771767794877,49.268649295091286]],"type":"LineString"},"properties":{"effluent_type":"Storm","material":"Concrete","geo_point_2d":{"lon":-123.1876983775858,"lat":49.26824806127071}}},{"type":"Feature","geometry":{"coordinates":[[-123.17877968553745,49.22847304533013],[-123.17879425472255,49.22847206928348],[-123.178799140839,49.22847109922754],[-123.17880339116178,49.22846902373788],[-123.17880736613893,49.228466768768946],[-123.17881120279385,49.228464244156044],[-123.17881476442778,49.22846163001606],[-123.17881791369273,49.22845892656166],[-123.17882092463542,49.22845595346333],[-123.17882352353385,49.22845298100276],[-123.1788257097388,49.22844982927571],[-123.17882775827084,49.22844658780905],[-123.17882925708622,49.22844325724074],[-123.17882872282728,49.22843983986703],[-123.17882780399418,49.22843642308868],[-123.17882541862271,49.22843386313074]],"type":"LineString"},"properties":{"effluent_type":"Combined","material":"RC","geo_point_2d":{"lon":-123.17881049425161,"lat":49.228459584496996}}},{"type":"Feature","geometry":{"coordinates":[[-123.05121493728844,49.24622053196476],[-123.05123941828201,49.24623060476407],[-123.05127315065484,49.24624500915428],[-123.05133876098043,49.24626094655302],[-123.0513560521387,49.246267199548996]],"type":"LineString"},"properties":{"effluent_type":"Combined","material":"Polyvinyl Chloride","geo_point_2d":{"lon":-123.05128485527808,"lat":49.24624574545053}}},{"type":"Feature","geometry":{"coordinates":[[-123.07886862983064,49.26949672061793],[-123.07867785770854,49.2713801745014]],"type":"LineString"},"properties":{"effluent_type":"Combined","material":"Concrete","geo_point_2d":{"lon":-123.07877324376959,"lat":49.27043844755967}}},{"type":"Feature","geometry":{"coordinates":[[-123.07890878904804,49.269164590562426],[-123.078716335769,49.27137205262082]],"type":"LineString"},"properties":{"effluent_type":"Sanitary","material":"Concrete","geo_point_2d":{"lon":-123.07881256240853,"lat":49.27026832159162}}},{"type":"Feature","geometry":{"coordinates":[[-123.07867570385864,49.27149531443458],[-123.07867785770854,49.2713801745014]],"type":"LineString"},"properties":{"effluent_type":"Combined","material":"Concrete","geo_point_2d":{"lon":-123.07867678078358,"lat":49.27143774446799}}},{"type":"Feature","geometry":{"coordinates":[[-123.078716335769,49.27137205262082],[-123.07871622878565,49.271564010104974]],"type":"LineString"},"properties":{"effluent_type":"Sanitary","material":"Concrete","geo_point_2d":{"lon":-123.07871628227733,"lat":49.2714680313629}}},{"type":"Feature","geometry":{"coordinates":[[-123.04742265056403,49.242051672236016],[-123.04705727567266,49.24243195138556],[-123.04705507969707,49.24243429104172],[-123.0470527463339,49.242436630753794],[-123.04705041288503,49.24243888051347],[-123.0470480795214,49.24244122022543],[-123.04704574615756,49.24244355993733],[-123.04704341270808,49.242445809696875],[-123.0470410793438,49.24244814940869],[-123.04703874589386,49.242450399168135],[-123.04703628879504,49.24245264897787],[-123.04703395543011,49.24245498868954],[-123.0470314845921,49.24245723850476],[-123.04702901375387,49.24245948831992],[-123.04702654291542,49.24246173813504],[-123.04702407207672,49.24246398795009],[-123.04702160115242,49.24246614781276],[-123.04701899292583,49.24246839768364],[-123.04701652208648,49.24247064749854],[-123.04701391377402,49.242472807416945],[-123.04701130546135,49.242474967335305],[-123.04565360450155,49.24362670419263]],"type":"LineString"},"properties":{"effluent_type":"Storm","material":"Concrete","geo_point_2d":{"lon":-123.0465529835273,"lat":49.242855011051724}}},{"type":"Feature","geometry":{"coordinates":[[-123.1126879685334,49.213415427465286],[-123.11268310829621,49.213409576276284],[-123.11268397742181,49.213387213150355],[-123.11273072638373,49.21336127910577]],"type":"LineString"},"properties":{"effluent_type":"Combined","material":"Concrete","geo_point_2d":{"lon":-123.11269897809443,"lat":49.21338420976233}}},{"type":"Feature","geometry":{"coordinates":[[-123.11272720847242,49.21346267738932],[-123.1126879685334,49.213415427465286]],"type":"LineString"},"properties":{"effluent_type":"Combined","material":"blank","geo_point_2d":{"lon":-123.1127075885029,"lat":49.213439052427304}}},{"type":"Feature","geometry":{"coordinates":[[-123.08141764572805,49.26342731199931],[-123.081400908742,49.263471463264445]],"type":"LineString"},"properties":{"effluent_type":"Sanitary","material":"blank","geo_point_2d":{"lon":-123.08140927723503,"lat":49.26344938763188}}},{"type":"Feature","geometry":{"coordinates":[[-123.11035357253556,49.20690208700857],[-123.11034120634561,49.20689751122209],[-123.11030044453881,49.206897190342296]],"type":"LineString"},"properties":{"effluent_type":"Combined","material":"Concrete","geo_point_2d":{"lon":-123.11032731795788,"lat":49.20689794918012}}},{"type":"Feature","geometry":{"coordinates":[[-123.1835609556228,49.2713303276028],[-123.18601456056707,49.27137005733023]],"type":"LineString"},"properties":{"effluent_type":"Combined","material":"Concrete","geo_point_2d":{"lon":-123.18478775809491,"lat":49.271350192466514}}},{"type":"Feature","geometry":{"coordinates":[[-123.13686256885704,49.29440908641598],[-123.13680171257833,49.29444941181249],[-123.13643458225378,49.294692688153],[-123.13642491763703,49.29469909512094]],"type":"LineString"},"properties":{"effluent_type":"Sanitary","material":"High Density Polyethylene","geo_point_2d":{"lon":-123.13664374250456,"lat":49.294554089648194}}},{"type":"Feature","geometry":{"coordinates":[[-123.10058940103701,49.20736841363581],[-123.10111285600456,49.207325399860224]],"type":"LineString"},"properties":{"effluent_type":"Combined","material":"Concrete","geo_point_2d":{"lon":-123.1008511285208,"lat":49.207346906748015}}},{"type":"Feature","geometry":{"coordinates":[[-123.08083227505122,49.2658992630761],[-123.08068627256871,49.2660339153473]],"type":"LineString"},"properties":{"effluent_type":"Sanitary","material":"Steel","geo_point_2d":{"lon":-123.08075927380997,"lat":49.2659665892117}}},{"type":"Feature","geometry":{"coordinates":[[-123.08125688500245,49.26586895725048],[-123.08086861770539,49.265865739515135]],"type":"LineString"},"properties":{"effluent_type":"Sanitary","material":"blank","geo_point_2d":{"lon":-123.08106275135393,"lat":49.26586734838281}}},{"type":"Feature","geometry":{"coordinates":[[-123.11098496533783,49.26218834967884],[-123.11278475745415,49.26221814402193]],"type":"LineString"},"properties":{"effluent_type":"Combined","material":"blank","geo_point_2d":{"lon":-123.11188486139599,"lat":49.26220324685038}}},{"type":"Feature","geometry":{"coordinates":[[-123.04890921941383,49.24154426972142],[-123.048920216425,49.24155056173236],[-123.04893052695864,49.24155730379492],[-123.04894015092596,49.24156440595693],[-123.0489489511196,49.24157204818148],[-123.0489569273617,49.241580050564096],[-123.04896394217808,49.24158832321078],[-123.04897027042738,49.2415969559576],[-123.04897549986521,49.24160585902705],[-123.04897976778726,49.24161494240868],[-123.048983074193,49.24162420610258],[-123.04898541908193,49.241633650108845],[-123.04898680227556,49.241643094522836],[-123.04898708646829,49.241652620359964],[-123.04898640897345,49.24166215560011],[-123.04898476969267,49.241671601295636],[-123.04898203124012,49.241680957504805],[-123.04897833100046,49.241690224169226],[-123.04897366879533,49.24169922138419],[-123.04896818209853,49.24170803904366],[-123.04896159605,49.2417165873116],[-123.04895418533118,49.24172477611907],[-123.0484114932235,49.24228099147272]],"type":"LineString"},"properties":{"effluent_type":"Sanitary","material":"blank","geo_point_2d":{"lon":-123.04874538120872,"lat":49.24191966028529}}},{"type":"Feature","geometry":{"coordinates":[[-123.09419829557118,49.21376560269514],[-123.09421711805494,49.21335250592061]],"type":"LineString"},"properties":{"effluent_type":"Combined","material":"blank","geo_point_2d":{"lon":-123.09420770681305,"lat":49.21355905430788}}},{"type":"Feature","geometry":{"coordinates":[[-123.05133649509844,49.24750785740401],[-123.0505151127944,49.24751162865977]],"type":"LineString"},"properties":{"effluent_type":"Combined","material":"blank","geo_point_2d":{"lon":-123.05092580394643,"lat":49.24750974303189}}},{"type":"Feature","geometry":{"coordinates":[[-123.13766833756726,49.294190725288374],[-123.1375768236641,49.29422015849489],[-123.1370856524125,49.29454546745639]],"type":"LineString"},"properties":{"effluent_type":"Sanitary","material":"Concrete","geo_point_2d":{"lon":-123.13737210851018,"lat":49.29435793079069}}},{"type":"Feature","geometry":{"coordinates":[[-123.07504305474593,49.25824472064502],[-123.07503626948045,49.258256319881774],[-123.07503156574874,49.25826302437038],[-123.07502973229708,49.2582683867081],[-123.07502647058256,49.25827442461425],[-123.075024708627,49.25828162192894],[-123.07502352238261,49.25828782939633],[-123.07502353090408,49.258293451399005],[-123.0750234512679,49.258304380634684],[-123.07502411009382,49.258321956853344],[-123.07501102016843,49.258743921788856]],"type":"LineString"},"properties":{"effluent_type":"Sanitary","material":"Polyvinyl Chloride","geo_point_2d":{"lon":-123.0750193219593,"lat":49.25849211105184}}},{"type":"Feature","geometry":{"coordinates":[[-123.1877683361486,49.26824106442628],[-123.18778988084799,49.26769545229951]],"type":"LineString"},"properties":{"effluent_type":"Combined","material":"Concrete","geo_point_2d":{"lon":-123.18777910849828,"lat":49.2679682583629}}},{"type":"Feature","geometry":{"coordinates":[[-123.16003641465414,49.2632030847775],[-123.160028467352,49.2634359367783],[-123.16001837115633,49.26370985487312],[-123.16002308794886,49.26372334115352],[-123.16002890373029,49.263736646007395],[-123.1600358185014,49.26374976943456],[-123.16004396912729,49.26376253134108],[-123.16005308100738,49.263775022059136],[-123.16006342874363,49.263787151256025],[-123.16007459970719,49.26379882955104],[-123.16008686908177,49.2638101465147],[-123.16010009883956,49.26382092243376],[-123.16011415182557,49.263831247450064],[-123.16012902774881,49.2638410316116],[-123.16014486405562,49.263850274727595],[-123.1601613855622,49.26385888722697],[-123.16017859255946,49.26386695906113],[-123.16019648446476,49.26387431032645],[-123.16021506156885,49.263881030974254],[-123.16023404868717,49.26388703143378],[-123.16025358326554,49.263892311514205],[-123.16027352785677,49.26389687140587],[-123.16029388246015,49.2639007111086],[-123.16033154570462,49.26390155837171]],"type":"LineString"},"properties":{"effluent_type":"Combined","material":"blank","geo_point_2d":{"lon":-123.160082819201,"lat":49.26362137110002}}},{"type":"Feature","geometry":{"coordinates":[[-123.11551761119354,49.2604006693932],[-123.11551383129816,49.260400511258545],[-123.11550834714204,49.26040033683716],[-123.1155028768766,49.2604002253681],[-123.11549739303543,49.26040018587406],[-123.11549190932018,49.260400200350894],[-123.11548643949557,49.26040027778008],[-123.11548095605318,49.26040040919386],[-123.11547548652237,49.26040061255517],[-123.1154700171384,49.260400878882564],[-123.11546456164497,49.26040120816229],[-123.11545910629837,49.26040160040811],[-123.11545367856499,49.26040204659733],[-123.11544825099934,49.26040256474783],[-123.11544283730319,49.26040313685548],[-123.11543743749748,49.26040377191546],[-123.11543206534687,49.260404478909294],[-123.11542670704466,49.26040523086505],[-123.11542137639753,49.26040605475464],[-123.11541605964081,49.260406941596614],[-123.11541077049709,49.26040788238199],[-123.11540550898745,49.26040888610602],[-123.1154002750908,49.260409943773496],[-123.11539506884914,49.26041107337481],[-123.11538989019951,49.26041224792438],[-123.1153847529485,49.260413494394086],[-123.11537964331046,49.26041479480723],[-123.11537457502907,49.26041614915013],[-123.11536953438161,49.26041756643169],[-123.11536453509078,49.26041903764301],[-123.11535957715655,49.2604205627841],[-123.1153546605999,49.260422150850104],[-123.11534978539984,49.26042379284591],[-123.11534495155635,49.26042548877149],[-123.11534017281315,49.260427238613126],[-123.11533543544748,49.26042905137974],[-123.11533075316107,49.26043090906723],[-123.1153261122312,49.260432820684514],[-123.11532152640159,49.260434786217886],[-123.11531699567219,49.260436805667354],[-123.11531252004302,49.26043887903291],[-123.11530809949309,49.26044099731939],[-123.11530373404337,49.260443169521956],[-123.11529943741661,49.26044538663177],[-123.11529518214634,49.26044765767139],[-123.115290995699,49.260449973618265],[-123.11528687807463,49.26045233447236],[-123.11528281555042,49.26045474924258],[-123.11527882184917,49.26045720892005],[-123.11527489697086,49.26045971350478],[-123.11527104089453,49.26046225400158],[-123.1152672536621,49.26046484840084],[-123.11526353523165,49.26046747871215],[-123.11525987188043,49.260470153944475],[-123.11525630483958,49.26047287405667],[-123.11525279285702,49.26047563009465],[-123.11524936344111,49.26047843102625],[-123.11524600282723,49.26048126786994],[-123.11524272475909,49.260484140612036],[-123.11523951549296,49.2604870492663],[-123.11523638877257,49.26048999381895],[-123.11523334459797,49.26049297427005],[-123.1152303829691,49.26049599061958],[-123.11522749014229,49.26049904288124],[-123.11522469360497,49.2605021310277],[-123.11522196582786,49.2605052370959],[-123.1152193343612,49.26050838804403],[-123.11521678539847,49.26051155690027],[-123.11521430523784,49.2605147616687],[-123.11521192134582,49.26051799332669],[-123.11520963372246,49.26052125187427],[-123.11520742862402,49.26052453732516],[-123.11520530602958,49.260527840684176],[-123.11520326596008,49.260531170946464],[-123.11520132215928,49.260534528098404],[-123.11519947460629,49.26053790314473],[-123.11519770957825,49.26054130509438],[-123.1151960407771,49.260544715943276],[-123.11519445450098,49.260548153695495],[-123.11519296447273,49.26055160934216],[-123.11519157067137,49.2605550738881],[-123.11519025937417,49.26055855634216],[-123.1151890580686,49.26056205667695],[-123.11518793924627,49.26056556592475],[-123.11518691667192,49.26056909306697],[-123.11518597658079,49.260572629122166],[-123.11518514646049,49.26057617406293],[-123.11518441256725,49.26057972790296],[-123.11518376115733,49.26058329065598],[-123.11518320597452,49.260586862308266],[-123.11518276074163,49.260590433850936],[-123.11518239799217,49.26059401430659],[-123.11518213144892,49.26059759466633],[-123.11518196113286,49.260601183925324],[-123.1151735034659,49.260829265929026]],"type":"LineString"},"properties":{"effluent_type":"Combined","material":"blank","geo_point_2d":{"lon":-123.11527121094828,"lat":49.260549229825976}}},{"type":"Feature","geometry":{"coordinates":[[-123.11035357253556,49.20690208700857],[-123.11034095178475,49.20690650676017],[-123.11030046454793,49.206906185618074]],"type":"LineString"},"properties":{"effluent_type":"Combined","material":"Concrete","geo_point_2d":{"lon":-123.11032730085095,"lat":49.206905837398615}}},{"type":"Feature","geometry":{"coordinates":[[-123.18672489200877,49.26873500890036],[-123.1867250981983,49.268735008567134],[-123.18673581903623,49.268734721385066],[-123.1867464017353,49.26873425452123],[-123.18791986779807,49.26875412034831]],"type":"LineString"},"properties":{"effluent_type":"Storm","material":"Concrete","geo_point_2d":{"lon":-123.18732237450567,"lat":49.26874401622771}}},{"type":"Feature","geometry":{"coordinates":[[-123.18559699826727,49.22758704512973],[-123.18569672468753,49.227480560804985]],"type":"LineString"},"properties":{"effluent_type":"Combined","material":"RC","geo_point_2d":{"lon":-123.18564686147741,"lat":49.22753380296736}}},{"type":"Feature","geometry":{"coordinates":[[-123.08073462754143,49.20903310468002],[-123.08427182327476,49.20873399443932]],"type":"LineString"},"properties":{"effluent_type":"Combined","material":"RC","geo_point_2d":{"lon":-123.08250322540809,"lat":49.20888354955968}}},{"type":"Feature","geometry":{"coordinates":[[-123.19016394245598,49.229190192792785],[-123.19131503246906,49.22832429691352]],"type":"LineString"},"properties":{"effluent_type":"Combined","material":"Concrete","geo_point_2d":{"lon":-123.19073948746252,"lat":49.228757244853156}}},{"type":"Feature","geometry":{"coordinates":[[-123.19164590774675,49.22740534069982],[-123.19275560950928,49.227391791518464],[-123.19275574685419,49.22739179128928]],"type":"LineString"},"properties":{"effluent_type":"Combined","material":"Concrete","geo_point_2d":{"lon":-123.19220082729547,"lat":49.227398565270825}}},{"type":"Feature","geometry":{"coordinates":[[-123.04815406709184,49.24131592797974],[-123.04761002012422,49.241882304791396],[-123.04760233490413,49.24189103333931],[-123.0475956117283,49.24190012129987],[-123.04758998789659,49.241909478664354],[-123.0475854634095,49.241919105432835],[-123.04758190079525,49.241928911709756],[-123.04757943744039,49.24193889743855],[-123.04757821064507,49.241948972610416],[-123.04757808293766,49.24195904732966],[-123.04757905431876,49.24196912159619],[-123.04758112470269,49.241979105457716],[-123.04758429409006,49.241988998914124],[-123.04758869969481,49.241998622004076],[-123.04759406683165,49.24200806479296],[-123.04760053280087,49.24201723727172],[-123.0476079602167,49.242026139496744],[-123.04761634890656,49.242034591563176],[-123.04762569887073,49.24204259347082],[-123.04763587272312,49.24205014527609],[-123.04764687037732,49.24205715702643],[-123.0476586919198,49.242063718673954],[-123.04767106231819,49.242069560474704]],"type":"LineString"},"properties":{"effluent_type":"Sanitary","material":"Concrete","geo_point_2d":{"lon":-123.04781768652448,"lat":49.24168875628576}}},{"type":"Feature","geometry":{"coordinates":[[-123.10227651070771,49.281497803861306],[-123.10230921028544,49.28173854883366]],"type":"LineString"},"properties":{"effluent_type":"Sanitary","material":"Polyvinyl Chloride","geo_point_2d":{"lon":-123.10229286049658,"lat":49.28161817634748}}},{"type":"Feature","geometry":{"coordinates":[[-123.10211875365594,49.27701902672235],[-123.10211917327668,49.277675108109634]],"type":"LineString"},"properties":{"effluent_type":"Sanitary","material":"Polyvinyl Chloride","geo_point_2d":{"lon":-123.10211896346631,"lat":49.27734706741598}}},{"type":"Feature","geometry":{"coordinates":[[-123.02572438826384,49.27741105663382],[-123.0283903139282,49.27741836612437]],"type":"LineString"},"properties":{"effluent_type":"Combined","material":"blank","geo_point_2d":{"lon":-123.02705735109602,"lat":49.277414711379095}}},{"type":"Feature","geometry":{"coordinates":[[-123.02326635025214,49.27637333569934],[-123.02333634083777,49.2763996684786],[-123.02334252866108,49.27640209592834],[-123.02334844164888,49.27640479328883],[-123.02335407975883,49.276407670608215],[-123.02335958047263,49.276410727858796],[-123.02336494379031,49.27641396504059],[-123.02336989474844,49.27641738220917],[-123.0233745708287,49.27642097933685],[-123.0233789720311,49.27642475642362],[-123.02338296083128,49.2764286235455],[-123.02338681223539,49.276432670598744],[-123.02339025123717,49.27643680768716],[-123.02339327787915,49.276441124762655],[-123.0233961670398,49.276445441865874],[-123.02339850635863,49.27644993898407],[-123.02340057071416,49.27645443615787],[-123.02340222266699,49.27645902336701],[-123.023403462217,49.276463700611465],[-123.02340442680345,49.276468377911606],[-123.0234049789443,49.276473055295305],[-123.02340511868202,49.27647782271435],[-123.02340308118768,49.277140318366506],[-123.02340419063428,49.2771605573027],[-123.02340763722269,49.27718061586172],[-123.02341328347184,49.277200494071245],[-123.02342112929908,49.2772200120273],[-123.02343131214828,49.27723907974975],[-123.02344369449516,49.277257607314034],[-123.02345800133084,49.27727550482351],[-123.02347437005562,49.27729259234587],[-123.02349266318664,49.27730886990823],[-123.02351288063511,49.27732414861082],[-123.02353460999994,49.277338536478844],[-123.02355798858999,49.27735166468103],[-123.0235828790062,49.27736371314803],[-123.02360900619328,49.277374502031414],[-123.02363623261834,49.27738393241151],[-123.02366455828835,49.27739202227791],[-123.02369370818518,49.277398672739174],[-123.02372354486526,49.27740397377476],[-123.0237538070194,49.27740774553417],[-123.02378446714364,49.27740997902758],[-123.02381540150775,49.27741069227055],[-123.02383533680718,49.27741077811188]],"type":"LineString"},"properties":{"effluent_type":"Combined","material":"blank","geo_point_2d":{"lon":-123.02346666078779,"lat":49.27696364000691}}},{"type":"Feature","geometry":{"coordinates":[[-123.11029559158673,49.20673989425248],[-123.1103510868057,49.205575355196565]],"type":"LineString"},"properties":{"effluent_type":"Combined","material":"blank","geo_point_2d":{"lon":-123.11032333919623,"lat":49.206157624724526}}},{"type":"Feature","geometry":{"coordinates":[[-123.1101696156504,49.20690056250253],[-123.10685606240796,49.20686160445002]],"type":"LineString"},"properties":{"effluent_type":"Combined","material":"Concrete","geo_point_2d":{"lon":-123.10851283902917,"lat":49.206881083476276}}},{"type":"Feature","geometry":{"coordinates":[[-123.0828734581883,49.256320015351676],[-123.0828646629368,49.25632002166011],[-123.08283758945113,49.25631968126587],[-123.08281051792213,49.25632051024201],[-123.08278344834787,49.256322508588546],[-123.08275679285352,49.256325586058146],[-123.08273041416192,49.256329832701525],[-123.08270458697267,49.25633515837005],[-123.08267917385841,49.25634156316248],[-123.08265458709526,49.256349046784095],[-123.08263082653188,49.25635751928338],[-123.0826077547413,49.25636698075913],[-123.0825859214264,49.256377430818766],[-123.08256491415865,49.25638877980563],[-123.08254528264156,49.256401027327335],[-123.08252675172302,49.25641399367685],[-123.08250959640527,49.256427768610486],[-123.08249381653867,49.25644226217675],[-123.0824795492502,49.256457294374],[-123.0824667946906,49.256472955154855],[-123.08245555271098,49.25648915456773],[-123.0824459743316,49.25650580255317],[-123.08243803191883,49.25652280917912],[-123.08233497924022,49.25677276076798]],"type":"LineString"},"properties":{"effluent_type":"Combined","material":"blank","geo_point_2d":{"lon":-123.0825479790015,"lat":49.256473337843026}}},{"type":"Feature","geometry":{"coordinates":[[-123.0749830923896,49.25797185379508],[-123.07495781533864,49.25969371574695]],"type":"LineString"},"properties":{"effluent_type":"Combined","material":"blank","geo_point_2d":{"lon":-123.07497045386413,"lat":49.258832784771016}}},{"type":"Feature","geometry":{"coordinates":[[-123.10184682595485,49.22177655798893],[-123.10187220387833,49.221074706514486]],"type":"LineString"},"properties":{"effluent_type":"Combined","material":"Concrete","geo_point_2d":{"lon":-123.10185951491658,"lat":49.22142563225171}}},{"type":"Feature","geometry":{"coordinates":[[-123.09317903109371,49.21062429508076],[-123.09318620345171,49.210386067067866]],"type":"LineString"},"properties":{"effluent_type":"Combined","material":"Concrete","geo_point_2d":{"lon":-123.0931826172727,"lat":49.21050518107431}}},{"type":"Feature","geometry":{"coordinates":[[-123.08228169847148,49.25695450208084],[-123.08178466340033,49.257386895167464]],"type":"LineString"},"properties":{"effluent_type":"Combined","material":"Concrete","geo_point_2d":{"lon":-123.0820331809359,"lat":49.257170698624144}}},{"type":"Feature","geometry":{"coordinates":[[-123.14530941717389,49.27072063989949],[-123.14530328644027,49.270739447570705],[-123.14529883496031,49.270857290245495]],"type":"LineString"},"properties":{"effluent_type":"Sanitary","material":"Fibreglass","geo_point_2d":{"lon":-123.14530182076231,"lat":49.270788554067515}}},{"type":"Feature","geometry":{"coordinates":[[-123.14539222019374,49.26971270479922],[-123.14539174856193,49.26972528967526]],"type":"LineString"},"properties":{"effluent_type":"Sanitary","material":"Fibreglass","geo_point_2d":{"lon":-123.14539198437784,"lat":49.269718997237234}}},{"type":"Feature","geometry":{"coordinates":[[-123.1189453970072,49.26600593694543],[-123.11927325060957,49.266251545800216]],"type":"LineString"},"properties":{"effluent_type":"Combined","material":"BR\/CON","geo_point_2d":{"lon":-123.11910932380837,"lat":49.266128741372825}}},{"type":"Feature","geometry":{"coordinates":[[-123.04425429445398,49.256756085553334],[-123.04505316750392,49.25676590540883]],"type":"LineString"},"properties":{"effluent_type":"Sanitary","material":"blank","geo_point_2d":{"lon":-123.04465373097895,"lat":49.25676099548108}}},{"type":"Feature","geometry":{"coordinates":[[-123.04425078313768,49.254427027413776],[-123.0442504003048,49.25445995005992],[-123.0442465122478,49.254830005827536]],"type":"LineString"},"properties":{"effluent_type":"Storm","material":"RC-BHS","geo_point_2d":{"lon":-123.04424863074048,"lat":49.254628516433044}}},{"type":"Feature","geometry":{"coordinates":[[-123.03355986218754,49.28838739527863],[-123.03355975898508,49.28843794813655],[-123.03355853502423,49.28845809766173],[-123.03355497324148,49.28847815791408],[-123.03354922477885,49.28849794894614],[-123.03354127588221,49.28851747076162],[-123.03353111261455,49.28853645350919],[-123.0335186112707,49.28855498717574],[-123.03350418421215,49.28857280178606],[-123.03348783144354,49.28858990633458],[-123.03346941531393,49.28860610296671],[-123.03344934837553,49.288621400557275],[-123.0334274792389,49.288635619245866],[-123.03340411043864,49.28864875894403],[-123.03337922816274,49.288660729703224],[-123.03335310738284,49.288671441491445],[-123.03332588555537,49.28868080431657],[-123.03329756274248,49.28868890812949],[-123.03326841385658,49.28869557294692],[-123.03323871387113,49.288700708737515],[-123.03320832539369,49.28870449544363],[-123.03317766085361,49.28870675304304],[-123.03314685776965,49.28870748149604],[-123.03148911618884,49.288706604841806]],"type":"LineString"},"properties":{"effluent_type":"Combined","material":"Concrete","geo_point_2d":{"lon":-123.03260437289401,"lat":49.288679807363714}}},{"type":"Feature","geometry":{"coordinates":[[-123.03237890175826,49.288794241707436],[-123.03272810147749,49.288676927344234]],"type":"LineString"},"properties":{"effluent_type":"Combined","material":"Concrete","geo_point_2d":{"lon":-123.03255350161788,"lat":49.28873558452584}}},{"type":"Feature","geometry":{"coordinates":[[-123.13696278650983,49.2946268394298],[-123.1367049727978,49.29479761196059]],"type":"LineString"},"properties":{"effluent_type":"Sanitary","material":"Concrete","geo_point_2d":{"lon":-123.1368338796538,"lat":49.29471222569519}}},{"type":"Feature","geometry":{"coordinates":[[-123.13658826492396,49.294818456819776],[-123.13646303405159,49.29484080482234]],"type":"LineString"},"properties":{"effluent_type":"Sanitary","material":"Concrete","geo_point_2d":{"lon":-123.13652564948777,"lat":49.294829630821056}}},{"type":"Feature","geometry":{"coordinates":[[-123.13646303405159,49.29484080482234],[-123.13616722700392,49.294780553373975]],"type":"LineString"},"properties":{"effluent_type":"Sanitary","material":"RC","geo_point_2d":{"lon":-123.13631513052775,"lat":49.29481067909816}}},{"type":"Feature","geometry":{"coordinates":[[-123.09317771292082,49.21066807621241],[-123.09317903109371,49.21062429508076]],"type":"LineString"},"properties":{"effluent_type":"Combined","material":"Concrete","geo_point_2d":{"lon":-123.09317837200726,"lat":49.21064618564658}}},{"type":"Feature","geometry":{"coordinates":[[-123.10185276367807,49.27492216869617],[-123.10186939479455,49.274920381982945]],"type":"LineString"},"properties":{"effluent_type":"Sanitary","material":"blank","geo_point_2d":{"lon":-123.1018610792363,"lat":49.27492127533956}}},{"type":"Feature","geometry":{"coordinates":[[-123.12176323690217,49.265095691534924],[-123.12651871969288,49.26517194374206]],"type":"LineString"},"properties":{"effluent_type":"Combined","material":"blank","geo_point_2d":{"lon":-123.12414097829755,"lat":49.26513381763849}}},{"type":"Feature","geometry":{"coordinates":[[-123.1153863098527,49.212258119642776],[-123.11540488741836,49.21186897396149]],"type":"LineString"},"properties":{"effluent_type":"Combined","material":"Concrete","geo_point_2d":{"lon":-123.11539559863553,"lat":49.21206354680213}}},{"type":"Feature","geometry":{"coordinates":[[-123.11532586064813,49.212295969211304],[-123.11533025415396,49.21229587487183],[-123.11533464724124,49.21229560062687],[-123.11533903990993,49.212295146476414],[-123.1153432946471,49.21229442260492],[-123.11534754896557,49.21229351882797],[-123.11535151452779,49.2122924354335],[-123.11535549319225,49.212291082167184],[-123.1153593343227,49.212289630089955],[-123.11536290023875,49.212287917424135],[-123.1153663286417,49.21228611494268],[-123.1153694820186,49.21228413283009],[-123.11537236036943,49.21228197108638],[-123.11537510120716,49.212279719527075],[-123.11537756701887,49.21227728833669],[-123.11537975801393,49.21227476746788],[-123.1153815368888,49.21227215705786],[-123.11538317825064,49.212269456832296],[-123.11538440749237,49.21226666706549],[-123.11538536212696,49.212263877573],[-123.1153860419451,49.212260998402165],[-123.1153863098527,49.212258119642776]],"type":"LineString"},"properties":{"effluent_type":"Combined","material":"Concrete","geo_point_2d":{"lon":-123.11536131602146,"lat":49.212284013663066}}},{"type":"Feature","geometry":{"coordinates":[[-123.05043564428532,49.24546564411482],[-123.05043397509897,49.24587726667307]],"type":"LineString"},"properties":{"effluent_type":"Storm","material":"Concrete","geo_point_2d":{"lon":-123.05043480969215,"lat":49.245671455393946}}},{"type":"Feature","geometry":{"coordinates":[[-123.13780691269554,49.29417050091193],[-123.13766833756726,49.294190725288374]],"type":"LineString"},"properties":{"effluent_type":"Sanitary","material":"Concrete","geo_point_2d":{"lon":-123.1377376251314,"lat":49.29418061310015}}},{"type":"Feature","geometry":{"coordinates":[[-123.0442465122478,49.254830005827536],[-123.04424040753644,49.255410757389974],[-123.04423992086498,49.25546589825585],[-123.04423583536244,49.25581509412738]],"type":"LineString"},"properties":{"effluent_type":"Storm","material":"RC-BHS","geo_point_2d":{"lon":-123.04424129676016,"lat":49.25532255135866}}},{"type":"Feature","geometry":{"coordinates":[[-123.03356114893327,49.28771014888051],[-123.03356015999609,49.288238615158534]],"type":"LineString"},"properties":{"effluent_type":"Combined","material":"blank","geo_point_2d":{"lon":-123.03356065446468,"lat":49.28797438201952}}},{"type":"Feature","geometry":{"coordinates":[[-123.13234528002296,49.297773841181616],[-123.13289113771448,49.297507021164684],[-123.13289937947609,49.29750305381884],[-123.1329074832126,49.29749890672808],[-123.13291558694777,49.29749475963671],[-123.13292369043967,49.29749052259353],[-123.13293151860827,49.297486195914956],[-123.13293934653356,49.29748177928456],[-123.13294703691749,49.29747736281187],[-123.13295472681614,49.29747276643613],[-123.13296227917337,49.29746817021814],[-123.13296969398928,49.297463574157895],[-123.13297710831984,49.297458798194675],[-123.1329842475691,49.29745402254749],[-123.13299138657499,49.29744915694861],[-123.13299852557948,49.2974442913493],[-123.1330053889945,49.297439237168476],[-123.13301226618631,49.29743419196654],[-123.13301899208291,49.29742914693836],[-123.13302557995415,49.29742392216557],[-123.13303216782398,49.29741869739238],[-123.13317970489071,49.29730042107813],[-123.13318629321253,49.29729537619862],[-123.13319288129065,49.29729024136746],[-123.13319960739165,49.29728528627994],[-123.13320647103072,49.297280331033434],[-123.13321333488656,49.2972754567427],[-123.13322033654714,49.2972706812394],[-123.13322747574577,49.297265905577085],[-123.13323475272486,49.29726121970704],[-123.13324202970256,49.29725653383652],[-123.13324944470321,49.29725202770949],[-123.13325699724183,49.29724752142337],[-123.1332645500216,49.29724310508801],[-123.13327224033934,49.29723868859355],[-123.13328006868008,49.297234451842506],[-123.13328789701949,49.2972302150909],[-123.13329586313938,49.29722606813139],[-123.13330382925798,49.29722192117134],[-123.13331193339965,49.29721795395461],[-123.1333201750793,49.29721398657862],[-123.13366030372231,49.297053740783696],[-123.13367788703638,49.29704571475724],[-123.13369588369092,49.29703795810455],[-123.13371415639057,49.29703056093585],[-123.13373270513566,49.297023523250985],[-123.13375152990211,49.2970168360547],[-123.1337706307389,49.29701051733715],[-123.13379000762201,49.29700455810305],[-123.13380966055173,49.296998958352226],[-123.13382958952846,49.296993718084586],[-123.13384965701387,49.296988837459295],[-123.133870000547,49.29698431631692],[-123.13389048258962,49.29698015481671],[-123.13391124092436,49.29697644275043],[-123.13393200023093,49.2969730904855],[-123.13395303558687,49.296970097703074],[-123.13397407215932,49.29696755467317],[-123.13399524724349,49.296965371285026],[-123.13401656083991,49.29696354753856],[-123.13403787565434,49.296962173544514],[-123.13405341531306,49.29696134595529]],"type":"LineString"},"properties":{"effluent_type":"Combined","material":"BR","geo_point_2d":{"lon":-123.13318539616166,"lat":49.29732702758421}}},{"type":"Feature","geometry":{"coordinates":[[-123.17885552193907,49.22731421174481],[-123.17885453682045,49.22734569670414],[-123.179165985823,49.227437955274574],[-123.18208639547959,49.22745548124905]],"type":"LineString"},"properties":{"effluent_type":"Combined","material":"Concrete","geo_point_2d":{"lon":-123.1804489779621,"lat":49.227440154346844}}},{"type":"Feature","geometry":{"coordinates":[[-123.10217646624413,49.278328719440886],[-123.10217049010946,49.27867037075215]],"type":"LineString"},"properties":{"effluent_type":"Sanitary","material":"Polyvinyl Chloride","geo_point_2d":{"lon":-123.10217347817681,"lat":49.27849954509653}}},{"type":"Feature","geometry":{"coordinates":[[-123.09172297811226,49.251922977611],[-123.09172053306733,49.25192347428943],[-123.09171349994226,49.25192480217059],[-123.09170645294213,49.251926058100565],[-123.09169936456762,49.2519272331059],[-123.09169223481875,49.25192832718668],[-123.09168509116161,49.25192933132578],[-123.09167791988823,49.25193026352457],[-123.0916707209653,49.25193110579262],[-123.09166350815087,49.25193186711423],[-123.09165626772027,49.25193255649552],[-123.09164901336496,49.251933146939926],[-123.09164174513488,49.2519336654331],[-123.09163446299678,49.25193409398461],[-123.09162716698403,49.25193445058487],[-123.09161987080472,49.25193471723257],[-123.09161256071748,49.251934893938575],[-123.09160525048043,49.25193498968726],[-123.09159794011019,49.251935013473805],[-123.09159062955686,49.25193493831254],[-123.09159047840191,49.25193493843238],[-123.08927413934259,49.251899142485215]],"type":"LineString"},"properties":{"effluent_type":"Combined","material":"blank","geo_point_2d":{"lon":-123.09049893618764,"lat":49.25191781645526}}},{"type":"Feature","geometry":{"coordinates":[[-123.0725399499174,49.284440203422804],[-123.07624537477732,49.28394449564144]],"type":"LineString"},"properties":{"effluent_type":"Combined","material":"Concrete","geo_point_2d":{"lon":-123.07439266234735,"lat":49.28419234953212}}},{"type":"Feature","geometry":{"coordinates":[[-123.11616562442077,49.21179758040756],[-123.11617503093547,49.21155203557461]],"type":"LineString"},"properties":{"effluent_type":"Combined","material":"Concrete","geo_point_2d":{"lon":-123.11617032767812,"lat":49.21167480799109}}},{"type":"Feature","geometry":{"coordinates":[[-123.11618349330588,49.21133134566145],[-123.11618500629345,49.21129733295474]],"type":"LineString"},"properties":{"effluent_type":"Combined","material":"Concrete","geo_point_2d":{"lon":-123.11618424979964,"lat":49.211314339308096}}},{"type":"Feature","geometry":{"coordinates":[[-123.08195432202098,49.248680875649676],[-123.08194593188526,49.248899933399294]],"type":"LineString"},"properties":{"effluent_type":"Combined","material":"blank","geo_point_2d":{"lon":-123.08195012695312,"lat":49.24879040452448}}},{"type":"Feature","geometry":{"coordinates":[[-123.0837795411989,49.25197949208726],[-123.0837165926705,49.254117126207376]],"type":"LineString"},"properties":{"effluent_type":"Combined","material":"blank","geo_point_2d":{"lon":-123.08374806693469,"lat":49.25304830914732}}},{"type":"Feature","geometry":{"coordinates":[[-123.15080242010472,49.211487254054056],[-123.14971286565923,49.210410711741794]],"type":"LineString"},"properties":{"effluent_type":"Combined","material":"Concrete","geo_point_2d":{"lon":-123.15025764288197,"lat":49.210948982897925}}},{"type":"Feature","geometry":{"coordinates":[[-123.10634706648307,49.21419836208844],[-123.10652135723912,49.21420032437931]],"type":"LineString"},"properties":{"effluent_type":"Combined","material":"Concrete","geo_point_2d":{"lon":-123.10643421186109,"lat":49.21419934323387}}},{"type":"Feature","geometry":{"coordinates":[[-123.10652135723912,49.21420032437931],[-123.10760327171057,49.21421320131467]],"type":"LineString"},"properties":{"effluent_type":"Combined","material":"Concrete","geo_point_2d":{"lon":-123.10706231447483,"lat":49.21420676284699}}},{"type":"Feature","geometry":{"coordinates":[[-123.18551067936966,49.23037594974031],[-123.18551930728549,49.23031047735835]],"type":"LineString"},"properties":{"effluent_type":"Combined","material":"blank","geo_point_2d":{"lon":-123.18551499332757,"lat":49.23034321354933}}},{"type":"Feature","geometry":{"coordinates":[[-123.14319160893606,49.26967807787519],[-123.14100206530217,49.269643008740715]],"type":"LineString"},"properties":{"effluent_type":"Combined","material":"Concrete","geo_point_2d":{"lon":-123.1420968371191,"lat":49.26966054330795}}},{"type":"Feature","geometry":{"coordinates":[[-123.10211848408476,49.276602100128834],[-123.10211875365594,49.27701902672235]],"type":"LineString"},"properties":{"effluent_type":"Sanitary","material":"Polyvinyl Chloride","geo_point_2d":{"lon":-123.10211861887035,"lat":49.27681056342559}}},{"type":"Feature","geometry":{"coordinates":[[-123.1086844507662,49.214222317775274],[-123.10980555855906,49.21423089142568]],"type":"LineString"},"properties":{"effluent_type":"Combined","material":"Concrete","geo_point_2d":{"lon":-123.10924500466264,"lat":49.214226604600476}}},{"type":"Feature","geometry":{"coordinates":[[-123.14182155828286,49.2929959129166],[-123.14176041784881,49.293064621020136]],"type":"LineString"},"properties":{"effluent_type":"Sanitary","material":"Concrete","geo_point_2d":{"lon":-123.14179098806584,"lat":49.293030266968366}}},{"type":"Feature","geometry":{"coordinates":[[-123.14305045835559,49.29209001555321],[-123.1424816747655,49.29246968447007]],"type":"LineString"},"properties":{"effluent_type":"Combined","material":"RC","geo_point_2d":{"lon":-123.14276606656054,"lat":49.29227985001164}}},{"type":"Feature","geometry":{"coordinates":[[-123.10216823965838,49.27879894088037],[-123.10216542322983,49.278959696266625]],"type":"LineString"},"properties":{"effluent_type":"Sanitary","material":"Polyvinyl Chloride","geo_point_2d":{"lon":-123.10216683144411,"lat":49.27887931857351}}},{"type":"Feature","geometry":{"coordinates":[[-123.189198083818,49.22750474355805],[-123.19012244843003,49.22751131266189],[-123.1910637177144,49.227445893265454]],"type":"LineString"},"properties":{"effluent_type":"Combined","material":"Concrete","geo_point_2d":{"lon":-123.1901314567073,"lat":49.227493164688084}}},{"type":"Feature","geometry":{"coordinates":[[-123.20239034032035,49.270191238013275],[-123.20256019126036,49.27035232328469]],"type":"LineString"},"properties":{"effluent_type":"Sanitary","material":"blank","geo_point_2d":{"lon":-123.20247526579035,"lat":49.27027178064898}}},{"type":"Feature","geometry":{"coordinates":[[-123.109318842529,49.25944150551436],[-123.10932366665402,49.25944158190674],[-123.109328477135,49.25944170328786],[-123.10933328775505,49.25944188763517],[-123.1093380984944,49.25944212595341],[-123.10934289562944,49.259442427250846],[-123.10934767912048,49.259442773537046],[-123.10935246273081,49.2594431737942],[-123.10935723271706,49.259443628035335],[-123.10936198909907,49.25944414525564],[-123.10936673183711,49.25944470746473],[-123.10937144722757,49.259445332666],[-123.10937616271748,49.259446002843035],[-123.10938085083997,49.25944672701707],[-123.10938551161485,49.2594475141833],[-123.10939015874584,49.25944834633832],[-123.10939479225286,49.25944923247732],[-123.10939938464902,49.259450172626345],[-123.10940396342119,49.25945116675935],[-123.1094085148061,49.259452205894206],[-123.1094130251001,49.25945330803424],[-123.10941752175026,49.259454455163116],[-123.10942197728963,49.25945565630202],[-123.10942640544177,49.25945690244274],[-123.10943079248315,49.259458202593514],[-123.1094351521572,49.25945955674131],[-123.10943947070061,49.25946095590397],[-123.10944374811339,49.25946240008148],[-123.1094479981589,49.25946389825604],[-123.10945219333034,49.2594654414585],[-123.10945634739109,49.259467038671026],[-123.10946047406465,49.259468680885405],[-123.10946454586418,49.2594703681277],[-123.10946856278971,49.25947210039789],[-123.1094725523281,49.25947387766995],[-123.10947647324905,49.25947569998295],[-123.10948036678285,49.25947756729786],[-123.1094841916992,49.2594794796537],[-123.10948797548501,49.259481437024455],[-123.10949170437691,49.25948343042798],[-123.10949537839483,49.25948546885942],[-123.10949899753874,49.25948755231881],[-123.10950254806524,49.259489680819186],[-123.10950605744128,49.25949184533933],[-123.10950951192342,49.259494045892225],[-123.10951289778815,49.25949629148612],[-123.10951622875898,49.25949857311281],[-123.10951949109248,49.2595008907853],[-123.10952268480855,49.2595032534988],[-123.10952583735425,49.25950564323688],[-123.10952890751916,49.25950806903383],[-123.10953192279018,49.259510530863594],[-123.10953486942387,49.25951302873917],[-123.10953774742018,49.25951556266062],[-123.10954055675921,49.25951812363273],[-123.10954329746089,49.25952072065065],[-123.10954596950529,49.2595233447193],[-123.10954855914893,49.259525995851625],[-123.10955109389866,49.25952868301678],[-123.10955354624761,49.25953139724565],[-123.10955594368274,49.25953413851218],[-123.1095582449736,49.25953690685548],[-123.10956049135062,49.25953970223645],[-123.10956265530693,49.25954251568594],[-123.10956473688233,49.259545365194334],[-123.10956674976059,49.25954822376309],[-123.1095686802579,49.259551118390775],[-123.10957054207795,49.25955403107396],[-123.1095723214772,49.25955696182574],[-123.1095740184557,49.25955991064606],[-123.1095756330134,49.259562877534925],[-123.10957717891368,49.25956587147455],[-123.10957864237325,49.25956887448754],[-123.10958002341198,49.25957189556911],[-123.10958132202988,49.259574934719254],[-123.10958255195048,49.259577982929756],[-123.10958368570675,49.25958104922187],[-123.1095847370222,49.25958412458739],[-123.10958571966025,49.25958721800845],[-123.10958660611396,49.25959032051595],[-123.10958742385043,49.25959342308861],[-123.10958814542246,49.2595965437429],[-123.10958878455364,49.25959967347062],[-123.10958934122398,49.25960280327651],[-123.1095898154534,49.25960594215583],[-123.10959020724195,49.25960909010853],[-123.10959051656961,49.25961223813949],[-123.10959074343641,49.259615386248605],[-123.10959088784236,49.25961853443596],[-123.10959093606381,49.25962169170976],[-123.10959091516948,49.25962466914488],[-123.10959023711376,49.25966602977428]],"type":"LineString"},"properties":{"effluent_type":"Combined","material":"BR\/CON","geo_point_2d":{"lon":-123.1094924862678,"lat":49.25951555232995}}},{"type":"Feature","geometry":{"coordinates":[[-123.10810241645827,49.27026722681748],[-123.10806327870145,49.27026651682644]],"type":"LineString"},"properties":{"effluent_type":"Sanitary","material":"Ductile Iron","geo_point_2d":{"lon":-123.10808284757985,"lat":49.27026687182196}}},{"type":"Feature","geometry":{"coordinates":[[-123.07921178589675,49.28185612342373],[-123.07917986113061,49.28286216574631]],"type":"LineString"},"properties":{"effluent_type":"Combined","material":"Concrete","geo_point_2d":{"lon":-123.07919582351369,"lat":49.282359144585016}}},{"type":"Feature","geometry":{"coordinates":[[-123.08014833332811,49.21958731772109],[-123.08014369951886,49.219583614883284],[-123.08013917549674,49.21957986699278],[-123.08013474751475,49.21957606506379],[-123.08013041557291,49.21957220909638],[-123.08012619341817,49.219568308076276],[-123.08012208105046,49.2195643620035],[-123.08011806472287,49.219560361892334],[-123.08011415819686,49.219556325723744],[-123.08011036144333,49.21955223550727],[-123.08010667449133,49.21954810923342],[-123.08010309732633,49.21954393790697],[-123.0800996299628,49.21953973052315],[-123.08009627238621,49.219535478086705],[-123.08009302461112,49.219531189592956],[-123.08008990038434,49.21952687402765],[-123.08008689967681,49.2195225134002],[-123.0800840087707,49.219518116715484],[-123.08008122768048,49.219513692968754],[-123.0800785701385,49.219509242150444],[-123.08007603613021,49.21950475526536],[-123.08007361193773,49.21950024131827],[-123.08007131129341,49.219495700299674],[-123.08006913419725,49.219491132209555],[-123.08006708066368,49.21948654604318],[-123.08006515067822,49.219481932805316],[-123.0800633442553,49.21947730149126],[-123.08006166138041,49.21947264310569],[-123.08006010208253,49.21946797563917],[-123.08005866633259,49.21946328110119],[-123.08005735415962,49.21945857748226],[-123.08005616554908,49.21945385578713],[-123.08005511424778,49.21944912500153],[-123.08005417277644,49.21944437614928],[-123.08005336862881,49.219439627201844],[-123.08005268804347,49.21943486017823],[-123.08005213104938,49.21943009306894],[-123.08005171136439,49.219425316869206],[-123.08005141527057,49.21942054058384],[-123.08005124275341,49.21941575521755],[-123.0800511938274,49.21941096976559],[-123.08005128223937,49.21940619321375],[-123.08005129531796,49.21940578841733],[-123.08006778461993,49.2182561538491],[-123.0800676371283,49.21824985725814],[-123.08006707753077,49.21824347100007],[-123.08006610611807,49.218237174980196],[-123.08006458542494,49.21823087934103],[-123.08006265277166,49.218224583987364],[-123.08006030830377,49.21821837887183],[-123.08005755216665,49.218212353947116],[-123.08005424674974,49.21820632940298],[-123.08005066683873,49.218200395001716],[-123.0800465379388,49.218194640886296],[-123.08004213454495,49.21818897691368],[-123.08003718216243,49.21818349322683],[-123.08003195528616,49.21817809968269],[-123.08002631674144,49.21817288632903],[-123.08002026652832,49.21816785316578],[-123.08001394212661,49.21816309904572],[-123.0800073569488,49.218158426063404],[-123.08000034651592,49.21815402323351],[-123.07999292441473,49.218149800593764],[-123.07998536543033,49.21814584790664]],"type":"LineString"},"properties":{"effluent_type":"Combined","material":"Concrete","geo_point_2d":{"lon":-123.08006103202128,"lat":49.218864956139846}}},{"type":"Feature","geometry":{"coordinates":[[-123.14064684036606,49.2662700974291],[-123.14064969977544,49.26627022887644],[-123.14066702347716,49.26627182692361],[-123.1406842122843,49.266274324652784],[-123.14070085358237,49.26627763261446],[-123.1407172225343,49.266281840425755],[-123.14073290652547,49.266286858637365],[-123.14074804275381,49.266292597130374],[-123.14076235631325,49.266299056239916],[-123.14077598491329,49.266306325750534],[-123.14078879033327,49.26631413597479],[-123.14080049817842,49.26632266715144],[-123.14081124513415,49.26633164925808],[-123.14082075680548,49.266341262533516],[-123.14082930733083,49.26635123678776],[-123.14083648460557,49.26636166247546],[-123.14084256327985,49.266372449309934],[-123.14084726793409,49.26638341772313],[-123.14085073627699,49.26639465749934],[-123.14085283034207,49.26640598890276],[-123.14085368758204,49.26641741176594],[-123.14085303308877,49.26642892642405],[-123.14085114100038,49.266440262686736]],"type":"LineString"},"properties":{"effluent_type":"Combined","material":"Concrete","geo_point_2d":{"lon":-123.14077644175083,"lat":49.266328551924374}}},{"type":"Feature","geometry":{"coordinates":[[-123.14368852182221,49.27363884604515],[-123.14347437536814,49.27390324696568]],"type":"LineString"},"properties":{"effluent_type":"Sanitary","material":"Fibreglass","geo_point_2d":{"lon":-123.14358144859517,"lat":49.27377104650542}}},{"type":"Feature","geometry":{"coordinates":[[-123.1338141308246,49.29277198432482],[-123.13531167775211,49.29374109722366]],"type":"LineString"},"properties":{"effluent_type":"Sanitary","material":"blank","geo_point_2d":{"lon":-123.13456290428836,"lat":49.29325654077424}}},{"type":"Feature","geometry":{"coordinates":[[-123.11006367138832,49.248996798278775],[-123.10999657861227,49.25055649075061],[-123.10997315503722,49.251560821012106],[-123.10995592433046,49.25196336472128]],"type":"LineString"},"properties":{"effluent_type":"Combined","material":"blank","geo_point_2d":{"lon":-123.11000590805511,"lat":49.25047995213029}}},{"type":"Feature","geometry":{"coordinates":[[-123.11213602969752,49.26482041402383],[-123.11156673030959,49.2648095862079]],"type":"LineString"},"properties":{"effluent_type":"Sanitary","material":"Ductile Iron","geo_point_2d":{"lon":-123.11185138000354,"lat":49.26481500011587}}},{"type":"Feature","geometry":{"coordinates":[[-123.09329778796673,49.211321019191566],[-123.09330022037373,49.211190846423115],[-123.09330028228679,49.21118726624868],[-123.0933002480725,49.21118367715661],[-123.09330011774779,49.21118008814216],[-123.09329989132962,49.21117650820064],[-123.09329956878413,49.21117291934145],[-123.09329915016214,49.211169348550435],[-123.09329863542983,49.21116577783702],[-123.0932980245872,49.21116220720127],[-123.09329731766813,49.211158654633685],[-123.09329652836887,49.21115510213264],[-123.0932956292462,49.211151558715564],[-123.09329464777721,49.21114803335557],[-123.09329357021495,49.21114451706846],[-123.0932923965594,49.211141009854245],[-123.09329112682755,49.21113752070818],[-123.09328976101939,49.21113404963027],[-123.09328831284806,49.21113058761415],[-123.09328676860049,49.21112714366617],[-123.09328512829359,49.21112372678162],[-123.09328340562357,49.21112031895884],[-123.09328308871552,49.211119725525805]],"type":"LineString"},"properties":{"effluent_type":"Combined","material":"Concrete","geo_point_2d":{"lon":-123.0932974589347,"lat":49.211219199393646}}},{"type":"Feature","geometry":{"coordinates":[[-123.1532107915798,49.2451667863553],[-123.15360951703427,49.24530126640658],[-123.15472502885196,49.24569645876932],[-123.15538816460669,49.245930146524316]],"type":"LineString"},"properties":{"effluent_type":"Combined","material":"BR\/CON","geo_point_2d":{"lon":-123.15430019588855,"lat":49.24554638197524}}},{"type":"Feature","geometry":{"coordinates":[[-123.09769589599208,49.214474062431115],[-123.09774859989783,49.21441359653048]],"type":"LineString"},"properties":{"effluent_type":"Combined","material":"Polyvinyl Chloride","geo_point_2d":{"lon":-123.09772224794496,"lat":49.21444382948079}}},{"type":"Feature","geometry":{"coordinates":[[-123.11284478925315,49.26403715913661],[-123.11282946997396,49.26438345352172]],"type":"LineString"},"properties":{"effluent_type":"Sanitary","material":"Ductile Iron","geo_point_2d":{"lon":-123.11283712961355,"lat":49.26421030632916}}},{"type":"Feature","geometry":{"coordinates":[[-123.11259352222179,49.25531364937501],[-123.11254356167018,49.25630175983398],[-123.11253040378816,49.256595232624626]],"type":"LineString"},"properties":{"effluent_type":"Combined","material":"blank","geo_point_2d":{"lon":-123.11256131664442,"lat":49.2559544101697}}},{"type":"Feature","geometry":{"coordinates":[[-123.1109015959113,49.26518884367847],[-123.11088059958381,49.265670044241595]],"type":"LineString"},"properties":{"effluent_type":"Sanitary","material":"Ductile Iron","geo_point_2d":{"lon":-123.11089109774755,"lat":49.26542944396003}}},{"type":"Feature","geometry":{"coordinates":[[-123.10956214949958,49.26035084389305],[-123.10954494940087,49.26077005502011]],"type":"LineString"},"properties":{"effluent_type":"Combined","material":"BR\/CON","geo_point_2d":{"lon":-123.10955354945023,"lat":49.26056044945658}}},{"type":"Feature","geometry":{"coordinates":[[-123.1219633139221,49.25953711616061],[-123.12193381967829,49.26032340981671]],"type":"LineString"},"properties":{"effluent_type":"Combined","material":"blank","geo_point_2d":{"lon":-123.1219485668002,"lat":49.25993026298866}}},{"type":"Feature","geometry":{"coordinates":[[-123.17408511395621,49.26151648960544],[-123.17408413830366,49.26154389049448]],"type":"LineString"},"properties":{"effluent_type":"Combined","material":"BR\/CON","geo_point_2d":{"lon":-123.17408462612994,"lat":49.26153019004996}}},{"type":"Feature","geometry":{"coordinates":[[-123.04422059302628,49.25716663105178],[-123.04422554952228,49.25673073005414]],"type":"LineString"},"properties":{"effluent_type":"Storm","material":"Concrete","geo_point_2d":{"lon":-123.04422307127427,"lat":49.25694868055296}}},{"type":"Feature","geometry":{"coordinates":[[-123.1166856495666,49.22599779117029],[-123.1167236256241,49.225030338925905]],"type":"LineString"},"properties":{"effluent_type":"Combined","material":"blank","geo_point_2d":{"lon":-123.11670463759535,"lat":49.2255140650481}}},{"type":"Feature","geometry":{"coordinates":[[-123.0335650212541,49.28567622337765],[-123.0335644024944,49.28670941761671]],"type":"LineString"},"properties":{"effluent_type":"Combined","material":"blank","geo_point_2d":{"lon":-123.03356471187426,"lat":49.28619282049718}}},{"type":"Feature","geometry":{"coordinates":[[-123.14447735275603,49.289360375485344],[-123.144469439281,49.289311190807084],[-123.14439356468485,49.28926201910729]],"type":"LineString"},"properties":{"effluent_type":"Combined","material":"RC","geo_point_2d":{"lon":-123.14444638479334,"lat":49.28930407545516}}},{"type":"Feature","geometry":{"coordinates":[[-123.17277886486671,49.257713078229884],[-123.17377244064484,49.25780667658043]],"type":"LineString"},"properties":{"effluent_type":"Combined","material":"BHS","geo_point_2d":{"lon":-123.17327565275578,"lat":49.25775987740516}}},{"type":"Feature","geometry":{"coordinates":[[-123.17885821081336,49.22721822808296],[-123.17885552193907,49.22731421174481]],"type":"LineString"},"properties":{"effluent_type":"Combined","material":"Concrete","geo_point_2d":{"lon":-123.17885686637621,"lat":49.227266219913886}}},{"type":"Feature","geometry":{"coordinates":[[-123.10193495925782,49.275201252874005],[-123.10188629438733,49.27524918617422]],"type":"LineString"},"properties":{"effluent_type":"Sanitary","material":"Polyvinyl Chloride","geo_point_2d":{"lon":-123.10191062682256,"lat":49.27522521952412}}},{"type":"Feature","geometry":{"coordinates":[[-123.10188629438733,49.27524918617422],[-123.10204649904544,49.275769425373845]],"type":"LineString"},"properties":{"effluent_type":"Sanitary","material":"Polyvinyl Chloride","geo_point_2d":{"lon":-123.10196639671639,"lat":49.27550930577404}}},{"type":"Feature","geometry":{"coordinates":[[-123.10307371923004,49.22196769869542],[-123.10208912390003,49.22194630075918]],"type":"LineString"},"properties":{"effluent_type":"Combined","material":"Concrete","geo_point_2d":{"lon":-123.10258142156503,"lat":49.2219569997273}}},{"type":"Feature","geometry":{"coordinates":[[-123.11081819877045,49.26707660286511],[-123.11080801129492,49.26734578501659]],"type":"LineString"},"properties":{"effluent_type":"Sanitary","material":"Ductile Iron","geo_point_2d":{"lon":-123.11081310503269,"lat":49.26721119394085}}},{"type":"Feature","geometry":{"coordinates":[[-123.0787283408311,49.27292957086016],[-123.07872259405073,49.27309343116103]],"type":"LineString"},"properties":{"effluent_type":"Sanitary","material":"Steel","geo_point_2d":{"lon":-123.07872546744093,"lat":49.27301150101059}}},{"type":"Feature","geometry":{"coordinates":[[-123.14529883496031,49.270857290245495],[-123.14527205717823,49.27156443627843],[-123.14526291841742,49.27168246473189],[-123.14524113039873,49.2717997894674],[-123.14521109177142,49.27191631499804],[-123.14518792058644,49.27198398798157]],"type":"LineString"},"properties":{"effluent_type":"Sanitary","material":"FRP","geo_point_2d":{"lon":-123.14526838574642,"lat":49.2714244350509}}},{"type":"Feature","geometry":{"coordinates":[[-123.08427182327476,49.20873399443932],[-123.08675369217914,49.20852479759588]],"type":"LineString"},"properties":{"effluent_type":"Combined","material":"RC","geo_point_2d":{"lon":-123.08551275772695,"lat":49.2086293960176}}},{"type":"Feature","geometry":{"coordinates":[[-123.07868342637782,49.27496790223484],[-123.0786825717353,49.27500104108627],[-123.07864067052967,49.27502827105718]],"type":"LineString"},"properties":{"effluent_type":"Sanitary","material":"Steel","geo_point_2d":{"lon":-123.07867014689084,"lat":49.27500261818653}}},{"type":"Feature","geometry":{"coordinates":[[-123.11086142826802,49.26610095083373],[-123.11084457007911,49.26650306153081]],"type":"LineString"},"properties":{"effluent_type":"Sanitary","material":"Ductile Iron","geo_point_2d":{"lon":-123.11085299917357,"lat":49.26630200618227}}},{"type":"Feature","geometry":{"coordinates":[[-123.14290710564333,49.292176960265984],[-123.14256197827599,49.29240354294468]],"type":"LineString"},"properties":{"effluent_type":"Sanitary","material":"Polyvinyl Chloride","geo_point_2d":{"lon":-123.14273454195967,"lat":49.29229025160534}}},{"type":"Feature","geometry":{"coordinates":[[-123.081400908742,49.263471463264445],[-123.08129916466251,49.263542695968844]],"type":"LineString"},"properties":{"effluent_type":"Sanitary","material":"Steel","geo_point_2d":{"lon":-123.08135003670225,"lat":49.263507079616645}}},{"type":"Feature","geometry":{"coordinates":[[-123.14602291735962,49.262722015340955],[-123.147284273779,49.26274754386813]],"type":"LineString"},"properties":{"effluent_type":"Combined","material":"blank","geo_point_2d":{"lon":-123.14665359556932,"lat":49.26273477960454}}},{"type":"Feature","geometry":{"coordinates":[[-123.08712907291851,49.28289884856007],[-123.08703708376315,49.282897838464116]],"type":"LineString"},"properties":{"effluent_type":"Sanitary","material":"blank","geo_point_2d":{"lon":-123.08708307834083,"lat":49.282898343512095}}},{"type":"Feature","geometry":{"coordinates":[[-123.22013976408674,49.27663396880988],[-123.21979470179495,49.27660727131628]],"type":"LineString"},"properties":{"effluent_type":"Combined","material":"RC","geo_point_2d":{"lon":-123.21996723294085,"lat":49.276620620063085}}},{"type":"Feature","geometry":{"coordinates":[[-123.09247781309318,49.25104417211756],[-123.09245784663528,49.25104385527455],[-123.09242651741971,49.25104415919419],[-123.09239519087285,49.251045893343985],[-123.0923642795779,49.251049246293796],[-123.09233378319634,49.25105403813978],[-123.09230397671567,49.25106035861476],[-123.09227499737695,49.251068117657425],[-123.09224699633039,49.25107731514771],[-123.09221994577351,49.251087780199235],[-123.09219440922503,49.25109958432476],[-123.0921701115432,49.25111255683554],[-123.09214746496131,49.2511266974035],[-123.09212646931185,49.25114191607756],[-123.09210726200635,49.251158212749004],[-123.09210014343815,49.25116525268985]],"type":"LineString"},"properties":{"effluent_type":"Combined","material":"blank","geo_point_2d":{"lon":-123.092280414923,"lat":49.25108004098731}}},{"type":"Feature","geometry":{"coordinates":[[-123.04941844929021,49.239890862825696],[-123.04884406975968,49.24055348064972],[-123.04817707869623,49.24124503590149]],"type":"LineString"},"properties":{"effluent_type":"Storm","material":"Concrete","geo_point_2d":{"lon":-123.048806751205,"lat":49.2405761679028}}},{"type":"Feature","geometry":{"coordinates":[[-123.05429647093844,49.247499038171185],[-123.05522316808523,49.247886913981844]],"type":"LineString"},"properties":{"effluent_type":"Sanitary","material":"Polyvinyl Chloride","geo_point_2d":{"lon":-123.05475981951184,"lat":49.247692976076515}}},{"type":"Feature","geometry":{"coordinates":[[-123.10379879325471,49.22577502525945],[-123.10380538964603,49.22566548398817]],"type":"LineString"},"properties":{"effluent_type":"Combined","material":"Concrete","geo_point_2d":{"lon":-123.10380209145038,"lat":49.22572025462381}}},{"type":"Feature","geometry":{"coordinates":[[-123.08722411481158,49.28439677014985],[-123.08705927947373,49.284336806702036]],"type":"LineString"},"properties":{"effluent_type":"Combined","material":"Concrete","geo_point_2d":{"lon":-123.08714169714266,"lat":49.28436678842595}}},{"type":"Feature","geometry":{"coordinates":[[-123.08573147155761,49.283740609907355],[-123.08538024247964,49.28363283792125],[-123.08487165038824,49.283480483533495],[-123.08465029938216,49.283415520839256]],"type":"LineString"},"properties":{"effluent_type":"Combined","material":"Concrete","geo_point_2d":{"lon":-123.08519127100213,"lat":49.28357678299209}}},{"type":"Feature","geometry":{"coordinates":[[-123.08086861770539,49.265865739515135],[-123.08083227505122,49.2658992630761]],"type":"LineString"},"properties":{"effluent_type":"Sanitary","material":"Steel","geo_point_2d":{"lon":-123.0808504463783,"lat":49.26588250129562}}},{"type":"Feature","geometry":{"coordinates":[[-123.10176416991132,49.27296923817127],[-123.10174929222539,49.272961002683104]],"type":"LineString"},"properties":{"effluent_type":"Sanitary","material":"blank","geo_point_2d":{"lon":-123.10175673106833,"lat":49.27296512042719}}},{"type":"Feature","geometry":{"coordinates":[[-123.10383032800516,49.22556584800735],[-123.1038550925989,49.22483288247843]],"type":"LineString"},"properties":{"effluent_type":"Combined","material":"Concrete","geo_point_2d":{"lon":-123.10384271030203,"lat":49.22519936524289}}},{"type":"Feature","geometry":{"coordinates":[[-123.10215001358254,49.27573896615792],[-123.10208504995784,49.27576349947381]],"type":"LineString"},"properties":{"effluent_type":"Sanitary","material":"blank","geo_point_2d":{"lon":-123.1021175317702,"lat":49.275751232815864}}},{"type":"Feature","geometry":{"coordinates":[[-123.1626856905073,49.217524767037105],[-123.15989419449345,49.21576100188185]],"type":"LineString"},"properties":{"effluent_type":"Combined","material":"Concrete","geo_point_2d":{"lon":-123.16128994250037,"lat":49.216642884459475}}},{"type":"Feature","geometry":{"coordinates":[[-123.17396717242322,49.26438913490924],[-123.17396705052427,49.26440137757166],[-123.17396525619269,49.264450071337045]],"type":"LineString"},"properties":{"effluent_type":"Combined","material":"BR\/CON","geo_point_2d":{"lon":-123.17396634575552,"lat":49.26441960619888}}},{"type":"Feature","geometry":{"coordinates":[[-123.14242009018122,49.29254598539422],[-123.14241859536958,49.29254745344799]],"type":"LineString"},"properties":{"effluent_type":"Sanitary","material":"Polyvinyl Chloride","geo_point_2d":{"lon":-123.1424193427754,"lat":49.292546719421104}}},{"type":"Feature","geometry":{"coordinates":[[-123.03379029864632,49.25640952598552],[-123.03445970289704,49.256411289226214],[-123.03446533743293,49.256411377497685],[-123.03447097221941,49.2564118255774],[-123.03447646976777,49.25641254355426],[-123.03448196750426,49.256413531387274],[-123.03448732794013,49.25641469916528],[-123.0344924137746,49.25641622683365],[-123.03449736230856,49.2564179344471],[-123.03450217360476,49.25641991195775],[-123.03450671023705,49.256422159406696],[-123.03451097214274,49.256424586841845],[-123.0345149593219,49.256427194263196],[-123.03451867177442,49.2564299816708],[-123.03452197207416,49.256432949105736],[-123.03452499764727,49.25643609652698],[-123.03452761100475,49.25643933402346],[-123.03452981220924,49.25644275154739],[-123.034531601198,49.256446259146614],[-123.03453311539721,49.2564498567801],[-123.03453407989146,49.256453454577894],[-123.03453476959598,49.25645714240994],[-123.03453490959535,49.2564608304063],[-123.03453282468993,49.2567817083347],[-123.03453296469009,49.25678539633085],[-123.03453365439917,49.2567890841627],[-123.03453461890005,49.25679268196023],[-123.03453599568284,49.256796279634536],[-123.0345379221121,49.256799787192385],[-123.03454012333336,49.25680320471587],[-123.03454273671122,49.25680644221184],[-123.03454576230848,49.25680958963232],[-123.03454906263515,49.25681255706627],[-123.03455277511854,49.25681534447259],[-123.03455662490404,49.25681795193343],[-123.03456088684626,49.25682037936654],[-123.03456543726067,49.256822626808905],[-123.03457024859892,49.25682460431659],[-123.03457519717642,49.25682631192657],[-123.03458042048324,49.256827839549814],[-123.03458564353897,49.25682900736431],[-123.03459112758117,49.25682999519615],[-123.0345966251777,49.256830713167226],[-123.0346022600131,49.25683116124051],[-123.03460789465993,49.25683133945713],[-123.03637756457609,49.25683665170122],[-123.0365160728358,49.256811511359146]],"type":"LineString"},"properties":{"effluent_type":"Sanitary","material":"blank","geo_point_2d":{"lon":-123.03508003922114,"lat":49.25670641128738}}},{"type":"Feature","geometry":{"coordinates":[[-123.2022666283324,49.28330835069553],[-123.20227359908307,49.28276026207956]],"type":"LineString"},"properties":{"effluent_type":"Combined","material":"Concrete","geo_point_2d":{"lon":-123.20227011370773,"lat":49.28303430638755}}},{"type":"Feature","geometry":{"coordinates":[[-123.04256468678632,49.2379481002502],[-123.04372512337636,49.238137907281725]],"type":"LineString"},"properties":{"effluent_type":"Storm","material":"blank","geo_point_2d":{"lon":-123.04314490508133,"lat":49.238043003765966}}},{"type":"Feature","geometry":{"coordinates":[[-123.14093615524517,49.29310268030492],[-123.14028281278408,49.293213854903485],[-123.14024582174181,49.29322016043514],[-123.14009700452313,49.293225872972535],[-123.13849780092579,49.29349806929672]],"type":"LineString"},"properties":{"effluent_type":"Sanitary","material":"Polyvinyl Chloride","geo_point_2d":{"lon":-123.13971660327284,"lat":49.29329677095611}}},{"type":"Feature","geometry":{"coordinates":[[-123.10230921028544,49.28173854883366],[-123.10222816745002,49.28364643441373]],"type":"LineString"},"properties":{"effluent_type":"Sanitary","material":"Polyvinyl Chloride","geo_point_2d":{"lon":-123.10226868886772,"lat":49.28269249162369}}},{"type":"Feature","geometry":{"coordinates":[[-123.14294988892033,49.28662601648184],[-123.14297425946047,49.28803022243313],[-123.14309489162434,49.28827420201369],[-123.14319673617321,49.288398029283975]],"type":"LineString"},"properties":{"effluent_type":"Combined","material":"Fibreglass","geo_point_2d":{"lon":-123.14298885368437,"lat":49.2875382033204}}},{"type":"Feature","geometry":{"coordinates":[[-123.04881742520686,49.23768988344501],[-123.04811861834634,49.23839926273033]],"type":"LineString"},"properties":{"effluent_type":"Sanitary","material":"blank","geo_point_2d":{"lon":-123.0484680217766,"lat":49.23804457308767}}},{"type":"Feature","geometry":{"coordinates":[[-123.07402654954565,49.218199312324494],[-123.07402891322546,49.21799822141401]],"type":"LineString"},"properties":{"effluent_type":"Combined","material":"blank","geo_point_2d":{"lon":-123.07402773138554,"lat":49.21809876686925}}},{"type":"Feature","geometry":{"coordinates":[[-123.05636691770422,49.24831883421619],[-123.05582777206689,49.248086578343376]],"type":"LineString"},"properties":{"effluent_type":"Sanitary","material":"Polyvinyl Chloride","geo_point_2d":{"lon":-123.05609734488556,"lat":49.248202706279784}}},{"type":"Feature","geometry":{"coordinates":[[-123.08724791307013,49.28292169658744],[-123.08712907291851,49.28289884856007]],"type":"LineString"},"properties":{"effluent_type":"Combined","material":"blank","geo_point_2d":{"lon":-123.08718849299433,"lat":49.28291027257376}}},{"type":"Feature","geometry":{"coordinates":[[-123.1174339030195,49.265846594874766],[-123.11848885392753,49.26586522632435]],"type":"LineString"},"properties":{"effluent_type":"Combined","material":"BR\/CON","geo_point_2d":{"lon":-123.11796137847351,"lat":49.265855910599555}}},{"type":"Feature","geometry":{"coordinates":[[-123.12193381967829,49.26032340981671],[-123.12193398947039,49.26033654264681],[-123.12193251002064,49.26034967721738],[-123.1219293808846,49.26036263362463],[-123.12192487715635,49.2603755015302],[-123.12191886073313,49.260388011223334],[-123.12191133183553,49.2604002526557],[-123.1219022897979,49.260411955971314],[-123.12189200995873,49.26042330977882],[-123.12188035417144,49.26043402637686],[-123.12186745989484,49.260444114615204],[-123.12185346456583,49.26045357434851],[-123.12183836774138,49.260462225672626],[-123.12182230708021,49.260470158394085],[-123.121805419577,49.26047719246381],[-123.12178756801647,49.260483417978236],[-123.12176916426814,49.260488654598575],[-123.12175020833294,49.2604929023246],[-123.12173070043309,49.26049625110788],[-123.12171091522282,49.26049861070675],[-123.12169098991936,49.26049989102435],[-123.12167093870998,49.26050027194999],[-123.12165087088229,49.26049948351212]],"type":"LineString"},"properties":{"effluent_type":"Combined","material":"blank","geo_point_2d":{"lon":-123.1218199790836,"lat":49.26044719456419}}},{"type":"Feature","geometry":{"coordinates":[[-123.14174743334819,49.28222803852215],[-123.14158377577154,49.28201891235893],[-123.1414892444579,49.28165301430491],[-123.14045211382569,49.281001049612605],[-123.13983456233906,49.28053126068492],[-123.13966558057771,49.28042811941784]],"type":"LineString"},"properties":{"effluent_type":"Combined","material":"Fibreglass","geo_point_2d":{"lon":-123.14079996609827,"lat":49.2812569767891}}},{"type":"Feature","geometry":{"coordinates":[[-123.07939687139911,49.264160100402485],[-123.07939325572035,49.264365211527526]],"type":"LineString"},"properties":{"effluent_type":"Combined","material":"Concrete","geo_point_2d":{"lon":-123.07939506355974,"lat":49.264262655965}}},{"type":"Feature","geometry":{"coordinates":[[-123.11504318980111,49.26414855559267],[-123.11517401739573,49.26415063807528]],"type":"LineString"},"properties":{"effluent_type":"Combined","material":"blank","geo_point_2d":{"lon":-123.11510860359842,"lat":49.264149596833974}}},{"type":"Feature","geometry":{"coordinates":[[-123.0439574611369,49.25716898026683],[-123.04349955623525,49.25726989997291],[-123.04211059882527,49.25726065475822],[-123.0420506542535,49.25726273649511],[-123.04198583491602,49.25726947949334],[-123.04192243480054,49.25728062059986],[-123.04186116842106,49.25729604262032],[-123.04180269526935,49.25731556541521],[-123.0417476748253,49.25733899085571],[-123.0416966840469,49.25736603988688],[-123.041650286161,49.25739644245453],[-123.04160901684483,49.257429847557894],[-123.04157328807875,49.257465886250436],[-123.04157103666667,49.25746877452411],[-123.04117523117087,49.25796941892092]],"type":"LineString"},"properties":{"effluent_type":"Storm","material":"blank","geo_point_2d":{"lon":-123.04246101547223,"lat":49.25736414511621}}},{"type":"Feature","geometry":{"coordinates":[[-123.02536467027093,49.277270289591605],[-123.02572438826384,49.27741105663382]],"type":"LineString"},"properties":{"effluent_type":"Combined","material":"blank","geo_point_2d":{"lon":-123.02554452926739,"lat":49.27734067311271}}},{"type":"Feature","geometry":{"coordinates":[[-123.14930705582864,49.20751683935504],[-123.14908174882373,49.207407504702076]],"type":"LineString"},"properties":{"effluent_type":"Combined","material":"Concrete","geo_point_2d":{"lon":-123.14919440232619,"lat":49.207462172028556}}},{"type":"Feature","geometry":{"coordinates":[[-123.04196553327519,49.23787580878784],[-123.04212420399676,49.237879169233096],[-123.04212750114353,49.237879347935674],[-123.04213079829033,49.23787952663818],[-123.04213423281192,49.237879705290496],[-123.04213753003529,49.2378799739452],[-123.04214082718217,49.23788015264741],[-123.04214426178036,49.23788042125185],[-123.04214755900385,49.23788068990627],[-123.04215085630389,49.23788104851301],[-123.04215415352746,49.237881317167265],[-123.0421574508276,49.237881675773835],[-123.0421607481278,49.237882034380306],[-123.04216404550462,49.23788248293909],[-123.04216734280494,49.23788284154539],[-123.04217064018185,49.237883290103994],[-123.04217393755887,49.237883738662504],[-123.0421772349359,49.237884187220914],[-123.04218053231303,49.237884635779245],[-123.0421838297668,49.2378851742899],[-123.04218698984589,49.23788571285063],[-123.04256468678632,49.2379481002502]],"type":"LineString"},"properties":{"effluent_type":"Storm","material":"blank","geo_point_2d":{"lon":-123.0422659720377,"lat":49.237902895440676}}},{"type":"Feature","geometry":{"coordinates":[[-123.04243119561978,49.23800768887855],[-123.04290130982879,49.23818532424201]],"type":"LineString"},"properties":{"effluent_type":"Sanitary","material":"blank","geo_point_2d":{"lon":-123.04266625272429,"lat":49.23809650656028}}},{"type":"Feature","geometry":{"coordinates":[[-123.04290130982879,49.23818532424201],[-123.04380414881001,49.23854975155981]],"type":"LineString"},"properties":{"effluent_type":"Sanitary","material":"blank","geo_point_2d":{"lon":-123.0433527293194,"lat":49.23836753790091}}},{"type":"Feature","geometry":{"coordinates":[[-123.17885374561587,49.228226163576714],[-123.17885408385206,49.228281816760294]],"type":"LineString"},"properties":{"effluent_type":"Combined","material":"blank","geo_point_2d":{"lon":-123.17885391473396,"lat":49.228253990168504}}},{"type":"Feature","geometry":{"coordinates":[[-123.13251829364921,49.204694977935674],[-123.13251883773111,49.204693088298555],[-123.13251964868574,49.20468831985946],[-123.13252004779294,49.20468355189285],[-123.13252930804947,49.20440378744896]],"type":"LineString"},"properties":{"effluent_type":"Combined","material":"Concrete","geo_point_2d":{"lon":-123.13252446724047,"lat":49.204549458787476}}},{"type":"Feature","geometry":{"coordinates":[[-123.13251829364921,49.204694977935674],[-123.1325174774061,49.20469776741495],[-123.13251556795088,49.204702447161345],[-123.1325131088846,49.20470694763225],[-123.13251023773,49.20471135862283],[-123.13250681696411,49.20471559033793],[-123.13250284658677,49.20471964277737],[-123.13249846388054,49.204723515783726],[-123.1324938058875,49.20472711924667],[-123.1324885982829,49.20473054343391],[-123.13248311515119,49.204733608124926],[-123.13247721969047,49.20473649338264],[-123.13247104870274,49.204739019144064],[-123.13246460242834,49.204741275361904],[-123.13245788086739,49.204743262036075],[-123.13245088377968,49.20474488921384],[-123.1324438857305,49.2047461565803],[-123.13243674943747,49.204747064292874],[-123.13242976314613,49.204747594030486]],"type":"LineString"},"properties":{"effluent_type":"Combined","material":"Concrete","geo_point_2d":{"lon":-123.1324797662812,"lat":49.20472975319636}}},{"type":"Feature","geometry":{"coordinates":[[-123.10021601768099,49.263646816308075],[-123.10176492944464,49.26367434605947]],"type":"LineString"},"properties":{"effluent_type":"Combined","material":"blank","geo_point_2d":{"lon":-123.10099047356282,"lat":49.263660581183764}}},{"type":"Feature","geometry":{"coordinates":[[-123.11521588553286,49.26415130695377],[-123.11715437007753,49.26418208222089],[-123.11715875488683,49.26418217672203],[-123.11716312605785,49.26418231621286],[-123.11716751110144,49.264182509660706],[-123.11717188252811,49.26418275709343],[-123.11717624031658,49.26418304951582],[-123.11718059821162,49.26418338691397],[-123.11718494251103,49.2641837872922],[-123.117189273151,49.264184223664934],[-123.11719044177427,49.264184357407714]],"type":"LineString"},"properties":{"effluent_type":"Combined","material":"blank","geo_point_2d":{"lon":-123.11620320362356,"lat":49.264166991944656}}},{"type":"Feature","geometry":{"coordinates":[[-123.11491409161513,49.26406847381429],[-123.11494831354656,49.26410881925098],[-123.11494856172479,49.26410915182668],[-123.11494943023371,49.26411026636812],[-123.11495032619034,49.264111362891825],[-123.11495124961559,49.264112450392986],[-123.11495220048855,49.26411351987642],[-123.114953178851,49.2641145893325],[-123.11495418466117,49.26411564077086],[-123.11495521793995,49.26411668318667],[-123.11495627868736,49.26411771657995],[-123.11495738062722,49.264118731941814],[-123.11495849629091,49.2641197382948],[-123.11495963942328,49.26412073562524],[-123.11496081000332,49.264121714937936],[-123.11496200803113,49.26412267623293],[-123.11496323352752,49.26412362850534],[-123.11496447274781,49.264124571768896],[-123.11496575316055,49.26412549700105],[-123.1149670472763,49.26412640422914],[-123.11496836883974,49.26412729343947],[-123.11496970412708,49.264128173640934],[-123.11497108060686,49.264129035811],[-123.11497247081056,49.26412988897215],[-123.11497387469632,49.26413071513409],[-123.11497531979543,49.26413153225977],[-123.11497676485283,49.264132331395075],[-123.11497825110264,49.264133112498975],[-123.11497975105546,49.26413387559877],[-123.11498126473215,49.264134629689714],[-123.11498280583567,49.26413535676771],[-123.11498436064217,49.26413606584165],[-123.11498594291729,49.264136765893014],[-123.11498752512973,49.2641374389588],[-123.11498914855555,49.26413810298837],[-123.1149907719187,49.264138740032344],[-123.11499242272956,49.264139359058554],[-123.11499408724337,49.26413996008071],[-123.11499576546021,49.26414054309878],[-123.11499745737999,49.264141108112774],[-123.11499916300274,49.2641416551227],[-123.11500088232846,49.26414218412856],[-123.11500261533625,49.264142686135166],[-123.11500437579174,49.26414317012398],[-123.11500613620545,49.26414363612243],[-123.11500791032213,49.264144084116786],[-123.11500969812087,49.26414450511188],[-123.11501148587782,49.26414490811658],[-123.11501330108246,49.2641452931035],[-123.11501511624532,49.26414566010007],[-123.11501694509023,49.264146000097334],[-123.11501877389335,49.26414632210419],[-123.11502061637852,49.26414661711181],[-123.11502247258754,49.264146903110515],[-123.11502432871293,49.26414715312848],[-123.11502619856218,49.26414739413754],[-123.11502806834874,49.264147608160975],[-123.11502995183822,49.264147804180375],[-123.11503182152025,49.26414797322785],[-123.11503371864997,49.26414812425754],[-123.11503560199311,49.26414825731054],[-123.11503749901831,49.264148363364264],[-123.11503939600165,49.26414845142759],[-123.1150412929223,49.264148512505336],[-123.11504318980111,49.26414855559267]],"type":"LineString"},"properties":{"effluent_type":"Combined","material":"blank","geo_point_2d":{"lon":-123.11497221440422,"lat":49.264119941733945}}},{"type":"Feature","geometry":{"coordinates":[[-123.07892658064937,49.26937395059508],[-123.07891748331019,49.26951350827706]],"type":"LineString"},"properties":{"effluent_type":"Sanitary","material":"Steel","geo_point_2d":{"lon":-123.07892203197979,"lat":49.26944372943607}}},{"type":"Feature","geometry":{"coordinates":[[-123.13457262588618,49.20430175695374],[-123.13575302207279,49.20431904090445],[-123.13615564120438,49.204453658418146],[-123.13628413442109,49.20440763084967]],"type":"LineString"},"properties":{"effluent_type":"Combined","material":"Concrete","geo_point_2d":{"lon":-123.13543861107301,"lat":49.204338337057706}}},{"type":"Feature","geometry":{"coordinates":[[-123.19177357835603,49.26869101968912],[-123.1901486374703,49.26866402109045]],"type":"LineString"},"properties":{"effluent_type":"Combined","material":"RC","geo_point_2d":{"lon":-123.19096110791318,"lat":49.26867752038979}}},{"type":"Feature","geometry":{"coordinates":[[-123.19338529656191,49.268717819673064],[-123.19177357835603,49.26869101968912]],"type":"LineString"},"properties":{"effluent_type":"Combined","material":"RC","geo_point_2d":{"lon":-123.19257943745897,"lat":49.26870441968109}}},{"type":"Feature","geometry":{"coordinates":[[-123.19753347089846,49.23449177682615],[-123.19766136530598,49.23452798885802],[-123.19809905341234,49.23457266518349]],"type":"LineString"},"properties":{"effluent_type":"Storm","material":"blank","geo_point_2d":{"lon":-123.19781459540516,"lat":49.234540943058505}}},{"type":"Feature","geometry":{"coordinates":[[-123.07881276812073,49.26673713096556],[-123.07849974258272,49.26680676001757]],"type":"LineString"},"properties":{"effluent_type":"Sanitary","material":"blank","geo_point_2d":{"lon":-123.07865625535172,"lat":49.26677194549157}}},{"type":"Feature","geometry":{"coordinates":[[-123.15940348052385,49.2499399503881],[-123.16072969702981,49.25177888758797]],"type":"LineString"},"properties":{"effluent_type":"Combined","material":"BR\/CON","geo_point_2d":{"lon":-123.16006658877683,"lat":49.25085941898803}}},{"type":"Feature","geometry":{"coordinates":[[-123.08583526651867,49.25184435903761],[-123.08586184306006,49.25184479804601]],"type":"LineString"},"properties":{"effluent_type":"Combined","material":"blank","geo_point_2d":{"lon":-123.08584855478937,"lat":49.251844578541814}}},{"type":"Feature","geometry":{"coordinates":[[-123.08586184306006,49.25184479804601],[-123.08751236563083,49.25187220041789]],"type":"LineString"},"properties":{"effluent_type":"Combined","material":"blank","geo_point_2d":{"lon":-123.08668710434544,"lat":49.25185849923195}}},{"type":"Feature","geometry":{"coordinates":[[-123.04759402638429,49.24310964853125],[-123.04757824274776,49.24312644014332],[-123.04756852668042,49.24313799402758],[-123.04756170822796,49.24314819743273],[-123.0475575526819,49.243155854089416],[-123.04755220709838,49.24316898033938],[-123.04754845832139,49.2431853262264],[-123.0475478188697,49.243191866026244],[-123.0475482735609,49.2432075355404],[-123.04754975202368,49.243216278301375],[-123.04755177903465,49.24322396839389],[-123.04755603517806,49.24323521968228],[-123.04755973810214,49.24324265721815],[-123.04756868174131,49.24325651519468],[-123.0475733173805,49.243262351194026],[-123.04758295830922,49.243272664759296],[-123.04758968256903,49.243278805735734],[-123.04759837231629,49.24328579145417],[-123.04760838103351,49.243292803614146],[-123.04761957106338,49.24329956341972],[-123.0476413301436,49.24331024078908],[-123.04968719779929,49.24418203376443],[-123.04971136344965,49.24419407698297],[-123.0497293049616,49.24420584402352],[-123.04974114411324,49.24421547282299],[-123.04974932690752,49.24422338510597],[-123.04975943712898,49.244235209485254],[-123.04976294552431,49.24424007439598],[-123.04977197436658,49.24425589312404],[-123.04977663028272,49.24426788176565],[-123.04977920973008,49.24427803627395],[-123.0497801450127,49.24430637985466],[-123.04972973423511,49.24463331536003]],"type":"LineString"},"properties":{"effluent_type":"Sanitary","material":"blank","geo_point_2d":{"lon":-123.04875194828959,"lat":49.2438082113388}}},{"type":"Feature","geometry":{"coordinates":[[-123.21691071594816,49.27638405440718],[-123.21588681763689,49.276304754365306]],"type":"LineString"},"properties":{"effluent_type":"Combined","material":"RC","geo_point_2d":{"lon":-123.21639876679251,"lat":49.27634440438624}}},{"type":"Feature","geometry":{"coordinates":[[-123.14391151508181,49.28981630897594],[-123.14431036163774,49.28955244207638]],"type":"LineString"},"properties":{"effluent_type":"Combined","material":"Concrete","geo_point_2d":{"lon":-123.14411093835977,"lat":49.28968437552616}}},{"type":"Feature","geometry":{"coordinates":[[-123.06997544238371,49.26001550506208],[-123.07151815081676,49.26002539965644]],"type":"LineString"},"properties":{"effluent_type":"Combined","material":"blank","geo_point_2d":{"lon":-123.07074679660023,"lat":49.26002045235926}}},{"type":"Feature","geometry":{"coordinates":[[-123.06869305461383,49.25955164500274],[-123.06869401927935,49.25955353342353],[-123.06869498406984,49.25955551179631],[-123.0686959487355,49.259557400217055],[-123.06869691340124,49.2595592886378],[-123.06869787806707,49.25956117705852],[-123.06869898016784,49.25956306539752],[-123.06869994483381,49.259564953818256],[-123.0687010469347,49.25956684215722],[-123.06870228634573,49.259568640462454],[-123.06870338844683,49.25957052880139],[-123.06870462798288,49.259572417058635],[-123.06870572995925,49.25957421544552],[-123.06870696949551,49.25957610370273],[-123.06870834634182,49.25957790192613],[-123.06870958575338,49.25957970023128],[-123.06871096259995,49.259581498454665],[-123.06871220201168,49.259583296759764],[-123.06871357885841,49.259585094983116],[-123.06871509314018,49.259586893124705],[-123.06902704542101,49.25996296784038],[-123.06903062452722,49.25996710349881],[-123.0690346158165,49.25997114895874],[-123.06903888172751,49.25997501435021],[-123.06904355969624,49.25997869959108],[-123.06904837485067,49.259982204845585],[-123.06905360218839,49.25998561990141],[-123.06905910402236,49.25998876493664],[-123.06906474304202,49.25999172998538],[-123.0690706566834,49.25999451496547],[-123.06907684494648,49.259997119876864],[-123.06908317026958,49.25999945484966],[-123.06908963277823,49.26000160983588],[-123.06909636978288,49.260003494801246],[-123.0691032439729,49.26000519977999],[-123.06911011778662,49.26000663490223],[-123.06911726609604,49.26000780000354],[-123.0691244140289,49.26000869524832],[-123.06913156171076,49.2600094105886],[-123.06913884645193,49.26000985599014],[-123.06914613081622,49.26001003153511],[-123.06914832979372,49.26001003021907],[-123.06963941954139,49.26001193909112]],"type":"LineString"},"properties":{"effluent_type":"Combined","material":"blank","geo_point_2d":{"lon":-123.06911193900626,"lat":49.25989339185789}}},{"type":"Feature","geometry":{"coordinates":[[-123.08363290209236,49.25577534743819],[-123.08361855478314,49.256059966493446],[-123.08361639032208,49.25608029725016],[-123.08361188932709,49.256100449793365],[-123.08360505164343,49.256120334170724],[-123.08359615196713,49.25613986023091],[-123.08358491529329,49.256158938220246],[-123.08357161601471,49.256177298083045],[-123.08355625428158,49.2561950297707],[-123.0835388299404,49.256212043330294],[-123.0835196173856,49.25622806870607],[-123.0834986166166,49.256243105897134],[-123.08347596490694,49.256257064851205],[-123.08345179968236,49.25626994546799],[-123.08342625806577,49.25628156774326],[-123.08339949122642,49.25629193156697],[-123.08337147168045,49.25630103695812],[-123.0833426251463,49.256308703704335],[-123.08331295162607,49.25631493180507],[-123.08328272582233,49.25631963110946],[-123.08325194804023,49.2563229815212],[-123.08322089268019,49.25632471298572],[-123.08318983489919,49.25632500520899],[-123.0828734581883,49.256320015351676]],"type":"LineString"},"properties":{"effluent_type":"Combined","material":"blank","geo_point_2d":{"lon":-123.08337427802688,"lat":49.25618391562279}}},{"type":"Feature","geometry":{"coordinates":[[-123.16624740352054,49.22112417593314],[-123.1659226734014,49.22077860355458],[-123.16497859907204,49.21916460181837],[-123.1641134608538,49.21889398786658]],"type":"LineString"},"properties":{"effluent_type":"Combined","material":"Concrete","geo_point_2d":{"lon":-123.16529091800594,"lat":49.219851757406744}}},{"type":"Feature","geometry":{"coordinates":[[-123.0909006288267,49.28556437927247],[-123.08983883945074,49.28513308161893],[-123.08902338050811,49.28487717942412]],"type":"LineString"},"properties":{"effluent_type":"Combined","material":"Concrete","geo_point_2d":{"lon":-123.08996877035837,"lat":49.285201950583755}}},{"type":"Feature","geometry":{"coordinates":[[-123.10402509325219,49.22212561240184],[-123.10402438526258,49.22211544838337],[-123.10402244129585,49.22210528547795],[-123.10401953639196,49.22209530334315],[-123.1040155330319,49.22208541215013],[-123.10401043159386,49.22207579180377],[-123.10400436940911,49.22206644218032],[-123.10399734647811,49.22205736327961],[-123.10398922565936,49.222048645177665],[-123.1039802816145,49.222040287626974],[-123.10397037720188,49.22203238070351],[-123.10395964994096,49.22202501423603],[-123.10394823697365,49.22201809814809],[-123.10393600115808,49.22201172251568],[-123.10392308001326,49.222005977167456],[-123.10390961088834,49.22200087097495],[-123.10389573109467,49.22199639481924],[-123.10388130328244,49.221992539828356],[-123.10386646480057,49.22198931487392],[-123.1038513533561,49.22198689973735],[-123.10383596857136,49.221985114513465],[-123.10382058529522,49.22198404890787]],"type":"LineString"},"properties":{"effluent_type":"Combined","material":"Concrete","geo_point_2d":{"lon":-123.10394202418834,"lat":49.2220315159684}}},{"type":"Feature","geometry":{"coordinates":[[-123.16833889764234,49.2196108669077],[-123.16833210064091,49.219012600827135]],"type":"LineString"},"properties":{"effluent_type":"Combined","material":"RC","geo_point_2d":{"lon":-123.16833549914162,"lat":49.219311733867414}}},{"type":"Feature","geometry":{"coordinates":[[-123.19131503246906,49.22832429691352],[-123.19283897262542,49.22739030309702]],"type":"LineString"},"properties":{"effluent_type":"Combined","material":"Concrete","geo_point_2d":{"lon":-123.19207700254725,"lat":49.227857300005276}}},{"type":"Feature","geometry":{"coordinates":[[-123.1024148117074,49.27944979384095],[-123.10240804982952,49.27951083213692]],"type":"LineString"},"properties":{"effluent_type":"Sanitary","material":"Polyvinyl Chloride","geo_point_2d":{"lon":-123.10241143076846,"lat":49.27948031298894}}},{"type":"Feature","geometry":{"coordinates":[[-123.03887326889458,49.237666464943146],[-123.03909148461499,49.23773205659436],[-123.03910124067826,49.237735201628276],[-123.03911099660073,49.23773816675651],[-123.03912075245334,49.23774104193147],[-123.03913078291369,49.237743737107735],[-123.03914081330403,49.23774634233069],[-123.03915084355326,49.23774876764793],[-123.0391610110356,49.23775101301288],[-123.03917131582212,49.23775316837795],[-123.0391816205384,49.237755233789684],[-123.03919206241642,49.23775702929662],[-123.03920250422398,49.237758734850196],[-123.03921294596107,49.2377603504504],[-123.03922352493079,49.23776178609818],[-123.03923410375863,49.237763041840154],[-123.03924468244446,49.23776411767631],[-123.0392553984339,49.237765103512416],[-123.03926611428112,49.23776590944267],[-123.03927683005739,49.2377666254195],[-123.03928754569127,49.2377671614905],[-123.04007611539535,49.237799912165855],[-123.04041985347737,49.23781607380259]],"type":"LineString"},"properties":{"effluent_type":"Storm","material":"blank","geo_point_2d":{"lon":-123.0396414153414,"lat":49.23777286144802}}},{"type":"Feature","geometry":{"coordinates":[[-123.04487565614038,49.23845544795297],[-123.045673835321,49.23877769557133],[-123.04568084429724,49.23878066123026],[-123.04568757868576,49.23878380690223],[-123.04569417578088,49.2387870425805],[-123.0457006357486,49.23879054816995],[-123.04570668366844,49.23879414387448],[-123.04571273175517,49.238797919483474],[-123.04571836787701,49.23880187516009],[-123.04572386670549,49.23880592084315],[-123.04572909094632,49.23881014653952],[-123.04573404059953,49.2388145522492],[-123.0457387154989,49.23881895806745],[-123.045743253271,49.2388236337971],[-123.04574737891186,49.23882830968975],[-123.04575122988182,49.23883307564347],[-123.04575480626393,49.23883802161067],[-123.04575797051453,49.23884296774099],[-123.04576099755454,49.23884809383043],[-123.04576361246289,49.23885322008304],[-123.0457659527,49.23885843639683],[-123.04576788088833,49.23886374282624]],"type":"LineString"},"properties":{"effluent_type":"Storm","material":"Concrete","geo_point_2d":{"lon":-123.04533461957587,"lat":49.2386427429154}}},{"type":"Feature","geometry":{"coordinates":[[-123.16772022341311,49.25761232891371],[-123.17009205308125,49.257648467425746]],"type":"LineString"},"properties":{"effluent_type":"Combined","material":"blank","geo_point_2d":{"lon":-123.16890613824717,"lat":49.257630398169724}}},{"type":"Feature","geometry":{"coordinates":[[-123.18752818143167,49.26532508278791],[-123.18766557264645,49.265327423349454]],"type":"LineString"},"properties":{"effluent_type":"Combined","material":"RC","geo_point_2d":{"lon":-123.18759687703907,"lat":49.26532625306868}}},{"type":"Feature","geometry":{"coordinates":[[-123.10240804982952,49.27951083213692],[-123.10240707892717,49.27953330295934]],"type":"LineString"},"properties":{"effluent_type":"Sanitary","material":"Polyvinyl Chloride","geo_point_2d":{"lon":-123.10240756437835,"lat":49.27952206754813}}},{"type":"Feature","geometry":{"coordinates":[[-123.10392104022444,49.22272292004528],[-123.10392093607516,49.22271909714929],[-123.10392094177303,49.2227152651592],[-123.10392104362253,49.22271144207788],[-123.10392124160477,49.22270761891007],[-123.10392154945296,49.222703795643426],[-123.1039219534527,49.22269998128553],[-123.10392246731833,49.222696166828804],[-123.10392307733545,49.222692361280835],[-123.10392378350409,49.22268856464163],[-123.10392459955737,49.22268477689883],[-123.10392551176214,49.222680998064774],[-123.10392652011828,49.22267722813951],[-123.10392763835905,49.22267346711061],[-123.10392885277008,49.22266972398574],[-123.1039301633513,49.222665998764846],[-123.10393158381707,49.22266228244034],[-123.10393308671979,49.222658584032196],[-123.10393469954474,49.22265491251091],[-123.10393640852094,49.222651249898384],[-123.10393821368615,49.222647614185085],[-123.1039401150214,49.22264399637576],[-123.10394211252677,49.2226403964704],[-123.10394420622103,49.22263682346427],[-123.10394639610419,49.22263327735737],[-123.10394868215737,49.22262974915439],[-123.10395105068507,49.222626256858256],[-123.10395351540159,49.222622791461305],[-123.10395607630694,49.22261935296356],[-123.10395873340113,49.22261594136498],[-123.10396147295091,49.222612556677944],[-123.10396330863621,49.2226103781705],[-123.1039662408845,49.22260720020114],[-123.10396917284932,49.22260388730289],[-123.10397202235781,49.22260054749299],[-123.10397477565792,49.22259717178852],[-123.10397743274963,49.222593760189504],[-123.10398000740393,49.222590330674095],[-123.10398248584987,49.22258686526414],[-123.10398488183955,49.222583372942566],[-123.10398716790655,49.22257985373406],[-123.10398937151736,49.22257630761394],[-123.10399147893871,49.22257273459455],[-123.10399349018954,49.22256914367116],[-123.10399540526988,49.22256553484374],[-123.10399722414196,49.222561890121874],[-123.10399894686243,49.22255823649126],[-123.10400057341248,49.222554564956646],[-123.10400209003997,49.22255086653516],[-123.10400352424915,49.2225471591926],[-123.10400484855474,49.222543433958414],[-123.10400607668996,49.22253969082027],[-123.1040071949405,49.22253593878578],[-123.10400823075386,49.22253216883497],[-123.10400915668265,49.222528389987815],[-123.10400998646003,49.22252460223195],[-123.10401070635281,49.222520805579734],[-123.10401133009424,49.22251700001882],[-123.10401185768428,49.222513185549204],[-123.10401227540875,49.222509371178546],[-123.1040125969819,49.22250554789914],[-123.10401280868945,49.22250172471868],[-123.10401292426465,49.222497901624784]],"type":"LineString"},"properties":{"effluent_type":"Combined","material":"Concrete","geo_point_2d":{"lon":-123.10396542779553,"lat":49.2226100200994}}},{"type":"Feature","geometry":{"coordinates":[[-123.11883395927045,49.26504814339068],[-123.12176323690217,49.265095691534924]],"type":"LineString"},"properties":{"effluent_type":"Combined","material":"blank","geo_point_2d":{"lon":-123.12029859808631,"lat":49.265071917462805}}},{"type":"Feature","geometry":{"coordinates":[[-123.07483460760828,49.25438714941685],[-123.07485219647573,49.254386508357484],[-123.07486978656716,49.25438667686436],[-123.07488724059897,49.25438774497868],[-123.0749045585722,49.25438971270049],[-123.07492160279493,49.254392400214776],[-123.07493837354023,49.25439598742587],[-123.07495459583176,49.25440038456006],[-123.07497026953395,49.25440550166548],[-123.07498539478357,49.25441142869448],[-123.07499969660375,49.25441807587355],[-123.07501331227907,49.25442535316169],[-123.0750259669686,49.25443326073761],[-123.0750377980929,49.25444179851236],[-123.07504853081078,49.25445096666473],[-123.07505830213348,49.25446049524943],[-123.07506683749216,49.25447056434949],[-123.0750742740342,49.25448099397169],[-123.07508047420184,49.25449169425343],[-123.07508543813086,49.254502755147016],[-123.07508916554767,49.254513996748386],[-123.07509151903055,49.254525419146994],[-123.07504674050412,49.25675082902401]],"type":"LineString"},"properties":{"effluent_type":"Combined","material":"Concrete","geo_point_2d":{"lon":-123.07505821760907,"lat":49.25548740969312}}},{"type":"Feature","geometry":{"coordinates":[[-123.0452805951236,49.2440995595888],[-123.04508545618938,49.2443549836274],[-123.0450810650276,49.244360922195575],[-123.0450768113394,49.244366950662275],[-123.04507283243565,49.24437297902161],[-123.0450691283983,49.244379097225945],[-123.0450656992275,49.24438530527524],[-123.04506240744861,49.24439151327085],[-123.04505925314359,49.244397811165086],[-123.04505651109811,49.24440419885078],[-123.04505390644476,49.244410586482836],[-123.0450515765765,49.24441697400764],[-123.04504952157524,49.24442345137759],[-123.04504760396632,49.244429928693904],[-123.04504596114282,49.24443640590305],[-123.04504459318653,49.24444297295733],[-123.04504336262288,49.24444953995799],[-123.0450425442378,49.24445610679795],[-123.04504186324553,49.24446267358435],[-123.04504131964609,49.24446924031715],[-123.0450411882256,49.24447580688926],[-123.0450393031446,49.24466911520082],[-123.04503903383886,49.24467514211241],[-123.04503876461492,49.24468125897633],[-123.04503808320997,49.244687376000904],[-123.0450374017231,49.244693403073164],[-123.04503630813689,49.2446995202584],[-123.04503521446861,49.24470554749133],[-123.04503370861084,49.24471156588965],[-123.04503220276085,49.244717593283205],[-123.04503028472935,49.24472362083737],[-123.04502836661558,49.24472955843921],[-123.04502617371386,49.24473549614811],[-123.04502370594227,49.24474134401173],[-123.04502110077632,49.24474719192885],[-123.04501822082214,49.24475303995296],[-123.0450152033917,49.24475879807824],[-123.04501204856672,49.24476455625696],[-123.04500861887155,49.24477022459035],[-123.04500505169996,49.244775803024844],[-123.04500120973982,49.24478138156626],[-123.04493656739403,49.244873877728246]],"type":"LineString"},"properties":{"effluent_type":"Storm","material":"RC","geo_point_2d":{"lon":-123.04508380246965,"lat":49.244476417653544}}},{"type":"Feature","geometry":{"coordinates":[[-123.04978962523882,49.2446344769352],[-123.04979386800798,49.24546529283997]],"type":"LineString"},"properties":{"effluent_type":"Storm","material":"blank","geo_point_2d":{"lon":-123.0497917466234,"lat":49.24504988488758}}},{"type":"Feature","geometry":{"coordinates":[[-123.04556295073291,49.24260759771063],[-123.0458211986294,49.24271139055818],[-123.04583824166886,49.24271884984382],[-123.0458544609674,49.24272693912042],[-123.04586985652521,49.24273565838842],[-123.04588429094593,49.24274499870742],[-123.04589776432954,49.242755068020585],[-123.04591027641759,49.24276558747603],[-123.04592168990489,49.242776647080994],[-123.04593200470762,49.242788156883464],[-123.04594122082534,49.24280011688375],[-123.04594906331371,49.2428123472867],[-123.04595580711569,49.24282502788798],[-123.04596117720324,49.242837888940116],[-123.04596531096385,49.2428509303886],[-123.04596820839657,49.242864152233565],[-123.04596959463976,49.24287746463211],[-123.04596988177462,49.242890777467984],[-123.04596865763428,49.24290409090516],[-123.04596619699485,49.24291740483428],[-123.04596249960498,49.24293044939826],[-123.0459572908531,49.242943404610976],[-123.04565360450155,49.24362670419263]],"type":"LineString"},"properties":{"effluent_type":"Storm","material":"blank","geo_point_2d":{"lon":-123.04580862665838,"lat":49.24304592886054}}},{"type":"Feature","geometry":{"coordinates":[[-123.06666970657585,49.25682486998252],[-123.06665110618874,49.257718204463124]],"type":"LineString"},"properties":{"effluent_type":"Combined","material":"blank","geo_point_2d":{"lon":-123.0666604063823,"lat":49.25727153722281}}},{"type":"Feature","geometry":{"coordinates":[[-123.07934313918636,49.26412338290926],[-123.07933484413716,49.26457343664253]],"type":"LineString"},"properties":{"effluent_type":"Sanitary","material":"blank","geo_point_2d":{"lon":-123.07933899166176,"lat":49.26434840977589}}},{"type":"Feature","geometry":{"coordinates":[[-123.07932893562042,49.26489178993633],[-123.07932731618129,49.2649790715019]],"type":"LineString"},"properties":{"effluent_type":"Sanitary","material":"blank","geo_point_2d":{"lon":-123.07932812590086,"lat":49.264935430719106}}},{"type":"Feature","geometry":{"coordinates":[[-123.07933082102876,49.26479036772749],[-123.07932893562042,49.26489178993633]],"type":"LineString"},"properties":{"effluent_type":"Sanitary","material":"blank","geo_point_2d":{"lon":-123.07932987832459,"lat":49.264841078831914}}},{"type":"Feature","geometry":{"coordinates":[[-123.11026447412709,49.20689687386954],[-123.11018223641501,49.20689614276965],[-123.1101696156504,49.20690056250253]],"type":"LineString"},"properties":{"effluent_type":"Combined","material":"Concrete","geo_point_2d":{"lon":-123.11021672191319,"lat":49.206896766262}}},{"type":"Feature","geometry":{"coordinates":[[-123.09415353105753,49.21474048496661],[-123.09417193568078,49.21432388045004]],"type":"LineString"},"properties":{"effluent_type":"Combined","material":"blank","geo_point_2d":{"lon":-123.09416273336916,"lat":49.21453218270832}}},{"type":"Feature","geometry":{"coordinates":[[-123.0602031644623,49.252502233158836],[-123.06221876421922,49.25306381637556]],"type":"LineString"},"properties":{"effluent_type":"Combined","material":"BR\/CON","geo_point_2d":{"lon":-123.06121096434076,"lat":49.2527830247672}}},{"type":"Feature","geometry":{"coordinates":[[-123.05810454416503,49.25191753878977],[-123.0602031644623,49.252502233158836]],"type":"LineString"},"properties":{"effluent_type":"Combined","material":"BR\/CON","geo_point_2d":{"lon":-123.05915385431366,"lat":49.2522098859743}}},{"type":"Feature","geometry":{"coordinates":[[-123.19900905398477,49.27112740392508],[-123.20248819263453,49.27199609742802]],"type":"LineString"},"properties":{"effluent_type":"Storm","material":"Concrete","geo_point_2d":{"lon":-123.20074862330965,"lat":49.271561750676554}}},{"type":"Feature","geometry":{"coordinates":[[-123.07504674050412,49.25675082902401],[-123.0749830923896,49.25797185379508]],"type":"LineString"},"properties":{"effluent_type":"Combined","material":"blank","geo_point_2d":{"lon":-123.07501491644686,"lat":49.25736134140954}}},{"type":"Feature","geometry":{"coordinates":[[-123.07883197859857,49.270477914511964],[-123.07883624051652,49.270512732000824]],"type":"LineString"},"properties":{"effluent_type":"Sanitary","material":"blank","geo_point_2d":{"lon":-123.07883410955753,"lat":49.2704953232564}}},{"type":"Feature","geometry":{"coordinates":[[-123.107072393813,49.27024840546855],[-123.1072877683067,49.27025237046145]],"type":"LineString"},"properties":{"effluent_type":"Sanitary","material":"Ductile Iron","geo_point_2d":{"lon":-123.10718008105985,"lat":49.27025038796501}}},{"type":"Feature","geometry":{"coordinates":[[-123.05316285200519,49.29226033665176],[-123.05621380210654,49.29171114151444],[-123.05628059853841,49.291675668069765]],"type":"LineString"},"properties":{"effluent_type":"Combined","material":"blank","geo_point_2d":{"lon":-123.05472545368713,"lat":49.29197877675483}}},{"type":"Feature","geometry":{"coordinates":[[-123.07545691227544,49.26051439271248],[-123.0754815136247,49.26051440362866],[-123.07730391754771,49.2605287513979]],"type":"LineString"},"properties":{"effluent_type":"Sanitary","material":"Concrete","geo_point_2d":{"lon":-123.0763804152865,"lat":49.2605214818903}}},{"type":"Feature","geometry":{"coordinates":[[-123.09398915074503,49.21318762817399],[-123.09352719225458,49.213155898971266]],"type":"LineString"},"properties":{"effluent_type":"Combined","material":"Concrete","geo_point_2d":{"lon":-123.09375817149981,"lat":49.21317176357263}}},{"type":"Feature","geometry":{"coordinates":[[-123.09327691133542,49.21225149949777],[-123.09328631615311,49.21187179188023]],"type":"LineString"},"properties":{"effluent_type":"Combined","material":"Concrete","geo_point_2d":{"lon":-123.09328161374427,"lat":49.212061645689}}},{"type":"Feature","geometry":{"coordinates":[[-123.02916993286712,49.234693353074114],[-123.02924734723864,49.234661490318764]],"type":"LineString"},"properties":{"effluent_type":"Sanitary","material":"blank","geo_point_2d":{"lon":-123.02920864005286,"lat":49.23467742169643}}},{"type":"Feature","geometry":{"coordinates":[[-123.02924734723864,49.234661490318764],[-123.0303954088146,49.234659781701374]],"type":"LineString"},"properties":{"effluent_type":"Sanitary","material":"blank","geo_point_2d":{"lon":-123.0298213780266,"lat":49.23466063601007}}},{"type":"Feature","geometry":{"coordinates":[[-123.0303954088146,49.234659781701374],[-123.0306913758768,49.23436928282683]],"type":"LineString"},"properties":{"effluent_type":"Sanitary","material":"blank","geo_point_2d":{"lon":-123.03054339234569,"lat":49.2345145322641}}},{"type":"Feature","geometry":{"coordinates":[[-123.03169164890824,49.23476864469336],[-123.03268655631422,49.23517261395298]],"type":"LineString"},"properties":{"effluent_type":"Sanitary","material":"blank","geo_point_2d":{"lon":-123.03218910261124,"lat":49.23497062932317}}},{"type":"Feature","geometry":{"coordinates":[[-123.04009776987411,49.28109766694746],[-123.03716235623259,49.28108454384826]],"type":"LineString"},"properties":{"effluent_type":"Combined","material":"blank","geo_point_2d":{"lon":-123.03863006305335,"lat":49.281091105397856}}},{"type":"Feature","geometry":{"coordinates":[[-123.07711032705508,49.288153939996526],[-123.0771084635835,49.28653575553535]],"type":"LineString"},"properties":{"effluent_type":"Combined","material":"Concrete","geo_point_2d":{"lon":-123.0771093953193,"lat":49.28734484776594}}},{"type":"Feature","geometry":{"coordinates":[[-123.03747489853788,49.237996944545294],[-123.03843877934695,49.23838909033939]],"type":"LineString"},"properties":{"effluent_type":"Sanitary","material":"blank","geo_point_2d":{"lon":-123.03795683894242,"lat":49.23819301744234}}},{"type":"Feature","geometry":{"coordinates":[[-123.19896697092264,49.27000515418997],[-123.19669119270463,49.269540445619185]],"type":"LineString"},"properties":{"effluent_type":"Combined","material":"RC","geo_point_2d":{"lon":-123.19782908181364,"lat":49.26977279990457}}},{"type":"Feature","geometry":{"coordinates":[[-123.05845280299995,49.24925011705709],[-123.06065391483779,49.25015845378885]],"type":"LineString"},"properties":{"effluent_type":"Sanitary","material":"Polyvinyl Chloride","geo_point_2d":{"lon":-123.05955335891886,"lat":49.249704285422965}}},{"type":"Feature","geometry":{"coordinates":[[-123.08129908679079,49.26354549353243],[-123.08129920689831,49.26356003869461]],"type":"LineString"},"properties":{"effluent_type":"Sanitary","material":"Steel","geo_point_2d":{"lon":-123.08129914684454,"lat":49.26355276611352}}},{"type":"Feature","geometry":{"coordinates":[[-123.11485939511535,49.26406582963938],[-123.11483675426115,49.26458564907444]],"type":"LineString"},"properties":{"effluent_type":"Combined","material":"BR\/CON","geo_point_2d":{"lon":-123.11484807468825,"lat":49.264325739356906}}},{"type":"Feature","geometry":{"coordinates":[[-123.07730391754771,49.2605287513979],[-123.07731467938245,49.260529050034066],[-123.07732168945432,49.26052953108427],[-123.07732918141497,49.26053056051934],[-123.07733626170993,49.260532004009086],[-123.07734286169088,49.260533906575645],[-123.0773500400768,49.26053655535702],[-123.07735572040838,49.26053921413614],[-123.07736687767307,49.26054629489082],[-123.07768260859166,49.26078846795626]],"type":"LineString"},"properties":{"effluent_type":"Sanitary","material":"Concrete","geo_point_2d":{"lon":-123.07749774735338,"lat":49.26064827106337}}},{"type":"Feature","geometry":{"coordinates":[[-123.06921072178054,49.25685219643221],[-123.06920278112489,49.25726694356289]],"type":"LineString"},"properties":{"effluent_type":"Sanitary","material":"Polyvinyl Chloride","geo_point_2d":{"lon":-123.06920675145271,"lat":49.25705956999756}}},{"type":"Feature","geometry":{"coordinates":[[-123.03773933447052,49.23727912789319],[-123.0377484045216,49.23728362255246],[-123.03775761194741,49.237288117166095],[-123.03776681930633,49.237292521826575],[-123.0377760266669,49.23729692648631],[-123.03778537133363,49.23730124114794],[-123.03779471593333,49.237305465856394],[-123.03780419783918,49.23730960056671],[-123.03781367974655,49.23731373527624],[-123.03782316158689,49.23731778003255],[-123.03783278080193,49.23732182474309],[-123.03784253732303,49.2373257794554],[-123.03785229377695,49.23732964421446],[-123.03786205016365,49.237333419020274],[-123.03787194392508,49.23733719378021],[-123.03788183761922,49.23734087858688],[-123.03789186861928,49.23734447339521],[-123.0379018996208,49.23734806820267],[-123.03791193048609,49.23735148310437],[-123.03792209879492,49.23735498791256],[-123.03887326889458,49.237666464943146]],"type":"LineString"},"properties":{"effluent_type":"Storm","material":"blank","geo_point_2d":{"lon":-123.0383038744734,"lat":49.23747909512405}}},{"type":"Feature","geometry":{"coordinates":[[-123.03626266546352,49.23650410272107],[-123.03770566580825,49.23726303739815],[-123.03770731496948,49.237263936384416],[-123.03770896419924,49.23726492532306],[-123.03771061336062,49.23726582430925],[-123.03771239989507,49.23726672325059],[-123.03771404905655,49.23726762223676],[-123.03771583559116,49.23726852117803],[-123.03771748475275,49.23726942016412],[-123.03771927128746,49.23727031910534],[-123.03772105775376,49.23727112809411],[-123.0377228442886,49.237272027035274],[-123.037724630755,49.23727283602398],[-123.03772641722146,49.23727364501268],[-123.03772820368799,49.237274454001316],[-123.03773012752764,49.2372752629451],[-123.03773191399428,49.237276071933685],[-123.03773383783405,49.23727688087739],[-123.03773562423228,49.23727759991349],[-123.03773754800363,49.23727831890472],[-123.03773933447052,49.23727912789319]],"type":"LineString"},"properties":{"effluent_type":"Storm","material":"blank","geo_point_2d":{"lon":-123.03700069914672,"lat":49.236892258823346}}},{"type":"Feature","geometry":{"coordinates":[[-123.0356303363976,49.237253414551276],[-123.03645347244696,49.23758500132736]],"type":"LineString"},"properties":{"effluent_type":"Sanitary","material":"blank","geo_point_2d":{"lon":-123.03604190442229,"lat":49.23741920793932}}},{"type":"Feature","geometry":{"coordinates":[[-123.11002802827764,49.21384169667555],[-123.1100414522053,49.213827156504244],[-123.11007956588902,49.21381341137581],[-123.11091707629915,49.213825491450415]],"type":"LineString"},"properties":{"effluent_type":"Combined","material":"Concrete","geo_point_2d":{"lon":-123.11046834843788,"lat":49.21381981902513}}},{"type":"Feature","geometry":{"coordinates":[[-123.10991566074242,49.21397422322985],[-123.10991630804405,49.21396271764589],[-123.11002802827764,49.21384169667555]],"type":"LineString"},"properties":{"effluent_type":"Combined","material":"Concrete","geo_point_2d":{"lon":-123.10996849423154,"lat":49.2139065402022}}},{"type":"Feature","geometry":{"coordinates":[[-123.13043599302692,49.20500002201214],[-123.13096689420094,49.20499389814766],[-123.13102022947452,49.20499410751922],[-123.13104684453451,49.20498730386588],[-123.13106563509378,49.20497556167092],[-123.13107742292564,49.2049581513863],[-123.131077869654,49.204945377554864]],"type":"LineString"},"properties":{"effluent_type":"Combined","material":"Concrete","geo_point_2d":{"lon":-123.13076906961783,"lat":49.20499413817843}}},{"type":"Feature","geometry":{"coordinates":[[-123.11720621201938,49.21026973187351],[-123.1172066185972,49.21026748263848],[-123.1172071622603,49.210265143311425],[-123.11720798051923,49.21026280370574],[-123.1172089362887,49.21026055391342],[-123.11721002956868,49.21025839393445],[-123.1172113972318,49.21025614372414],[-123.11721276510745,49.210253983466494],[-123.11721439406169,49.2102519128968],[-123.11721617404349,49.210249842173816],[-123.11721809153575,49.210247861264165],[-123.11722000924053,49.210245970307156],[-123.11722220154097,49.21024407907145],[-123.11722453156446,49.210242367601744],[-123.11722699888571,49.21024065599261],[-123.11722960350468,49.210238944244104],[-123.11723234584674,49.21023741226155],[-123.11723508840132,49.21023597023162],[-123.11723796846633,49.21023461801496],[-123.11724098604175,49.21023335561156],[-123.11724414112761,49.21023218302139]],"type":"LineString"},"properties":{"effluent_type":"Combined","material":"Concrete","geo_point_2d":{"lon":-123.11722166733554,"lat":49.21024771057076}}},{"type":"Feature","geometry":{"coordinates":[[-123.11724414112761,49.21023218302139],[-123.11755781621497,49.21010052397459]],"type":"LineString"},"properties":{"effluent_type":"Combined","material":"Concrete","geo_point_2d":{"lon":-123.1174009786713,"lat":49.21016635349799}}},{"type":"Feature","geometry":{"coordinates":[[-123.11713697651048,49.21053876126871],[-123.11720621201938,49.21026973187351]],"type":"LineString"},"properties":{"effluent_type":"Combined","material":"Concrete","geo_point_2d":{"lon":-123.11717159426495,"lat":49.21040424657111}}},{"type":"Feature","geometry":{"coordinates":[[-123.1154652122818,49.21183104351534],[-123.11610530055582,49.211835691124605]],"type":"LineString"},"properties":{"effluent_type":"Combined","material":"Concrete","geo_point_2d":{"lon":-123.1157852564188,"lat":49.21183336731997}}},{"type":"Feature","geometry":{"coordinates":[[-123.07506212550425,49.26050715685837],[-123.07553284135993,49.260510987886036]],"type":"LineString"},"properties":{"effluent_type":"Combined","material":"blank","geo_point_2d":{"lon":-123.07529748343208,"lat":49.2605090723722}}},{"type":"Feature","geometry":{"coordinates":[[-123.07495781533864,49.25969371574695],[-123.07494643859754,49.26007682914941],[-123.07494645371709,49.26008681382311],[-123.07494729345453,49.26009679796186],[-123.0749486828015,49.260106691791954],[-123.07495062189453,49.2601165852654],[-123.07495338547048,49.26012638825184],[-123.07495683609343,49.26013610084037],[-123.07496083632734,49.260145723120104],[-123.07496552347267,49.26015516504977],[-123.0749708976661,49.26016451658131],[-123.07497682132151,49.26017367885664],[-123.07498343190298,49.260182669776825],[-123.07499059196056,49.260191480435786],[-123.07499830149452,49.26020011083342],[-123.075006697669,49.260208380976344],[-123.07501550588357,49.26021647094695],[-123.07502500087531,49.26022429061458],[-123.07503490777103,49.26023184015763],[-123.07504536400741,49.2602391194867],[-123.07505623201143,49.260246038738906],[-123.0750676493562,49.2602526877769],[-123.07551949867079,49.260503620536]],"type":"LineString"},"properties":{"effluent_type":"Combined","material":"BR\/CON","geo_point_2d":{"lon":-123.07511667080875,"lat":49.26016969119333}}},{"type":"Feature","geometry":{"coordinates":[[-123.10240707892717,49.27953330295934],[-123.10238279453665,49.279936731342694]],"type":"LineString"},"properties":{"effluent_type":"Sanitary","material":"Polyvinyl Chloride","geo_point_2d":{"lon":-123.10239493673191,"lat":49.27973501715101}}},{"type":"Feature","geometry":{"coordinates":[[-123.0786001032495,49.27509038344063],[-123.07860088466668,49.27506303754058]],"type":"LineString"},"properties":{"effluent_type":"Storm","material":"Concrete","geo_point_2d":{"lon":-123.07860049395809,"lat":49.27507671049061}}},{"type":"Feature","geometry":{"coordinates":[[-123.07732552596283,49.2761959512246],[-123.0772748863305,49.278762220918054]],"type":"LineString"},"properties":{"effluent_type":"Combined","material":"Concrete","geo_point_2d":{"lon":-123.07730020614667,"lat":49.27747908607133}}},{"type":"Feature","geometry":{"coordinates":[[-123.03116910008106,49.27742345186054],[-123.03379251481525,49.277427562824826]],"type":"LineString"},"properties":{"effluent_type":"Combined","material":"blank","geo_point_2d":{"lon":-123.03248080744814,"lat":49.277425507342684}}},{"type":"Feature","geometry":{"coordinates":[[-123.08128882868031,49.26420369786244],[-123.08128784067783,49.26425489026387]],"type":"LineString"},"properties":{"effluent_type":"Sanitary","material":"Steel","geo_point_2d":{"lon":-123.08128833467906,"lat":49.264229294063156}}},{"type":"Feature","geometry":{"coordinates":[[-123.15553331409262,49.21082603363408],[-123.15553258180674,49.21082456838767],[-123.15553064804726,49.210820882922114],[-123.15552871457022,49.21081728740904],[-123.15552650677714,49.210813782218196],[-123.15552429870216,49.21081018707479],[-123.15552195361043,49.210806682068736],[-123.15551947150198,49.2108032672],[-123.15551685209465,49.21079985251611],[-123.15551409538844,49.210796438016956],[-123.15551120166558,49.210793113655136],[-123.15320567376651,49.20934787163247],[-123.15264057483536,49.20916397339397]],"type":"LineString"},"properties":{"effluent_type":"Combined","material":"Concrete","geo_point_2d":{"lon":-123.1541180187965,"lat":49.209934970835675}}},{"type":"Feature","geometry":{"coordinates":[[-123.15717326525993,49.24684198951876],[-123.1582643044697,49.24835610700241]],"type":"LineString"},"properties":{"effluent_type":"Combined","material":"BR\/CON","geo_point_2d":{"lon":-123.15771878486481,"lat":49.24759904826058}}},{"type":"Feature","geometry":{"coordinates":[[-123.11878046620235,49.269652949573015],[-123.11884842538375,49.26782636864949],[-123.1188490005883,49.26782548652824],[-123.11884960330593,49.26782461337388],[-123.11885023353669,49.26782374918643],[-123.11885087753478,49.26782289398],[-123.11885154904598,49.267822047740474],[-123.11885223430295,49.26782120148678],[-123.11885296081874,49.26782036418588],[-123.11885368737774,49.26781954487528],[-123.11885445517396,49.267818725522304],[-123.11885523673755,49.267817915150346],[-123.11885603206846,49.26781711375941],[-123.1188568549125,49.267816321335395],[-123.11885770529122,49.267815546873415],[-123.11885856941566,49.26781477239731],[-123.11885946107482,49.26781401588324],[-123.11886036647971,49.26781325935506],[-123.11886128567355,49.26781252080309],[-123.1188622323805,49.26781179121799],[-123.11886319285475,49.267811070613924],[-123.11886418086372,49.267810367971926],[-123.1188651826184,49.267809665315774],[-123.1188662119078,49.26780898062167],[-123.11886724124041,49.267808313917946],[-123.11886829806448,49.26780764718591],[-123.11886938242326,49.267806998415956],[-123.11887046682523,49.26780636763633],[-123.11887157871868,49.26780573682839],[-123.11887270442267,49.267805132991874],[-123.11887330845792,49.26780480854323],[-123.11931935695677,49.267638531259],[-123.11931970018733,49.26763835999577],[-123.11932056510405,49.26763791833774],[-123.11932142999908,49.26763746768457],[-123.11932226738098,49.26763700806458],[-123.11932309099544,49.26763653946362],[-123.11932391458821,49.26763606186744],[-123.11932471066787,49.26763557530451],[-123.1193255067258,49.267635079746384],[-123.11932628901633,49.26763457520727],[-123.11932704379373,49.26763406170137],[-123.11932779852772,49.26763353020509],[-123.119328539516,49.26763299872301],[-123.11932925299114,49.26763245827416],[-123.11932996646628,49.26763191782528],[-123.11933065240659,49.26763135941442],[-123.11933133832522,49.26763079200842],[-123.11933199675241,49.26763022463077],[-123.11933264139046,49.26762963927698],[-123.11933327228282,49.26762905393739],[-123.11933388940774,49.267628459616795],[-123.11933449278699,49.26762786531038],[-123.11933506863137,49.26762725304202],[-123.11933564447578,49.26762664077366],[-123.11933619280705,49.26762601953851],[-123.1193367273926,49.26762539831758],[-123.11933724818904,49.26762475912046],[-123.11933774149408,49.26762411995171],[-123.11933823479909,49.267623480782994],[-123.11933870059099,49.26762283264748],[-123.11933913886976,49.267622175545185],[-123.11933957714852,49.267621518442866],[-123.11933998791419,49.2676208523738],[-123.11934038493412,49.26762018631892],[-123.11934076818666,49.26761951128303],[-123.11934112392608,49.26761882728039],[-123.11934146594147,49.2676181522871],[-123.11934179416778,49.26761745931767],[-123.11934209492436,49.2676167753718],[-123.11934238191354,49.26761608244495],[-123.11934265515701,49.26761538953229],[-123.11934290088737,49.26761468765285],[-123.11934371447079,49.267592963403736]],"type":"LineString"},"properties":{"effluent_type":"Combined","material":"Concrete","geo_point_2d":{"lon":-123.11888339264212,"lat":49.26849803003922}}},{"type":"Feature","geometry":{"coordinates":[[-123.11686819911849,49.22136578974111],[-123.11690173579358,49.220516143256084]],"type":"LineString"},"properties":{"effluent_type":"Combined","material":"blank","geo_point_2d":{"lon":-123.11688496745603,"lat":49.220940966498596}}},{"type":"Feature","geometry":{"coordinates":[[-123.10705987170238,49.2576058716044],[-123.1070188055221,49.25850742805771]],"type":"LineString"},"properties":{"effluent_type":"Combined","material":"Concrete","geo_point_2d":{"lon":-123.10703933861224,"lat":49.258056649831055}}},{"type":"Feature","geometry":{"coordinates":[[-123.11696323522484,49.21898179291156],[-123.11700182772495,49.21798908902316]],"type":"LineString"},"properties":{"effluent_type":"Combined","material":"blank","geo_point_2d":{"lon":-123.11698253147489,"lat":49.21848544096736}}},{"type":"Feature","geometry":{"coordinates":[[-123.10391569489462,49.22289828763713],[-123.10392104022444,49.22272292004528]],"type":"LineString"},"properties":{"effluent_type":"Combined","material":"Concrete","geo_point_2d":{"lon":-123.10391836755953,"lat":49.222810603841204}}},{"type":"Feature","geometry":{"coordinates":[[-123.0691781779538,49.25855261718911],[-123.06920071942238,49.25737487837666]],"type":"LineString"},"properties":{"effluent_type":"Sanitary","material":"Polyvinyl Chloride","geo_point_2d":{"lon":-123.06918944868809,"lat":49.25796374778288}}},{"type":"Feature","geometry":{"coordinates":[[-123.14567274088068,49.26971720888005],[-123.14556598178045,49.26971545443573]],"type":"LineString"},"properties":{"effluent_type":"Combined","material":"Concrete","geo_point_2d":{"lon":-123.14561936133057,"lat":49.26971633165789}}},{"type":"Feature","geometry":{"coordinates":[[-123.0977488269808,49.21453572528904],[-123.09769331855811,49.21447608854958]],"type":"LineString"},"properties":{"effluent_type":"Combined","material":"Polyvinyl Chloride","geo_point_2d":{"lon":-123.09772107276946,"lat":49.214505906919314}}},{"type":"Feature","geometry":{"coordinates":[[-123.08129908026244,49.263608450977415],[-123.08129858287936,49.263640348324365]],"type":"LineString"},"properties":{"effluent_type":"Sanitary","material":"Steel","geo_point_2d":{"lon":-123.08129883157089,"lat":49.263624399650894}}},{"type":"Feature","geometry":{"coordinates":[[-123.06718830915872,49.22032064688847],[-123.06842708789347,49.22033133471662]],"type":"LineString"},"properties":{"effluent_type":"Combined","material":"blank","geo_point_2d":{"lon":-123.0678076985261,"lat":49.22032599080254}}},{"type":"Feature","geometry":{"coordinates":[[-123.14294988892033,49.28662601648184],[-123.14341137454491,49.28435065520965]],"type":"LineString"},"properties":{"effluent_type":"Combined","material":"Fibreglass","geo_point_2d":{"lon":-123.14318063173262,"lat":49.28548833584574}}},{"type":"Feature","geometry":{"coordinates":[[-123.04425140826191,49.25377351552024],[-123.04425078313768,49.254427027413776]],"type":"LineString"},"properties":{"effluent_type":"Storm","material":"RC","geo_point_2d":{"lon":-123.04425109569979,"lat":49.25410027146702}}},{"type":"Feature","geometry":{"coordinates":[[-123.09724425147897,49.214912666698304],[-123.0977474699815,49.21491993292726]],"type":"LineString"},"properties":{"effluent_type":"Combined","material":"Polyvinyl Chloride","geo_point_2d":{"lon":-123.09749586073023,"lat":49.214916299812785}}},{"type":"Feature","geometry":{"coordinates":[[-123.07543980496898,49.26007498787346],[-123.07541663814783,49.26004216148449]],"type":"LineString"},"properties":{"effluent_type":"Sanitary","material":"Polyvinyl Chloride","geo_point_2d":{"lon":-123.07542822155841,"lat":49.26005857467897}}},{"type":"Feature","geometry":{"coordinates":[[-123.07541677585812,49.26004234129882],[-123.07542357415701,49.259705502201406]],"type":"LineString"},"properties":{"effluent_type":"Sanitary","material":"Polyvinyl Chloride","geo_point_2d":{"lon":-123.07542017500757,"lat":49.25987392175011}}},{"type":"Feature","geometry":{"coordinates":[[-123.09774053240915,49.21491822969422],[-123.09775256258993,49.214536117920225]],"type":"LineString"},"properties":{"effluent_type":"Combined","material":"Polyvinyl Chloride","geo_point_2d":{"lon":-123.09774654749954,"lat":49.214727173807226}}},{"type":"Feature","geometry":{"coordinates":[[-123.09418184537357,49.214126605819445],[-123.09419829557118,49.21376560269514]],"type":"LineString"},"properties":{"effluent_type":"Combined","material":"blank","geo_point_2d":{"lon":-123.09419007047237,"lat":49.21394610425728}}},{"type":"Feature","geometry":{"coordinates":[[-123.17374473735437,49.271661749321076],[-123.17371500918115,49.272470030420635]],"type":"LineString"},"properties":{"effluent_type":"Combined","material":"Concrete","geo_point_2d":{"lon":-123.17372987326777,"lat":49.27206588987086}}},{"type":"Feature","geometry":{"coordinates":[[-123.07183199523914,49.260457550735204],[-123.07335014820885,49.26047027861973],[-123.07384164025297,49.26048072382013]],"type":"LineString"},"properties":{"effluent_type":"Sanitary","material":"Concrete","geo_point_2d":{"lon":-123.07283685313733,"lat":49.26046674876684}}},{"type":"Feature","geometry":{"coordinates":[[-123.20260298446838,49.27211137656553],[-123.20256915072068,49.2730709806352]],"type":"LineString"},"properties":{"effluent_type":"Combined","material":"Concrete","geo_point_2d":{"lon":-123.20258606759452,"lat":49.272591178600365}}},{"type":"Feature","geometry":{"coordinates":[[-123.05877177319717,49.249720621466984],[-123.05798875738763,49.251728157570916],[-123.05798560942293,49.25173886346623],[-123.05798328593598,49.25174956894765],[-123.05798206185918,49.251760363829504],[-123.05798179977992,49.25177124818076],[-123.05798249959352,49.25178213204926],[-123.05798429860859,49.25179292541384],[-123.0579870593071,49.25180353839122],[-123.05799078190039,49.25181415088573],[-123.05799546617831,49.2518245829929],[-123.05800124944949,49.25183474469147],[-123.05800785699299,49.2518447260714],[-123.05801528859841,49.25185434722824],[-123.0580238191985,49.25186369797594],[-123.05803303644771,49.25187268856921],[-123.0580430777598,49.25188131893881],[-123.05805408044301,49.251889499063324],[-123.05806563225677,49.251897229149634],[-123.05807800802826,49.251904509059464],[-123.05809093282465,49.251911248978566],[-123.05810454416503,49.25191753878977]],"type":"LineString"},"properties":{"effluent_type":"Combined","material":"BR\/CON","geo_point_2d":{"lon":-123.05834349179189,"lat":49.25083813506998}}},{"type":"Feature","geometry":{"coordinates":[[-123.11010886133731,49.21071339184334],[-123.11017275007677,49.20934316835234]],"type":"LineString"},"properties":{"effluent_type":"Combined","material":"blank","geo_point_2d":{"lon":-123.11014080570702,"lat":49.21002828009784}}},{"type":"Feature","geometry":{"coordinates":[[-123.07405996340749,49.21144648836301],[-123.07406021127048,49.211428587584],[-123.0740607419326,49.21141617374842],[-123.07406182166524,49.211403669607904],[-123.07406372533922,49.21139125489188],[-123.07406617821717,49.21137883982365],[-123.07406945503536,49.211366514179865],[-123.07407314388976,49.21135427822458],[-123.07407765668349,49.21134213169364],[-123.07408271881374,49.21133007476304],[-123.07408846771564,49.21131819729741],[-123.0740949032543,49.211306409343884],[-123.07410175096177,49.21129480103129],[-123.07410942274069,49.211283372095295],[-123.07411764385421,49.21127203275914],[-123.07412641457105,49.211260962928286],[-123.07413573475641,49.21125007264984],[-123.07414574184546,49.21123945178827],[-123.07415616110168,49.21122901056696],[-123.07416726726109,49.2112188387622],[-123.07417878558736,49.211208846597444],[-123.07431193973476,49.21109875764643]],"type":"LineString"},"properties":{"effluent_type":"Combined","material":"blank","geo_point_2d":{"lon":-123.07415629675243,"lat":49.21125513667681}}},{"type":"Feature","geometry":{"coordinates":[[-123.06187660309018,49.2876923752506],[-123.06252795197794,49.28670612728517],[-123.0625814892344,49.286633597245874],[-123.06263874058239,49.28656223453954],[-123.06269970623798,49.28649221906395],[-123.06276394615992,49.286423551052216],[-123.06283192797441,49.28635631120125],[-123.06290307415655,49.28629051780917],[-123.06297766005007,49.28622643158003],[-123.06305541051707,49.286163962705714],[-123.063136325668,49.28610320113147],[-123.06322025435526,49.2860442368851],[-123.06330722418254,49.28598715090149],[-123.06339694640519,49.28593196132258],[-123.06348942124366,49.28587883905014],[-123.06358464858509,49.285827694125985],[-123.06368233978195,49.28577861665411],[-123.06378252257271,49.28573178651642],[-123.0638850455779,49.28568710484334],[-123.0639897714369,49.28564467964674],[-123.06409656275603,49.285604591953444],[-123.06432766472462,49.28557837753965],[-123.06542720041442,49.28560967507477],[-123.06553909744984,49.28558406538096]],"type":"LineString"},"properties":{"effluent_type":"Combined","material":"Concrete","geo_point_2d":{"lon":-123.06347810981956,"lat":49.2862144274681}}},{"type":"Feature","geometry":{"coordinates":[[-123.07403776556853,49.217176812036506],[-123.0740470169253,49.216383701431994]],"type":"LineString"},"properties":{"effluent_type":"Combined","material":"blank","geo_point_2d":{"lon":-123.07404239124692,"lat":49.21678025673425}}},{"type":"Feature","geometry":{"coordinates":[[-123.07453041095046,49.21093338245792],[-123.07452150132406,49.2109432830224],[-123.07451217979396,49.21095318385187],[-123.0745025833897,49.21096290495212],[-123.07449257481106,49.21097244641162],[-123.07448242879333,49.210981898006],[-123.07447200803632,49.210991259823736],[-123.07446117510469,49.21100044200047],[-123.07445020473372,49.21100953431188],[-123.07443895948823,49.21101844689366],[-123.07442730206786,49.21102717983412],[-123.07441550707311,49.21103573295633],[-123.07440343733869,49.21104419630139],[-123.07439109271611,49.2110524709212],[-123.07437847336726,49.211060664758996],[-123.07436571630912,49.21106858882547],[-123.07435254721085,49.21107642320284],[-123.07433924040338,49.211083987808735],[-123.07432579615659,49.211091462548644],[-123.07431193973476,49.21109875764643]],"type":"LineString"},"properties":{"effluent_type":"Combined","material":"Concrete","geo_point_2d":{"lon":-123.07442627073952,"lat":49.21102271871765}}},{"type":"Feature","geometry":{"coordinates":[[-123.13922499687337,49.28015906551779],[-123.13938393666649,49.28025620177056]],"type":"LineString"},"properties":{"effluent_type":"Combined","material":"blank","geo_point_2d":{"lon":-123.13930446676993,"lat":49.28020763364418}}},{"type":"Feature","geometry":{"coordinates":[[-123.03356445146788,49.28661950190463],[-123.03345193968725,49.28674000681303]],"type":"LineString"},"properties":{"effluent_type":"Combined","material":"Concrete","geo_point_2d":{"lon":-123.03350819557758,"lat":49.28667975435883}}},{"type":"Feature","geometry":{"coordinates":[[-123.11927301724262,49.26625167197395],[-123.119296264564,49.26627040297072],[-123.11932019820014,49.26629443142823],[-123.11934014935511,49.26631997518806],[-123.11935592487369,49.26634673761022],[-123.11936734536624,49.266374431035224],[-123.11937427265634,49.26640275876541],[-123.11937663725013,49.266431406041335],[-123.11937634405317,49.26643522030998]],"type":"LineString"},"properties":{"effluent_type":"Combined","material":"BR\/CON","geo_point_2d":{"lon":-123.1193395723279,"lat":49.26633555479008}}},{"type":"Feature","geometry":{"coordinates":[[-123.11937634405317,49.26643522030998],[-123.11935976789219,49.26663499388572]],"type":"LineString"},"properties":{"effluent_type":"Combined","material":"BR\/CON","geo_point_2d":{"lon":-123.11936805597267,"lat":49.26653510709785}}},{"type":"Feature","geometry":{"coordinates":[[-123.10215029293026,49.277891396778756],[-123.10213038294165,49.277897072348644]],"type":"LineString"},"properties":{"effluent_type":"Sanitary","material":"blank","geo_point_2d":{"lon":-123.10214033793596,"lat":49.2778942345637}}},{"type":"Feature","geometry":{"coordinates":[[-123.11265186049116,49.215453353090545],[-123.11270713797448,49.213965632316885]],"type":"LineString"},"properties":{"effluent_type":"Combined","material":"blank","geo_point_2d":{"lon":-123.11267949923283,"lat":49.21470949270372}}},{"type":"Feature","geometry":{"coordinates":[[-123.11830106573436,49.20979613810791],[-123.11835621908202,49.209773611371304]],"type":"LineString"},"properties":{"effluent_type":"Combined","material":"Concrete","geo_point_2d":{"lon":-123.11832864240819,"lat":49.20978487473961}}},{"type":"Feature","geometry":{"coordinates":[[-123.11270713797448,49.213965632316885],[-123.1127577263228,49.21266941635467]],"type":"LineString"},"properties":{"effluent_type":"Combined","material":"blank","geo_point_2d":{"lon":-123.11273243214865,"lat":49.21331752433578}}},{"type":"Feature","geometry":{"coordinates":[[-123.06668040626238,49.2562287868454],[-123.06666970657585,49.25682486998252]],"type":"LineString"},"properties":{"effluent_type":"Combined","material":"blank","geo_point_2d":{"lon":-123.06667505641911,"lat":49.25652682841396}}},{"type":"Feature","geometry":{"coordinates":[[-123.14863225813812,49.21173957826617],[-123.14864295601356,49.21146547802881]],"type":"LineString"},"properties":{"effluent_type":"Combined","material":"blank","geo_point_2d":{"lon":-123.14863760707584,"lat":49.211602528147495}}},{"type":"Feature","geometry":{"coordinates":[[-123.06663619603762,49.25864788632678],[-123.06662648303325,49.259038428054986],[-123.06662662506797,49.25904184615353],[-123.06662717928187,49.259045174062294],[-123.0666280083627,49.25904850181252],[-123.06662924962286,49.25905173937293],[-123.06663090306246,49.25905488674353],[-123.06663296880265,49.259058033876286],[-123.06663530916781,49.259061000946375],[-123.06663792427908,49.259063877905874],[-123.06664095144892,49.25906657472338],[-123.06664425336488,49.259069181430235],[-123.066647829906,49.25907160807433],[-123.06665168107216,49.259073854655654],[-123.06665580674228,49.25907583122213],[-123.0666602071586,49.25907771767782],[-123.06666460721182,49.259079334277196],[-123.06666941920236,49.25908068078237],[-123.06667423095084,49.25908184738325],[-123.06667917976951,49.25908274404847],[-123.0666841282248,49.25908337085735],[-123.06668935130484,49.259083817603226],[-123.06669443658782,49.25908399457211],[-123.06789010797691,49.25909310296344]],"type":"LineString"},"properties":{"effluent_type":"Combined","material":"blank","geo_point_2d":{"lon":-123.06710395843132,"lat":49.2590303298695}}},{"type":"Feature","geometry":{"coordinates":[[-123.14803723544641,49.26276231420088],[-123.147284273779,49.26274754386813]],"type":"LineString"},"properties":{"effluent_type":"Combined","material":"BR\/CON","geo_point_2d":{"lon":-123.1476607546127,"lat":49.2627549290345}}},{"type":"Feature","geometry":{"coordinates":[[-123.07853399751666,49.26686809299818],[-123.07895429020328,49.26768378806949]],"type":"LineString"},"properties":{"effluent_type":"Sanitary","material":"Steel","geo_point_2d":{"lon":-123.07874414385998,"lat":49.267275940533835}}},{"type":"Feature","geometry":{"coordinates":[[-123.11935976789219,49.26663499388572],[-123.1193572568293,49.26666529231944]],"type":"LineString"},"properties":{"effluent_type":"Combined","material":"blank","geo_point_2d":{"lon":-123.11935851236075,"lat":49.26665014310259}}},{"type":"Feature","geometry":{"coordinates":[[-123.20237748562582,49.27463002203686],[-123.20235073780115,49.27532361634384],[-123.20235244926748,49.2754059193679],[-123.20236151200844,49.27584013745182]],"type":"LineString"},"properties":{"effluent_type":"Combined","material":"Concrete","geo_point_2d":{"lon":-123.20236070254913,"lat":49.27523500197817}}},{"type":"Feature","geometry":{"coordinates":[[-123.07838451810696,49.26668788571842],[-123.07894338500283,49.267697998939376]],"type":"LineString"},"properties":{"effluent_type":"Sanitary","material":"Concrete","geo_point_2d":{"lon":-123.0786639515549,"lat":49.2671929423289}}},{"type":"Feature","geometry":{"coordinates":[[-123.07932665894815,49.2650149448219],[-123.07932602261425,49.26504670731968]],"type":"LineString"},"properties":{"effluent_type":"Sanitary","material":"Concrete","geo_point_2d":{"lon":-123.0793263407812,"lat":49.265030826070785}}},{"type":"Feature","geometry":{"coordinates":[[-123.07939904194471,49.26418509658309],[-123.07939768436474,49.26427272879342],[-123.07944481131995,49.264390110794864],[-123.07943418510409,49.26503996756404],[-123.07940501390479,49.26510583249902],[-123.07938338147841,49.26600688774548],[-123.07933807919434,49.26604253985828],[-123.07859541077262,49.266036220073275],[-123.07854461823996,49.266068547384805],[-123.07829781655681,49.26670836360871],[-123.07866527457458,49.26741737650456]],"type":"LineString"},"properties":{"effluent_type":"Combined","material":"Concrete","geo_point_2d":{"lon":-123.07898054714171,"lat":49.26587588785873}}},{"type":"Feature","geometry":{"coordinates":[[-123.05135226159709,49.24628203437045],[-123.05130573151325,49.24632823656091]],"type":"LineString"},"properties":{"effluent_type":"Sanitary","material":"Concrete","geo_point_2d":{"lon":-123.05132899655516,"lat":49.24630513546568}}},{"type":"Feature","geometry":{"coordinates":[[-123.07624537477732,49.28394449564144],[-123.07725775502128,49.28395504019052]],"type":"LineString"},"properties":{"effluent_type":"Combined","material":"RC","geo_point_2d":{"lon":-123.0767515648993,"lat":49.283949767915985}}},{"type":"Feature","geometry":{"coordinates":[[-123.11700182772495,49.21798908902316],[-123.11703869568882,49.21704013074091],[-123.11703868443213,49.217035363254276],[-123.11703839854202,49.2170305960459],[-123.11703783801859,49.21702582911579],[-123.11703700286192,49.2170210624639],[-123.1170357559678,49.21701638618198],[-123.1170343717573,49.21701171003917],[-123.11703257559711,49.217007034313724],[-123.11703064233305,49.21700244867995],[-123.11702843464847,49.21699795327694],[-123.1170258150145,49.21699345829123],[-123.11702305827677,49.21698905339715],[-123.11702002690639,49.216984648781214],[-123.11701672132813,49.21698042434858],[-123.11701314111734,49.216976200194026],[-123.1170094240153,49.216972156083635],[-123.11700543249312,49.216968202203894],[-123.11700116657208,49.21696434755001],[-123.11699662620977,49.21696057413146],[-123.11699095840925,49.216956190175566]],"type":"LineString"},"properties":{"effluent_type":"Combined","material":"blank","geo_point_2d":{"lon":-123.11702040745884,"lat":49.21746484482247}}},{"type":"Feature","geometry":{"coordinates":[[-123.07724896403593,49.21461482352068],[-123.07909046428416,49.21462602678921]],"type":"LineString"},"properties":{"effluent_type":"Combined","material":"Concrete","geo_point_2d":{"lon":-123.07816971416005,"lat":49.21462042515495}}},{"type":"Feature","geometry":{"coordinates":[[-123.07407123611864,49.21458959527444],[-123.07724896403593,49.21461482352068]],"type":"LineString"},"properties":{"effluent_type":"Combined","material":"Concrete","geo_point_2d":{"lon":-123.07566010007729,"lat":49.214602209397555}}},{"type":"Feature","geometry":{"coordinates":[[-123.07909046428416,49.21462602678921],[-123.0800525817318,49.21463302799798]],"type":"LineString"},"properties":{"effluent_type":"Combined","material":"Concrete","geo_point_2d":{"lon":-123.07957152300798,"lat":49.2146295273936}}},{"type":"Feature","geometry":{"coordinates":[[-123.0800962903823,49.214575247989806],[-123.08010233061418,49.21424295808444],[-123.0801028789786,49.21424241798722],[-123.08010356465216,49.21424187779479],[-123.08010411316192,49.2142414276503],[-123.08010479883545,49.21424088745787],[-123.08010548450896,49.214240347265424],[-123.0801060330187,49.214239897120926],[-123.0801067188521,49.214239455876466],[-123.08010740452555,49.214238915684014],[-123.08010822765348,49.214238465349055],[-123.0801089134723,49.214238015109316],[-123.08010959929108,49.214237564869556],[-123.08011028510987,49.21423711462981],[-123.08011110823774,49.21423666429482],[-123.08011179420187,49.21423630400781],[-123.08011261732969,49.2142358536728],[-123.08011344045752,49.2142354033378],[-123.08011412642162,49.21423504305077],[-123.08011494969482,49.21423468266846],[-123.08011577282262,49.21423423233346],[-123.08011659609576,49.214233871951144],[-123.08011741936892,49.21423351156886],[-123.08011824264203,49.21423315118652],[-123.08011906606055,49.214232880756924],[-123.08012002664276,49.21423252027938],[-123.08012084991586,49.21423215989704],[-123.08012167333432,49.214231889467435],[-123.0801226340619,49.21423161894256],[-123.08012345733493,49.21423125856022],[-123.08012441806247,49.21423098803534],[-123.08012537879,49.21423071751045],[-123.08012620220843,49.21423044708082],[-123.08012716293592,49.21423017655591],[-123.08012812380882,49.21422999598372],[-123.08012908453632,49.21422972545881],[-123.08012990810009,49.214229544981855],[-123.08013086882757,49.21422927445692],[-123.08013182970042,49.214229093884704],[-123.08013279057326,49.21422891331249],[-123.08013375144614,49.21422873274025],[-123.08013471231895,49.214228552168],[-123.0801356733372,49.21422846154847],[-123.08013663421004,49.21422828097622],[-123.08013773253735,49.214228190261416],[-123.08013869341016,49.21422800968914],[-123.08013965442838,49.21422791906959],[-123.08014061544661,49.21422782845001],[-123.08014157646483,49.214227737830434],[-123.08014253748303,49.21422764721084],[-123.08014363595576,49.214227646448705],[-123.08014459697397,49.21422755582911],[-123.08014555813759,49.21422755516222],[-123.0801465191558,49.2142274645426],[-123.0801476176285,49.21422746378043],[-123.08014857879215,49.21422746311352]],"type":"LineString"},"properties":{"effluent_type":"Combined","material":"Concrete","geo_point_2d":{"lon":-123.08010259435645,"lat":49.2143860557126}}},{"type":"Feature","geometry":{"coordinates":[[-123.205444255924,49.23743336138076],[-123.20466021668341,49.237228977615544]],"type":"LineString"},"properties":{"effluent_type":"Sanitary","material":"blank","geo_point_2d":{"lon":-123.20505223630369,"lat":49.23733116949814}}},{"type":"Feature","geometry":{"coordinates":[[-123.19430854158325,49.26873318173139],[-123.19338529656191,49.268717819673064]],"type":"LineString"},"properties":{"effluent_type":"Combined","material":"RC","geo_point_2d":{"lon":-123.19384691907258,"lat":49.26872550070223}}},{"type":"Feature","geometry":{"coordinates":[[-123.14930705582864,49.20751683935504],[-123.14932136526643,49.20760470489793]],"type":"LineString"},"properties":{"effluent_type":"Combined","material":"blank","geo_point_2d":{"lon":-123.14931421054754,"lat":49.207560772126484}}},{"type":"Feature","geometry":{"coordinates":[[-123.07536125394854,49.218086215208054],[-123.07419549679403,49.218081491749565],[-123.07419257192304,49.21808152061402],[-123.0741896607436,49.21808152248382],[-123.07418673576485,49.21808147938601],[-123.07418381074574,49.21808140930232],[-123.07418089941821,49.21808131222393],[-123.0741779880234,49.21808117016913],[-123.0741750765882,49.21808100112847],[-123.07417217884463,49.218080805093116],[-123.0741692810338,49.21808056408134],[-123.0741663831826,49.218080296083706],[-123.07416349900959,49.218079992096094],[-123.0741606285282,49.21807966111379],[-123.07415775799302,49.21807929415037],[-123.07415490113604,49.21807889119699],[-123.07415205797071,49.218078461248886],[-123.07414922848359,49.21807799531088],[-123.07414639894269,49.218077493391704],[-123.07414359682541,49.21807696446901],[-123.07414080838637,49.21807639955638],[-123.07413803363903,49.218075807649065],[-123.07413527256989,49.21807517975181],[-123.07413252519243,49.21807452485987],[-123.07412980522523,49.21807383396917],[-123.07412709894966,49.21807311608381],[-123.07412440636583,49.218072371203746],[-123.0741217411922,49.218071590324946],[-123.07411908969686,49.21807077345618],[-123.07411646562518,49.21806992958396],[-123.07411386897721,49.21806905870822],[-123.07411129975293,49.21806816082901],[-123.07410874422034,49.21806723595514],[-123.07410621609803,49.21806627508252],[-123.0741037153994,49.218065287206436],[-123.0741012421245,49.21806427232684],[-123.07409879625985,49.21806322144856],[-123.07409637783235,49.218062152562034],[-123.07409398681513,49.218061047676784],[-123.07409162323505,49.21805992478333],[-123.07408928707868,49.21805877488642],[-123.07408699206457,49.21805758898196],[-123.07408472448763,49.2180563850693],[-123.07408249806637,49.21805515414439],[-123.07408028533685,49.21805389622481],[-123.07407812749503,49.21805261128416],[-123.07407598335836,49.21805130834414],[-123.07407389410936,49.218049978383036],[-123.0740718322841,49.21804862141852],[-123.07406979788259,49.2180472374505],[-123.0740678183956,49.218045844452],[-123.07406586631889,49.21804441545478],[-123.0740639554113,49.21804296844055],[-123.0740620719409,49.21804150341816],[-123.07406024335816,49.21804001137474],[-123.07405844221256,49.21803850132313],[-123.07405669596807,49.21803697324575],[-123.07405497716074,49.21803542716019],[-123.07405331324107,49.218033854053566],[-123.07405167677197,49.21803227193408],[-123.07405009519056,49.21803066279352],[-123.07404854104627,49.21802903564483],[-123.07404704181651,49.21802739946564],[-123.07404558374243,49.21802573627422],[-123.07404418058285,49.2180240640523],[-123.07404280486044,49.218022373822215],[-123.07404148403907,49.21802066556637],[-123.07404021813221,49.218018948280026],[-123.07403897966249,49.218017212985565],[-123.07403779609382,49.21801545966531],[-123.07403666743961,49.218013697314596],[-123.074035566236,49.218011925951],[-123.0740345336654,49.21801013655283],[-123.07403352854533,49.2180083381418],[-123.07403259207169,49.21800653069147],[-123.07403168303517,49.21800470523301],[-123.0740308426585,49.21800287973054],[-123.07403004345089,49.21800103621112],[-123.0740292854392,49.217999192665296],[-123.07402891322546,49.21799822141401]],"type":"LineString"},"properties":{"effluent_type":"Combined","material":"blank","geo_point_2d":{"lon":-123.07468072943223,"lat":49.21807976922465}}},{"type":"Feature","geometry":{"coordinates":[[-123.19702051056777,49.235145474552986],[-123.19663044804491,49.23470740450102]],"type":"LineString"},"properties":{"effluent_type":"Sanitary","material":"blank","geo_point_2d":{"lon":-123.19682547930636,"lat":49.234926439527}}},{"type":"Feature","geometry":{"coordinates":[[-123.09048304409262,49.21393118046219],[-123.09091460875572,49.21394099727152]],"type":"LineString"},"properties":{"effluent_type":"Combined","material":"Concrete","geo_point_2d":{"lon":-123.09069882642417,"lat":49.21393608886686}}},{"type":"Feature","geometry":{"coordinates":[[-123.04372512337636,49.238137907281725],[-123.0442992960112,49.238227820880006],[-123.04430259367174,49.238228539234946],[-123.0443058914933,49.2382294374946],[-123.04430905193927,49.23823033580684],[-123.04431221238534,49.238231234119034],[-123.04431537283153,49.238232132431115],[-123.04431853335834,49.2382331206955],[-123.04432169396573,49.23823419891224],[-123.04432471711706,49.23823518722916],[-123.04432787772474,49.238236265445714],[-123.04433090103733,49.2382374336673],[-123.04433392435007,49.23823860188881],[-123.04433681028722,49.238239770162956],[-123.04433983360022,49.23824093838432],[-123.04434271961816,49.23824219661073],[-123.04434560563624,49.238243454837054],[-123.04434849173502,49.23824480301573],[-123.04435124045821,49.23824615124709],[-123.0443541265573,49.23824749942561],[-123.04435687536134,49.23824893760922],[-123.04441070467485,49.23827036158961],[-123.04457165694221,49.23833442669596],[-123.04487565614038,49.23845544795297]],"type":"LineString"},"properties":{"effluent_type":"Storm","material":"blank","geo_point_2d":{"lon":-123.04430923665832,"lat":49.23826436679455}}},{"type":"Feature","geometry":{"coordinates":[[-123.19580613261822,49.225571505654734],[-123.19283897262542,49.22739030309702]],"type":"LineString"},"properties":{"effluent_type":"Combined","material":"Concrete","geo_point_2d":{"lon":-123.19432255262183,"lat":49.226480904375876}}},{"type":"Feature","geometry":{"coordinates":[[-123.10946257970635,49.27027561609402],[-123.10943204262797,49.270291476564005]],"type":"LineString"},"properties":{"effluent_type":"Sanitary","material":"Ductile Iron","geo_point_2d":{"lon":-123.10944731116714,"lat":49.27028354632901}}},{"type":"Feature","geometry":{"coordinates":[[-123.14419829188783,49.28913544007346],[-123.14400208325037,49.28900826819233],[-123.14391931156976,49.28895147687084],[-123.14383806381194,49.28889375709038],[-123.1437583674793,49.288835108819846],[-123.14368025017856,49.28877556800882],[-123.14360373941133,49.28871513462629],[-123.1435288490319,49.28865384463886],[-123.14345560656724,49.28859170701069],[-123.14338402581865,49.288528739718025],[-123.14331414811603,49.28846496969825],[-123.14330588866,49.28845728007682],[-123.14329611365002,49.2884485938704],[-123.14325490424464,49.28844994926459]],"type":"LineString"},"properties":{"effluent_type":"Combined","material":"RC","geo_point_2d":{"lon":-123.14372003870261,"lat":49.28879392528012}}},{"type":"Feature","geometry":{"coordinates":[[-123.16873021421974,49.22492654794047],[-123.1687925503979,49.22448244133531]],"type":"LineString"},"properties":{"effluent_type":"Storm","material":"blank","geo_point_2d":{"lon":-123.16876138230882,"lat":49.22470449463789}}},{"type":"Feature","geometry":{"coordinates":[[-123.17377244064484,49.25780667658043],[-123.17379931713418,49.25780920878651],[-123.17380661520653,49.25780935972192],[-123.17381392730614,49.25780959159271],[-123.17382121223586,49.257809913456136],[-123.17382268301529,49.25780999220035]],"type":"LineString"},"properties":{"effluent_type":"Combined","material":"BHS","geo_point_2d":{"lon":-123.17379753916356,"lat":49.25780868045784}}},{"type":"Feature","geometry":{"coordinates":[[-123.17009205308125,49.257648467425746],[-123.1723049386059,49.257681718032394],[-123.17277886486671,49.257713078229884]],"type":"LineString"},"properties":{"effluent_type":"Combined","material":"BHS","geo_point_2d":{"lon":-123.17143586355887,"lat":49.257670800802494}}},{"type":"Feature","geometry":{"coordinates":[[-123.15268189492348,49.27072404117257],[-123.15269010174106,49.270732980549006],[-123.15270361250587,49.27074564592216],[-123.15271849543421,49.27075749991238],[-123.1527346133385,49.2707686326524],[-123.15275210343445,49.27077896300353],[-123.15277069045754,49.2707883833868],[-123.15279023696942,49.270796902978546],[-123.15281074269174,49.27080443182671],[-123.15283206988009,49.27081088016105],[-123.15285408134557,49.27081633811451],[-123.15287663906548,49.27082062596542],[-123.15289960612861,49.27082392379857],[-123.1529229816995,49.27082596175888],[-123.15294572150951,49.27082689414677]],"type":"LineString"},"properties":{"effluent_type":"Combined","material":"Concrete","geo_point_2d":{"lon":-123.15280647207162,"lat":49.27079297472436}}},{"type":"Feature","geometry":{"coordinates":[[-123.0693520112245,49.28481098973572],[-123.07031285144748,49.28468221888263]],"type":"LineString"},"properties":{"effluent_type":"Combined","material":"Polyvinyl Chloride","geo_point_2d":{"lon":-123.06983243133598,"lat":49.28474660430918}}},{"type":"Feature","geometry":{"coordinates":[[-123.10699686030397,49.25922070584164],[-123.1069932879595,49.25922114092007],[-123.10699235392372,49.259234094891546],[-123.10699279422579,49.2592470475903],[-123.10699474630071,49.25925999888904],[-123.1069983471946,49.25927276875653],[-123.10700332204087,49.2592853574472],[-123.10700980788548,49.25929758492964],[-123.10701766748991,49.25930954128288],[-123.10702690046601,49.2593210466027],[-123.10703750661993,49.25933201093689],[-123.10704934851819,49.259342434412346],[-123.1070622885324,49.25935222720417],[-123.10707646409693,49.259361389184555],[-123.10709159995429,49.25936974070398],[-123.10710755886464,49.25937737184139],[-123.1071246153068,49.25938410243774],[-123.10714221973804,49.25939002295424],[-123.10716050939715,49.25939504331127],[-123.10717934665432,49.25939907368404],[-123.10719859426912,49.25940220415171],[-123.10721825204571,49.25940434476219],[-123.10723790768014,49.259405495897916],[-123.1072578360398,49.25940565730375],[-123.107264226987,49.259405768308405]],"type":"LineString"},"properties":{"effluent_type":"Combined","material":"Concrete","geo_point_2d":{"lon":-123.10709792341757,"lat":49.25934719536272}}},{"type":"Feature","geometry":{"coordinates":[[-123.1125543465731,49.21252870355411],[-123.1107355936652,49.21250276497481]],"type":"LineString"},"properties":{"effluent_type":"Combined","material":"blank","geo_point_2d":{"lon":-123.11164497011916,"lat":49.21251573426446}}},{"type":"Feature","geometry":{"coordinates":[[-123.04091652184451,49.208146259022065],[-123.04091124135886,49.208052808815026]],"type":"LineString"},"properties":{"effluent_type":"Sanitary","material":"blank","geo_point_2d":{"lon":-123.04091388160168,"lat":49.208099533918535}}},{"type":"Feature","geometry":{"coordinates":[[-123.14446140298438,49.289337628656504],[-123.1439879707784,49.289030764703085]],"type":"LineString"},"properties":{"effluent_type":"Combined","material":"RC","geo_point_2d":{"lon":-123.14422468688139,"lat":49.2891841966798}}},{"type":"Feature","geometry":{"coordinates":[[-123.12315984545883,49.20773595911054],[-123.12409548985548,49.20734267288602]],"type":"LineString"},"properties":{"effluent_type":"Combined","material":"Concrete","geo_point_2d":{"lon":-123.12362766765716,"lat":49.20753931599828}}},{"type":"Feature","geometry":{"coordinates":[[-123.18910100366408,49.27046759623636],[-123.18776060338017,49.27044503637192],[-123.1877524929782,49.27044504955107],[-123.18774451901663,49.27044479265197],[-123.18773640690807,49.27044435607277],[-123.18772843158146,49.270443739366755],[-123.18772045557243,49.2704429427573],[-123.18771261600426,49.27044187606962],[-123.18770478984159,49.27044071940763],[-123.1876969485678,49.27043920296168],[-123.18768938188212,49.27043759611711],[-123.18768181451445,49.2704358093692],[-123.18767424612369,49.270433752766415],[-123.18766691084302,49.27043154286615],[-123.1876485098471,49.27042482781706],[-123.18763118339574,49.27041698368868]],"type":"LineString"},"properties":{"effluent_type":"Sanitary","material":"Concrete","geo_point_2d":{"lon":-123.1883640732379,"lat":49.27045448135345}}},{"type":"Feature","geometry":{"coordinates":[[-123.16425060986997,49.2639578056741],[-123.16834150820256,49.264018725121424]],"type":"LineString"},"properties":{"effluent_type":"Combined","material":"BR\/CON","geo_point_2d":{"lon":-123.16629605903626,"lat":49.263988265397764}}},{"type":"Feature","geometry":{"coordinates":[[-123.14921548082462,49.20733821216335],[-123.14917107747004,49.20750127327719]],"type":"LineString"},"properties":{"effluent_type":"Combined","material":"blank","geo_point_2d":{"lon":-123.14919327914734,"lat":49.20741974272027}}},{"type":"Feature","geometry":{"coordinates":[[-123.02990476715145,49.291161562743625],[-123.03030239478119,49.291443907200374]],"type":"LineString"},"properties":{"effluent_type":"Combined","material":"blank","geo_point_2d":{"lon":-123.03010358096631,"lat":49.291302734972}}},{"type":"Feature","geometry":{"coordinates":[[-123.16072969702981,49.25177888758797],[-123.16208211670262,49.253658250764545]],"type":"LineString"},"properties":{"effluent_type":"Combined","material":"BR\/CON","geo_point_2d":{"lon":-123.16140590686621,"lat":49.25271856917625}}},{"type":"Feature","geometry":{"coordinates":[[-123.14273629191396,49.27686379427913],[-123.14281412587145,49.27697021011466]],"type":"LineString"},"properties":{"effluent_type":"Sanitary","material":"Fibreglass","geo_point_2d":{"lon":-123.14277520889271,"lat":49.276917002196896}}},{"type":"Feature","geometry":{"coordinates":[[-123.04263722586003,49.29123543742318],[-123.0435593880636,49.29162773225302],[-123.04388153510143,49.291717193171614],[-123.04501977106065,49.291976274696665],[-123.04516128428162,49.29197621947867],[-123.04530901844343,49.29201142267439]],"type":"LineString"},"properties":{"effluent_type":"Combined","material":"blank","geo_point_2d":{"lon":-123.0439538455789,"lat":49.291691709454696}}},{"type":"Feature","geometry":{"coordinates":[[-123.0404641623026,49.23785645593379],[-123.04092103775919,49.2373843414991]],"type":"LineString"},"properties":{"effluent_type":"Sanitary","material":"blank","geo_point_2d":{"lon":-123.04069260003091,"lat":49.237620398716444}}},{"type":"Feature","geometry":{"coordinates":[[-123.04041985347737,49.23781607380259],[-123.04196553327519,49.23787580878784]],"type":"LineString"},"properties":{"effluent_type":"Storm","material":"blank","geo_point_2d":{"lon":-123.04119269337627,"lat":49.23784594129521}}},{"type":"Feature","geometry":{"coordinates":[[-123.06900182967013,49.26039942149779],[-123.06900200986844,49.260400518805746],[-123.06900232796798,49.26040194885412],[-123.06900259049068,49.260402947165595],[-123.06900289416932,49.26040389148126],[-123.06900348744426,49.2604055372503],[-123.06900373572164,49.2604061757619],[-123.06900416314396,49.260407155984495],[-123.06900459041579,49.26040802826465],[-123.06900507273777,49.26040895448319],[-123.06900638145137,49.260411148532725],[-123.06900803397134,49.260413495295445],[-123.0690108560123,49.260416776861426],[-123.06901400748906,49.2604197613886],[-123.06901674553811,49.26042194558903],[-123.06902037734342,49.2604244260974],[-123.06902433870998,49.26042669951892],[-123.06902902843161,49.26042892752913],[-123.06903454261415,49.260431038108784],[-123.06904374066812,49.26043354227607],[-123.06904584404816,49.26043396379395],[-123.06904867592108,49.26043443884772],[-123.06905119148752,49.26043477016707],[-123.06905249738007,49.26043494029559],[-123.0690553426956,49.26043519945612],[-123.06906833066874,49.26043529963524]],"type":"LineString"},"properties":{"effluent_type":"Sanitary","material":"Concrete","geo_point_2d":{"lon":-123.06903027315242,"lat":49.26042477879907}}},{"type":"Feature","geometry":{"coordinates":[[-123.07862866267871,49.27318220568299],[-123.07860088466668,49.27506303754058]],"type":"LineString"},"properties":{"effluent_type":"Storm","material":"Concrete","geo_point_2d":{"lon":-123.0786147736727,"lat":49.27412262161179}}},{"type":"Feature","geometry":{"coordinates":[[-123.17890385613302,49.22558779200125],[-123.17885821081336,49.22721822808296]],"type":"LineString"},"properties":{"effluent_type":"Combined","material":"Concrete","geo_point_2d":{"lon":-123.17888103347319,"lat":49.2264030100421}}},{"type":"Feature","geometry":{"coordinates":[[-123.08318919672982,49.21380247206287],[-123.08509580357027,49.213803592893655]],"type":"LineString"},"properties":{"effluent_type":"Combined","material":"Concrete","geo_point_2d":{"lon":-123.08414250015004,"lat":49.21380303247827}}},{"type":"Feature","geometry":{"coordinates":[[-123.16841206105326,49.22574873905785],[-123.16852300860648,49.2255800958706]],"type":"LineString"},"properties":{"effluent_type":"Combined","material":"Concrete","geo_point_2d":{"lon":-123.16846753482987,"lat":49.22566441746422}}},{"type":"Feature","geometry":{"coordinates":[[-123.10191892739405,49.27285822704237],[-123.10174929222539,49.272961002683104]],"type":"LineString"},"properties":{"effluent_type":"Sanitary","material":"Polyvinyl Chloride","geo_point_2d":{"lon":-123.10183410980972,"lat":49.27290961486274}}},{"type":"Feature","geometry":{"coordinates":[[-123.13038790052882,49.20499925773936],[-123.13021642589698,49.20499649172858]],"type":"LineString"},"properties":{"effluent_type":"Combined","material":"Concrete","geo_point_2d":{"lon":-123.13030216321289,"lat":49.20499787473397}}},{"type":"Feature","geometry":{"coordinates":[[-123.0720447742296,49.214563918109235],[-123.07212639290525,49.214564955603336]],"type":"LineString"},"properties":{"effluent_type":"Combined","material":"Concrete","geo_point_2d":{"lon":-123.07208558356743,"lat":49.214564436856286}}},{"type":"Feature","geometry":{"coordinates":[[-123.12793953650562,49.20573697445872],[-123.12808037593572,49.20567771926655]],"type":"LineString"},"properties":{"effluent_type":"Combined","material":"Concrete","geo_point_2d":{"lon":-123.12800995622068,"lat":49.20570734686264}}},{"type":"Feature","geometry":{"coordinates":[[-123.04703920274945,49.25678685532472],[-123.04953125475473,49.25680178034912]],"type":"LineString"},"properties":{"effluent_type":"Sanitary","material":"blank","geo_point_2d":{"lon":-123.04828522875209,"lat":49.25679431783692}}},{"type":"Feature","geometry":{"coordinates":[[-123.04746137662438,49.239066432942714],[-123.04681581240204,49.239738011268614]],"type":"LineString"},"properties":{"effluent_type":"Sanitary","material":"blank","geo_point_2d":{"lon":-123.04713859451321,"lat":49.23940222210567}}},{"type":"Feature","geometry":{"coordinates":[[-123.1380235739975,49.294139029131905],[-123.13780691269554,49.29417050091193]],"type":"LineString"},"properties":{"effluent_type":"Sanitary","material":"Concrete","geo_point_2d":{"lon":-123.13791524334653,"lat":49.294154765021915}}},{"type":"Feature","geometry":{"coordinates":[[-123.16830171526603,49.21600487483392],[-123.16830152236857,49.215988503698334]],"type":"LineString"},"properties":{"effluent_type":"Combined","material":"blank","geo_point_2d":{"lon":-123.16830161881731,"lat":49.21599668926613}}},{"type":"Feature","geometry":{"coordinates":[[-123.05479680922248,49.24881922052696],[-123.0562867893179,49.248807134252274]],"type":"LineString"},"properties":{"effluent_type":"Combined","material":"blank","geo_point_2d":{"lon":-123.05554179927019,"lat":49.24881317738962}}},{"type":"Feature","geometry":{"coordinates":[[-123.04946188623582,49.239860620225684],[-123.04886234824082,49.24056021935043]],"type":"LineString"},"properties":{"effluent_type":"Sanitary","material":"Vitrified Clay","geo_point_2d":{"lon":-123.04916211723834,"lat":49.240210419788056}}},{"type":"Feature","geometry":{"coordinates":[[-123.03113229470146,49.28936956416278],[-123.03237890175826,49.288794241707436]],"type":"LineString"},"properties":{"effluent_type":"Combined","material":"Concrete","geo_point_2d":{"lon":-123.03175559822986,"lat":49.28908190293511}}},{"type":"Feature","geometry":{"coordinates":[[-123.19974404160044,49.23559620037397],[-123.19923776737438,49.23524041274132],[-123.19854921083042,49.2349829845997]],"type":"LineString"},"properties":{"effluent_type":"Storm","material":"blank","geo_point_2d":{"lon":-123.19916653389231,"lat":49.2352518317977}}},{"type":"Feature","geometry":{"coordinates":[[-123.09120514972017,49.21416287076099],[-123.09196612874027,49.21417682176495]],"type":"LineString"},"properties":{"effluent_type":"Combined","material":"Concrete","geo_point_2d":{"lon":-123.0915856392302,"lat":49.21416984626296}}},{"type":"Feature","geometry":{"coordinates":[[-123.09780930600074,49.21689877927695],[-123.09781324177975,49.21680567480871]],"type":"LineString"},"properties":{"effluent_type":"Combined","material":"blank","geo_point_2d":{"lon":-123.09781127389026,"lat":49.216852227042835}}},{"type":"Feature","geometry":{"coordinates":[[-123.0259289442749,49.23413466642643],[-123.02708857226783,49.234130577347685]],"type":"LineString"},"properties":{"effluent_type":"Sanitary","material":"blank","geo_point_2d":{"lon":-123.02650875827136,"lat":49.234132621887056}}},{"type":"Feature","geometry":{"coordinates":[[-123.05853436561395,49.24917886954579],[-123.05873371683579,49.24926197422127],[-123.0587456774795,49.249267275323994],[-123.05875708903423,49.24927302646606],[-123.05876795150012,49.24927922764763],[-123.0587782647705,49.24928578891668],[-123.05878802884533,49.24929271027331],[-123.05879710631824,49.24929999178764],[-123.05880563459553,49.249307633389826],[-123.05881333886423,49.24931563521994],[-123.0588203563169,49.24932381730375],[-123.0588265497605,49.24933235961574],[-123.0588320562806,49.24934099222948],[-123.05883687609067,49.24934989504946],[-123.05884073427038,49.24935897826352],[-123.05884390563244,49.24936824173178],[-123.05884611514945,49.24937750568988],[-123.05884763774105,49.249386859950064],[-123.05884819859355,49.249396304652365],[-123.05884793500613,49.249405749774596],[-123.05884698427819,49.24941510529457],[-123.05884507170272,49.249424461304386],[-123.05877177319717,49.249720621466984]],"type":"LineString"},"properties":{"effluent_type":"Combined","material":"BR\/CON","geo_point_2d":{"lon":-123.05875773765645,"lat":49.24939862089968}}},{"type":"Feature","geometry":{"coordinates":[[-123.11335618727553,49.21324147047811],[-123.1135673055247,49.213101746229256],[-123.1145207182787,49.213101776404805]],"type":"LineString"},"properties":{"effluent_type":"Combined","material":"Concrete","geo_point_2d":{"lon":-123.11392183958964,"lat":49.21311641678595}}},{"type":"Feature","geometry":{"coordinates":[[-123.03575898421974,49.206911514034424],[-123.03571285312832,49.20690873976598],[-123.03566672243021,49.20690650519656],[-123.03562059205935,49.20690472037327],[-123.03557432466103,49.20690329538544],[-123.03552805765206,49.20690241009652],[-123.03548179096654,49.20690197455362],[-123.03543552460326,49.20690198875671],[-123.03538925856091,49.206902452705826],[-123.03534299290239,49.206903456353835],[-123.03529686478701,49.206904819753],[-123.03525059969992,49.206906632940154],[-123.03520447228152,49.2069089857844],[-123.03515834510748,49.206911689426576],[-123.035112341877,49.20691494172549],[-123.03506648991278,49.20691855377188],[-123.03502063832303,49.20692270551752],[-123.03497478704287,49.20692730700946],[-123.0349292105856,49.2069322682118],[-123.03488363449888,49.20693776911364],[-123.03379227033771,49.207060609441754],[-123.0337609707598,49.20706413575381],[-123.03372967098773,49.207067383203366],[-123.03369837115042,49.20707054069153],[-123.03366707118697,49.20707351826542],[-123.03363563380837,49.20707631596498],[-123.03360419630425,49.207078933750175],[-123.03357275867502,49.207081371621],[-123.03354132098184,49.20708371953035],[-123.03350974581387,49.20708579761228],[-123.03347817058253,49.20708778573264],[-123.03344659522732,49.207089593938576],[-123.03341501974857,49.20709122223006],[-123.0333834441466,49.207092670607096],[-123.03335173113234,49.20709393910934],[-123.03332015534546,49.20709511761035],[-123.03328844208647,49.20709602628358],[-123.0332568660554,49.20709684495568],[-123.03322515255304,49.20709739379991],[-123.03319343898976,49.20709785268254]],"type":"LineString"},"properties":{"effluent_type":"Sanitary","material":"blank","geo_point_2d":{"lon":-123.03447578744641,"lat":49.20698897370454}}},{"type":"Feature","geometry":{"coordinates":[[-123.14194857199405,49.275786952250336],[-123.14199867385256,49.27585543402797]],"type":"LineString"},"properties":{"effluent_type":"Sanitary","material":"Fibreglass","geo_point_2d":{"lon":-123.14197362292329,"lat":49.27582119313916}}},{"type":"Feature","geometry":{"coordinates":[[-123.14891263204112,49.208426134205794],[-123.14904042773635,49.20796586004729]],"type":"LineString"},"properties":{"effluent_type":"Combined","material":"blank","geo_point_2d":{"lon":-123.14897652988873,"lat":49.20819599712654}}},{"type":"Feature","geometry":{"coordinates":[[-123.0335644024944,49.28670941761671],[-123.03356114893327,49.28771014888051]],"type":"LineString"},"properties":{"effluent_type":"Combined","material":"blank","geo_point_2d":{"lon":-123.03356277571385,"lat":49.28720978324861}}},{"type":"Feature","geometry":{"coordinates":[[-123.0678092007704,49.28510966354269],[-123.06788796357405,49.28508918926309],[-123.06796712583323,49.285069263400196],[-123.06804657753317,49.28504987702283],[-123.06812631867614,49.28503103013036],[-123.06820645914478,49.28501263270568],[-123.06828673780458,49.28499477485393],[-123.06836729216344,49.28497745649351],[-123.06844812222377,49.28496067762384],[-123.06852922798792,49.28494443824434],[-123.06861047182811,49.28492864848444],[-123.06869212899441,49.28491347908847],[-123.06877392425386,49.28489876830633],[-123.0688558577213,49.28488459709414],[-123.0689380669045,49.28487096536964],[-123.0690205518059,49.28485787313219],[-123.06910317504858,49.284845410415095],[-123.06918593638389,49.2848333973148],[-123.06926897344502,49.28482192370017],[-123.0693520112245,49.28481098973572]],"type":"LineString"},"properties":{"effluent_type":"Combined","material":"Polyvinyl Chloride","geo_point_2d":{"lon":-123.06857737768993,"lat":49.28494369204631}}},{"type":"Feature","geometry":{"coordinates":[[-123.19972951374983,49.235931505642014],[-123.19814072373198,49.235470842023474]],"type":"LineString"},"properties":{"effluent_type":"Sanitary","material":"blank","geo_point_2d":{"lon":-123.1989351187409,"lat":49.235701173832744}}},{"type":"Feature","geometry":{"coordinates":[[-123.16746802542808,49.227205608741905],[-123.16745571840326,49.22722160217578]],"type":"LineString"},"properties":{"effluent_type":"Combined","material":"blank","geo_point_2d":{"lon":-123.16746187191566,"lat":49.22721360545884}}},{"type":"Feature","geometry":{"coordinates":[[-123.07384164025297,49.26048072382013],[-123.0739879132222,49.26048872593226],[-123.07443595140685,49.2604924140349]],"type":"LineString"},"properties":{"effluent_type":"Sanitary","material":"Concrete","geo_point_2d":{"lon":-123.07413871528507,"lat":49.26048912979052}}},{"type":"Feature","geometry":{"coordinates":[[-123.14517701730047,49.27201611452701],[-123.1450589861716,49.27208184673128],[-123.14500635368034,49.27218193935945],[-123.14493422450313,49.27229033199778],[-123.14484943566603,49.27239461166578],[-123.1447523981527,49.27249431007079],[-123.14464503600605,49.272589253864915]],"type":"LineString"},"properties":{"effluent_type":"Sanitary","material":"Fibreglass","geo_point_2d":{"lon":-123.14491241861609,"lat":49.27229901968256}}},{"type":"Feature","geometry":{"coordinates":[[-123.02527994709835,49.29242971623878],[-123.02688221741572,49.29180916536995]],"type":"LineString"},"properties":{"effluent_type":"Combined","material":"Concrete","geo_point_2d":{"lon":-123.02608108225702,"lat":49.29211944080436}}},{"type":"Feature","geometry":{"coordinates":[[-123.1070188055221,49.25850742805771],[-123.10699686030397,49.25922070584164]],"type":"LineString"},"properties":{"effluent_type":"Combined","material":"Concrete","geo_point_2d":{"lon":-123.10700783291303,"lat":49.25886406694968}}},{"type":"Feature","geometry":{"coordinates":[[-123.10959023711376,49.25966602977428],[-123.10956350588995,49.26030547076125]],"type":"LineString"},"properties":{"effluent_type":"Combined","material":"BR\/CON","geo_point_2d":{"lon":-123.10957687150186,"lat":49.25998575026777}}},{"type":"Feature","geometry":{"coordinates":[[-123.10373599875997,49.226797483403836],[-123.10373695611133,49.226782424473036]],"type":"LineString"},"properties":{"effluent_type":"Combined","material":"Concrete","geo_point_2d":{"lon":-123.10373647743566,"lat":49.226789953938436}}},{"type":"Feature","geometry":{"coordinates":[[-123.09779259394205,49.217538807472145],[-123.09780930600074,49.21689877927695]],"type":"LineString"},"properties":{"effluent_type":"Combined","material":"blank","geo_point_2d":{"lon":-123.0978009499714,"lat":49.21721879337455}}},{"type":"Feature","geometry":{"coordinates":[[-123.20260902386102,49.27527772901287],[-123.20235244926748,49.2754059193679]],"type":"LineString"},"properties":{"effluent_type":"Combined","material":"RC","geo_point_2d":{"lon":-123.20248073656425,"lat":49.275341824190384}}},{"type":"Feature","geometry":{"coordinates":[[-123.2034174658808,49.27529069192222],[-123.20260902386102,49.27527772901287]],"type":"LineString"},"properties":{"effluent_type":"Combined","material":"RC","geo_point_2d":{"lon":-123.20301324487092,"lat":49.27528421046755}}},{"type":"Feature","geometry":{"coordinates":[[-123.17097020035116,49.27109082508357],[-123.17364663486623,49.27112379507915],[-123.17365887190468,49.27112449630395],[-123.17367110957498,49.27112537743047],[-123.17368321009508,49.271126348713835],[-123.17369531093146,49.271127409947425],[-123.17370754955061,49.271128560924616],[-123.17371965101974,49.27112980205866],[-123.17373161533888,49.27113113334965],[-123.17374371775693,49.271132644335694],[-123.17375568270926,49.27113415552721],[-123.17376764829417,49.27113584662049],[-123.17377961419588,49.27113762766402],[-123.1737915804144,49.27113949865781],[-123.17380340979938,49.27114154976017],[-123.17381523915371,49.27114359186616],[-123.1738270691727,49.2711458228691],[-123.17383876172629,49.271148054077635],[-123.17385045491308,49.27115046518799],[-123.17386214841714,49.271152966248685],[-123.17387370477198,49.27115555746653],[-123.17388567289531,49.2711579681596],[-123.173897777854,49.271160198741526],[-123.173909745031,49.27116233957758],[-123.1739218493594,49.27116439025398],[-123.1739340767762,49.271166260839856],[-123.17394631762429,49.27116804145225],[-123.17395855815701,49.27116973211181],[-123.17397079805791,49.271171242867105],[-123.17398303764324,49.27117266366958],[-123.1739954143795,49.271173994312235],[-123.17400779080002,49.27117523500209],[-123.17402016658838,49.27117629578758],[-123.17403267952743,49.271177266413204],[-123.1740450543675,49.27117805734154],[-123.17405756635804,49.27117875810996],[-123.1740699405659,49.27117936913262],[-123.17408245192412,49.27117988999533],[-123.17409496264955,49.271180230953675],[-123.17410747305858,49.27118048195919]],"type":"LineString"},"properties":{"effluent_type":"Combined","material":"Concrete","geo_point_2d":{"lon":-123.17254055884567,"lat":49.271114262920804}}},{"type":"Feature","geometry":{"coordinates":[[-123.10373695611133,49.226782424473036],[-123.10373864305294,49.22675504137598]],"type":"LineString"},"properties":{"effluent_type":"Combined","material":"Concrete","geo_point_2d":{"lon":-123.10373779958213,"lat":49.22676873292451}}},{"type":"Feature","geometry":{"coordinates":[[-123.21010133768804,49.27451000252378],[-123.20852989680056,49.274493518542094]],"type":"LineString"},"properties":{"effluent_type":"Combined","material":"RC","geo_point_2d":{"lon":-123.2093156172443,"lat":49.27450176053294}}},{"type":"Feature","geometry":{"coordinates":[[-123.19064250874979,49.26880056402702],[-123.19066065275652,49.26880035418463],[-123.19067879780303,49.268800414193784],[-123.19069694354297,49.268800654102975],[-123.19071508997652,49.26880107391222],[-123.19073323745064,49.26880176357301],[-123.19075138561884,49.26880263313386],[-123.1907695344813,49.26880368259476],[-123.19078754692524,49.26880500213415],[-123.19080556041078,49.26880659152513],[-123.19082358799038,49.26880827084202],[-123.19084146575317,49.2688103102117],[-123.1908593438644,49.26881243953003],[-123.19087708555833,49.26881483892704],[-123.1908948282951,49.26881750817571],[-123.19091243392097,49.26882026760023],[-123.19093004093726,49.26882338682788],[-123.19094751084297,49.26882659623147],[-123.19096484433258,49.268830075713964],[-123.1910097372388,49.2688438541209],[-123.19314510546153,49.26962820310402]],"type":"LineString"},"properties":{"effluent_type":"Storm","material":"Concrete","geo_point_2d":{"lon":-123.1919020216966,"lat":49.269176659729496}}},{"type":"Feature","geometry":{"coordinates":[[-123.08316095045933,49.21382583516152],[-123.0831617633671,49.2138193129961],[-123.08316203571952,49.21381796350756],[-123.08316244553079,49.21381670387288],[-123.08316299249907,49.21381535418664],[-123.08316367692616,49.21381409435426],[-123.08316449881205,49.21381292437572],[-123.08316545785492,49.21381166434561],[-123.08316655450747,49.21381058412206],[-123.08316778846788,49.213809503799645],[-123.0831691597362,49.21380842337836],[-123.08317066861416,49.21380752276364],[-123.08317217749207,49.21380662214888],[-123.08317382382877,49.21380581138796],[-123.08317547031633,49.213805090579754],[-123.0831773915706,49.21380445952648],[-123.08317917551688,49.213803828572054],[-123.08318109707292,49.21380337742418],[-123.08318315608774,49.213803016130086],[-123.08318507794557,49.2138027448876],[-123.08318713726224,49.213802563498895],[-123.08318919672982,49.21380247206287]],"type":"LineString"},"properties":{"effluent_type":"Combined","material":"Concrete","geo_point_2d":{"lon":-123.08317145631383,"lat":49.21381028330543}}},{"type":"Feature","geometry":{"coordinates":[[-123.02834806639879,49.26139440845388],[-123.02862495179178,49.26132084934277]],"type":"LineString"},"properties":{"effluent_type":"Storm","material":"RC","geo_point_2d":{"lon":-123.02848650909527,"lat":49.261357628898324}}},{"type":"Feature","geometry":{"coordinates":[[-123.04503768063458,49.24176714474859],[-123.04503879496247,49.24176879943802],[-123.04504083090241,49.24177169511101],[-123.04504294925755,49.24177457276138],[-123.04504513628117,49.241777423399185],[-123.04504740571184,49.24178024701911],[-123.045049743811,49.241783043626505],[-123.0450521643172,49.24178581321599],[-123.04505465349192,49.241788555792944],[-123.0450572250737,49.241791271351964],[-123.04505985157732,49.24179395090856],[-123.04506256049616,49.24179661244247],[-123.04506533806719,49.24179922897334],[-123.04506818430674,49.24180181849166],[-123.0450710992149,49.2418043809974],[-123.0450740827752,49.24180689850008],[-123.04507712126549,49.24180938899553],[-123.04508024215473,49.24181184347779],[-123.0450924641742,49.24182110380333]],"type":"LineString"},"properties":{"effluent_type":"Storm","material":"Concrete","geo_point_2d":{"lon":-123.04506342921907,"lat":49.241795754745056}}},{"type":"Feature","geometry":{"coordinates":[[-123.06077597257129,49.250133985597905],[-123.06260286631337,49.25072292597333]],"type":"LineString"},"properties":{"effluent_type":"Sanitary","material":"Polyvinyl Chloride","geo_point_2d":{"lon":-123.06168941944233,"lat":49.25042845578562}}},{"type":"Feature","geometry":{"coordinates":[[-123.15646356596088,49.213363715661856],[-123.1551646060514,49.212373728374935],[-123.15516198630372,49.21237022373146],[-123.15515936655639,49.2123667190879],[-123.15515702113507,49.212363124122916],[-123.15515467543256,49.21235943920536],[-123.15515246731545,49.21235584405586],[-123.15515039593916,49.21235206881685],[-123.15514846214823,49.2123483833459],[-123.15514666537959,49.212344607737975],[-123.15514500591469,49.212340831945625],[-123.15514334645009,49.21233705615324],[-123.15514196159263,49.21233327999199],[-123.1551407137574,49.21232941369381],[-123.15513946592236,49.21232554739561],[-123.15513849269439,49.21232168072858],[-123.15513751946659,49.212317814061535],[-123.15513668326088,49.21231385725754],[-123.15513612194358,49.21230999003725],[-123.1551355603449,49.21230603286445],[-123.1551351363312,49.21230216545973],[-123.15554505583059,49.21086187305346],[-123.15554435748098,49.2108580959716],[-123.15554365913147,49.21085431888976],[-123.15554268618332,49.21085054217765],[-123.15554157593601,49.21084676565044],[-123.15554032841771,49.21084299830334],[-123.15553908115359,49.21083931191351],[-123.15553769630813,49.21083553575601],[-123.15553603714646,49.21083184992078],[-123.15553437798502,49.21082816408555],[-123.15553331409262,49.21082603363408]],"type":"LineString"},"properties":{"effluent_type":"Combined","material":"Concrete","geo_point_2d":{"lon":-123.15557615444315,"lat":49.21223890320457}}},{"type":"Feature","geometry":{"coordinates":[[-123.14518792058644,49.27198398798157],[-123.14517701730047,49.27201611452701]],"type":"LineString"},"properties":{"effluent_type":"Sanitary","material":"Fibreglass","geo_point_2d":{"lon":-123.14518246894346,"lat":49.272000051254295}}},{"type":"Feature","geometry":{"coordinates":[[-123.14072559457186,49.2694623893889],[-123.14072590710558,49.26947561195008],[-123.14072773146681,49.26948874271794],[-123.14073092993873,49.26950169190812],[-123.14073564024045,49.26951454930476],[-123.14074186160545,49.26952704505267],[-123.14074945682842,49.26953926927071],[-123.14075842539839,49.269551042055284],[-123.14076862985385,49.26956236357354],[-123.1407802074017,49.26957314370599],[-123.14079302032415,49.26958329266804],[-123.14080693141506,49.2695929005785],[-123.14082180244411,49.26960169774948],[-123.1408377711296,49.26960977396474],[-123.14085456229033,49.269617039607276],[-123.14087203846334,49.26962349484437],[-123.14089033685444,49.2696290495564],[-123.14090918253787,49.26963370407828],[-123.14092843805021,49.269637458577385],[-123.14094810313428,49.269640223101824],[-123.14096804032638,49.269641997819164],[-123.14098811216289,49.269642782896945],[-123.14100206530217,49.269643008740715]],"type":"LineString"},"properties":{"effluent_type":"Combined","material":"Concrete","geo_point_2d":{"lon":-123.14083704719258,"lat":49.26958624054941}}},{"type":"Feature","geometry":{"coordinates":[[-123.05578188378392,49.254042050447566],[-123.05604226599118,49.25364101649457],[-123.05604761634854,49.25363309810562],[-123.0560533791631,49.2536253594207],[-123.05605969175122,49.25361771042089],[-123.0560662793779,49.253610241191666],[-123.05607327935947,49.25360286171415],[-123.05608069189962,49.25359575189252],[-123.05608837937616,49.253588731889145],[-123.05609661682944,49.25358198147481],[-123.05610499180065,49.25357532094531],[-123.0561139167485,49.25356893000466],[-123.05612311673444,49.253562718834125],[-123.05613259186049,49.253556777385775],[-123.05614247934085,49.25355092568846],[-123.05615250464521,49.25354543373212],[-123.0561629424059,49.2535401214788],[-123.05617365530689,49.253535078947344],[-123.05618464324614,49.253530216185574],[-123.0561959064279,49.25352571309765],[-123.05620730723003,49.2535213898461],[-123.05643866622032,49.253414422837885]],"type":"LineString"},"properties":{"effluent_type":"Combined","material":"blank","geo_point_2d":{"lon":-123.05606891305389,"lat":49.25368094524402}}},{"type":"Feature","geometry":{"coordinates":[[-123.07939325572035,49.264365211527526],[-123.07938290838199,49.26494942111283],[-123.07938183634467,49.26496660268687],[-123.07937897731395,49.26498369553646],[-123.07937460604352,49.2650006095208],[-123.07936858508197,49.26501734473408],[-123.07936105173337,49.26503381112977],[-123.07935186854631,49.26505000880187],[-123.07934117253676,49.265065667799895],[-123.07932896384783,49.26508087807535],[-123.07931537992862,49.26509563953339],[-123.07930028303976,49.265109772364056],[-123.07928394793691,49.265123186426116],[-123.07926637476392,49.265135971671086],[-123.0792477008267,49.2651480380521],[-123.0792277885309,49.265159295711],[-123.0792067751831,49.265169654600996],[-123.07918493582851,49.265179204485044],[-123.07916213287334,49.26518785550489],[-123.07913864107546,49.26519551751974],[-123.0791144604359,49.26520219052924],[-123.07908959081212,49.26520778458095],[-123.07771842765358,49.265489923032085],[-123.07769616845437,49.26549497531554],[-123.07767432315771,49.26550101678866],[-123.07765316638285,49.26550786736306],[-123.07763269827007,49.26551561699108],[-123.07761306987409,49.26552417561958],[-123.07759425370408,49.26553354326742],[-123.07757640081512,49.26554362988161],[-123.07755951120706,49.26555443546253],[-123.07754372219028,49.26556586996646],[-123.07752903390593,49.26557802334576],[-123.07751544607235,49.265590715697],[-123.07750323345226,49.265603856884276],[-123.07749225873566,49.26561753695207],[-123.07748265923402,49.265631665856674],[-123.07747429735575,49.26564615373866],[-123.07746744800524,49.26566100041398],[-123.07746211090206,49.26567602597905],[-123.0774580111439,49.265691230618344],[-123.07745556108749,49.26570661405564],[-123.07745448568969,49.26572208652333],[-123.07744670632677,49.266108777451656]],"type":"LineString"},"properties":{"effluent_type":"Combined","material":"Concrete","geo_point_2d":{"lon":-123.0784827722931,"lat":49.265286109136866}}},{"type":"Feature","geometry":{"coordinates":[[-123.08384248281683,49.250141146315656],[-123.0837795411989,49.25197949208726]],"type":"LineString"},"properties":{"effluent_type":"Combined","material":"blank","geo_point_2d":{"lon":-123.08381101200786,"lat":49.25106031920146}}},{"type":"Feature","geometry":{"coordinates":[[-123.02409161297963,49.234558173758984],[-123.02419726949022,49.234547762163714]],"type":"LineString"},"properties":{"effluent_type":"Storm","material":"blank","geo_point_2d":{"lon":-123.02414444123492,"lat":49.23455296796135}}},{"type":"Feature","geometry":{"coordinates":[[-123.02712861258725,49.23407785578664],[-123.02829730464947,49.23407281693946]],"type":"LineString"},"properties":{"effluent_type":"Storm","material":"blank","geo_point_2d":{"lon":-123.02771295861837,"lat":49.23407533636305}}},{"type":"Feature","geometry":{"coordinates":[[-123.07405221008015,49.2119640820926],[-123.0740539552309,49.211845523107904]],"type":"LineString"},"properties":{"effluent_type":"Combined","material":"blank","geo_point_2d":{"lon":-123.07405308265552,"lat":49.21190480260025}}},{"type":"Feature","geometry":{"coordinates":[[-123.03093090840015,49.289471083687324],[-123.03092967160582,49.29008798128811]],"type":"LineString"},"properties":{"effluent_type":"Combined","material":"Concrete","geo_point_2d":{"lon":-123.030930290003,"lat":49.289779532487714}}},{"type":"Feature","geometry":{"coordinates":[[-123.03148911618884,49.288706604841806],[-123.0313448618711,49.288706464157755],[-123.0313140587658,49.28870720111738],[-123.03128339413733,49.288709458214115],[-123.03125314302045,49.28871324436887],[-123.03122330529888,49.288718379678706],[-123.03119415611572,49.28872504397293],[-123.03116583287117,49.28873305731173],[-123.03113847313595,49.28874250961028],[-123.03111235182718,49.28875322089195],[-123.03108746894362,49.28876519115757],[-123.03106409946005,49.28877833038234],[-123.0310422433195,49.28879254861559],[-123.0310221755543,49.288807845784326],[-123.0310037585357,49.288824042023094],[-123.03098726729691,49.288841137258906],[-123.03097283924272,49.288858951552484],[-123.03096048812633,49.288877484900915],[-123.03095032379377,49.288896467420514],[-123.03094222253877,49.2889159890966],[-123.03093645922776,49.28893578000109],[-123.03093303386345,49.288955840134335],[-123.03093180887566,49.28897607958175],[-123.03093090840015,49.289471083687324]],"type":"LineString"},"properties":{"effluent_type":"Combined","material":"Concrete","geo_point_2d":{"lon":-123.03106801829104,"lat":49.288962687424196}}},{"type":"Feature","geometry":{"coordinates":[[-123.17402879391977,49.26504278684814],[-123.17424009910108,49.265113872343726]],"type":"LineString"},"properties":{"effluent_type":"Combined","material":"RC","geo_point_2d":{"lon":-123.17413444651044,"lat":49.26507832959594}}},{"type":"Feature","geometry":{"coordinates":[[-123.18555877647755,49.22944327057578],[-123.18555669932309,49.229548788358784]],"type":"LineString"},"properties":{"effluent_type":"Combined","material":"RC","geo_point_2d":{"lon":-123.18555773790033,"lat":49.229496029467285}}},{"type":"Feature","geometry":{"coordinates":[[-123.18554351406617,49.22996338324476],[-123.18555669932309,49.229548788358784]],"type":"LineString"},"properties":{"effluent_type":"Combined","material":"RC","geo_point_2d":{"lon":-123.18555010669462,"lat":49.22975608580177}}},{"type":"Feature","geometry":{"coordinates":[[-123.07721245624703,49.280754766902426],[-123.07713994763824,49.28297096592085],[-123.07715793378328,49.28338590130206],[-123.07714507150705,49.283866890816434]],"type":"LineString"},"properties":{"effluent_type":"Combined","material":"blank","geo_point_2d":{"lon":-123.07716874928347,"lat":49.28231083947305}}},{"type":"Feature","geometry":{"coordinates":[[-123.18787638709225,49.26436231760829],[-123.18788011403936,49.26411307227393]],"type":"LineString"},"properties":{"effluent_type":"Combined","material":"Vitrified Clay","geo_point_2d":{"lon":-123.1878782505658,"lat":49.26423769494111}}},{"type":"Feature","geometry":{"coordinates":[[-123.10202494796788,49.27201940378596],[-123.10202427828224,49.27202130236295],[-123.10202103940216,49.27203058826155],[-123.10201804705689,49.27203943317793],[-123.1020148900069,49.27204840417236],[-123.10201170659332,49.2720579238967],[-123.10200876999295,49.27206713756647],[-123.10200590149564,49.27207604533948],[-123.10200301952854,49.27208508805222],[-123.10200006925217,49.27209433771456],[-123.10199727015413,49.27210356925301],[-123.10199445734521,49.27211281879386],[-123.10199186396736,49.27212181627556],[-123.10198906488479,49.2721310568089],[-123.10198654074051,49.27214029709953],[-123.10198394735981,49.272149294581],[-123.10198142328782,49.272158570852156],[-123.10197888565337,49.27216793708718],[-123.10197652633929,49.272177114265695],[-123.10197420807984,49.27218620145598],[-123.10197188965265,49.272195207689634],[-123.10196948955853,49.27220460978376],[-123.10196725400093,49.27221380484319],[-123.10196499139346,49.27222321581105],[-123.1019618855928,49.27223705315753],[-123.10196086396746,49.27224161462154],[-123.10195876595073,49.27225084554017],[-123.10195672388518,49.27226054415935],[-123.10195488611451,49.27226931609341],[-123.1019529258065,49.272278663827855],[-123.10195111667781,49.272287993438475],[-123.10194881775365,49.272299797159064],[-123.10194752548604,49.27230644574629],[-123.10194585402937,49.27231587418244],[-123.10194422305314,49.27232493377993],[-123.10194255140986,49.27233427226424],[-123.10194100352624,49.27234362862969],[-123.10193951025943,49.272352805043084],[-123.10193797604755,49.27236212541566],[-123.10193656581785,49.2723715716115],[-123.10193519664338,49.27238092781916],[-123.10193397812978,49.27239001403811],[-123.1019325816085,49.272399442231375],[-123.10193147360778,49.272408789213344],[-123.10193024154964,49.27241797439129],[-123.10192914731361,49.27242733035625],[-123.10192802569432,49.2724367403165],[-123.10192708228587,49.27244590724936],[-123.10192597428306,49.27245525423121],[-123.10192514142487,49.27246469991744],[-123.10192419803388,49.272473875845385],[-123.10192337882943,49.27248327654357],[-123.10192254578496,49.27249263227798],[-123.1019223986443,49.27249461134999],[-123.1019211681982,49.27251125354032],[-123.10192048650035,49.27252067210752],[-123.10192034173497,49.272523136917776],[-123.1019199395236,49.27253009055585],[-123.10191886695326,49.27254863059229],[-123.10191847398028,49.27255806689511],[-123.10191089370632,49.27272884729481]],"type":"LineString"},"properties":{"effluent_type":"Sanitary","material":"Ductile Iron","geo_point_2d":{"lon":-123.10194804728417,"lat":49.27237072033631}}},{"type":"Feature","geometry":{"coordinates":[[-123.18777979786162,49.26614690805672],[-123.18774985380482,49.266905891264244]],"type":"LineString"},"properties":{"effluent_type":"Storm","material":"BHS","geo_point_2d":{"lon":-123.18776482583323,"lat":49.26652639966048}}},{"type":"Feature","geometry":{"coordinates":[[-123.13136258334075,49.26539795777736],[-123.13134110473335,49.2659487765233]],"type":"LineString"},"properties":{"effluent_type":"Combined","material":"blank","geo_point_2d":{"lon":-123.13135184403706,"lat":49.26567336715033}}},{"type":"Feature","geometry":{"coordinates":[[-123.14921548082462,49.20733821216335],[-123.14950171974803,49.20628718234255]],"type":"LineString"},"properties":{"effluent_type":"Combined","material":"blank","geo_point_2d":{"lon":-123.14935860028632,"lat":49.20681269725295}}},{"type":"Feature","geometry":{"coordinates":[[-123.08128282634873,49.26439868212608],[-123.08128221962629,49.264548119871684]],"type":"LineString"},"properties":{"effluent_type":"Sanitary","material":"Steel","geo_point_2d":{"lon":-123.08128252298751,"lat":49.26447340099888}}},{"type":"Feature","geometry":{"coordinates":[[-123.10272193403837,49.27029872525772],[-123.10265402101535,49.27070025915924],[-123.1026515653528,49.27070928352124],[-123.10264916432108,49.27071813692591],[-123.1026466666892,49.27072681051242],[-123.1026440736889,49.27073589796258],[-123.10264153505811,49.27074468852292],[-123.10263880440347,49.270753686143244],[-123.10263629318938,49.27076244069833],[-123.10263349329604,49.270771195509745],[-123.10263076263851,49.27078019312986],[-123.1026275393791,49.270790288601134],[-123.10262510834569,49.27079793667577],[-123.10262233581099,49.27080662849621],[-123.10261939831612,49.27081532046307],[-123.10261646104414,49.270824120371984],[-123.10261334536374,49.27083306436236],[-123.1026103395618,49.27084196327908],[-123.10260737417775,49.27085046637127],[-123.10260410711346,49.27085932953905],[-123.10260096386078,49.27086823757274],[-123.10259775146353,49.27087694777346],[-123.10259456665165,49.27088570292555],[-123.10259092967368,49.270895169099354],[-123.10258783963091,49.270903222541925],[-123.10258444880272,49.270912067828554],[-123.10258112614693,49.27092064319872],[-123.10257577898501,49.27093404179025],[-123.10257419258154,49.27093800108407],[-123.10257049926659,49.27094681965318],[-123.1025669436032,49.270955728051895],[-123.10256345547829,49.27096406069812],[-123.10255962487952,49.270972969340654],[-123.10255595892217,49.27098172491859],[-123.10255314051962,49.270988194964815],[-123.10254850253789,49.27099887637681],[-123.10254664158869,49.27100302481297],[-123.10254172917449,49.27101394933846],[-123.10253681673947,49.27102486486852],[-123.10253287584104,49.27103362068966],[-123.102528893142,49.27104210669188],[-123.10252489689996,49.27105069165313],[-123.10252065351479,49.2710594207566],[-123.1025165477812,49.271068239689725],[-123.10251245501001,49.27107668081307],[-123.10250830738119,49.271085184951225],[-123.10250404975892,49.27109368019161],[-123.10249966889958,49.27110240941621],[-123.1024978891739,49.27110595510143]],"type":"LineString"},"properties":{"effluent_type":"Sanitary","material":"Ductile Iron","geo_point_2d":{"lon":-123.10263367842282,"lat":49.27070943953226}}},{"type":"Feature","geometry":{"coordinates":[[-123.07768252614285,49.2607884770069],[-123.07845059841485,49.26137675743033],[-123.0784556346315,49.26138048702218],[-123.07846150831948,49.261383640351724],[-123.07846773910948,49.26138664051992],[-123.07847389988237,49.26138882217135],[-123.07848074748442,49.261390769480506],[-123.07848751168156,49.26139212316217],[-123.07849529270607,49.26139333222929],[-123.07850219311682,49.26139391222962],[-123.07851918137443,49.26139433245585]],"type":"LineString"},"properties":{"effluent_type":"Sanitary","material":"Concrete","geo_point_2d":{"lon":-123.07809553377423,"lat":49.261103916158504}}},{"type":"Feature","geometry":{"coordinates":[[-123.10225177315382,49.271553998883604],[-123.10208976606427,49.27184677376111],[-123.10202755838334,49.272012007432636],[-123.10202494796788,49.27201940378596]],"type":"LineString"},"properties":{"effluent_type":"Sanitary","material":"Ductile Iron","geo_point_2d":{"lon":-123.10213044903966,"lat":49.27178305400161}}},{"type":"Feature","geometry":{"coordinates":[[-123.05522316808523,49.247886913981844],[-123.05524186367363,49.24789483883587],[-123.0552646831006,49.247904335879305],[-123.05528611394698,49.24791309597397],[-123.05530681605485,49.24792139765684],[-123.05532500244584,49.24792857613714],[-123.05534243266524,49.24793534119624],[-123.05536428903433,49.24794369628722],[-123.05537747149023,49.24794864634033],[-123.05540123827147,49.247957450270015],[-123.05541620752338,49.247962894199425],[-123.05543186399346,49.24796851770173],[-123.05544451006836,49.247973000252614],[-123.05545701863197,49.24797738392063],[-123.05546877113008,49.247981453117276],[-123.0554788741218,49.24798492042449],[-123.05548743758915,49.24798783976129],[-123.05549538248295,49.247990525518645],[-123.05550642007944,49.24799422625045],[-123.0555182411155,49.247998142490225],[-123.05552893499654,49.24800165448525],[-123.05553909277612,49.248004959846746],[-123.05554971785782,49.24800838192063],[-123.0555602054574,49.24801173209783],[-123.05556970336428,49.248014731936166],[-123.05558071319832,49.24801817181262],[-123.05559188794761,49.24802163859432],[-123.0555999837734,49.24802412637679],[-123.05560945407318,49.248027009287185],[-123.0556188418717,49.24802983826515],[-123.05562880693522,49.248032819883306],[-123.05563879945016,49.248035774501666],[-123.0556467027346,49.24803810045948],[-123.05566051624562,49.24804211467248],[-123.05568121578956,49.248048032553704],[-123.05569185414494,49.24805102283714],[-123.05570875999861,49.24805571919103],[-123.05572255950594,49.248059490532164],[-123.05573387121169,49.24806254345354],[-123.05574784929604,49.24806626972936],[-123.05575683812467,49.24806864013195],[-123.05576905684633,49.24807182754059],[-123.05578073949518,49.24807483530214],[-123.05579462115102,49.248078336738146],[-123.05580670232241,49.24808138928078],[-123.05581380804568,49.24808314891298],[-123.05581970427806,49.248084603291375],[-123.05582777206689,49.248086578343376]],"type":"LineString"},"properties":{"effluent_type":"Sanitary","material":"Polyvinyl Chloride","geo_point_2d":{"lon":-123.05552272654063,"lat":49.24799502819608}}},{"type":"Feature","geometry":{"coordinates":[[-123.06876157296043,49.25491696382911],[-123.06877411093365,49.25493051216026],[-123.06878049697526,49.2549374616624],[-123.06878503880114,49.25494242431893],[-123.06878830069054,49.25494601146896],[-123.06879193415742,49.254949985192034],[-123.06879520982753,49.2549535993193],[-123.06879949021689,49.254958319260034],[-123.06880337150793,49.25496262565823],[-123.06880759688,49.25496730965055],[-123.0688122214272,49.25497246115633],[-123.06881635049292,49.25497706424869],[-123.06881906194803,49.25498011201262],[-123.068821222852,49.25498253943433],[-123.06882544831502,49.254987286392435],[-123.06882978390416,49.25499216821308],[-123.06883425716651,49.254997229855874],[-123.06888006476348,49.255050022475984],[-123.06892317703651,49.255101422426605],[-123.06895690329345,49.255142861261675],[-123.06898838723507,49.255182592334144],[-123.06903201581493,49.255239452031894],[-123.06906333843452,49.25528166585976],[-123.06909188147011,49.25532123674713],[-123.06923504855142,49.2555567627734]],"type":"LineString"},"properties":{"effluent_type":"Sanitary","material":"Polyvinyl Chloride","geo_point_2d":{"lon":-123.06901132775907,"lat":49.25522727040166}}},{"type":"Feature","geometry":{"coordinates":[[-123.06607462862317,49.25862371488184],[-123.06758258655816,49.258640275379875]],"type":"LineString"},"properties":{"effluent_type":"Sanitary","material":"Polyvinyl Chloride","geo_point_2d":{"lon":-123.06682860759068,"lat":49.25863199513085}}},{"type":"Feature","geometry":{"coordinates":[[-123.06533142775342,49.25861772393269],[-123.06607462862317,49.25862371488184]],"type":"LineString"},"properties":{"effluent_type":"Sanitary","material":"Polyvinyl Chloride","geo_point_2d":{"lon":-123.0657030281883,"lat":49.25862071940726}}},{"type":"Feature","geometry":{"coordinates":[[-123.14904042773635,49.20796586004729],[-123.14917107747004,49.20750127327719]],"type":"LineString"},"properties":{"effluent_type":"Combined","material":"blank","geo_point_2d":{"lon":-123.14910575260319,"lat":49.20773356666224}}},{"type":"Feature","geometry":{"coordinates":[[-123.14865449141841,49.20939175168449],[-123.14865436934949,49.20936477495794]],"type":"LineString"},"properties":{"effluent_type":"Combined","material":"RC","geo_point_2d":{"lon":-123.14865443038394,"lat":49.20937826332121}}},{"type":"Feature","geometry":{"coordinates":[[-123.13625688503598,49.294720800795304],[-123.13616722700392,49.294780553373975]],"type":"LineString"},"properties":{"effluent_type":"Sanitary","material":"High Density Polyethylene","geo_point_2d":{"lon":-123.13621205601996,"lat":49.294750677084636}}},{"type":"Feature","geometry":{"coordinates":[[-123.06871673791035,49.25488152235853],[-123.06876157296043,49.25491696382911]],"type":"LineString"},"properties":{"effluent_type":"Sanitary","material":"Polyvinyl Chloride","geo_point_2d":{"lon":-123.0687391554354,"lat":49.25489924309382}}},{"type":"Feature","geometry":{"coordinates":[[-123.07221721674543,49.21996089584239],[-123.073020570434,49.21997138303051],[-123.07303691330488,49.219972182273004],[-123.07305325564597,49.21997262170262],[-123.07306959719166,49.21997252141401],[-123.07308580101434,49.219972151352046],[-123.07310214136577,49.219971241485034],[-123.07311834386074,49.21996997189205],[-123.07313440849897,49.219968342573125],[-123.07315047233956,49.21996617353609],[-123.07316626113035,49.21996373481286],[-123.07318191193053,49.21996084641123],[-123.07319742473966,49.21995750833128],[-123.07321279969025,49.21995381052569],[-123.07322789945698,49.21994975308155],[-123.07324272390672,49.219945246046365],[-123.07325727330499,49.219940469325515],[-123.07327154738573,49.2199352430138],[-123.0732854089567,49.21992965715108],[-123.07329899534264,49.219923711650424],[-123.07331230667643,49.2199174964645],[-123.07332506817511,49.21991092181512]],"type":"LineString"},"properties":{"effluent_type":"Combined","material":"blank","geo_point_2d":{"lon":-123.0727754426936,"lat":49.219962982481846}}},{"type":"Feature","geometry":{"coordinates":[[-123.06920957689299,49.22034446939553],[-123.07033159110391,49.219941082334145]],"type":"LineString"},"properties":{"effluent_type":"Combined","material":"blank","geo_point_2d":{"lon":-123.06977058399845,"lat":49.220142775864836}}},{"type":"Feature","geometry":{"coordinates":[[-123.07944915171974,49.26394308214724],[-123.07934359918157,49.26410166817049]],"type":"LineString"},"properties":{"effluent_type":"Sanitary","material":"blank","geo_point_2d":{"lon":-123.07939637545064,"lat":49.264022375158866}}},{"type":"Feature","geometry":{"coordinates":[[-123.06528480865781,49.258595334215],[-123.06528573126872,49.25859670996119],[-123.06528712171863,49.25859851721319],[-123.06528830543894,49.258599883816565],[-123.0652898055144,49.25860144813585],[-123.06529122284586,49.25860279661678],[-123.06529259872228,49.25860397421206],[-123.06529386442756,49.258604980960584],[-123.06529537765323,49.25860609551173],[-123.06529804617584,49.25860786606044],[-123.06530046684595,49.25860927694071],[-123.06530280479578,49.25861048997295],[-123.06530596764765,49.258611936414454],[-123.06530925399876,49.25861323886264],[-123.06531234760075,49.25861428055853],[-123.06531522103825,49.258615115488915],[-123.06531830052926,49.25861587834103],[-123.06532290569623,49.258616775258695],[-123.06532601225835,49.258617223262874],[-123.06533142775342,49.25861772393269]],"type":"LineString"},"properties":{"effluent_type":"Sanitary","material":"Polyvinyl Chloride","geo_point_2d":{"lon":-123.06530630757952,"lat":49.258609992453465}}},{"type":"Feature","geometry":{"coordinates":[[-123.0652906148293,49.258131447811444],[-123.06528073094186,49.25857754398889]],"type":"LineString"},"properties":{"effluent_type":"Sanitary","material":"Polyvinyl Chloride","geo_point_2d":{"lon":-123.06528567288558,"lat":49.258354495900164}}},{"type":"Feature","geometry":{"coordinates":[[-123.06111835420326,49.2580367888255],[-123.0630888710251,49.25802116638361]],"type":"LineString"},"properties":{"effluent_type":"Sanitary","material":"Polyvinyl Chloride","geo_point_2d":{"lon":-123.06210361261418,"lat":49.25802897760455}}},{"type":"Feature","geometry":{"coordinates":[[-123.05695634715923,49.25677082422229],[-123.05823832438023,49.256783552020245]],"type":"LineString"},"properties":{"effluent_type":"Sanitary","material":"Polyvinyl Chloride","geo_point_2d":{"lon":-123.05759733576973,"lat":49.25677718812127}}},{"type":"Feature","geometry":{"coordinates":[[-123.06522055532322,49.2580918634671],[-123.0652286647231,49.25809260549176],[-123.0652379983479,49.25809417438422],[-123.0652426312,49.25809526018899],[-123.06525349278601,49.258098708216956],[-123.06526679075371,49.258105078311864],[-123.06527496158202,49.25811071369455],[-123.06527944707076,49.25811468704453],[-123.06528202058666,49.25811738415438],[-123.06528404401166,49.25811980272341],[-123.06528605413274,49.25812255412281],[-123.06528758286633,49.258125017947364],[-123.0652890156832,49.25812769771123],[-123.0652906148293,49.258131447811444]],"type":"LineString"},"properties":{"effluent_type":"Sanitary","material":"Polyvinyl Chloride","geo_point_2d":{"lon":-123.06525956820062,"lat":49.25810539715152}}},{"type":"Feature","geometry":{"coordinates":[[-123.05576262513026,49.25617147062968],[-123.05695634715923,49.25677082422229]],"type":"LineString"},"properties":{"effluent_type":"Sanitary","material":"Polyvinyl Chloride","geo_point_2d":{"lon":-123.05635948614474,"lat":49.25647114742599}}},{"type":"Feature","geometry":{"coordinates":[[-123.05578729239645,49.25524418680848],[-123.05578321528482,49.25612607083021],[-123.05576262513026,49.25617147062968]],"type":"LineString"},"properties":{"effluent_type":"Sanitary","material":"Polyvinyl Chloride","geo_point_2d":{"lon":-123.05578459395916,"lat":49.255709934868676}}},{"type":"Feature","geometry":{"coordinates":[[-123.11076162742395,49.21250313580662],[-123.11073577575459,49.21252281529302]],"type":"LineString"},"properties":{"effluent_type":"Combined","material":"blank","geo_point_2d":{"lon":-123.11074870158927,"lat":49.21251297554982}}},{"type":"Feature","geometry":{"coordinates":[[-123.08119362699388,49.26348840316114],[-123.08083274211216,49.26355985325005]],"type":"LineString"},"properties":{"effluent_type":"Sanitary","material":"Concrete","geo_point_2d":{"lon":-123.08101318455303,"lat":49.263524128205596}}},{"type":"Feature","geometry":{"coordinates":[[-123.13343174982334,49.20480336312766],[-123.13344971177776,49.20429518890171],[-123.13346492410373,49.20428554635377]],"type":"LineString"},"properties":{"effluent_type":"Sanitary","material":"blank","geo_point_2d":{"lon":-123.1334412982239,"lat":49.204540419113165}}},{"type":"Feature","geometry":{"coordinates":[[-123.03368187990738,49.23646784156986],[-123.03375543482596,49.23649762135226]],"type":"LineString"},"properties":{"effluent_type":"Sanitary","material":"blank","geo_point_2d":{"lon":-123.03371865736666,"lat":49.23648273146106}}},{"type":"Feature","geometry":{"coordinates":[[-123.05517535036829,49.255073787420805],[-123.0550969728008,49.25509352435102]],"type":"LineString"},"properties":{"effluent_type":"Sanitary","material":"Polyvinyl Chloride","geo_point_2d":{"lon":-123.05513616158454,"lat":49.255083655885905}}},{"type":"Feature","geometry":{"coordinates":[[-123.04022479949656,49.28936146766562],[-123.0406775118196,49.28961683480234],[-123.04166546897696,49.290249553372554],[-123.04258561734848,49.29088868399766]],"type":"LineString"},"properties":{"effluent_type":"Combined","material":"blank","geo_point_2d":{"lon":-123.04141833682675,"lat":49.290104398797}}},{"type":"Feature","geometry":{"coordinates":[[-123.0977678457305,49.21821237678702],[-123.09779259394205,49.217538807472145]],"type":"LineString"},"properties":{"effluent_type":"Combined","material":"blank","geo_point_2d":{"lon":-123.09778021983628,"lat":49.21787559212959}}},{"type":"Feature","geometry":{"coordinates":[[-123.13164889454245,49.26613688474314],[-123.13414687226117,49.2661768197152]],"type":"LineString"},"properties":{"effluent_type":"Combined","material":"Concrete","geo_point_2d":{"lon":-123.13289788340181,"lat":49.26615685222917}}},{"type":"Feature","geometry":{"coordinates":[[-123.07511024536639,49.20978387679717],[-123.07525833423516,49.20950373006387]],"type":"LineString"},"properties":{"effluent_type":"Combined","material":"Concrete","geo_point_2d":{"lon":-123.07518428980077,"lat":49.209643803430524}}},{"type":"Feature","geometry":{"coordinates":[[-123.1739414582603,49.2651093299774],[-123.17423966002211,49.26511408889083]],"type":"LineString"},"properties":{"effluent_type":"Combined","material":"Concrete","geo_point_2d":{"lon":-123.1740905591412,"lat":49.265111709434116}}},{"type":"Feature","geometry":{"coordinates":[[-123.13111613249156,49.2652472082279],[-123.13113482598145,49.26524727696515],[-123.1311535223323,49.26524842512068],[-123.1311719459292,49.26525038315125],[-123.1311900974885,49.265253420912316],[-123.13120783884538,49.265257268704765],[-123.13122503278875,49.265262016636655],[-123.13124167931937,49.26526766470826],[-123.13125750329849,49.26527412328032],[-123.13127250472654,49.26528139235312],[-123.13128668360392,49.26528947192705],[-123.13129990176434,49.26529809230324],[-123.13131188502277,49.265307523649774],[-123.13132290732534,49.26531740584748],[-123.13133255679749,49.2653279192689],[-123.13134097017304,49.26533879390281],[-123.13134814769019,49.26535011970123],[-123.13135381420805,49.26536180702517],[-123.13135825789469,49.26537367564313],[-123.13136117659639,49.2653858158508],[-123.13136258334075,49.26539795777736]],"type":"LineString"},"properties":{"effluent_type":"Combined","material":"blank","geo_point_2d":{"lon":-123.13126016447674,"lat":49.265294206655696}}},{"type":"Feature","geometry":{"coordinates":[[-123.11514770646541,49.25691271259179],[-123.11510896183464,49.25785661922608]],"type":"LineString"},"properties":{"effluent_type":"Combined","material":"Concrete","geo_point_2d":{"lon":-123.11512833415003,"lat":49.25738466590894}}},{"type":"Feature","geometry":{"coordinates":[[-123.05520503744317,49.255064885964515],[-123.05514902189009,49.25501361298952]],"type":"LineString"},"properties":{"effluent_type":"Sanitary","material":"blank","geo_point_2d":{"lon":-123.05517702966662,"lat":49.25503924947702}}},{"type":"Feature","geometry":{"coordinates":[[-123.13849780092579,49.29349806929672],[-123.13829131739926,49.29353355962294]],"type":"LineString"},"properties":{"effluent_type":"Sanitary","material":"Polyvinyl Chloride","geo_point_2d":{"lon":-123.13839455916252,"lat":49.29351581445982}}},{"type":"Feature","geometry":{"coordinates":[[-123.13759206654964,49.293949979715805],[-123.13750762674675,49.294005796245216],[-123.13737191309905,49.294065793458955]],"type":"LineString"},"properties":{"effluent_type":"Sanitary","material":"Polyvinyl Chloride","geo_point_2d":{"lon":-123.13748440856536,"lat":49.29401231228457}}},{"type":"Feature","geometry":{"coordinates":[[-123.08129181037438,49.26397722350642],[-123.08128938590052,49.26417475090352]],"type":"LineString"},"properties":{"effluent_type":"Sanitary","material":"Steel","geo_point_2d":{"lon":-123.08129059813746,"lat":49.264075987204976}}},{"type":"Feature","geometry":{"coordinates":[[-123.13639304083077,49.29472021740114],[-123.13633252714739,49.2947204777067]],"type":"LineString"},"properties":{"effluent_type":"Sanitary","material":"High Density Polyethylene","geo_point_2d":{"lon":-123.13636278398909,"lat":49.29472034755392}}},{"type":"Feature","geometry":{"coordinates":[[-123.11512856627763,49.26580607080796],[-123.1174339030195,49.265846594874766]],"type":"LineString"},"properties":{"effluent_type":"Combined","material":"BR\/CON","geo_point_2d":{"lon":-123.11628123464858,"lat":49.265826332841364}}},{"type":"Feature","geometry":{"coordinates":[[-123.07710750704938,49.28566662488606],[-123.07710540374613,49.28391208205687]],"type":"LineString"},"properties":{"effluent_type":"Combined","material":"Concrete","geo_point_2d":{"lon":-123.07710645539775,"lat":49.284789353471474}}},{"type":"Feature","geometry":{"coordinates":[[-123.1150435347811,49.26580457234813],[-123.11512856627763,49.26580607080796]],"type":"LineString"},"properties":{"effluent_type":"Combined","material":"BR\/CON","geo_point_2d":{"lon":-123.11508605052937,"lat":49.26580532157804}}},{"type":"Feature","geometry":{"coordinates":[[-123.02758076559863,49.206669732066025],[-123.02535404672864,49.2058128738821]],"type":"LineString"},"properties":{"effluent_type":"Sanitary","material":"blank","geo_point_2d":{"lon":-123.02646740616365,"lat":49.206241302974064}}},{"type":"Feature","geometry":{"coordinates":[[-123.03319343898976,49.20709785268254],[-123.03311684598842,49.20709905305127],[-123.03304010129963,49.20709925493514],[-123.03296349336148,49.207098647152684],[-123.03288688488827,49.20709722974324],[-123.0328102757706,49.20709483179632],[-123.03273380340943,49.20709161518823],[-123.03265733046571,49.20708749900042],[-123.03258099423304,49.20708248319421],[-123.03253266599803,49.20707889869914],[-123.03086688865486,49.2069409632841]],"type":"LineString"},"properties":{"effluent_type":"Sanitary","material":"blank","geo_point_2d":{"lon":-123.03202950484936,"lat":49.20703369451731}}},{"type":"Feature","geometry":{"coordinates":[[-123.18778988084799,49.26769545229951],[-123.18784913212053,49.26619471281997],[-123.18786202121714,49.26532834544418]],"type":"LineString"},"properties":{"effluent_type":"Combined","material":"Concrete","geo_point_2d":{"lon":-123.18783270267564,"lat":49.26651208234889}}},{"type":"Feature","geometry":{"coordinates":[[-123.18788011403936,49.26411307227393],[-123.18788745881596,49.263618449690505],[-123.18791452874252,49.26177057318632],[-123.1879345870181,49.25978138363735],[-123.18797540203693,49.25778658259137],[-123.18800810663075,49.25672184605272]],"type":"LineString"},"properties":{"effluent_type":"Combined","material":"blank","geo_point_2d":{"lon":-123.18793383635209,"lat":49.26041724344515}}},{"type":"Feature","geometry":{"coordinates":[[-123.09654692137003,49.207709204808765],[-123.09848932162726,49.20754549670791]],"type":"LineString"},"properties":{"effluent_type":"Combined","material":"Concrete","geo_point_2d":{"lon":-123.09751812149864,"lat":49.20762735075834}}},{"type":"Feature","geometry":{"coordinates":[[-123.15472406800876,49.21537048727324],[-123.15431346633899,49.214965888930855]],"type":"LineString"},"properties":{"effluent_type":"Combined","material":"BR\/CON","geo_point_2d":{"lon":-123.15451876717385,"lat":49.21516818810205}}},{"type":"Feature","geometry":{"coordinates":[[-123.13720016437168,49.20345544624302],[-123.13728166310545,49.20338950379851],[-123.13750062683444,49.2032421521664],[-123.1375552172346,49.203225355905],[-123.13979362892341,49.20392600208537]],"type":"LineString"},"properties":{"effluent_type":"Combined","material":"Concrete","geo_point_2d":{"lon":-123.13847435763321,"lat":49.20353809042919}}},{"type":"Feature","geometry":{"coordinates":[[-123.02939451180595,49.29004358607755],[-123.03113229470146,49.28936956416278]],"type":"LineString"},"properties":{"effluent_type":"Combined","material":"Concrete","geo_point_2d":{"lon":-123.03026340325371,"lat":49.289706575120164}}},{"type":"Feature","geometry":{"coordinates":[[-123.14241859536958,49.29254745344799],[-123.14206169930584,49.29278176696909]],"type":"LineString"},"properties":{"effluent_type":"Sanitary","material":"Polyvinyl Chloride","geo_point_2d":{"lon":-123.1422401473377,"lat":49.29266461020854}}},{"type":"Feature","geometry":{"coordinates":[[-123.06960799216758,49.213805877614945],[-123.06990825264178,49.21368561825459],[-123.07017614351466,49.21368807344014]],"type":"LineString"},"properties":{"effluent_type":"Combined","material":"Concrete","geo_point_2d":{"lon":-123.06988681852178,"lat":49.21371906324951}}},{"type":"Feature","geometry":{"coordinates":[[-123.08126978570978,49.265195720271954],[-123.08126036584342,49.26568681995964]],"type":"LineString"},"properties":{"effluent_type":"Sanitary","material":"Steel","geo_point_2d":{"lon":-123.0812650757766,"lat":49.2654412701158}}},{"type":"Feature","geometry":{"coordinates":[[-123.08127152047066,49.26510541621262],[-123.08126978570978,49.265195720271954]],"type":"LineString"},"properties":{"effluent_type":"Sanitary","material":"Steel","geo_point_2d":{"lon":-123.08127065309023,"lat":49.26515056824229}}},{"type":"Feature","geometry":{"coordinates":[[-123.05492332317601,49.255202755000894],[-123.05493349095468,49.25520139188907],[-123.05494352092065,49.25519967802837],[-123.05495341316355,49.2551976943758],[-123.05496316758338,49.25519535097926],[-123.05497264675724,49.255192647904124],[-123.05498198830747,49.255189764989375],[-123.05499105451152,49.25518643244406],[-123.05499984566899,49.25518292012461],[-123.05500836167988,49.255179138078965],[-123.0550166024442,49.255174996355045],[-123.05502456816177,49.25517067485721],[-123.05503212130986,49.25516608369878],[-123.05503939931121,49.255161222814415],[-123.05504626475307,49.25515610126484],[-123.05505271781554,49.25515088096396],[-123.05505875830863,49.2551453910028],[-123.05506438623239,49.25513963138142],[-123.055069601787,49.25513378200411],[-123.05507426754998,49.2551278429365],[-123.05507865816647,49.25512163414334],[-123.05509450340097,49.25509730352]],"type":"LineString"},"properties":{"effluent_type":"Combined","material":"blank","geo_point_2d":{"lon":-123.05501805971359,"lat":49.25516419934062}}},{"type":"Feature","geometry":{"coordinates":[[-123.07931951336072,49.265419104173915],[-123.07931572841586,49.26556174369076]],"type":"LineString"},"properties":{"effluent_type":"Sanitary","material":"Concrete","geo_point_2d":{"lon":-123.07931762088829,"lat":49.265490423932334}}},{"type":"Feature","geometry":{"coordinates":[[-123.07932009362705,49.26538665808135],[-123.07931951336072,49.265419104173915]],"type":"LineString"},"properties":{"effluent_type":"Sanitary","material":"Concrete","geo_point_2d":{"lon":-123.07931980349389,"lat":49.26540288112763}}},{"type":"Feature","geometry":{"coordinates":[[-123.04455016622488,49.24080303515408],[-123.0445526410581,49.24080519305724],[-123.0445549784278,49.240807261060986],[-123.04455759056341,49.24080932895868],[-123.04456020269923,49.24081139685633],[-123.04456281475434,49.24081337480155],[-123.04456556419255,49.24081535269369],[-123.04456831363096,49.240817330585784],[-123.04457120029058,49.24081912852007],[-123.04457408703138,49.24082101640667],[-123.04457711107435,49.2408228142878],[-123.04458013511749,49.24082461216888],[-123.0445831590799,49.240826320097476],[-123.04458632034446,49.24082793802063],[-123.04458948160924,49.24082955594368],[-123.04459278025713,49.24083117381363],[-123.04459607882426,49.24083270173111],[-123.04459937731058,49.24083413969612],[-123.04460281326102,49.24083566756037],[-123.04460624904966,49.24083701551979],[-123.04520875295272,49.2410746154491],[-123.04522235918556,49.241080367077],[-123.04523514177703,49.24108683864499],[-123.04524723802886,49.241093940147074],[-123.04525837309164,49.24110158173886],[-123.04526868443126,49.24110985331905],[-123.04527789711575,49.24111857509087],[-123.0452861485285,49.24112774700074],[-123.04529316381945,49.2411372792042],[-123.04529908037182,49.24114717164764],[-123.04530389802048,49.24115724442648],[-123.04530734216172,49.24116767755335],[-123.04530968723334,49.24117811111113],[-123.04531079601531,49.241188725058535],[-123.04531053095832,49.24119933954476],[-123.0453090293632,49.24120986456351],[-123.04530642869538,49.24122039001327],[-123.0453024539393,49.241230646144636],[-123.04529737994459,49.24124072280204],[-123.04529106924421,49.2412505300869],[-123.04528365905725,49.24125988804042],[-123.04527501216353,49.24126897662093]],"type":"LineString"},"properties":{"effluent_type":"Storm","material":"Concrete","geo_point_2d":{"lon":-123.04498250558866,"lat":49.24100037058286}}},{"type":"Feature","geometry":{"coordinates":[[-123.18771767794877,49.268649295091286],[-123.18772403009262,49.268656930693595],[-123.1877307939343,49.26866438572255],[-123.18773810693347,49.2686716599548],[-123.18774583163074,49.26867875361352],[-123.18775410514442,49.26868557652385],[-123.18776263915089,49.26869221910622],[-123.1877717357198,49.26869859091762],[-123.18778124330434,49.268704602252214],[-123.18779116258727,49.26871043301282],[-123.18780135576749,49.268715993471304],[-123.18781196030466,49.26872128340417],[-123.18782283839755,49.26872621308327],[-123.18783412784718,49.26873087223652],[-123.18784569085233,49.26873517113582],[-123.18785752775426,49.26873919973255],[-123.18786950075166,49.26874286829868],[-123.18788176104994,49.26874617658829],[-123.18789428149857,49.26874921459747],[-123.18790693770038,49.26875180262436],[-123.18791986779807,49.26875412034831]],"type":"LineString"},"properties":{"effluent_type":"Storm","material":"Concrete","geo_point_2d":{"lon":-123.1878121643827,"lat":49.26871379308486}}},{"type":"Feature","geometry":{"coordinates":[[-123.06963873299371,49.260012389265434],[-123.0699756207327,49.26001528007381]],"type":"LineString"},"properties":{"effluent_type":"Combined","material":"blank","geo_point_2d":{"lon":-123.06980717686321,"lat":49.26001383466962}}},{"type":"Feature","geometry":{"coordinates":[[-123.10230720649946,49.279247803422976],[-123.10242123452777,49.27936445986017]],"type":"LineString"},"properties":{"effluent_type":"Sanitary","material":"Polyvinyl Chloride","geo_point_2d":{"lon":-123.1023642205136,"lat":49.279306131641576}}},{"type":"Feature","geometry":{"coordinates":[[-123.0806281897575,49.266087477340506],[-123.08043728757255,49.26609142436419]],"type":"LineString"},"properties":{"effluent_type":"Sanitary","material":"blank","geo_point_2d":{"lon":-123.08053273866503,"lat":49.26608945085234}}},{"type":"Feature","geometry":{"coordinates":[[-123.07948169633968,49.2588236167735],[-123.07919143534909,49.2589937446435],[-123.07893187064916,49.25917832410823]],"type":"LineString"},"properties":{"effluent_type":"Combined","material":"blank","geo_point_2d":{"lon":-123.07920287513883,"lat":49.25899492817683}}},{"type":"Feature","geometry":{"coordinates":[[-123.07767412013374,49.26077428821801],[-123.07770463466012,49.26077633659795],[-123.07773501288112,49.260779104678285],[-123.07776511750113,49.26078268250363],[-123.07779508595979,49.260787069981646],[-123.07782464324065,49.26079217734558],[-123.07785392678306,49.26079800450316],[-123.0778827992915,49.260804641499234],[-123.07791139806396,49.260811998289405],[-123.07793944822491,49.26082007505931],[-123.07796694963355,49.26082878185736],[-123.07799390257422,49.26083829858793],[-123.0780203067501,49.260848436352205],[-123.07804602489371,49.26085930318577],[-123.078071194288,49.26087080004906],[-123.07809554005665,49.26088292712818],[-123.07811919963848,49.26089568433074],[-123.0781420355953,49.260909071750135],[-123.07816404778528,49.260922999434804],[-123.0781852361942,49.26093745839006],[-123.07890951905377,49.26144239778242]],"type":"LineString"},"properties":{"effluent_type":"Combined","material":"Concrete","geo_point_2d":{"lon":-123.07831500139261,"lat":49.26105369189628}}},{"type":"Feature","geometry":{"coordinates":[[-123.07890951905377,49.26144239778242],[-123.07921909499545,49.26166058959261],[-123.07922624997296,49.261665622003115],[-123.07923326751126,49.2616706545074],[-123.07924014788397,49.26167585801429],[-123.07924689068774,49.261680980658284],[-123.07925363378104,49.2616862832058],[-123.07926023943503,49.2616915858472],[-123.07926670779376,49.2616969785345],[-123.07927317615393,49.261702371221425],[-123.0792795072188,49.261707853954285],[-123.07928570084431,49.261713336781106],[-123.07929175717447,49.26171890965386],[-123.07929767620931,49.26172457257265],[-123.0793035952455,49.261730235491115],[-123.07930937684222,49.26173589850359],[-123.0793150211435,49.26174165156211],[-123.07932052814944,49.261747494666686],[-123.07932589771573,49.26175333786535],[-123.07933126742748,49.261759271015734],[-123.07933636225866,49.26176520435463],[-123.07934780494502,49.26177850940446],[-123.0793586844179,49.26179199474413],[-123.07936887712421,49.26180575041073],[-123.07937852021611,49.26181959640609],[-123.0793876139674,49.261833703639084],[-123.07939602067677,49.261847910290754],[-123.07940387791477,49.26186229722352],[-123.07941104809547,49.26187677458003],[-123.07941753136264,49.261891432312396],[-123.0794234650127,49.261906180374204],[-123.07942871174819,49.261921108812075],[-123.07943340872123,49.26193603762764],[-123.07943741863419,49.26195105686742],[-123.07944074148655,49.261966166531515],[-123.07944337727764,49.26198136661995],[-123.07944546330404,49.26199656708629],[-123.07944686212362,49.2620117680251],[-123.07944758762433,49.26202705937892],[-123.07944761202839,49.262042261262714],[-123.0794424652368,49.26226084833797],[-123.07941691797689,49.26332493583396]],"type":"LineString"},"properties":{"effluent_type":"Combined","material":"Concrete","geo_point_2d":{"lon":-123.07935213820753,"lat":49.262296509327186}}},{"type":"Feature","geometry":{"coordinates":[[-123.14506589252102,49.290744614955166],[-123.14377439688947,49.28990688108445]],"type":"LineString"},"properties":{"effluent_type":"Combined","material":"Concrete","geo_point_2d":{"lon":-123.14442014470525,"lat":49.29032574801981}}},{"type":"Feature","geometry":{"coordinates":[[-123.11375922847492,49.23792196974353],[-123.11380040666866,49.23709983556023]],"type":"LineString"},"properties":{"effluent_type":"Storm","material":"blank","geo_point_2d":{"lon":-123.11377981757178,"lat":49.23751090265188}}},{"type":"Feature","geometry":{"coordinates":[[-123.1021851350774,49.279017625797216],[-123.1022143917635,49.279103638833135]],"type":"LineString"},"properties":{"effluent_type":"Sanitary","material":"Polyvinyl Chloride","geo_point_2d":{"lon":-123.10219976342046,"lat":49.279060632315186}}}]}