{"type": "FeatureCollection", "features": [{"type": "Feature", "properties": {"Id": 0, "Name": "", "Region": "A", "Type": "Stream"}, "geometry": {"type": "LineString", "coordinates": [[-123.2440879325988, 49.279348640839466], [-123.24402650688214, 49.27913137737617], [-123.24395486237731, 49.278915457605756], [-123.24387306746505, 49.27870108721014], [-123.24378120019213, 49.278488470392574], [-123.2436793481968, 49.27827780968335], [-123.24356760862469, 49.27806930574692], [-123.24344608803575, 49.277863157190765], [-123.24331490230261, 49.277659560376385], [-123.24317417649951, 49.27745870923229], [-123.24302404478289, 49.27726079506938], [-123.24286465026326, 49.27706600639881], [-123.24269614486848, 49.276874528752614], [-123.24251868919882, 49.276686544506994], [-123.24233245237357, 49.276502232708765], [-123.24213761186981, 49.276321768904964], [-123.24193435335307, 49.27614532497574], [-123.2417228705002, 49.27597306897078], [-123.24150336481487, 49.275805164949375], [-123.24127604543541, 49.27564177282431], [-123.23952453446765, 49.274503024546895], [-123.23912086085913, 49.27416569591483], [-123.23872327669602, 49.273825286466625], [-123.23833183679069, 49.273481843239644], [-123.23794659510314, 49.27313541368953], [-123.23732973290171, 49.272732992043906], [-123.23671672444014, 49.27232806016064], [-123.23610759351206, 49.27192063381897], [-123.23584984583528, 49.271655196534226], [-123.23558399283381, 49.271393205079335], [-123.23531014217188, 49.271134765429395], [-123.23502840474345, 49.27087998212118], [-123.23473889462734, 49.270628958210885], [-123.23444172904101, 49.27038179523259], [-123.23398902675169, 49.269914832510885], [-123.23354066113853, 49.26944608329395], [-123.23309664855721, 49.26897556480956], [-123.23299939721952, 49.26880043709163], [-123.2329122695626, 49.26862304204534], [-123.23283538850774, 49.26844363016544], [-123.2327688625036, 49.26826245479197], [-123.2327127853737, 49.268079771752326], [-123.23266723618444, 49.267895838999934], [-123.23263227913415, 49.26771091625006], [-123.23260796346314, 49.26752526461297], [-123.2325943233848, 49.2673391462251], [-123.23253751250402, 49.267073589182964], [-123.23248863423785, 49.26680735699898], [-123.23244770708604, 49.26654055113642], [-123.23241474651729, 49.2662732732756], [-123.23239889736476, 49.266140689894534], [-123.23237353084754, 49.26600874157181], [-123.23233870325883, 49.26587772073193], [-123.23229449185786, 49.26574791774155], [-123.23224099469789, 49.26561962026615], [-123.23217833040844, 49.26549311263253]]}}, {"type": "Feature", "properties": {"Id": 0, "Name": "", "Region": "", "Type": "Stream"}, "geometry": {"type": "LineString", "coordinates": [[-123.22416885987543, 49.2775006621928], [-123.22432008782499, 49.27727200707715], [-123.22446156519449, 49.27704069600591], [-123.22459318329034, 49.27680690691449], [-123.2247148410076, 49.276570819642004], [-123.22482644490721, 49.27633261579283], [-123.22492790928767, 49.276092478596844], [-123.22501915625041, 49.27585059276846], [-123.22510011575937, 49.275607144364386], [-123.22517072569434, 49.27536232064055], [-123.22523093189834, 49.27511630990801], [-123.22528068821882, 49.27486930138795], [-123.22531995654265, 49.2746214850663], [-123.22534870682499, 49.27437305154737], [-123.22536691711194, 49.27412419190743], [-123.22536186734621, 49.273888999001045], [-123.22534728403294, 49.27365397650605], [-123.22532317757212, 49.273419289840135], [-123.22528956506596, 49.27318510418225], [-123.22524647030626, 49.272951584356434], [-123.22519392375744, 49.27271889471578], [-123.22513196253468, 49.272487199026756], [-123.22495908767017, 49.27228655982125], [-123.22477834034103, 49.27208891354729], [-123.22458984156985, 49.271894392440714], [-123.22439371756101, 49.271703126644866], [-123.22419009961584, 49.271515244123684], [-123.22397912404485, 49.271330870576165], [-123.22376093207617, 49.27115012935232], [-123.22356710337144, 49.27100696851218], [-123.22338129585135, 49.270859324347356], [-123.22320375146178, 49.27070738916742], [-123.22303470137933, 49.270551360869284], [-123.22287436571034, 49.270391442679326], [-123.2227229532046, 49.27022784288856], [-123.22258066098362, 49.27006077458109], [-123.22251606244046, 49.269780389524655], [-123.22244312254675, 49.26950088190594], [-123.22236186917101, 49.26922235797763], [-123.22227233334054, 49.268944923616644], [-123.22213316219597, 49.26876508250558], [-123.22198459525649, 49.268588489574725], [-123.22182680940782, 49.26841535495996], [-123.22165999249984, 49.268245884679864], [-123.22148434312263, 49.26808028039064], [-123.22130007036992, 49.26791873914626], [-123.22110739359013, 49.26776145316417], [-123.22090654212492, 49.26760860959674], [-123.22069775503628, 49.26746039030867], [-123.22048128082187, 49.26731697166077], [-123.2202573771192, 49.26717852430024], [-123.22002631039904, 49.26704521295783], [-123.21978835564819, 49.26691719625194], [-123.21954379604256, 49.266794626499994], [-123.21929292260998, 49.26667764953748], [-123.21903603388411, 49.26656640454448], [-123.21877343554937, 49.266461023880225], [-123.21850544007738, 49.26636163292581], [-123.21823236635527, 49.26626834993509], [-123.21795453930658, 49.266181285894106], [-123.21767228950482, 49.26610054438924]]}}, {"type": "Feature", "properties": {"Id": 0, "Name": "Jerry's Cove", "Region": "B", "Type": "Shoreline"}, "geometry": {"type": "LineString", "coordinates": [[-123.21106680500354, 49.27544608949125], [-123.21084427628448, 49.27535853432913], [-123.21061638824814, 49.27527709463924], [-123.210383533244, 49.275201910625675], [-123.21014611216675, 49.27513311172233], [-123.20990453376659, 49.27507081637026], [-123.20965921394581, 49.27501513181391], [-123.20941057504325, 49.27496615391659], [-123.20915904510757, 49.274923966995566], [-123.20890505716099, 49.274888643677045], [-123.20864904845412, 49.27486024477117], [-123.20814948619629, 49.2749258168682], [-123.20765170488444, 49.27499695345418], [-123.20715584923876, 49.27507363384875], [-123.2066620634215, 49.27515583575968], [-123.20617049099539, 49.275243535289476], [-123.20568127488177, 49.27533670694222], [-123.20519455731942, 49.275435323630994], [-123.20471047982315, 49.27553935668569], [-123.20422918314293, 49.27564877586135], [-123.20404505077421, 49.27570122308876], [-123.20385709884201, 49.275747508395426], [-123.20366580868215, 49.27578751324445], [-123.20347167018356, 49.27582113518296], [-123.20327518053314, 49.27584828810456], [-123.2030768429419, 49.275868902470016], [-123.20287716535569, 49.27588292548535], [-123.20267665915371, 49.27589032123712], [-123.20247583783836, 49.275891070784546], [-123.20227521571937, 49.27588517220784], [-123.20207530659617, 49.27587264061338], [-123.20187662244125, 49.2758535080948], [-123.20167967208857, 49.275827823650815], [-123.20148495992969, 49.27579565305973], [-123.20129298462143, 49.275757078710846], [-123.20110423780841, 49.27571219939342], [-123.2009192028633, 49.27566113004348], [-123.20073835364849, 49.27560400144942], [-123.20056215330216, 49.275540959916825], [-123.19938993646267, 49.2750570798848], [-123.19821431977911, 49.27457675582979], [-123.19703532846283, 49.274099998013874], [-123.19660644087115, 49.27380072496368], [-123.19618468744343, 49.27349714369621], [-123.19577016915181, 49.27318932698629], [-123.1953629852285, 49.27287734862264], [-123.1949632331419, 49.27256128339028], [-123.19492457816365, 49.27245884695871], [-123.19487612944238, 49.27235820912415], [-123.19481807983409, 49.27225977036513], [-123.1947506603967, 49.272163922406854], [-123.19467413946961, 49.272071046662525], [-123.19458882160528, 49.27198151271576], [-123.19449504635672, 49.271895676850086], [-123.1944689346019, 49.271835045650406], [-123.1944330075605, 49.27177660405844], [-123.1943876821478, 49.271721030204446], [-123.19433348432848, 49.271668968940546], [-123.19427104301259, 49.2716210243585], [-123.19420108275703, 49.271577752780615], [-123.19412441535789, 49.27153965630484], [-123.19404193043059, 49.271507176979284], [-123.19395458508757, 49.27148069167325], [-123.19386339283317, 49.27146050770475], [-123.19376941180424, 49.27144685927498], [-123.1936737324935, 49.27143990475092], [-123.19357746509714, 49.27143972482813], [-123.19348172663456, 49.27144632159429], [-123.19338762798834, 49.271459618505226], [-123.193189464121, 49.2714646733809], [-123.19299190452966, 49.271475984633746], [-123.19279541024164, 49.27149352586773], [-123.19260043979942, 49.27151725614855], [-123.19240744819112, 49.27154712009888], [-123.19221688578926, 49.27158304802768], [-123.19202919730027, 49.27162495609277], [-123.19184482072701, 49.27167274649626], [-123.19166418634708, 49.2717263077128], [-123.19148771570914, 49.271785514749666], [-123.19131582064949, 49.27185022943833], [-123.19114890233105, 49.27192030075675], [-123.19092982641011, 49.272034632126115], [-123.19070546347695, 49.272144486335606], [-123.19047602713587, 49.272249758781996], [-123.19024173582642, 49.272350349224084], [-123.1900028126151, 49.27244616187838], [-123.18975948498316, 49.27253710551029], [-123.18951198460962, 49.272623093521126], [-123.18926054715077, 49.27270404403053], [-123.18902081888153, 49.27273998189641], [-123.18878345341234, 49.27278210328597], [-123.18854882309249, 49.27283034212562], [-123.18831729598385, 49.27288462274533], [-123.1880892352838, 49.272944859997395], [-123.18786499875594, 49.27301095938981], [-123.18761333221168, 49.27308429080542], [-123.18735775752833, 49.27315158744384], [-123.18709861258394, 49.27321276033277], [-123.18683623998072, 49.27326772859576], [-123.1865709865919, 49.2733164195592], [-123.18630320310265, 49.27335876884851], [-123.18603324354612, 49.273394720473256], [-123.18585730096434, 49.273388670188105], [-123.18568197426215, 49.27337730249048], [-123.18550763861435, 49.27336064170561], [-123.1853346670739, 49.2733387234852], [-123.18517880501858, 49.27332464868699], [-123.18502428119092, 49.273305259829954], [-123.18487151849061, 49.2732806099775], [-123.18472093499574, 49.27325076659121], [-123.18457294281829, 49.27321581134621], [-123.18442794697606, 49.27317583990758], [-123.18428634428362, 49.27313096166833]]}}, {"type": "Feature", "properties": {"Id": 0, "Name": "", "Region": "B", "Type": "Educated Guess"}, "geometry": {"type": "LineString", "coordinates": [[-123.18301922174405, 49.26490298654404], [-123.18293429901213, 49.2647045762811], [-123.18285791857355, 49.26450468442974], [-123.18279014049705, 49.264303468464746], [-123.1827310180724, 49.26410108690213], [-123.18268059776875, 49.263897699174265], [-123.18263891919831, 49.263693465504176], [-123.18260601508553, 49.26348854677932], [-123.18258191124154, 49.26328310442485], [-123.18256662654427, 49.263077300276414], [-123.18255718462805, 49.2629628951501], [-123.18253850327113, 49.26284897747361], [-123.18251063491218, 49.2627358666268], [-123.18247365774509, 49.262623879725275], [-123.1824276754991, 49.262513330731494], [-123.18237281714728, 49.262404529574546], [-123.18230923654441, 49.26229778128139], [-123.18223711199492, 49.26219338512182], [-123.1821566457526, 49.26209163376949], [-123.18206806345293, 49.26199281248169], [-123.1820139409372, 49.26189087049237], [-123.18194996274082, 49.261791403948], [-123.18187639113593, 49.261694820510755], [-123.18179352770792, 49.261601516024136], [-123.18170171211877, 49.261511872890814], [-123.18160132071418, 49.2614262585056], [-123.18149276498082, 49.26134502375005], [-123.18137648985936, 49.26126850155455], [-123.18125297192073, 49.26119700553418], [-123.18112271741276, 49.26113082870372], [-123.1809862601855, 49.26107024227698], [-123.18084415950334, 49.26101549455557], [-123.18069699775326, 49.26096680991157], [-123.18049188054367, 49.26092785686917], [-123.18029003194549, 49.26088217193569], [-123.18009196739729, 49.26082987177364], [-123.17989819266997, 49.26077108993805], [-123.17970920257486, 49.26070597653525], [-123.17952547969968, 49.26063469783931], [-123.1793474931758, 49.260557435867355], [-123.17917569748009, 49.2604743879145], [-123.17901053127407, 49.260385766049865], [-123.17885241628379, 49.260291796574826], [-123.1787017562226, 49.260192719444866], [-123.17855893576063, 49.2600887876567], [-123.17842431954236, 49.259980266601914], [-123.17831410744039, 49.25988110608924], [-123.17821173113268, 49.259778410558084], [-123.17811745473213, 49.25967244499436], [-123.1780315214467, 49.25956348281994], [-123.17795415295214, 49.25945180518707], [-123.17788554882061, 49.259337700252665], [-123.17782588600609, 49.25922146243473], [-123.17777531838848, 49.259103391652545], [-123.17773397637707, 49.258983792552726], [-123.17770196657473, 49.25886297372301], [-123.17767937150353, 49.25874124689606], [-123.17766624939246, 49.258618926145026], [-123.177662634028, 49.25849632707315], [-123.17768555766622, 49.25806775906925], [-123.17771773707139, 49.25763944602986]]}}, {"type": "Feature", "properties": {"Id": 0, "Name": "", "Region": "", "Type": "Stream"}, "geometry": {"type": "LineString", "coordinates": [[-123.228461138752, 49.25108619040516], [-123.2283255703756, 49.2509777485704], [-123.22819835290511, 49.25086505426782], [-123.2280797970623, 49.250748382798236], [-123.22797019240336, 49.250628019176304], [-123.22786980661171, 49.25050425743409], [-123.2277788848448, 49.2503773999026], [-123.22769764913564, 49.25024775647306], [-123.227626297851, 49.25011564383974], [-123.22756500520754, 49.24998138472621], [-123.22751392084697, 49.24984530709677], [-123.22747316947112, 49.24970774335525], [-123.22733840644877, 49.2494403051298], [-123.22719393799663, 49.2491750473134], [-123.22703984647129, 49.24891212083591], [-123.22687621970054, 49.24865167529828], [-123.22670315093333, 49.24839385888762], [-123.22652073878619, 49.24813881829274], [-123.22630431697671, 49.24794874908651], [-123.22608002626495, 49.247762631223324], [-123.22584803496245, 49.247580604296935], [-123.22560851715053, 49.24740280483123], [-123.22516091873774, 49.246977214113684], [-123.22470747281271, 49.24655428649415], [-123.2242482164671, 49.246134056429575], [-123.22378318726298, 49.24571655815624], [-123.22301903180607, 49.245551436110766], [-123.22265016158222, 49.24550398783692], [-123.22228352448839, 49.24544962581359], [-123.2219194228291, 49.245388394864825], [-123.22155815681516, 49.24532034547828], [-123.22120002431573, 49.24524553376354], [-123.22106548208225, 49.24517650061496], [-123.22093713634729, 49.245102583183595], [-123.22081540020717, 49.24502401939786], [-123.22070066547737, 49.244941062140924], [-123.22059330143158, 49.24485397843645], [-123.22049365361308, 49.24476304858896], [-123.220402042723, 49.244668565281366], [-123.22031876358814, 49.24457083263266], [-123.22024408421258, 49.244470165218935], [-123.22017824491554, 49.24436688706053], [-123.22002468057052, 49.24421018736696], [-123.21987962128765, 49.24405005174384], [-123.21974324614027, 49.24388667796763], [-123.21961572347128, 49.24372026781207], [-123.2194972106855, 49.243551026798976], [-123.21938785405571, 49.24337916394427], [-123.2192877885423, 49.24320489149966], [-123.2191971376271, 49.2430284246906], [-123.21911601316123, 49.24284998145017], [-123.2190445152274, 49.24266978215003], [-123.21898273201697, 49.24248804932812], [-123.21893073972132, 49.24230500741371], [-123.21887268158423, 49.24211264672295], [-123.21882355368213, 49.24191922241504], [-123.2187834010384, 49.24172491216673], [-123.21875226043045, 49.2415298944665], [-123.21873016035636, 49.24133434845061], [-123.21870113617656, 49.24113263169719], [-123.2186818945839, 49.24093041382813], [-123.2186724548059, 49.240727898174114], [-123.218672826214, 49.24052528836281], [-123.21868300831433, 49.24032278811407], [-123.2187029907489, 49.24012060103511], [-123.2186517915437, 49.23991186811271], [-123.21860724264086, 49.23970248230049], [-123.21856936327981, 49.239492534423064], [-123.21851667864081, 49.23930076848397], [-123.21847290929978, 49.239108043694735], [-123.2184380954989, 49.238914537708354], [-123.21841226922396, 49.2387204288958], [-123.21839545417521, 49.23852589618168], [-123.21838766574595, 49.238331118879266], [-123.21838891100867, 49.23813627652517], [-123.21839780015142, 49.23803607176473], [-123.2184150999082, 49.23793633935054], [-123.21844075776605, 49.237837381726244], [-123.21847469586677, 49.23773949898413], [-123.21851681124389, 49.23764298795515], [-123.21856697613521, 49.237548141308714], [-123.21862503837096, 49.23745524666541], [-123.21869082183566, 49.23736458572484], [-123.21890212176261, 49.23716153235831], [-123.21911934229114, 49.236961175978074], [-123.2193424030997, 49.23676359060428]]}}, {"type": "Feature", "properties": {"Id": 0, "Name": "", "Region": "", "Type": "Stream"}, "geometry": {"type": "LineString", "coordinates": [[-123.2276696345211, 49.24499496581747], [-123.22693193579053, 49.2443663739966], [-123.22618730837593, 49.24374129847514], [-123.22543579158666, 49.24311977203375], [-123.22467742508886, 49.242501827265734], [-123.2244897685468, 49.24235978705583], [-123.22429545365267, 49.24222163831846], [-123.22409466859135, 49.24208751480566], [-123.2238876078072, 49.24195754637121], [-123.22367447181581, 49.24183185884519], [-123.22345546700969, 49.241710573912066], [-123.22323080545857, 49.24159380899312], [-123.22300070470405, 49.24148167713282], [-123.22286603712614, 49.2413581995803], [-123.22273971599192, 49.2412309969381], [-123.22262198124344, 49.241100310887916], [-123.22251305650343, 49.24096638972795], [-123.22241314865087, 49.240829487900946], [-123.22232244742837, 49.24068986551067], [-123.22224112508195, 49.240547787827516], [-123.22216933603463, 49.24040352478454], [-123.22210721659332, 49.240257350464304], [-123.22205488469056, 49.2401095425782], [-123.22201243966111, 49.23996038193873], [-123.2219458000158, 49.23979453686303], [-123.22188876857527, 49.23962716298709], [-123.22184142652684, 49.23945849886355], [-123.22180384124577, 49.239288784881595], [-123.22177606619962, 49.2391182629243], [-123.22175814087262, 49.2389471760238], [-123.22175009071002, 49.23877576801487], [-123.2217519270823, 49.238604283187485], [-123.22189157757238, 49.23840022801192], [-123.22204089259188, 49.23819912835734]]}}, {"type": "Feature", "properties": {"Id": 0, "Name": "", "Region": "B", "Type": "Stream"}, "geometry": {"type": "LineString", "coordinates": [[-123.19459265975918, 49.271662886614244], [-123.19588636329065, 49.271375102474025]]}}, {"type": "Feature", "properties": {"Id": 0, "Name": "", "Region": "B", "Type": "Stream"}, "geometry": {"type": "LineString", "coordinates": [[-123.19588636329065, 49.271375102474025], [-123.19603465518568, 49.27134519819889], [-123.19618548571319, 49.271321342032266], [-123.19633827937409, 49.27130362499768], [-123.19649245318112, 49.27129211469462], [-123.19664741888263, 49.271286855040664], [-123.19680258520638, 49.27128786610397], [-123.19713740861435, 49.27128183844335], [-123.19747235800678, 49.27128139592066], [-123.19780721587061, 49.271286538823134], [-123.19814176475217, 49.271297263810844], [-123.19847578739817, 49.27131356391889], [-123.19866405683534, 49.271352120307384], [-123.19885459539118, 49.271385565434905], [-123.19904707911593, 49.27141384243811], [-123.19924118075087, 49.271436903240485], [-123.19943657028493, 49.27145470863405], [-123.199627796493, 49.27144129635808], [-123.19981979925791, 49.27143405350384], [-123.20001211402501, 49.271432997595504], [-123.20020427548516, 49.27143813118773], [-123.20039581869995, 49.27144944185962], [-123.2005862802261, 49.27146690224462], [-123.20077519923639, 49.27149047009683]]}}, {"type": "Feature", "properties": {"Id": 0, "Name": "", "Region": "B", "Type": "Stream"}, "geometry": {"type": "LineString", "coordinates": [[-123.20077519923639, 49.27149047009683], [-123.20086293075833, 49.27131626402531], [-123.20094252846677, 49.271140393359666], [-123.20101391887495, 49.27096302066095], [-123.20107703608444, 49.27078430987683], [-123.20113182184585, 49.27060442619], [-123.20117822561228, 49.27042353586549], [-123.20123028060559, 49.27007999133816], [-123.20129193548325, 49.2697371277825], [-123.20136316939144, 49.269395060058386], [-123.20139699881477, 49.26922361294253], [-123.20144002761255, 49.269053051089614], [-123.20149220238248, 49.26888358580494], [-123.20155345839345, 49.268715427033186], [-123.20162371966612, 49.26854878309829], [-123.2017028990675, 49.268383860445496], [-123.20179089841932, 49.26822086338556], [-123.20188760861998, 49.26805999384181], [-123.20199290978027, 49.267901451100016], [-123.20210667137212, 49.267745431561615], [-123.2022287523907, 49.26759212850046], [-123.20235900152932, 49.26744173182356]]}}, {"type": "Feature", "properties": {"Id": 0, "Name": "", "Region": "B", "Type": "Stream"}, "geometry": {"type": "LineString", "coordinates": [[-123.20077519923639, 49.27149047009683], [-123.20158362994326, 49.271582075864494], [-123.20239087763122, 49.27167805011533], [-123.20255676622918, 49.271709592930456], [-123.20272470751823, 49.27173607994194], [-123.20289434181603, 49.27175745442183], [-123.20306530581276, 49.271773670591756], [-123.20323723334948, 49.27178469372109], [-123.20340975620266, 49.271790500201206], [-123.20356322184955, 49.27177192092101], [-123.20371810631866, 49.27175935656014], [-123.2038738595284, 49.27175285174154], [-123.20402992831282, 49.27175242956743], [-123.20418575838548, 49.27175809153706], [-123.20434079630756, 49.271769817541546], [-123.20448036369402, 49.27180894278104], [-123.20461608884959, 49.27185348135316], [-123.2047474819338, 49.27190327251889], [-123.20487406873634, 49.27195813658215], [-123.2049953923885, 49.2720178755382], [-123.20511101501154, 49.272082273788], [-123.2052205192971, 49.2721510989163], [-123.20532351001319, 49.272224102529954], [-123.20541961543071, 49.272301021154504], [-123.2055776915212, 49.27238895307226], [-123.20573983479697, 49.27247365510573], [-123.20590589119224, 49.27255504676196], [-123.20607570292019, 49.27263305069352], [-123.20614296288423, 49.27267250916242], [-123.20621627997606, 49.27270704040817], [-123.20629481512519, 49.27273624923585], [-123.2063776695378, 49.272759801362625], [-123.20646389498333, 49.27277742724386], [-123.20655250464756, 49.27278892515816], [-123.20664248442712, 49.27279416351623], [-123.20673280453663, 49.272793082367095], [-123.20682243129535, 49.2727856940841], [-123.2069103389586, 49.27277208322349], [-123.20699552145794, 49.27275240555642], [-123.2070770039165, 49.27272688628619], [-123.2071538538067, 49.272695817470535], [-123.20722519162359, 49.27265955467888], [-123.20735517046391, 49.272591702576754], [-123.2074791142444, 49.27251917669114], [-123.207596630989, 49.272442206403284], [-123.207707349054, 49.272361035149935], [-123.2078109183032, 49.272275919653104], [-123.20790701121518, 49.27218712910802], [-123.20799532391894, 49.2720949443315], [-123.20807557715464, 49.271999656873724], [-123.20814751715623, 49.27190156809586], [-123.20821091645385, 49.2718009882169], [-123.20844041899424, 49.2712626602922], [-123.20866123003269, 49.27072277848491], [-123.20887332528791, 49.27018140285944], [-123.20896499396534, 49.26994258715471], [-123.2090480028581, 49.26970241922242], [-123.20912230562872, 49.26946103349575], [-123.20918786081477, 49.26921856508758], [-123.2092446318519, 49.26897514971483], [-123.20929258709398, 49.26873092362248], [-123.20933169983054, 49.26848602350726]]}}, {"type": "Feature", "properties": {"Id": 0, "Name": "", "Region": "", "Type": "Stream"}, "geometry": {"type": "LineString", "coordinates": [[-123.21370093494178, 49.23760892679339], [-123.2141804514812, 49.237055626453056], [-123.21465419212059, 49.23650019876331], [-123.21512213502568, 49.23594266955147], [-123.2159785106632, 49.23479153171912]]}}, {"type": "Feature", "properties": {"Id": 0, "Name": "", "Region": "", "Type": "Stream"}, "geometry": {"type": "LineString", "coordinates": [[-123.21726669689518, 49.24012269409045], [-123.21713474048617, 49.240137650684346], [-123.21700140068322, 49.24014579683362], [-123.21686749610029, 49.240147082526505], [-123.21673384881944, 49.24014149986966], [-123.21660127934271, 49.24012908313666], [-123.21647060155391, 49.24010990855753], [-123.21635213758103, 49.2400980594321], [-123.21623568975393, 49.24007952712187], [-123.21612213580674, 49.24005445131577], [-123.21601233165732, 49.24002302102478], [-123.21590710495481, 49.2399854731569], [-123.21580724884052, 49.239942090731226], [-123.21571351596893, 49.23989320074444], [-123.21562661283441, 49.239839171705576], [-123.21554719444572, 49.23978041085818], [-123.2154758593891, 49.23971736111027], [-123.21541314531669, 49.2396504976956], [-123.21535952489471, 49.23958032459124], [-123.21531540224142, 49.239507370718606], [-123.21528110988211, 49.23943218595649], [-123.21525690624398, 49.23935533699613], [-123.21512869085092, 49.2391502479093], [-123.2149931549431, 49.23894718714262], [-123.2148503733782, 49.238746266714585], [-123.21470042500816, 49.23854759746165], [-123.21454339263548, 49.23835128897708], [-123.21437936296732, 49.23815744955061], [-123.21428386037297, 49.23805731886733], [-123.21418098427839, 49.237960370537465], [-123.21407098155697, 49.237866837169655], [-123.21395411617657, 49.237776943177664], [-123.21383066856593, 49.23769090424214], [-123.21370093494178, 49.23760892679339]]}}, {"type": "Feature", "properties": {"Id": 0, "Name": "", "Region": "", "Type": "Stream"}, "geometry": {"type": "LineString", "coordinates": [[-123.23006946529999, 49.256705510861366], [-123.22991343590357, 49.2566520143515], [-123.22976148997601, 49.256593699254736], [-123.22961397459576, 49.25653069878133], [-123.2294712267167, 49.25646315684393], [-123.22933357239832, 49.256391227728614], [-123.22920132606095, 49.25631507574254], [-123.2290747897672, 49.25623487483829], [-123.22895425253233, 49.25615080821648], [-123.22881508954983, 49.25606504475988], [-123.22866965188872, 49.25598386444926], [-123.22851829148128, 49.25590746370955], [-123.22836137458535, 49.2558360274001], [-123.2281992808982, 49.255769728367575], [-123.2280324026379, 49.25570872702782], [-123.22786114359462, 49.255653170977986], [-123.22765636370731, 49.255612029293864], [-123.22745465960297, 49.2555648246666], [-123.2272564500235, 49.255511655095916], [-123.22706214645221, 49.25545263096478], [-123.2268721522591, 49.25538787481023], [-123.22668686186327, 49.25531752106872], [-123.2265066599138, 49.25524171579693], [-123.22578409244935, 49.25487049615108], [-123.22505485270796, 49.25450491407193], [-123.22431904340506, 49.254145020981014], [-123.2235767681734, 49.25379086749856], [-123.22340671236194, 49.2537232128372], [-123.22324232192291, 49.25364980310241], [-123.22308405095073, 49.25357084108469], [-123.22293233662903, 49.25348654491143], [-123.22278759802272, 49.25339714744419], [-123.2226502349205, 49.25330289563513], [-123.22252062673034, 49.25320404984468], [-123.22239913143183, 49.25310088312208], [-123.22228608458731, 49.25299368045088], [-123.22211756065553, 49.252792779814264], [-123.2219405598202, 49.252595027681245], [-123.22175521933862, 49.25240057728886], [-123.22156168292533, 49.25220957931395], [-123.2213601006406, 49.25202218175638], [-123.2211506287739, 49.25183852982452], [-123.2209334297227, 49.25165876582279], [-123.2207086718665, 49.2514830290415], [-123.22026882927399, 49.25108584472], [-123.21983687000049, 49.25068497162862], [-123.21941286606676, 49.25028047678262], [-123.21899688815854, 49.24987242780109], [-123.2185890056146, 49.249460892895584], [-123.21818928641542, 49.24904594085876], [-123.2179382035594, 49.24881610230388], [-123.21769586187598, 49.24858227763163], [-123.21746240885004, 49.2483446092633], [-123.21723798654611, 49.24810324195932], [-123.21702273152236, 49.24785832273097], [-123.21681677474731, 49.24761000075076], [-123.21662024152063, 49.24735842726145], [-123.21643325139685, 49.24710375548394], [-123.21625591811298, 49.2468461405237], [-123.21608834951947, 49.24658573927636], [-123.21593064751487, 49.24632271033206], [-123.2158648039364, 49.2462176079823], [-123.21580747122577, 49.24611038938633], [-123.21575880715446, 49.24600134969854], [-123.2157189456279, 49.24589078908455], [-123.21568799631737, 49.245779011894754], [-123.21566604435877, 49.245666325826534], [-123.2156102107236, 49.245490316349816], [-123.21554560430393, 49.245315598164744], [-123.21547229447721, 49.24514235864226], [-123.21539035995218, 49.24497078356564], [-123.21529988868413, 49.24480105693126], [-123.21520097778014, 49.24463336075143], [-123.21509373339464, 49.244467874859126], [-123.21486206726867, 49.24420637940234], [-123.2146395392824, 49.243941504447115], [-123.21442626425218, 49.243673386834125], [-123.2142223522086, 49.243402165077136], [-123.21402790833992, 49.243127979291245], [-123.213843032938, 49.24285097112049], [-123.21366782134676, 49.24257128366462], [-123.21353019227259, 49.24243895602957], [-123.21339956902249, 49.24230361871307], [-123.21327610492797, 49.24216543064006], [-123.21315994490999, 49.24202455408171], [-123.21305122530886, 49.241881154464835], [-123.2129500737245, 49.24173540017762], [-123.21285660886683, 49.24158746237168], [-123.21275236187881, 49.24145827041435], [-123.21265719836101, 49.24132610743672], [-123.21257131524723, 49.241191247042025], [-123.21249489025465, 49.24105396841541], [-123.21242808151625, 49.24091455574586], [-123.2123710272542, 49.24077329763784], [-123.21232384549432, 49.24063048651365], [-123.21228663382233, 49.24048641800799], [-123.21225946918263, 49.24034139035596], [-123.21224240771953, 49.24019570377555], [-123.21223548466209, 49.240049659846164], [-123.21223871425155, 49.239903560884315], [-123.21227373933151, 49.239696390853815], [-123.21231772039418, 49.23948995427282], [-123.2123706219708, 49.239284417098595], [-123.21243240142282, 49.23907994456329], [-123.21250300897648, 49.23887670104123], [-123.21258238776318, 49.23867484991669], [-123.21370093494178, 49.23760892679339]]}}, {"type": "Feature", "properties": {"Id": 0, "Name": "Musqueam Creek (Tin Can Creek)", "Region": "V", "Type": "Stream"}, "geometry": {"type": "LineString", "coordinates": [[-123.19669893662142, 49.22355031126398], [-123.19658299924117, 49.22359846203338], [-123.19647220615322, 49.223651555232784], [-123.19636704769505, 49.22370935589558], [-123.19626798927264, 49.22377160822117], [-123.19617546930078, 49.223838036706816], [-123.1960898972626, 49.22390834736673], [-123.19601781602142, 49.22413122341932], [-123.19595328377085, 49.22435508983482], [-123.19589633223059, 49.22457983693125], [-123.19585455497062, 49.224658903631806], [-123.19580332091046, 49.22473554704082], [-123.19574295377222, 49.22480928282296], [-123.19567383499803, 49.22487964501501], [-123.19559640134024, 49.224946188970826], [-123.19551114210198, 49.22500849417138], [-123.19541859604571, 49.22506616688265], [-123.19532018572326, 49.22514527849572], [-123.19522833799883, 49.22522770591074], [-123.19514331284162, 49.22531321585196], [-123.19506535091627, 49.2254015663186], [-123.19499467290143, 49.22549250726964], [-123.1949314788649, 49.22558578133131], [-123.19487594769704, 49.225681124525444], [-123.1948933939687, 49.2258326607332], [-123.19490001632839, 49.225984565225716], [-123.19489580022599, 49.22613650653403], [-123.19488075476194, 49.22628815310589], [-123.19485491266808, 49.226439174029125], [-123.19481833023734, 49.22658923975388], [-123.19477108720147, 49.22673802281166], [-123.19473974862557, 49.2268251489144], [-123.19469791476651, 49.22691036358632], [-123.19464585134685, 49.22699312544762], [-123.19458388908357, 49.22707290869887], [-123.19451242158812, 49.22714920646178], [-123.19443190286667, 49.22722153399973], [-123.19434284443639, 49.22728943179779], [-123.19424581207646, 49.22735246848243], [-123.19414142223368, 49.22741024356257], [-123.19399504028922, 49.227492666972864], [-123.19385538311819, 49.22757995232905], [-123.19372282675917, 49.2276718646307], [-123.19359772813901, 49.227768156418826], [-123.19352887676843, 49.22782194595836], [-123.19346781108739, 49.227879627688154], [-123.19341504117334, 49.22794071982305], [-123.19337100781853, 49.22800471209081], [-123.19333607884754, 49.22807106999373], [-123.19331054604402, 49.228139239272984], [-123.19329462271237, 49.228208650537745], [-123.19328844189499, 49.22827872402102], [-123.1932920552595, 49.22834887442209], [-123.19330543266598, 49.22841851579527], [-123.19332846241718, 49.228487066444245], [-123.19336095219033, 49.22855395378091], [-123.19344768274055, 49.228823534337955], [-123.19354234285754, 49.22909196827255], [-123.19364489739648, 49.22935915555794], [-123.19375530826909, 49.22962499663035], [-123.19387353445748, 49.22988939242611], [-123.19399953202948, 49.23015224441848], [-123.19405698080544, 49.23023963277702], [-123.19412408768765, 49.2303240175322], [-123.19420048926536, 49.23040494164606], [-123.19428577178064, 49.23048196682176], [-123.19437947336873, 49.230554675877706], [-123.19448108655902, 49.23062267500736]]}}, {"type": "Feature", "properties": {"Id": 0, "Name": "Musqueam Creek (Tin Can Creek)", "Region": "V", "Type": "Stream"}, "geometry": {"type": "LineString", "coordinates": [[-123.19448108655902, 49.23062267500736], [-123.19479572193161, 49.230647515168805], [-123.19511128522477, 49.23066665336112], [-123.19542753551313, 49.23068007497289], [-123.19574423134605, 49.23068776975715], [-123.19606113093239, 49.23068973183922], [-123.19637799232514, 49.23068595972124], [-123.19669457360652, 49.2306764562833], [-123.19701063307295, 49.23066122878118], [-123.1970957453004, 49.23066561266984], [-123.19717933120171, 49.23067699915181], [-123.19726005292998, 49.230695205979146], [-123.19733661847776, 49.23071994173964], [-123.19740780235514, 49.23075081052079], [-123.19747246520357, 49.230787318246136], [-123.19752957203164, 49.23082888058281], [-123.19757820878081, 49.23087483229366], [-123.19761759695608, 49.230924437884305], [-123.19764710608756, 49.230976903374795], [-123.197666263823, 49.231031389007526], [-123.19781428904294, 49.23128660275689], [-123.19797046945276, 49.23153972364182], [-123.19813473623266, 49.23179063992504], [-123.1983070169898, 49.23203924084077], [-123.19848723579031, 49.23228541664372], [-123.19867531319248, 49.232529058657555], [-123.19882026842642, 49.23268497839273], [-123.19897257176633, 49.232837864929834], [-123.19913207539551, 49.23298756981893], [-123.1992986245016, 49.23313394769805], [-123.19947205742697, 49.233276856434436], [-123.19965220582539, 49.23341615726273], [-123.19983889482542, 49.23355171491968], [-123.20003194320007, 49.23368339777568]]}}, {"type": "Feature", "properties": {"Id": 0, "Name": "Musqueam Creek (Tin Can Creek)", "Region": "V", "Type": "Stream"}, "geometry": {"type": "LineString", "coordinates": [[-123.20003194320007, 49.23368339777568], [-123.20025936469372, 49.233677149633415], [-123.20048630211976, 49.233665601977556], [-123.20071246757148, 49.23364876945823], [-123.20093757412226, 49.23362667343029], [-123.20116133618993, 49.23359934192611], [-123.20138346989928, 49.23356680962007], [-123.20165354412501, 49.23353811523505], [-123.20192484363169, 49.233514901571745], [-123.20219710915082, 49.23349719081423], [-123.2024700804917, 49.23348499988765], [-123.20274349678974, 49.23347834044213], [-123.20301709675577, 49.23347721884167], [-123.20329061892518, 49.23348163615797], [-123.20356380190759, 49.233491588169535], [-123.20372176900568, 49.23352047087757], [-123.20388199591576, 49.23354340263345], [-123.20404396029551, 49.23356030867908], [-123.20420713413642, 49.233571133900206], [-123.20437098548585, 49.23357584300633], [-123.20467009252972, 49.233603620052996], [-123.20497052068968, 49.23362440327705], [-123.20527188870498, 49.23363816630347], [-123.20557381412098, 49.23364489166636], [-123.2058759137749, 49.233644570830975], [-123.20602127675787, 49.23364622250306], [-123.20616618796228, 49.2336539014657], [-123.20631006521332, 49.233667576868875], [-123.20645233048886, 49.23368719377211], [-123.2065924122411, 49.23371267336506], [-123.20672974769218, 49.23374391328413], [-123.20686378509458, 49.23378078802354], [-123.20699398594726, 49.23382314943945], [-123.20711982715866, 49.233870827344944], [-123.2083442275544, 49.23463974568787]]}}, {"type": "Feature", "properties": {"Id": 0, "Name": "Musqueam Creek (Tin Can Creek)", "Region": "V", "Type": "Stream"}, "geometry": {"type": "LineString", "coordinates": [[-123.20003194320007, 49.23368339777568], [-123.20014606402201, 49.23381421853838], [-123.20026836969245, 49.23394182837184], [-123.20039864993342, 49.234066007813986], [-123.2005366807473, 49.234186543300666], [-123.20068222480195, 49.23430322753315], [-123.20083503183841, 49.23441585983463], [-123.20099483910127, 49.23452424649572], [-123.20127418037498, 49.23465206384176], [-123.20155822848257, 49.23477535343767], [-123.2018468123262, 49.234894041004736], [-123.20196133328464, 49.234946637663484], [-123.20207062977073, 49.23500380267479], [-123.2021742774368, 49.23506531410303], [-123.20227187386153, 49.235130933137306], [-123.20236304011242, 49.23520040501845], [-123.20244742221693, 49.23527346002799], [-123.20252469253705, 49.23534981453501], [-123.20286975025799, 49.23562542007133], [-123.20320731811529, 49.23590497561729], [-123.2035372905762, 49.236188393881164], [-123.20385956447427, 49.23647558636358], [-123.2040958697799, 49.23664110090003], [-123.20433835627466, 49.236802737060756], [-123.20458687559216, 49.23696039590863], [-123.20484127566895, 49.23711398094011], [-123.20510140083756, 49.23726339814432], [-123.20536709192172, 49.23740855606084], [-123.20563818633391, 49.23754936583551], [-123.20591451817482, 49.23768574127513]]}}, {"type": "Feature", "properties": {"Id": 0, "Name": "Musqueam Creek (Tin Can Creek)", "Region": "V", "Type": "Stream"}, "geometry": {"type": "LineString", "coordinates": [[-123.19448108655902, 49.23062267500736], [-123.19503358436361, 49.231319918488296], [-123.19557685926247, 49.232020265716], [-123.19559844975669, 49.23216280219587], [-123.19562977970165, 49.2323045611774], [-123.19567078613689, 49.23244525740601], [-123.19572138662853, 49.23258460776337], [-123.1957814794344, 49.23272233183695], [-123.19585094370821, 49.232858152484525], [-123.19592963974209, 49.23299179639186], [-123.19601740924733, 49.23312299462286], [-123.19611407567211, 49.233251483160835], [-123.19621944455655, 49.23337700343996], [-123.19633330392337, 49.23349930286573], [-123.19645542470427, 49.23361813532334], [-123.19672193480983, 49.2338196395423], [-123.19698220740369, 49.23402461085974], [-123.1972361372699, 49.23423296647638], [-123.19748362175085, 49.23444462222479], [-123.19758753384188, 49.23453083684762], [-123.1976827883708, 49.23462123807863], [-123.19776899308589, 49.2347154536973], [-123.19784579299119, 49.2348130957755], [-123.19791287180882, 49.234913762274545], [-123.19796995328201, 49.235017038700285], [-123.19801680231343, 49.23512249980967], [-123.19805322593409, 49.23522971136135], [-123.19807907409897, 49.235338231903725], [-123.19809424030588, 49.23544761459242], [-123.19809866203519, 49.2355574090301], [-123.19820378822163, 49.23596091120918], [-123.1982999130933, 49.23636537483077], [-123.19838701596555, 49.23677071378885], [-123.19854230297774, 49.236920893819466], [-123.19870578114401, 49.23706729925659], [-123.19887723675258, 49.237209738643585], [-123.1990564456537, 49.23734802570861], [-123.19924317355245, 49.237481979608496], [-123.19943717631507, 49.23761142516521], [-123.19957259053581, 49.237706924041355], [-123.19971440161446, 49.2377983555149], [-123.1998623249268, 49.23788553605483], [-123.20001606357492, 49.23796829066218], [-123.20017530898276, 49.23804645322136], [-123.20033974151598, 49.23811986683376], [-123.20050903112325, 49.238188384132904], [-123.20068283799914, 49.23825186758028], [-123.20087702565228, 49.23832988938144], [-123.20107559710097, 49.23840302788419], [-123.20127826606428, 49.23847117763801], [-123.20148474034985, 49.238534240384645], [-123.20169472227529, 49.238592125199965], [-123.20190790909747, 49.238644748625106], [-123.20212399344943, 49.23869203478688], [-123.20240046264114, 49.23879549934871], [-123.20267219400509, 49.23890421280004], [-123.20293895517416, 49.239018082188466], [-123.20320051802618, 49.23913701015252], [-123.20345665887892, 49.239260895004776], [-123.20369674450221, 49.23941217393845], [-123.2039301534746, 49.239567868622686], [-123.20415669639387, 49.23972785275941], [-123.20437618942215, 49.23989199656981], [-123.2045884544351, 49.24006016689945], [-123.2047933191666, 49.240232227326146], [-123.20499061734837, 49.24040803827069], [-123.20518018884528, 49.240587457109825], [-123.20536187978522, 49.240770338291966], [-123.20553554268415, 49.24095653345506], [-123.20575983182555, 49.24124215328462], [-123.20599172790536, 49.241525157303066], [-123.20623115990381, 49.241805458680666], [-123.20647805448523, 49.24208297141542], [-123.2066833431024, 49.2422639162679], [-123.20689553967829, 49.24244141237668], [-123.20711450917773, 49.24261534672786], [-123.20734011224879, 49.24278560857417], [-123.20757220531131, 49.24295208950564], [-123.20780836047713, 49.24319484899894], [-123.20803673829897, 49.24344077802952], [-123.20825723947452, 49.243689769788496], [-123.20846976811805, 49.24394171613514], [-123.20867423180202, 49.2441965076439], [-123.2088705415976, 49.24445403365186], [-123.20905861211338, 49.24471418230669], [-123.2092383615326, 49.24497684061519], [-123.20945963487641, 49.24524945460065], [-123.20967168158586, 49.24552519414252], [-123.20987439857527, 49.245803925392025], [-123.20991335954976, 49.24603904112273], [-123.20994196900674, 49.24627479354501], [-123.20996020309725, 49.24651098735405], [-123.2099680465669, 49.24674742687658], [-123.20996549276887, 49.246983916233], [-123.20995254366996, 49.24722025949964], [-123.2099292098495, 49.24745626087109], [-123.209895510491, 49.24769172482241], [-123.20985147336683, 49.24792645627115], [-123.20979713481557, 49.248160260738985], [-123.20974889109793, 49.248275182432806], [-123.2096915235579, 49.24838829314887], [-123.20962518946385, 49.2484992826814], [-123.20955007067843, 49.248607846639956], [-123.20946637316041, 49.248713687284216], [-123.2093743264003, 49.24881651434086], [-123.20927418279152, 49.24891604579964], [-123.20916621693851, 49.249012008687096], [-123.20905072490412, 49.24910413981529], [-123.20892802339772, 49.24919218650385], [-123.20879844890698, 49.249275907273145], [-123.20869278174322, 49.249357519446036], [-123.20857941668503, 49.24943457772509], [-123.2084588106311, 49.2495067715164], [-123.20833144967236, 49.24957380983172], [-123.20819784713284, 49.24963542246158], [-123.20805854150058, 49.24969136106475], [-123.20797990623224, 49.249737587614376], [-123.20789438490746, 49.24977823818572], [-123.20780289604421, 49.249812876175206], [-123.20770642226078, 49.249841129555946], [-123.20760599972148, 49.249862694874004], [-123.20750270700684, 49.24987734050772], [-123.20739765352805, 49.249884909156016], [-123.20729196761002, 49.249885319527884], [-123.20718678437123, 49.249878567215674], [-123.20708074710114, 49.24987314655373], [-123.20697578794758, 49.249861883001486], [-123.20687265683215, 49.24984485703575], [-123.2067720906134, 49.249822190305146], [-123.2066595454037, 49.249826862574636], [-123.20654815525792, 49.24983838126517], [-123.20643888987239, 49.24985664610199], [-123.20633270044905, 49.24988149808238], [-123.2062305114161, 49.24991272085954], [-123.20613321238118, 49.24995004262578], [-123.2060416503879, 49.24999313847841], [-123.20595662254222, 49.250041633247776], [-123.2058788690736, 49.250095104763005], [-123.20561951260382, 49.25033087336106], [-123.20536598551422, 49.250569344208365], [-123.20511835356349, 49.250810455530974], [-123.20506371672458, 49.25084963303638], [-123.20501669888527, 49.25089283927589], [-123.2049779868691, 49.25093944312376], [-123.20494814617905, 49.2509887638226], [-123.2049276127359, 49.251040080927034], [-123.20491668650934, 49.25109264482722], [-123.20491552713439, 49.25114568769843], [-123.20492415157788, 49.251198434717026], [-123.2049424338888, 49.251250115378525], [-123.20497010703626, 49.25129997475295], [-123.20500676680857, 49.251347284512796], [-123.20505187771647, 49.251391353572316], [-123.20510478081395, 49.25143153818318], [-123.20516470332345, 49.251467251338504], [-123.20535373145678, 49.25159894895289], [-123.20553633277815, 49.251734476845954], [-123.20571232622673, 49.25187370067248], [-123.20588153728755, 49.25201648242255], [-123.20604379816452, 49.252162680558044], [-123.20619894794685, 49.252312150153], [-123.20634683276877, 49.25246474303718], [-123.20731193617446, 49.25371965127477], [-123.20760618210316, 49.254207166799375], [-123.20789262640463, 49.254696669788565], [-123.208171237533, 49.25518810672912], [-123.20844198479602, 49.255681423894885], [-123.20870483835844, 49.256176567352554]]}}, {"type": "Feature", "properties": {"Id": 0, "Name": "", "Region": "V", "Type": "Shoreline"}, "geometry": {"type": "LineString", "coordinates": [[-123.19669893662142, 49.22355031126398], [-123.19675472787596, 49.223532121636644], [-123.19680562556319, 49.223508566548], [-123.19685043648163, 49.22348019820679], [-123.19688811012875, 49.22344768165922], [-123.19691776332816, 49.22341177919754], [-123.1969387009331, 49.22337333248895], [-123.19695043212171, 49.22333324284385], [-123.19694186649407, 49.22328349226661], [-123.19694107959675, 49.22323342899725], [-123.19694807958619, 49.22318357345577], [-123.19696279367274, 49.223134443901266], [-123.19698506887808, 49.2230865510445], [-123.19701467362651, 49.223040392739115], [-123.19705969850305, 49.22301344691008], [-123.19709723021101, 49.22298195927148], [-123.19712621708004, 49.22294681214634], [-123.19714584688231, 49.22290899039913], [-123.19715556959027, 49.22286955383808], [-123.19715511278707, 49.22282960751783], [-123.19714448929712, 49.22279027077436], [-123.19715653598743, 49.222641641066296], [-123.1971589895016, 49.222492810728134], [-123.19715184554882, 49.22234404528374], [-123.19713511696054, 49.22219561013887], [-123.1971088336672, 49.222047770107636], [-123.19708725628603, 49.221993532522724], [-123.1970556034613, 49.2219414593453], [-123.19701436126073, 49.221892350171906], [-123.19696416299399, 49.22184695908386], [-123.19690577948667, 49.22180598306851], [-123.19684010724346, 49.22177005131748], [-123.19676815468156, 49.22173971556584], [-123.19669102664668, 49.22171544162071], [-123.19660990744838, 49.22169760220923], [-123.19652604267607, 49.22168647125583], [-123.19644072007408, 49.221682219676254], [-123.19635524976997, 49.221684912753524], [-123.19566851716053, 49.22168607804113], [-123.1954547729412, 49.22167679807106], [-123.19524179022976, 49.22166178048896], [-123.19502992787694, 49.221641050597626], [-123.19481954284466, 49.221614643324344], [-123.19461098960413, 49.2215826031621], [-123.19440461953847, 49.221544984094486], [-123.19420078035017, 49.22150184950476], [-123.19399981547497, 49.22145327206893]]}}, {"type": "Feature", "properties": {"Id": 0, "Name": "", "Region": "V", "Type": "Shoreline"}, "geometry": {"type": "LineString", "coordinates": [[-123.19669893662142, 49.22355031126398], [-123.19671649843146, 49.223580596023766], [-123.19674091388053, 49.223608769464704], [-123.19677161046434, 49.22363417095067], [-123.19680786838964, 49.22365620484388], [-123.19684883745218, 49.22367435447227], [-123.19689355697317, 49.22368819424533], [-123.19694097832621, 49.22369739963392], [-123.19703447812817, 49.22371468747402], [-123.19713004592616, 49.22372613887107], [-123.19722683446706, 49.22373165230308], [-123.19732398567405, 49.22373117889084], [-123.1974206382546, 49.22372472283145], [-123.19751593533738, 49.22371234136098], [-123.19760903206972, 49.223694144247105], [-123.19769910310825, 49.22367029281575], [-123.19778534993704, 49.22364099852071], [-123.19786700794717, 49.22360652106886], [-123.19794335321595, 49.22356716611745], [-123.19802057203721, 49.2235397218022], [-123.19809277417247, 49.2235069381], [-123.19815910256095, 49.223469204167955], [-123.19821876987105, 49.22342696792364], [-123.19827106784628, 49.22338073072778], [-123.19831537571231, 49.223331041432466], [-123.19835116754504, 49.223278489865805], [-123.19837801851276, 49.22322369982998], [-123.19876729919774, 49.22243762909607], [-123.19879369236175, 49.22238339792954], [-123.19882609149938, 49.22233058196001], [-123.19886432180377, 49.22227946612088], [-123.19890817701172, 49.22223032617283], [-123.1989684135129, 49.222195442655845], [-123.19903499519548, 49.22216591940126], [-123.19910681764819, 49.22214224611602], [-123.199182689536, 49.222124815472036], [-123.19926135235988, 49.222113916593315], [-123.1993415013306, 49.22210973026065], [-123.19942180700987, 49.22211232591306], [-123.19950093736026, 49.222121660496185], [-123.19957757983825, 49.22213757917636], [-123.1996504631639, 49.22215981790864], [-123.19971837840662, 49.2221880078163], [-123.19978019903671, 49.22222168130898], [-123.20114457476004, 49.22266199451361]]}}, {"type": "Feature", "properties": {"Id": 0, "Name": "", "Region": "B", "Type": "Stream"}, "geometry": {"type": "LineString", "coordinates": [[-123.18301922174405, 49.26490298654404], [-123.18313807642312, 49.2650148280979], [-123.18326492704082, 49.26512284261445], [-123.18339948638061, 49.26522678548269], [-123.1835414497629, 49.2653264213107], [-123.18369049573485, 49.26542152445915], [-123.18384628679824, 49.26551187955227], [-123.18400847017361, 49.265597281965924], [-123.1841766785993, 49.26567753829111], [-123.18435053116313, 49.26575246677213], [-123.18456019838784, 49.26582719577689], [-123.1847744586564, 49.26589612028754], [-123.1849929369541, 49.26595911966148], [-123.18521525087844, 49.26601608362684], [-123.1854410113091, 49.26606691247556], [-123.18566982308913, 49.266111517238016], [-123.18590128571714, 49.266149819838894], [-123.18606509175387, 49.266191683059965], [-123.18623236941168, 49.26622718380415], [-123.18640254218833, 49.26625619972119], [-123.18657502360041, 49.26627863081003], [-123.18674921920514, 49.266294399763574], [-123.18692452864987, 49.266303452235306], [-123.18710034774183, 49.26630575702657], [-123.18727607053115, 49.26630130619412], [-123.18745109140005, 49.266290115077545], [-123.18757634235232, 49.26630745608538], [-123.18769904455833, 49.266331359309746], [-123.18781839661776, 49.26636166863309], [-123.187933619007, 49.26639818609783], [-123.18804395916969, 49.26644067319908], [-123.18814869643136, 49.26648885244201], [-123.18824714670576, 49.26654240915408], [-123.18833866696279, 49.26660099353988], [-123.18842265942808, 49.26666422296543], [-123.18849857548757, 49.26673168445699], [-123.18856591927089, 49.26680293739791], [-123.18862425089073, 49.26687751640632], [-123.1886731893165, 49.266954934374226], [-123.18871241486401, 49.26703468564891], [-123.18874167128433, 49.26711624933531], [-123.18877678955765, 49.267269383169456], [-123.18880340084576, 49.26742324953203], [-123.18882147007821, 49.26757764610546], [-123.18883097341566, 49.26773236987304], [-123.18883189828162, 49.26788721738601], [-123.18891004751276, 49.267991588600616], [-123.18899706325523, 49.26809291107336], [-123.18909266883782, 49.26819086258185], [-123.18919656026677, 49.26828513162205], [-123.1893084071922, 49.2683754183992], [-123.18942785395824, 49.2684614357813], [-123.18955452073394, 49.26854291021253], [-123.1900775336673, 49.268777471323105], [-123.19060530861398, 49.269007421902806], [-123.1911377506837, 49.26923272058025], [-123.19167476414243, 49.269453326820404], [-123.1921509624188, 49.26954365793235], [-123.19262993920461, 49.26962746491936], [-123.19311148573452, 49.269704711251734], [-123.19359539212006, 49.26977536325929], [-123.19408144744129, 49.269839390146075], [-123.19456943983899, 49.2698967640038], [-123.19505915660723, 49.269947459824074], [-123.19514026892793, 49.269943655762845], [-123.19522152034236, 49.26994584675674], [-123.19530187934832, 49.269954004990616], [-123.195380325772, 49.26996802689407], [-123.19545586371811, 49.26998773445611], [-123.19552753421216, 49.27001287748493], [-123.19559442737406, 49.270043136783805], [-123.19565569396867, 49.27007812820319], [-123.19571055618685, 49.27011740751716], [-123.19575831751993, 49.27016047606267], [-123.19582946498625, 49.27023839469758], [-123.19589182978858, 49.270319471300255], [-123.19594508637465, 49.270403282697174], [-123.19598895672726, 49.27048939143861], [-123.19602321181662, 49.27057734808167], [-123.19604767279634, 49.270666693535986], [-123.19606221193824, 49.2707569614598], [-123.19606675329992, 49.27084768069394], [-123.19606127312234, 49.27093837772104], [-123.19604579995506, 49.27102857913705], [-123.19602041450817, 49.271117814122285], [-123.19598524923234, 49.27120561689896], [-123.19594048762839, 49.271291529162525], [-123.19588636329065, 49.271375102474025]]}}, {"type": "Feature", "properties": {"Id": 0, "Name": "MacDonald Creek (Second Creek)", "Region": "C", "Type": "Stream"}, "geometry": {"type": "LineString", "coordinates": [[-123.17166635791277, 49.271731174096246], [-123.1717022333556, 49.2716110931135], [-123.17174855473876, 49.27149255280859], [-123.17180517008015, 49.271375941925946], [-123.17187189364309, 49.27126164287985], [-123.17194850654633, 49.27115003050057], [-123.17203475748266, 49.27104147080529], [-123.1721303635437, 49.270936319797926], [-123.17223501114842, 49.270834922301965], [-123.17234835707185, 49.27073761082988], [-123.17247002957139, 49.27064470449295], [-123.17260396003518, 49.27052407831535], [-123.1727319361647, 49.270400715481045], [-123.17285382750423, 49.27027474178637], [-123.1729695098058, 49.270146285689], [-123.17307886515569, 49.27001547817701], [-123.17313462666179, 49.26996171852891], [-123.1731816885035, 49.26990450723471], [-123.17321955661227, 49.26984444495235], [-123.17324783344849, 49.26978216226992], [-123.17326622217418, 49.26971831308491], [-123.17327452976778, 49.269653567738736], [-123.17327266904931, 49.26958860597886], [-123.17326065959382, 49.26952410982214], [-123.17323862752436, 49.26946075639462], [-123.17320680418605, 49.26939921082254], [-123.17316552371591, 49.269340119249755], [-123.17311521953336, 49.269284102054215], [-123.17305641978894, 49.26923174733521], [-123.17298974181841, 49.26918360473963], [-123.1729158856611, 49.26914017969176], [-123.17283562671017, 49.26910192808754], [-123.17273009121004, 49.269059435562], [-123.17263006896083, 49.269011572246605], [-123.17253619677047, 49.26895864287882], [-123.17244907228493, 49.268900984449864], [-123.17236925018325, 49.26883896405872], [-123.17229723864581, 49.26877297657469], [-123.17223349611959, 49.268703442123005], [-123.1721784283996, 49.2686308034097], [-123.17213238604612, 49.268555522902865], [-123.17209566215344, 49.268478079887885], [-123.17206849048489, 49.26839896741587], [-123.17205104398559, 49.26831868916438], [-123.17204343368238, 49.268237756230576], [-123.17204570797828, 49.26815668387723], [-123.17205785234556, 49.26807598825222], [-123.17207978941934, 49.26799618310249], [-123.17211137949144, 49.26791777650331], [-123.17212964570939, 49.2676513487214], [-123.17214023669744, 49.26738474298812], [-123.17214314881873, 49.26711805397977], [-123.17213838116325, 49.266851376400766], [-123.17212593554815, 49.266584804949936], [-123.17210581651693, 49.2663184342869], [-123.17210170901494, 49.26621605456274], [-123.17208754743199, 49.266114059733134], [-123.17206339047931, 49.26601287220334], [-123.17202933826171, 49.265912911032686], [-123.17198553186206, 49.2658145901991], [-123.17193215275596, 49.26571831688483], [-123.17186942205946, 49.265624489790326], [-123.17179759961239, 49.26553349748314], [-123.17171540823682, 49.26543049930814], [-123.17164217556063, 49.265324645896385], [-123.17157813217506, 49.265216270637474], [-123.17152347972508, 49.26510571486138], [-123.17147839027527, 49.26499332676342], [-123.17144300576831, 49.26487946030747], [-123.17141743757891, 49.26476447411097], [-123.17140176616381, 49.26464873031551], [-123.17138233787385, 49.26456285581634], [-123.17135345024123, 49.264478128702514], [-123.17131525526266, 49.26439499463762], [-123.17126795388842, 49.26431389090358], [-123.17121179496473, 49.26423524410077], [-123.17114707392383, 49.26415946790433], [-123.1710741312293, 49.26408696088839], [-123.17099335058474, 49.26401810442989], [-123.170905156915, 49.2639532607028], [-123.17081001413071, 49.263892770773396], [-123.17064280614547, 49.263765169201086], [-123.17048376146248, 49.26363317371402], [-123.17033314932826, 49.26349700782181], [-123.17019122470401, 49.26335690209403], [-123.1700582278342, 49.26321309376959], [-123.16993438384011, 49.263065826354925], [-123.16934272205523, 49.26232413889958], [-123.1688829157046, 49.26185357430543], [-123.16876613586147, 49.26175431448581], [-123.16865713005843, 49.26165133709881], [-123.16855617403816, 49.26154490268384], [-123.16846352317175, 49.26143528052511], [-123.16837941181318, 49.261322747970205], [-123.16830405270673, 49.26120758972821], [-123.16823763644922, 49.26109009714922], [-123.16818033100834, 49.26097056748716], [-123.16813228129834, 49.260849303147594], [-123.16809360881393, 49.26072661092249], [-123.16807669922883, 49.26061863983506], [-123.16804894416342, 49.260511633979185], [-123.16801046459491, 49.260406059496844], [-123.16796142821596, 49.260302376291705], [-123.1679020487031, 49.26020103602583], [-123.16783258478468, 49.26010248015233], [-123.16775333911305, 49.26000713799248], [-123.16766465694516, 49.259915424865866], [-123.16756692463795, 49.25982774028141], [-123.16701974320738, 49.259314454969996], [-123.16693630020819, 49.25923214274751], [-123.16684577234587, 49.259153102999704], [-123.16674845849427, 49.25907759664414], [-123.16664467992403, 49.25900587293315], [-123.16653477924179, 49.25893816863125], [-123.16641911925916, 49.2588747072337], [-123.16629808179505, 49.25881569822889], [-123.16618089848528, 49.25874085491962], [-123.16607081718938, 49.258661526825726], [-123.16596823778512, 49.258578002136936], [-123.16587353289106, 49.25849058428715], [-123.16578704651327, 49.25839959085207], [-123.16570909279594, 49.25830535239511], [-123.16563995488056, 49.25820821126649], [-123.16557988387805, 49.25810852035915], [-123.16552909795693, 49.258006641826775], [-123.16548778155172, 49.257902945767896], [-123.16493897755207, 49.256889854898006], [-123.16475828471191, 49.256603286198235], [-123.16458666307236, 49.25631433862102], [-123.16442418552535, 49.25602313515754], [-123.16427092106694, 49.255729799757], [-123.16412693476805, 49.255434457273914], [-123.16398333034418, 49.255046383606135], [-123.16382913593495, 49.25466005496022], [-123.16366440120744, 49.254275595156315], [-123.16348917920332, 49.25389312741278], [-123.16313630892428, 49.25343897639646], [-123.1627740554006, 49.25298800304754], [-123.16240248563322, 49.252540290459336], [-123.16202166833408, 49.25209592112218], [-123.16188877659721, 49.251983844420096], [-123.16174873159662, 49.25187556454411], [-123.16160178623082, 49.2517712769947], [-123.16144820585194, 49.251671170063084], [-123.16128826778652, 49.25157542449116], [-123.16112226083477, 49.25148421314546], [-123.16095048474916, 49.251397700705176], [-123.16083286536029, 49.251328364871554], [-123.1607222423448, 49.25125425861877], [-123.16061906629876, 49.25117568382217], [-123.16052375747664, 49.25109296055841], [-123.16043670407969, 49.25100642580144], [-123.160358260675, 49.250916432049614], [-123.16028874675159, 49.25082334588947], [-123.16022844541968, 49.250727546502354], [-123.1600793668558, 49.25052903920813], [-123.15992372836878, 49.25033270159437], [-123.15976160367306, 49.250138626554126], [-123.15959306954923, 49.249946905908914], [-123.15941820580753, 49.249757630365266], [-123.15900219130596, 49.24927268510319]]}}, {"type": "Feature", "properties": {"Id": 0, "Name": "MacDonald Creek (Second Creek)", "Region": "C", "Type": "Stream"}, "geometry": {"type": "LineString", "coordinates": [[-123.15900219130596, 49.24927268510319], [-123.15905538490098, 49.24912032710368], [-123.15909834083638, 49.248966590940825], [-123.15913097687537, 49.24881177127628], [-123.15915323056309, 49.24865616484573], [-123.15916505934534, 49.248500069889985], [-123.15916644064947, 49.24834378558341], [-123.15914103714846, 49.24829014753337], [-123.15910641024227, 49.24823876909717], [-123.15906301634911, 49.24819032745417], [-123.15901142743317, 49.24814546107411], [-123.15895232346512, 49.24810476130252], [-123.1588864834593, 49.24806876456705], [-123.15881477520597, 49.248037945307686], [-123.15873814383386, 49.24801270972407], [-123.15865759935366, 49.24799339042211], [-123.15857420334666, 49.2479802420306], [-123.15848905497428, 49.247973437845424], [-123.15831469207768, 49.247984522209876], [-123.15813962858331, 49.24798875865208], [-123.1579644914751, 49.2479861319993], [-123.15778990800067, 49.2479766516587], [-123.15761650342414, 49.247960351583714], [-123.157535264323, 49.247963098184876], [-123.1574541261618, 49.247959281331774], [-123.15737432152667, 49.247948959006926], [-123.15729706274432, 49.24793228801877], [-123.1572235234641, 49.247909521619256], [-123.1571548208276, 49.24788100565646], [-123.15709199849722, 49.24784717332037], [-123.1570360108013, 49.2478085385618], [-123.15698770823657, 49.24776568828437], [-123.15694782454868, 49.24771927342847], [-123.15691696558652, 49.24766999908229], [-123.15689560009984, 49.24761861377034], [-123.15643492099593, 49.246791000619936]]}}, {"type": "Feature", "properties": {"Id": 0, "Name": "MacDonald Creek (Second Creek)", "Region": "C", "Type": "Stream"}, "geometry": {"type": "LineString", "coordinates": [[-123.15643492099593, 49.246791000619936], [-123.1563780712115, 49.24623333987529], [-123.15631068351406, 49.24567618245633], [-123.1562327685822, 49.24511961371401], [-123.15614433870591, 49.24456371890618], [-123.15603040445531, 49.24432586927413], [-123.15592604276273, 49.24408614417821], [-123.15583132536256, 49.24384470871662], [-123.15574631734414, 49.24360172916316], [-123.15567107710744, 49.24335737285252], [-123.1556056563232, 49.243111808065116], [-123.15555009989767, 49.24286520391111], [-123.15550222775722, 49.242724841373516], [-123.15546390756123, 49.24258322722593], [-123.15543521458906, 49.24244063997071], [-123.15541620518536, 49.24229736002159], [-123.15540691664975, 49.242153669152124], [-123.15540736716429, 49.24200984994156], [-123.15541755575813, 49.24186618521908], [-123.15543746231043, 49.241722957507626], [-123.1554882043957, 49.241516923483466], [-123.15554902285939, 49.24131206229991], [-123.15561985487427, 49.24110858516464], [-123.15570062729202, 49.240906701855835], [-123.15579125671896, 49.24070662050594], [-123.15589164960258, 49.24050854738718], [-123.1560236148182, 49.240338898502536], [-123.1561463809684, 49.240166314318394], [-123.15625979609797, 49.23999100858896], [-123.15636371983791, 49.239813198436984], [-123.15645802357896, 49.23963310408471], [-123.15654259063037, 49.239450948580966], [-123.15688714552161, 49.238065322730044], [-123.15695048896745, 49.23740835730825], [-123.15716553325484, 49.236451305715775]]}}, {"type": "Feature", "properties": {"Id": 0, "Name": "MacDonald Creek (Second Creek)", "Region": "C", "Type": "Stream"}, "geometry": {"type": "LineString", "coordinates": [[-123.15099566253461, 49.2493625177047], [-123.1511691171334, 49.2493193065627], [-123.15134579828256, 49.24928211749937], [-123.15152521851255, 49.249251053119266], [-123.15170688279987, 49.249226199128806], [-123.15189028993221, 49.249207624099796], [-123.15207493389076, 49.2491953792804], [-123.15226030524575, 49.24918949845384], [-123.15263616531196, 49.24918507752458], [-123.15301174499251, 49.24917459801511], [-123.15338681639778, 49.249158066284146], [-123.15376115194701, 49.24913549236271], [-123.15413452450683, 49.249106889947996], [-123.15450670752928, 49.249072276395005], [-123.15481195460383, 49.2490403488674], [-123.15511872714373, 49.24901546497719], [-123.15542664605825, 49.24899765547418], [-123.15573533084141, 49.248986942366045], [-123.15604440004198, 49.2489833388912], [-123.15635347173415, 49.24898684950245], [-123.15666216398897, 49.24899746986146], [-123.15697009534601, 49.2490151868442], [-123.15727688528408, 49.24903997855703], [-123.15752799021995, 49.24905592677025], [-123.15777807266731, 49.24907769799287], [-123.15802681767092, 49.24910526480606], [-123.15827391195845, 49.249138592491974], [-123.15851904433477, 49.249177639077374], [-123.15876190607361, 49.24922235538659], [-123.15900219130596, 49.24927268510319]]}}, {"type": "Feature", "properties": {"Id": 0, "Name": "MacDonald Creek (Second Creek)", "Region": "C", "Type": "Stream"}, "geometry": {"type": "LineString", "coordinates": [[-123.15643492099593, 49.246791000619936], [-123.15609776472665, 49.246615319190035], [-123.15575569965753, 49.2464437540933], [-123.15540884304939, 49.246276364117925], [-123.15505731380105, 49.24611320662085], [-123.15478286508068, 49.246003849357855], [-123.15450331603515, 49.245900177823295], [-123.15421894138852, 49.245802293888225], [-123.15393002060163, 49.245710293736096], [-123.15363683759752, 49.24562426776822], [-123.15333968048272, 49.24554430051516], [-123.15313285804828, 49.24548096677777], [-123.15293058680317, 49.2454116187038], [-123.1527332745327, 49.245336396107746], [-123.152541319019, 49.245255450647214], [-123.15235510723876, 49.245168945517015], [-123.15217501458292, 49.24507705512002], [-123.15200140409969, 49.244979964715306], [-123.15183462576256, 49.244877870044576], [-123.15167501576467, 49.24477097693723], [-123.15152289584118, 49.244659500895345], [-123.1513785726206, 49.244543666658906], [-123.15124233700689, 49.244423707752624], [-123.15105420258392, 49.24430894352339], [-123.15087284092269, 49.24418959760245], [-123.15069851211486, 49.244065841176784], [-123.15053146615867, 49.24393785175847], [-123.15037194260053, 49.243805812929814], [-123.15022017019156, 49.24366991408], [-123.15007636655963, 49.24353035013323]]}}, {"type": "Feature", "properties": {"Id": 0, "Name": "MacDonald Creek (Second Creek)", "Region": "C", "Type": "Stream"}, "geometry": {"type": "LineString", "coordinates": [[-123.15007636655963, 49.24353035013323], [-123.1499258481643, 49.24332679707392], [-123.14976729630247, 49.24312587559943], [-123.14960081830422, 49.242927721598775], [-123.14942652685613, 49.24273246908759], [-123.14924453992509, 49.24254025011771], [-123.14905498067826, 49.242351194687814]]}}, {"type": "Feature", "properties": {"Id": 0, "Name": " MacDonald Creek (Second Creek)", "Region": "C", "Type": "Stream"}, "geometry": {"type": "LineString", "coordinates": [[-123.15007636655963, 49.24353035013323], [-123.14982714482989, 49.243482295643304], [-123.14957518042358, 49.24344082332054], [-123.14932087868294, 49.24340599988182], [-123.14906464870755, 49.243377881347826], [-123.14880690269653, 49.24335651295294], [-123.14854805528606, 49.24334192907256], [-123.14828852288272, 49.2433341531678], [-123.14802872299427, 49.243333197747816], [-123.1477690735584, 49.243339064349705], [-123.14750999227097, 49.243351743535996], [-123.1472518959146, 49.24337121490982], [-123.14699519968869, 49.243397447147764], [-123.14674031654194, 49.24343039805012], [-123.14648765650865, 49.2434700146088], [-123.14623762604944, 49.24351623309251]]}}, {"type": "Feature", "properties": {"Id": 0, "Name": "", "Region": "U", "Type": "Shoreline"}, "geometry": {"type": "LineString", "coordinates": [[-123.17701726100584, 49.216883871259476], [-123.17718016169486, 49.216929962322475], [-123.17734594383587, 49.21697141097155], [-123.17751429928042, 49.217008140162235], [-123.17768491509459, 49.21704008162242], [-123.17785747414094, 49.217067175979324], [-123.17803165566819, 49.21708937286986], [-123.17835091443375, 49.21708676717181], [-123.17866992165467, 49.21707806801019], [-123.1789884063267, 49.2170632827752], [-123.17930609788996, 49.21704242402738], [-123.17962272645946, 49.21701550948677], [-123.17968968872526, 49.21701585839987], [-123.17975603742113, 49.21700992360315], [-123.1798204055368, 49.21699782737383], [-123.17988146687097, 49.21697981893555], [-123.1799379633568, 49.21695626932334], [-123.1799887309834, 49.21692766373864], [-123.18003272377872, 49.21689459155203], [-123.1800690353603, 49.21685773415976], [-123.18006910257061, 49.21681745544757], [-123.18005920169507, 49.216777702327434], [-123.18003959465625, 49.21673952635351], [-123.18001080012213, 49.2167039373586], [-123.17997357978437, 49.216671876742694], [-123.17992891820835, 49.216644192571366], [-123.17987799678863, 49.21662161714341], [-123.17982216249864, 49.2166047476208], [-123.17976289226134, 49.21659403023324], [-123.17948109086657, 49.21653737851715], [-123.1791967882013, 49.21648637162417], [-123.17891024766645, 49.2164410568102], [-123.17862173473395, 49.216401476057484], [-123.178331516701, 49.21636766603587], [-123.17803986244272, 49.216339658068804], [-123.17753554740119, 49.21629550881922], [-123.17703036927304, 49.216255821571984], [-123.17652442000542, 49.21622060355067], [-123.17643309420723, 49.21622805052507], [-123.17634359913504, 49.21624210460807], [-123.17625704508163, 49.216262591442415], [-123.17617450585631, 49.21628925686472], [-123.17609700546426, 49.21632177005849], [-123.17602550540308, 49.21635972765786], [-123.17596089273484, 49.21640265875149], [-123.17590396908095, 49.21645003072431], [-123.17590622531222, 49.21649643341693], [-123.17591936238254, 49.21654205505523], [-123.17594306694191, 49.2165858073538], [-123.17597677355323, 49.2166266466167], [-123.1760196781784, 49.21666359863509], [-123.17607075735671, 49.21669578192712], [-123.17612879261817, 49.21672242876627], [-123.1761923995496, 49.216742903495955], [-123.17626006082021, 49.21675671769377], [-123.17633016237848, 49.2167635418232], [-123.17704998492866, 49.21689096112694]]}}, {"type": "Feature", "properties": {"Id": 0, "Name": "", "Region": "U", "Type": "Shoreline"}, "geometry": {"type": "LineString", "coordinates": [[-123.18336415417384, 49.21877559569778], [-123.18310532258334, 49.218633496910215], [-123.1828520476078, 49.218487165356834], [-123.1826044904899, 49.21833669422525], [-123.18236280882675, 49.21818217933838], [-123.1822107542231, 49.21812401427367], [-123.18205427727341, 49.21807112126713], [-123.18189380358699, 49.21802364418075], [-123.18172976963982, 49.21798171214549], [-123.18156262158773, 49.217945439210304], [-123.18144348225361, 49.21788585191094], [-123.18131852042522, 49.21783162321158], [-123.18118829682831, 49.21778299643828], [-123.18105339579297, 49.217740189780415], [-123.1809144226321, 49.21770339531185], [-123.18077200092578, 49.21767277812935], [-123.18062676972389, 49.21764847561191], [-123.1804793806792, 49.21763059680455], [-123.18033049512418, 49.21761922192906], [-123.18018078110438, 49.217614402024296], [-123.17988167726165, 49.217664389256655], [-123.1795850716536, 49.21772040190895], [-123.17929124704904, 49.217782386583195], [-123.17927986862085, 49.217811196512436], [-123.17927593113863, 49.21784084301805], [-123.1792795433655, 49.21787050728954], [-123.1792906055481, 49.21789937002427], [-123.17930881217019, 49.21792663405601], [-123.17933366038945, 49.21795154637221], [-123.17936446392456, 49.217973418911896], [-123.17940037200924, 49.21799164756983], [-123.17944039288933, 49.21800572888175], [-123.17948342121481, 49.218015273930185], [-123.17952826856923, 49.218020019086424], [-123.17956959845952, 49.21804492173441], [-123.17960405514991, 49.218073967581525], [-123.17963068529889, 49.218106353003215], [-123.17964875210092, 49.21814118197578], [-123.17965775567338, 49.21817749086665], [-123.17965744688891, 49.218214275095434], [-123.17964783427028, 49.21825051692802], [-123.17962918375702, 49.21828521363502], [-123.17960201134935, 49.218317405235105], [-123.17954614005296, 49.21835217713647], [-123.17948509594848, 49.21838299233358], [-123.17941952903122, 49.218409522702856], [-123.1793501374595, 49.218431485745576], [-123.17927766012016, 49.21844864759608], [-123.17920286876054, 49.21846082551234], [-123.17894511545096, 49.21842066211846], [-123.17868965381378, 49.21837464342852], [-123.17843679375451, 49.21832282526964], [-123.17818684201981, 49.21826527050437], [-123.17794010182511, 49.21820204895433], [-123.17769687248652, 49.21813323731544], [-123.17745744905747, 49.21805891906485], [-123.17697222158404, 49.217885695069825], [-123.17648331983895, 49.217716964547144], [-123.17599084078199, 49.217552760947534], [-123.1754948820791, 49.21739311682394], [-123.17499554208321, 49.217238063825114], [-123.17449291981481, 49.217087632689356], [-123.17436442902923, 49.21706745559887], [-123.17423424358338, 49.21705265705565], [-123.17410288757397, 49.217043296635204], [-123.1739708898089, 49.21703941202036], [-123.17383878167901, 49.21704101884969], [-123.17308697605415, 49.217009482439195], [-123.1723359327459, 49.21697093593211], [-123.17158580417218, 49.21692538715073], [-123.17119929248189, 49.2168808425677], [-123.17081444238886, 49.21683050267868], [-123.17043145639649, 49.21677439397236], [-123.17005053602526, 49.21671254597277], [-123.16967188170652, 49.216644991223866], [-123.16929569267695, 49.21657176527233], [-123.16861369399342, 49.21639544383944], [-123.16793486239538, 49.21621395740063], [-123.16725928906621, 49.21602733034257]]}}, {"type": "Feature", "properties": {"Id": 0, "Name": "", "Region": "U", "Type": "Educated Guess"}, "geometry": {"type": "LineString", "coordinates": [[-123.17978654805462, 49.21810767761568], [-123.17984513336859, 49.21815074429807], [-123.1798960301815, 49.21819781806629], [-123.17993860488565, 49.21824831292606], [-123.17997232746545, 49.218301600294076], [-123.17999677809635, 49.218357016822594], [-123.18001165237226, 49.21841387265673], [-123.18001676509645, 49.21847146002203], [-123.18004538363296, 49.21857762825307], [-123.18006464650551, 49.21868469791371], [-123.18007449006176, 49.218792315539844], [-123.18007488174402, 49.21890012585618], [-123.1800658201976, 49.21900777294895], [-123.18004733527614, 49.219114901440925], [-123.18001948794378, 49.21922115766473], [-123.17992996078522, 49.219337219372434], [-123.17983153136974, 49.2194501458167], [-123.17972445479477, 49.21955964425986], [-123.17960900857905, 49.21966543084866], [-123.17948549194377, 49.21976723135032], [-123.1793542250371, 49.21986478186365], [-123.17921554810461, 49.21995782950335], [-123.1789840039714, 49.220100447461654], [-123.17875825616943, 49.22024699884142], [-123.17853846041523, 49.22039738258795], [-123.17832476832513, 49.220551495003065], [-123.17811732731079, 49.22070922981642], [-123.17796656844203, 49.220831149422565], [-123.17782282356562, 49.22095665126806], [-123.17768629093229, 49.22108556230969], [-123.17755715885293, 49.22121770480226], [-123.17743560543869, 49.22135289654351], [-123.17732179835514, 49.22149095112532], [-123.17721589459093, 49.221631678190576], [-123.17716336658934, 49.22174606032712], [-123.17711957661716, 49.221862010184466], [-123.17708463282705, 49.22197924155254], [-123.1770586215377, 49.22209746505587], [-123.17704160702031, 49.22221638886798], [-123.17703363133916, 49.22233571943164], [-123.17703471424731, 49.222455162183444], [-123.17704485313702, 49.222574422281], [-123.17695708133176, 49.223181635802725], [-123.17686387259691, 49.223788501628114], [-123.17682526908418, 49.223964035876115], [-123.17679627452208, 49.224140362079005], [-123.17677692610832, 49.22431725464936], [-123.17676724870043, 49.22449448727282], [-123.17676725478348, 49.22467183319754], [-123.17677694445362, 49.22484906552428], [-123.17679630541737, 49.225025957496754], [-123.17682531300687, 49.22520228279173], [-123.17687187195422, 49.225386484585215], [-123.17692764840662, 49.225569584732234], [-123.17699258220986, 49.225751385427536], [-123.17706660331469, 49.22593169026752], [-123.17714963185212, 49.22611030446254], [-123.1772415782193, 49.22628703504727], [-123.17734234317584, 49.22646169108934], [-123.17745181795085, 49.22663408389565]]}}, {"type": "Feature", "properties": {"Id": 0, "Name": "", "Region": "U", "Type": "Stream"}, "geometry": {"type": "LineString", "coordinates": [[-123.17745181795085, 49.22663408389565], [-123.17767070714048, 49.22689690356595], [-123.17788316215393, 49.22716197877579], [-123.17808912872786, 49.22742924195089], [-123.17828855425034, 49.22769862495814], [-123.17848138777453, 49.2279700591229], [-123.1785725780128, 49.22812264670345], [-123.1786538472696, 49.228277620475744], [-123.17872505042843, 49.22843470389305], [-123.17878606033172, 49.228593616641376], [-123.17883676800837, 49.22875407513966], [-123.17887708286885, 49.22891579304566], [-123.17890693286762, 49.229078481766926]]}}, {"type": "Feature", "properties": {"Id": 0, "Name": "", "Region": "U", "Type": "Stream"}, "geometry": {"type": "LineString", "coordinates": [[-123.17890693286762, 49.229078481766926], [-123.17906442352827, 49.2291768579845], [-123.17922927070965, 49.22926992170349], [-123.17940105710699, 49.22935743731407], [-123.17957934784039, 49.229439183251394], [-123.17976369155602, 49.22951495255674], [-123.17995362156887, 49.22958455340174], [-123.18014865704458, 49.229647809574224], [-123.18034830421705, 49.22970456092451], [-123.18061422071025, 49.2297884287988], [-123.1808763376228, 49.229877279381974], [-123.18113443732967, 49.229971038911756], [-123.18138830553733, 49.23006962955021], [-123.18163773146138, 49.2301729694481], [-123.1818825080016, 49.230280972812956], [-123.18212243191374, 49.23039354998014], [-123.18235730397821, 49.2305106074872], [-123.18267123821799, 49.23066169977775], [-123.18297882788514, 49.23081828954038], [-123.18327984855098, 49.230980262552016], [-123.18357408057213, 49.23114750066163], [-123.1838613092507, 49.23131988187646], [-123.18414132499089, 49.231497280450775], [-123.18441392345193, 49.2316795669775], [-123.18467890569714, 49.23186660848253], [-123.18493607833912, 49.23205826852162]]}}, {"type": "Feature", "properties": {"Id": 0, "Name": "", "Region": "U", "Type": "Stream"}, "geometry": {"type": "LineString", "coordinates": [[-123.17890693286762, 49.229078481766926], [-123.1788956651508, 49.22922171144603], [-123.17889397012794, 49.22936512679632], [-123.17890185112384, 49.22950845353712], [-123.17891929314902, 49.22965141755486], [-123.17894626292775, 49.22979374542732], [-123.17898270896097, 49.229935164946575], [-123.17905097586784, 49.23008897735866], [-123.17912874682096, 49.230240842389854], [-123.17921589298442, 49.23039050829031], [-123.17931226997698, 49.23053772695353], [-123.17941771811095, 49.23068225432766], [-123.17953206265648, 49.23082385082029], [-123.17965511413067, 49.23096228169571], [-123.1800232520145, 49.231241373455134], [-123.18038416223182, 49.23152448600756], [-123.18073774230687, 49.23181153906388], [-123.18108389183752, 49.23210245121611], [-123.18129065770027, 49.232281597713666], [-123.18148923802114, 49.232464672907774], [-123.18167945876854, 49.23265151643918], [-123.18186115322757, 49.232841964646155], [-123.18203416214615, 49.23303585070761], [-123.18219833387482, 49.233233004789106], [-123.18235352449985, 49.23343325419167], [-123.18260701154776, 49.23387539705816], [-123.18286645143178, 49.23431605726196], [-123.18313182408346, 49.234755200447744], [-123.18340310897014, 49.235192792377596], [-123.18357581916176, 49.23548987113659], [-123.18375738152656, 49.23578467817516], [-123.18394772657928, 49.23607710041348], [-123.18414678146209, 49.23636702568449], [-123.1843544699722, 49.23665434277699], [-123.18457071259101, 49.23693894147832], [-123.18479542651428, 49.237220712616754], [-123.18494258944463, 49.23735243237732], [-123.18508086169614, 49.237488219815965], [-123.18520998135837, 49.237627817801304], [-123.18532970384626, 49.23777096198403], [-123.1854398023637, 49.23791738129725], [-123.1855400683334, 49.23806679846976], [-123.18560032637384, 49.23818965908533], [-123.18565255879842, 49.23831408503411], [-123.18569667123255, 49.23843985164547], [-123.18573258396161, 49.23856673182626], [-123.18576023207535, 49.23869449647092], [-123.18577956558555, 49.238822914875016], [-123.18579054951667, 49.23895175515188], [-123.18579704901654, 49.240684382822415], [-123.18581997704332, 49.24082443438456], [-123.18585239475014, 49.24096367977504], [-123.18589423807265, 49.24110184347291], [-123.18594542429439, 49.241238652095205], [-123.18600585220977, 49.24137383493803], [-123.18607540232391, 49.24150712451225], [-123.18615393708828, 49.24163825707288], [-123.18624130117261, 49.24176697314097], [-123.18633732177157, 49.24189301801731], [-123.18644180894631, 49.24201614228642], [-123.18684656326857, 49.24243006939154], [-123.18724429396937, 49.24284690623881], [-123.18763495210165, 49.24326660171537], [-123.18801848958203, 49.24368910435664], [-123.18835126627948, 49.24404381782754], [-123.18869280606486, 49.244394943715704], [-123.18904301889059, 49.24474238925652], [-123.189401812412, 49.24508606265579], [-123.18976909201149, 49.245425873114], [-123.19014476082337, 49.24576173085041], [-123.19052871975947, 49.246093547126875], [-123.19069773281561, 49.2462566489861], [-123.19085874823425, 49.24642318303604], [-123.19101160346605, 49.24659298123997], [-123.19115614419059, 49.24676587226581], [-123.19129222447249, 49.246941681658924], [-123.19141970690885, 49.24712023201807], [-123.19154539075363, 49.24737302983639], [-123.19168007730704, 49.24762383288435], [-123.19182369292943, 49.2478725037826], [-123.19197615908669, 49.24811890631769], [-123.19220052810068, 49.24844356007339], [-123.19243267141677, 49.24876586320035], [-123.1926725317337, 49.24908573593331], [-123.19292004983699, 49.249403099106964], [-123.19317516461338, 49.249717874175595], [-123.1934378130659, 49.25002998323256], [-123.19355138499631, 49.25011792500378], [-123.19367194333232, 49.25020178675557], [-123.19379914661923, 49.2502813309444], [-123.19393263457485, 49.25035633225536], [-123.19407202911003, 49.25042657824063], [-123.19421693539948, 49.2504918699214], [-123.19436694300038, 49.25055202235169], [-123.19462236563001, 49.25066480804967], [-123.19488372143327, 49.250771610646325], [-123.19515068351532, 49.250872296541935], [-123.1954229179621, 49.25096673978731], [-123.19553312359129, 49.25099555211281], [-123.19563885515154, 49.25103082484549], [-123.19573923110207, 49.25107226390098], [-123.19583341454836, 49.25111952378276], [-123.1959206202191, 49.25117221046239], [-123.1960001210133, 49.25122988466425], [-123.19607125406259, 49.25129206552766], [-123.19613342625821, 49.25135823461565], [-123.19626123789352, 49.251450482805495], [-123.19638197762207, 49.251546727171], [-123.1964953542494, 49.25164673562774], [-123.1966010943315, 49.25175026701313], [-123.19669894283452, 49.251857071667786], [-123.1967695890471, 49.25196341347478], [-123.1968317424614, 49.25207200390038], [-123.19688523679295, 49.25218255252139], [-123.1969299289129, 49.252294763675586], [-123.19696569923121, 49.252408337252305], [-123.19699245201728, 49.252522969494954], [-123.19689779434135, 49.25283434537412], [-123.19680949229638, 49.25314652038836], [-123.19672756172719, 49.25345943894669], [-123.19665201734493, 49.25377304532466], [-123.19663119392949, 49.254074352609074], [-123.19662027000483, 49.254375883260565], [-123.19661925080021, 49.25467749793145], [-123.19664505453648, 49.25476853407635], [-123.19667999906252, 49.2548582539796], [-123.1967239314397, 49.25494626484569], [-123.1967766593774, 49.25503218135925], [-123.19683795207429, 49.255115627372085], [-123.196907541228, 49.25519623755021], [-123.19698512220909, 49.25527365897342], [-123.19707035539437, 49.25534755268066], [-123.19716286765335, 49.25541759515417], [-123.19726225398142, 49.255483479736135], [-123.19736807927288, 49.25554491797161], [-123.19765411955467, 49.25566391952433], [-123.19794481757047, 49.2557779835467], [-123.1982399744416, 49.25588703199089], [-123.19853938823441, 49.255990990240356], [-123.19884285409834, 49.25608978716116], [-123.19900776125212, 49.25615790613197], [-123.19916705826235, 49.25623152327489], [-123.19932031766788, 49.25631044105575], [-123.19946712820223, 49.256394447716374], [-123.19960709589712, 49.25648331784263], [-123.19973984513956, 49.256576812969094], [-123.19986501967982, 49.256674682218694], [-123.19998228358749, 49.256776662975696], [-123.20009132215324, 49.256882481590225], [-123.20019184273342, 49.25699185411227], [-123.20046246694456, 49.257432710131994], [-123.20074082836317, 49.25787149803458], [-123.20079632825906, 49.257983813460555], [-123.20086125331952, 49.25809394297141], [-123.20093540402411, 49.25820154802411], [-123.20101855248792, 49.258306297833734], [-123.20111044316162, 49.25840787039055], [-123.20121079361645, 49.25850595345], [-123.20131929541192, 49.25860024549283], [-123.20143561504368, 49.25869045665217], [-123.20155939496836, 49.25877630960485], [-123.20169025470244, 49.258857540424025]]}}, {"type": "Feature", "properties": {"Id": 0, "Name": "", "Region": "T", "Type": "Educated Guess"}, "geometry": {"type": "LineString", "coordinates": [[-123.167342399234, 49.215624542534655], [-123.16728225594805, 49.21570844190874], [-123.16721247552935, 49.215789075537224], [-123.16713346827234, 49.21586596925799], [-123.16704569873588, 49.21593867089915], [-123.16694968301192, 49.216006752938306], [-123.1668459856913, 49.21606981501698], [-123.16673521654367, 49.216127486295235], [-123.16661802693206, 49.2161794276328], [-123.16649510598216, 49.216225333583736], [-123.16636717652972, 49.21626493419295], [-123.16623499086931, 49.216297996584025], [-123.16609932632974, 49.21632432632892], [-123.16596098070212, 49.21634376859158], [-123.1658207675476, 49.21635620903865], [-123.1653813606007, 49.216387065192514], [-123.16494116523887, 49.21641265030932], [-123.16450032883974, 49.21643295582302], [-123.16405899899621, 49.21644797493516], [-123.16391690970266, 49.216461375369086], [-123.16377651455511, 49.216480995431766], [-123.1636384472203, 49.216506746569316], [-123.16350333086118, 49.21653851255546], [-123.16337177532485, 49.21657615001597], [-123.16324437439063, 49.216619489075654], [-123.16312170309044, 49.21666833412491], [-123.16300431511385, 49.216722464702386], [-123.16289274030925, 49.21678163648977], [-123.16278748229261, 49.21684558241439], [-123.16268901617441, 49.21691401385436], [-123.16252208049454, 49.2170345879693], [-123.16236263092317, 49.217159434555256], [-123.16221092208686, 49.21728835428835], [-123.16206719625933, 49.217421141340225], [-123.16193168297447, 49.21755758370637], [-123.16180459865973, 49.217697463544575], [-123.1616861462901, 49.21784055752253], [-123.16157651506379, 49.217986637174256], [-123.16147588009979, 49.21813546926484], [-123.16143742895187, 49.21823349926625], [-123.16140832058966, 49.218332901120625], [-123.16138866684412, 49.21843329313033], [-123.1613785432426, 49.21853428979331], [-123.16137798871799, 49.21863550328331], [-123.16138700545815, 49.218736544939134]]}}, {"type": "Feature", "properties": {"Id": 0, "Name": "", "Region": "T", "Type": "Stream"}, "geometry": {"type": "LineString", "coordinates": [[-123.16138700545815, 49.218736544939134], [-123.16138544757287, 49.218839537465705], [-123.1613748063695, 49.2189422989057], [-123.16135511735726, 49.219044485804794], [-123.16132644628645, 49.219145756626865], [-123.16128888892942, 49.21924577289541], [-123.16124257076109, 49.219344200325104], [-123.16118764654047, 49.21944070993896], [-123.1609693554822, 49.21971360697432], [-123.16075936951127, 49.21998928644476], [-123.16055777137476, 49.220267639898616], [-123.16036464052392, 49.220548557830504], [-123.16026208916055, 49.220756671632934], [-123.16016923708494, 49.220966730116224], [-123.1600861701359, 49.221178539368005], [-123.16001296512236, 49.22139190385719], [-123.15994968975191, 49.221606626614474], [-123.15989640256791, 49.22182250941414], [-123.15984968755943, 49.22199251846926], [-123.1597945346223, 49.222161439474], [-123.15973100231824, 49.22232909280392], [-123.15965915812123, 49.22249530018079], [-123.15957907834606, 49.22265988486213], [-123.15949084806765, 49.22282267182939]]}}, {"type": "Feature", "properties": {"Id": 0, "Name": "", "Region": "T", "Type": "Stream"}, "geometry": {"type": "LineString", "coordinates": [[-123.15949084806765, 49.22282267182939], [-123.15960422328385, 49.22289176387692], [-123.15971072996717, 49.22296539579375], [-123.15980994519597, 49.223043275220455], [-123.1599014749943, 49.22312509293128], [-123.1599849558962, 49.223210524061685], [-123.16006005638945, 49.223299229398044], [-123.16012647823221, 49.223390856724286], [-123.16018395763783, 49.22348504222028], [-123.16023226632288, 49.22358141190615], [-123.16027121241441, 49.2236795831272], [-123.16029905403306, 49.22380531844867], [-123.16031684804425, 49.22393183359403], [-123.16032454595764, 49.2240587843455], [-123.16032212675125, 49.22418582529748], [-123.16030959692958, 49.22431261079633], [-123.16030209590433, 49.224390545044436], [-123.16028587817594, 49.22446790816888], [-123.16026103126077, 49.22454428249881], [-123.16022768926435, 49.22461925569982], [-123.16018603215822, 49.224692423000164], [-123.16013628480911, 49.22476338937615], [-123.16007871576554, 49.2248317716851], [-123.16000897128622, 49.22491427883239], [-123.15993160965854, 49.22499381968794], [-123.15984692387309, 49.22507009297101]]}}, {"type": "Feature", "properties": {"Id": 0, "Name": "", "Region": "T", "Type": "Stream"}, "geometry": {"type": "LineString", "coordinates": [[-123.15949084806765, 49.22282267182939], [-123.15934953394363, 49.22283275197623], [-123.15920964640624, 49.22284929643611], [-123.15907187383092, 49.222872223795314], [-123.15893689418797, 49.222901421230226], [-123.15880537170707, 49.22293674506255], [-123.15867795360936, 49.22297802146611], [-123.15855526692292, 49.22302504732202], [-123.15843791539784, 49.22307759121804], [-123.1583496679024, 49.22312371458046], [-123.15826716385112, 49.22317419335615], [-123.15819090298407, 49.22322872179835], [-123.15812134723127, 49.22328696963064], [-123.15805891791454, 49.22334858404721], [-123.15800399319544, 49.22341319184961], [-123.15795690578402, 49.223480401706944], [-123.15791794092331, 49.223549806526], [-123.15788733466077, 49.223620985916895], [-123.1578333131177, 49.22380436015901], [-123.15777332376511, 49.22398693679777], [-123.1577073939099, 49.224168632525064], [-123.15765503845216, 49.22426304724183], [-123.15759498268547, 49.22435547453581], [-123.15752740147676, 49.22444564521703], [-123.1574524916136, 49.224533296666365], [-123.1573704712315, 49.22461817360052], [-123.15728157917876, 49.22470002881558], [-123.15718607432132, 49.22477862390729], [-123.15709648871461, 49.22485004618707], [-123.15701305589765, 49.224924597014315], [-123.15693603006437, 49.22500204928096], [-123.15686564589414, 49.22508216703911], [-123.15680211783649, 49.22516470621964]]}}, {"type": "Feature", "properties": {"Id": 0, "Name": "", "Region": "T", "Type": "Educated Guess"}, "geometry": {"type": "LineString", "coordinates": [[-123.1595783621773, 49.213137513299124], [-123.1595665314221, 49.213263612792986], [-123.15954588468958, 49.21338922408614], [-123.15951646537056, 49.2135140827893], [-123.15947833532195, 49.213637926095146], [-123.15943157473696, 49.21376049333176], [-123.15937628197686, 49.2138815265112], [-123.15931257336452, 49.21400077087265], [-123.15924058293994, 49.2141179754188], [-123.15916046217868, 49.21423289344409], [-123.15907597092806, 49.214391362322125], [-123.15898178271661, 49.214547467444355], [-123.15887805102878, 49.21470095427911], [-123.15876494491445, 49.21485157256155], [-123.1586426487137, 49.21499907670182], [-123.15851136175677, 49.2151432261857], [-123.15837129803937, 49.21528378596687], [-123.15822268587414, 49.215420526850245], [-123.15806576751876, 49.21555322586603], [-123.15790079878111, 49.21568166663331], [-123.15743688410721, 49.21603454087116]]}}, {"type": "Feature", "properties": {"Id": 0, "Name": "", "Region": "T", "Type": "Stream"}, "geometry": {"type": "LineString", "coordinates": [[-123.15743688410721, 49.21603454087116], [-123.15723098069392, 49.216208199735576], [-123.15703085227587, 49.21638473238598], [-123.15683659234, 49.2165640564125], [-123.15664829163661, 49.21674608810135], [-123.15646603813705, 49.216930742473735], [-123.156386316764, 49.217039031734075], [-123.15631459287648, 49.21714969481918], [-123.1562510306911, 49.21726247844193], [-123.1561957757469, 49.21737712446004], [-123.15614895457182, 49.21749337046667], [-123.15611067439264, 49.21761095039102], [-123.15608102288896, 49.217729595107286], [-123.156060067992, 49.2178490330505], [-123.15604785772867, 49.217968990838195]]}}, {"type": "Feature", "properties": {"Id": 0, "Name": "", "Region": "", "Type": "Stream"}, "geometry": {"type": "LineString", "coordinates": [[-123.15618911070543, 49.21112096346355], [-123.15608431490604, 49.211230529257726], [-123.15598882921547, 49.2113436885687], [-123.15590293994408, 49.21146010216888], [-123.15582690463975, 49.21157942107272], [-123.15576095131517, 49.21170128758248], [-123.15570527776356, 49.21182533636056], [-123.15566005096481, 49.211951195524506], [-123.15562540658415, 49.21207848776167], [-123.15562452609952, 49.212328564726384], [-123.15563202434545, 49.21257859409321], [-123.15564789783569, 49.21282845538724], [-123.15567213904816, 49.21307802821276], [-123.15569274865521, 49.21322120521821], [-123.15570370119562, 49.213364838327706], [-123.15570497527874, 49.21350864812185], [-123.15569656834177, 49.21365235483509], [-123.1556784966555, 49.21379567890002], [-123.15565079529337, 49.21393834149122], [-123.15561351806369, 49.21408006506776], [-123.15556673740582, 49.214220573913124], [-123.15547340576337, 49.21434732678681], [-123.1553722179343, 49.21447146567493], [-123.15526334410441, 49.21459278171936], [-123.15514696739478, 49.21471107080967], [-123.1550232835541, 49.21482613392682], [-123.15489250062942, 49.214937777478056], [-123.15475483861641, 49.21504581362268], [-123.15461052908945, 49.21515006058833], [-123.15421345823891, 49.21539437867746], [-123.1538218291788, 49.21564243890302], [-123.15343572413387, 49.21589418923513]]}}, {"type": "Feature", "properties": {"Id": 0, "Name": "", "Region": "", "Type": "Educated Guess"}, "geometry": {"type": "LineString", "coordinates": [[-123.15343572413387, 49.21589418923513], [-123.15333594375254, 49.21599119046158], [-123.1532440727459, 49.21609148882578], [-123.15316036443149, 49.21619480782639], [-123.15308504962852, 49.21630086263303], [-123.15301833602092, 49.21640936087142], [-123.15296040758447, 49.21652000342922], [-123.15291142407894, 49.216632485280556], [-123.15287152060714, 49.21674649632682], [-123.15284080724173, 49.216861722251444], [-123.15281936872114, 49.21697784538637], [-123.15280726421533, 49.217094545587834], [-123.15262907892453, 49.217708126439014], [-123.15245657075256, 49.218322403279814], [-123.152289746243, 49.21893735356119], [-123.152262165419, 49.21906575731207], [-123.152226119029, 49.21919325790685], [-123.15218167468106, 49.2193196159771], [-123.1521289157514, 49.21944459429758], [-123.15206794122817, 49.21956795823159], [-123.15199886552608, 49.219689476171645], [-123.15192181827203, 49.219808919974234], [-123.15167645735347, 49.22004704847934], [-123.15142245169395, 49.22028125605862], [-123.15115994715839, 49.22051140810457], [-123.1508890945027, 49.22073737233879], [-123.15061004928714, 49.220959018887896], [-123.15032297178719, 49.22117622035844], [-123.15002802690142, 49.22138885191023], [-123.14972538405696, 49.22159679132801]]}}, {"type": "Feature", "properties": {"Id": 0, "Name": "", "Region": "", "Type": "Stream"}, "geometry": {"type": "LineString", "coordinates": [[-123.15267425545949, 49.209297815760316], [-123.15251405562496, 49.20945282343434], [-123.15234581937389, 49.20960413257223], [-123.15216974539098, 49.2097515644148], [-123.15198604162612, 49.20989494478206], [-123.15179492504896, 49.21003410427895], [-123.15159662139257, 49.210168878495786], [-123.15139136488705, 49.21029910820256], [-123.15107236268612, 49.210524416717284], [-123.1507590726844, 49.21075314061191], [-123.15045158011831, 49.21098521771567], [-123.15014996865206, 49.21122058494541], [-123.14985432035463, 49.21145917832279], [-123.14956471567776, 49.21170093299158], [-123.14931605770508, 49.21194959991314], [-123.14907463187205, 49.2122013076155], [-123.1488405248852, 49.21245596581471], [-123.14861382082981, 49.21271348316715], [-123.14839460113957, 49.21297376730224], [-123.14818294456745, 49.21323672485546], [-123.14797892715697, 49.21350226150188], [-123.14785491724298, 49.213690443309346], [-123.14773849670733, 49.213880694643905], [-123.14762974601221, 49.21407288415987], [-123.14752874032735, 49.21426687917192], [-123.14743554947785, 49.21446254574673], [-123.14735023789598, 49.21465974879532]]}}, {"type": "Feature", "properties": {"Id": 0, "Name": "", "Region": "", "Type": "Educated Guess"}, "geometry": {"type": "LineString", "coordinates": [[-123.14735023789598, 49.21465974879532], [-123.1472935256023, 49.21478403233441], [-123.14722805997027, 49.21490645550612], [-123.14715398233204, 49.215026753893916], [-123.14707145262383, 49.21514466766862], [-123.14698064904105, 49.21525994214966], [-123.14688176765367, 49.215372328355315], [-123.14677502198333, 49.2154815835406], [-123.14651701420573, 49.2157971429937], [-123.14626809291963, 49.21611581968557], [-123.14602834601317, 49.216437501324265], [-123.14579785814665, 49.216762074556776], [-123.1455846323755, 49.21707644320119], [-123.14538067715979, 49.21739344083117], [-123.14518606816122, 49.2177129501266], [-123.14500087758677, 49.21803485283558], [-123.14482517416172, 49.21835902981809], [-123.14465902310393, 49.218685361089996]]}}, {"type": "Feature", "properties": {"Id": 0, "Name": "", "Region": "", "Type": "Stream"}, "geometry": {"type": "LineString", "coordinates": [[-123.14618190665966, 49.20490061737084], [-123.14608821159597, 49.2051408998457], [-123.146003533657, 49.205382615039035], [-123.14592792386426, 49.20562561768605], [-123.1458614277916, 49.20586976174617], [-123.14580408553753, 49.20611490049065], [-123.14573960539812, 49.206274616190775], [-123.14568426826168, 49.20643579751018], [-123.14563815133529, 49.20659821982709], [-123.1456013189789, 49.20676165678807], [-123.14557382261498, 49.20692588062341], [-123.1455557006564, 49.20709066246463], [-123.1455469784524, 49.207255772663224], [-123.14554766825276, 49.20742098111088], [-123.14555776919012, 49.20758605756001], [-123.14557424353157, 49.20769031022426], [-123.14559996805119, 49.207793756096095], [-123.14563485526463, 49.20789604314389], [-123.14567878650449, 49.20799682327749], [-123.1457316123232, 49.2080957535327], [-123.14579315300107, 49.208192497238734], [-123.14586319915725, 49.20828672516384], [-123.14594151246159, 49.20837811663605], [-123.14606389483284, 49.208457628416944], [-123.14617996466137, 49.208541104758], [-123.14628942314054, 49.20862833078344], [-123.14639198847735, 49.208719081964304], [-123.14648739661814, 49.20881312469627], [-123.14657540192857, 49.208910216900854], [-123.14665577782597, 49.20901010864838], [-123.14672831736318, 49.20911254280123], [-123.1467591161775, 49.20929556297675], [-123.14677933395024, 49.20947921509666], [-123.14678894166606, 49.20966323666366], [-123.1467879254742, 49.20984736464947], [-123.14677628670886, 49.210031335870845], [-123.14675404188797, 49.21021488736562], [-123.14672122269032, 49.21039775676877], [-123.14666356037064, 49.21053517642123], [-123.14659689327965, 49.210670836347504], [-123.14652134574513, 49.21080448340549], [-123.14643705866918, 49.21093586820707], [-123.14634418926562, 49.21106474558359], [-123.1462429107673, 49.211190875043485], [-123.146133412103, 49.211314021221106], [-123.14601589754542, 49.21143395431608], [-123.14582343523506, 49.21159579782523], [-123.1456232196422, 49.21175355288414], [-123.14541545292712, 49.21190706014817], [-123.1452003448832, 49.21205616456186]]}}, {"type": "Feature", "properties": {"Id": 0, "Name": "", "Region": "", "Type": "Educated Guess"}, "geometry": {"type": "LineString", "coordinates": [[-123.12571870279818, 49.20149225009702], [-123.12590945028862, 49.20171365237796], [-123.12610836911095, 49.20193194551868], [-123.126315341405, 49.2021470000625], [-123.12653024452966, 49.20235868847168], [-123.12675295113563, 49.2025668852032]]}}, {"type": "Feature", "properties": {"Id": 0, "Name": "", "Region": "", "Type": "Stream"}, "geometry": {"type": "LineString", "coordinates": [[-123.12255431707653, 49.20260949665105], [-123.12271114665138, 49.20276077970237], [-123.12286079286707, 49.202915155521374], [-123.12300311372836, 49.2030724776945], [-123.1231379741835, 49.203232597012395], [-123.12326524625277, 49.203395361611356], [-123.12338480914995, 49.20356061711731]]}}, {"type": "Feature", "properties": {"Id": 0, "Name": "", "Region": "", "Type": "Stream"}, "geometry": {"type": "LineString", "coordinates": [[-123.12039153718929, 49.203420975155026], [-123.1205694542591, 49.20363331645669], [-123.12073950399356, 49.203848407899244], [-123.1209015873539, 49.20406612434097], [-123.1210556099324, 49.20428633911124], [-123.12120148200763, 49.20450892408424], [-123.12133911859681, 49.204733749753345]]}}, {"type": "Feature", "properties": {"Id": 0, "Name": "", "Region": "", "Type": "Stream"}, "geometry": {"type": "LineString", "coordinates": [[-123.11866423640606, 49.20409868583451], [-123.11933483479379, 49.205040479274956]]}}, {"type": "Feature", "properties": {"Id": 0, "Name": "", "Region": "S", "Type": "Stream"}, "geometry": {"type": "LineString", "coordinates": [[-123.1120279478404, 49.205623759885604], [-123.11194705788252, 49.20617633893088], [-123.11186112523185, 49.2067285910999], [-123.11177015279354, 49.207280496640166], [-123.11173869435012, 49.207433181694334], [-123.11171751729455, 49.20758662563595], [-123.11170666272064, 49.20774053140128], [-123.11170615173897, 49.20789460102969], [-123.11173652579177, 49.20801171067918], [-123.11175698992861, 49.208129740093334], [-123.11176748171131, 49.208248329561165], [-123.1117679690929, 49.20836711766231], [-123.11175845051616, 49.20848574236843], [-123.11173895491923, 49.2086038421466], [-123.11170954164835, 49.20872105706118], [-123.11167030027777, 49.20883702987083], [-123.11162135033756, 49.20895140711732], [-123.11164759578119, 49.20918780318599], [-123.11168213933891, 49.20942374082137], [-123.11172496282506, 49.209659095004724], [-123.11177604366571, 49.20989374102471], [-123.11190570359271, 49.210152414567986], [-123.11204501482024, 49.21040892538335], [-123.11219389357042, 49.210663118938285], [-123.1123522502975, 49.210914842093935], [-123.11251998974137, 49.211163943197505], [-123.11265441777198, 49.211323123834795], [-123.11279798448169, 49.211478841808976], [-123.11295048244291, 49.21163087204412], [-123.11311169131261, 49.21177899479257], [-123.11328137815062, 49.21192299595267], [-123.11345929775601, 49.212062667378476], [-123.11357174207015, 49.21214132312111], [-123.11367738710558, 49.21222392573669], [-123.11377591061809, 49.21231022329324], [-123.11386701207893, 49.21239995258811], [-123.11395041359154, 49.21249283995064], [-123.11402586073956, 49.212588602076636], [-123.11409312336316, 49.212686946892305], [-123.11415199626148, 49.21278757444492], [-123.11420229981901, 49.21289017781756], [-123.11424241635214, 49.21301269889891], [-123.11427246526675, 49.2131364510629], [-123.11429236033761, 49.21326107951459], [-123.1143020444488, 49.21338622694416], [-123.11430148975846, 49.213511534551074], [-123.11429069777928, 49.21363664307299], [-123.11426969937531, 49.213761193815564], [-123.11416192793499, 49.214289661924916]]}}, {"type": "Feature", "properties": {"Id": 0, "Name": "", "Region": " S", "Type": "Stream"}, "geometry": {"type": "LineString", "coordinates": [[-123.11416192793499, 49.214289661924916], [-123.11450643125669, 49.21455861342641], [-123.11485583333251, 49.21482484004366], [-123.11521008400595, 49.21508830350054], [-123.11526073742428, 49.21514039734316], [-123.11531982172171, 49.21518852969505], [-123.11538662142071, 49.215232117681595], [-123.11546032760506, 49.21527063345824], [-123.11554004771547, 49.215303610603065], [-123.11562481635862, 49.215330649765534], [-123.11577639177723, 49.21537367103759], [-123.11592394630652, 49.21542232302983], [-123.11606699303576, 49.21547644520094], [-123.11620505992445, 49.215535858958646], [-123.11633769135992, 49.21560036824883], [-123.1164644496604, 49.21566976020232], [-123.11658491651927, 49.21574380583708], [-123.11702516073922, 49.21604101322746], [-123.11745827781445, 49.21634268261047], [-123.11753158393383, 49.21642926535971], [-123.11761235163806, 49.21651295069649], [-123.11770031494055, 49.216593462987575], [-123.11779518415051, 49.216670537049445], [-123.11789664682676, 49.216743919021845], [-123.11800436880658, 49.2168133672042], [-123.1181577149309, 49.216913622180954], [-123.11830367681871, 49.21701850083623], [-123.11844192993492, 49.217127770014535], [-123.11857216687585, 49.21724118679816], [-123.11927142370389, 49.21794018853241], [-123.1193518066532, 49.218032649562296], [-123.11942499030836, 49.218127641438635], [-123.11949078945885, 49.21822492381361], [-123.11954903757535, 49.218324250542594], [-123.1195995872314, 49.21842537030692]]}}, {"type": "Feature", "properties": {"Id": 0, "Name": "", "Region": "S", "Type": "Stream"}, "geometry": {"type": "LineString", "coordinates": [[-123.11416192793499, 49.214289661924916], [-123.1140982905212, 49.21446884324986], [-123.11402561438946, 49.21464654295117], [-123.11394397944765, 49.214822565410344], [-123.11385347546864, 49.21499671685324], [-123.11375420199182, 49.215168805563394], [-123.11364626821393, 49.21533864209312], [-123.11352979286916, 49.21550603947224], [-123.11340490409887, 49.21567081341388], [-123.11327173931073, 49.21583278251749], [-123.11311973094897, 49.215967154036065], [-123.11296159339754, 49.2160984551721], [-123.11279747104571, 49.21622656599983], [-123.11262751375259, 49.216351369506505], [-123.11245187671018, 49.21647275169926], [-123.1122707203019, 49.21659060170942], [-123.1122020350429, 49.2166472563142], [-123.11214118326684, 49.21670763177495], [-123.11208863209926, 49.21677126465167], [-123.11204478495524, 49.21683766649868], [-123.11200997844213, 49.216906327613685], [-123.11198447977468, 49.21697672095014], [-123.1119684847229, 49.217048306162575], [-123.11196211610803, 49.217120533754205], [-123.11196542285865, 49.21719284929494], [-123.11197837963368, 49.21726469767713], [-123.11200088701572, 49.21733552737679], [-123.11203277227284, 49.217404794687184], [-123.11209765295551, 49.21775925339396], [-123.11217069003028, 49.21811303055375], [-123.11225186704648, 49.21846604563779], [-123.11234116569939, 49.21881821828908], [-123.11251478987388, 49.219160443912294], [-123.11268051282065, 49.21950434654424], [-123.11283829665172, 49.21984984790279], [-123.11298810528407, 49.220196869340285], [-123.11312990444786, 49.22054533186135], [-123.11329597651698, 49.22106859878652], [-123.11345463207071, 49.22159285231978], [-123.11360585722157, 49.22211804734984], [-123.11366018473589, 49.222431926221184], [-123.11372146769445, 49.22274525506238], [-123.11378969329688, 49.22305796775382], [-123.11379848890968, 49.22315360647457], [-123.11381608124783, 49.22324872313329], [-123.11384240621884, 49.22334297092825], [-123.11387736788902, 49.22343600622371], [-123.11392083883253, 49.22352748980289], [-123.11397266059528, 49.22361708810495], [-123.11412985222229, 49.22397786907331], [-123.11429479448117, 49.22433716275406], [-123.11446745475426, 49.224694897730096], [-123.11464779888756, 49.2250510028925], [-123.11483579119736, 49.22540540745489], [-123.11503139447737, 49.22575804096739], [-123.11512732069285, 49.22591241981576], [-123.115214131132, 49.22606909596823], [-123.11529169782156, 49.22622783861438], [-123.11535990640236, 49.22638841389732], [-123.11546866589721, 49.226536500402645], [-123.11558513038734, 49.22668205196024], [-123.11570916239617, 49.22682489667487], [-123.11584061550624, 49.226964865846675], [-123.11597933453176, 49.22710179417033], [-123.11609610522274, 49.227165327829695], [-123.11620741187782, 49.22723293774916], [-123.11631292318658, 49.22730442269778], [-123.11641232508346, 49.227379569910326], [-123.11650532168272, 49.227458155720385], [-123.11659163615924, 49.22753994622585], [-123.11667101157268, 49.22762469798506], [-123.11711065831224, 49.22809332305714], [-123.11754539094474, 49.22856391203877], [-123.11858379335125, 49.229693351117575]]}}, {"type": "Feature", "properties": {"Id": 0, "Name": "", "Region": "R", "Type": "Stream"}, "geometry": {"type": "LineString", "coordinates": [[-123.09970120498559, 49.2052943196379], [-123.09981529785598, 49.20557136560199], [-123.0999372712574, 49.20584696648382], [-123.10006708273622, 49.20612102606285], [-123.10020468709997, 49.20639344865504], [-123.10035424374064, 49.20658422245993], [-123.10051343976794, 49.20677161784664], [-123.10068209773267, 49.20695542580636], [-123.10086002962615, 49.20713544132914], [-123.10097526443428, 49.207240420078854], [-123.10108395166591, 49.20734835508987], [-123.1011859148419, 49.2074590711473], [-123.10128098839523, 49.20757238852052], [-123.10136901793987, 49.207688123254826], [-123.1014498605217, 49.20780608746999]]}}, {"type": "Feature", "properties": {"Id": 0, "Name": "", "Region": "R", "Type": "Stream"}, "geometry": {"type": "LineString", "coordinates": [[-123.09815409078774, 49.20542416526992], [-123.09805926723584, 49.205654317578066], [-123.09795560452946, 49.20588282774982], [-123.0978431686482, 49.20610955007407], [-123.09772203116877, 49.206334339977786], [-123.09759226921975, 49.206557054118214], [-123.09745396543255, 49.206777550474364], [-123.09730720788906, 49.206995688437665]]}}, {"type": "Feature", "properties": {"Id": 0, "Name": "", "Region": "R", "Type": "Stream"}, "geometry": {"type": "LineString", "coordinates": [[-123.09388271340703, 49.20555623658626], [-123.09397928719662, 49.205671688738576], [-123.09406809356732, 49.20578978787133], [-123.09414896385368, 49.20591030975925], [-123.09422174445442, 49.20603302557541], [-123.09428629712444, 49.206157702325804], [-123.09434249923773, 49.20628410329154], [-123.0943902440205, 49.20641198847818], [-123.09442944075458, 49.206541115071474], [-123.09448620735907, 49.20670960821372], [-123.09453261192944, 49.20687945784158], [-123.09456857964612, 49.20705039049205], [-123.09459405249132, 49.207222130955564], [-123.09460898934293, 49.20739440271917], [-123.09461336604161, 49.207566928411566], [-123.09460717543018, 49.20773943024978], [-123.09459042736613, 49.20791163048637], [-123.09456314870613, 49.20808325185659], [-123.0945625592979, 49.208267350029956], [-123.09457108511847, 49.20845136383568], [-123.09458871729505, 49.208635099583184], [-123.09461543736914, 49.20881836387248], [-123.09465121731549, 49.209000963797706], [-123.09469601957112, 49.209182707150205], [-123.09470502009968, 49.20936792122535], [-123.09472259432388, 49.20955287108019], [-123.094748726155, 49.209737386389996], [-123.09478339162277, 49.20992129722835], [-123.09482655889691, 49.21010443422359], [-123.09487818831627, 49.21028662871493], [-123.09493823242492, 49.210467712907736], [-123.09503627957822, 49.21074825567373], [-123.09512746187737, 49.2110297905115], [-123.0952117558523, 49.211312245316215], [-123.09528913979604, 49.211595547746235], [-123.09538485484457, 49.21173863889895], [-123.09548949753022, 49.21187902179383], [-123.09560288981629, 49.212016457486186], [-123.09572483876875, 49.21215071204579], [-123.09585513688407, 49.212281556955176], [-123.09599356244233, 49.21240876949879], [-123.09613987988409, 49.21253213314211], [-123.09629384021127, 49.21265143790051], [-123.09675560492671, 49.21301498793839], [-123.09722133175867, 49.21337636413243], [-123.09769099692983, 49.213735547966195], [-123.09783919445039, 49.21388612265537], [-123.09797901786823, 49.21404009644779], [-123.09811028566845, 49.214197269545515], [-123.0982328274332, 49.21435743799712], [-123.09834648406284, 49.214520393962474], [-123.09843566172822, 49.214641311286336], [-123.09853249232373, 49.21475967554951], [-123.09863680594987, 49.214875279003394], [-123.09874841956938, 49.21498791874361], [-123.09886713732826, 49.21509739706627], [-123.09899275089927, 49.21520352181513], [-123.09912503984744, 49.21530610671884], [-123.09926377201671, 49.21540497171822], [-123.09937540921143, 49.21548272195969], [-123.09948025886001, 49.215564426998604], [-123.09957799504852, 49.21564983289015], [-123.09966831396743, 49.21573867418568], [-123.09975093485615, 49.21583067475762], [-123.09982560087593, 49.21592554865741], [-123.09989207990867, 49.21602300100433], [-123.0999501652787, 49.21612272890167], [-123.09999967639571, 49.21622442237813], [-123.10004045931673, 49.21632776535123], [-123.10007238722503, 49.21643243660948], [-123.10059845693958, 49.21785998296613]]}}, {"type": "Feature", "properties": {"Id": 0, "Name": "", "Region": "R", "Type": "Stream"}, "geometry": {"type": "LineString", "coordinates": [[-123.10059845693958, 49.21785998296613], [-123.10090662760942, 49.218002166790605], [-123.10121941780292, 49.21813995491219], [-123.10153668143765, 49.21827328296336], [-123.10164460600657, 49.21833663518913], [-123.10174540345999, 49.21840483957532], [-123.10183856662283, 49.21847755296341], [-123.10192362672448, 49.218554409506964], [-123.10200015575761, 49.21863502251225], [-123.10206776863217, 49.21871898638345], [-123.10212612511347, 49.2188058786631], [-123.10217493153485, 49.21889526215752], [-123.10221394227604, 49.21898668713619], [-123.10221233002756, 49.2191939641101], [-123.10221934853205, 49.21940119277563], [-123.10223499267606, 49.219608218959216], [-123.10225925092854, 49.219814888635995], [-123.10228790930131, 49.2199132949445], [-123.10232595268258, 49.22001032692859], [-123.10237323071325, 49.22010560094891], [-123.10242955651975, 49.22019874031447], [-123.10249470745207, 49.22028937677214], [-123.10256842596347, 49.22037715196274], [-123.10265042062808, 49.22046171883817], [-123.10274036729264, 49.22054274303376], [-123.10282537179864, 49.22062695851001], [-123.10290293287885, 49.220714202057415], [-123.10297279982235, 49.22080419171188], [-123.1030347467813, 49.220896636632624], [-123.10308857350125, 49.220991238041925], [-123.10313410596896, 49.22108769019073], [-123.10317119697511, 49.2211856813466], [-123.10319972659096, 49.22128489480127], [-123.10319739699777, 49.2214452978508], [-123.10320429767977, 49.2216056444582], [-123.10322041892249, 49.22176570681674], [-123.10324573791127, 49.22192525752126], [-123.10328021876292, 49.2220840698914], [-123.10332381257633, 49.22224191829367], [-123.10337645750154, 49.222398578461906], [-123.10348038072247, 49.22252596580933], [-123.1035928745679, 49.22265019057116], [-123.10371371522635, 49.22277100552681], [-123.10384266227005, 49.222888170239834], [-123.10397945913307, 49.22300145153651], [-123.10412383362173, 49.22311062397009], [-123.10427549845593, 49.223215470269686], [-123.10443415184093, 49.223315781772726], [-123.10459947806767, 49.223411358840494], [-123.10470703800299, 49.223475995652265], [-123.1048070264962, 49.22354565261435], [-123.1048988988372, 49.22361995027732], [-123.10498215452107, 49.22369848391033], [-123.10505633997498, 49.2237808257054], [-123.10512105102953, 49.22386652710762], [-123.10517593512125, 49.223955121258406], [-123.10522069321406, 49.22404612553835], [-123.10525508142923, 49.22413904419618], [-123.10533638198525, 49.224302588473876], [-123.10542525367934, 49.224464434183886], [-123.10552161404323, 49.224624431007825], [-123.10562537365088, 49.22478243034315], [-123.1057364362012, 49.224938285441105], [-123.10585124529113, 49.22505409677751], [-123.10597363986389, 49.22516652641951], [-123.10610338811323, 49.225275361387254], [-123.10624024429768, 49.22538039550914], [-123.10638394920596, 49.22548142981236], [-123.10653423064775, 49.225578272900094], [-123.10669080396923, 49.2256707413141], [-123.10685337259234, 49.225758659882544], [-123.10702162857649, 49.225841862051865], [-123.10719525320208, 49.22592019020247], [-123.10737391757425, 49.22599349594752], [-123.1075657534678, 49.226062059138854], [-123.10775286210695, 49.22613601444485], [-123.10793489039139, 49.22621522230989], [-123.10811149480284, 49.22629953326594], [-123.10828234205296, 49.226388788214464], [-123.10844710971232, 49.22648281872655], [-123.1086054868187, 49.22658144736056], [-123.10875717446409, 49.226684487996806], [-123.10890188635851, 49.22679174618869], [-123.10909804459392, 49.22695832409985], [-123.1092863332742, 49.22712875314071], [-123.10946657618119, 49.2273028738817], [-123.10963860461791, 49.22748052343812], [-123.10980225756647, 49.227661535622474], [-123.10995738183898, 49.22784574109972], [-123.11010383222118, 49.228032967545694], [-123.11020474124386, 49.22820940810377], [-123.1102972038314, 49.2283878229665], [-123.1103811300319, 49.22856803874036], [-123.11045643818684, 49.228749880279686], [-123.11052305501086, 49.22893317085688], [-123.11058091566315, 49.229117732334075], [-123.11062996381098, 49.22930338533635], [-123.11067532714132, 49.23008874202682]]}}, {"type": "Feature", "properties": {"Id": 0, "Name": "", "Region": "R", "Type": "Stream"}, "geometry": {"type": "LineString", "coordinates": [[-123.10059845693958, 49.21785998296613], [-123.10054859429009, 49.21811835822384], [-123.10048937045012, 49.21837588412631], [-123.10042081873789, 49.218632415161196], [-123.10034297774389, 49.21888780637608], [-123.10025589130956, 49.219141913460405], [-123.10013238953731, 49.21936650731966], [-123.09999958188124, 49.21958881121929], [-123.09985756703027, 49.219808659757746], [-123.09977221848543, 49.21999804661068], [-123.09969445327603, 49.22018882956623], [-123.09962432458886, 49.220380878355805], [-123.09956188039804, 49.220574061845], [-123.09950716343218, 49.22076824812308], [-123.09946021114487, 49.22096330459303]]}}, {"type": "Feature", "properties": {"Id": 0, "Name": "", "Region": "R", "Type": "Stream"}, "geometry": {"type": "LineString", "coordinates": [[-123.09946021114487, 49.22096330459303], [-123.09963117168977, 49.22111115103639], [-123.09981055711859, 49.221254651040724], [-123.09999811017734, 49.2213935987576], [-123.10019356188887, 49.221527794867086], [-123.10039663193865, 49.22165704686384], [-123.10060702907657, 49.221781169333376], [-123.10082445153485, 49.221899984218375], [-123.10104858746091, 49.222013321074066], [-123.10127911536466, 49.22212101731303], [-123.10151570457977, 49.22222291843864]]}}, {"type": "Feature", "properties": {"Id": 0, "Name": "", "Region": "R", "Type": "Stream"}, "geometry": {"type": "LineString", "coordinates": [[-123.09946021114487, 49.22096330459303], [-123.09928305050285, 49.22123497283922], [-123.09911401360016, 49.221508853167634], [-123.09895316490096, 49.22178484134975], [-123.0989355241126, 49.221869047651445], [-123.09892677049895, 49.221953849427926], [-123.0989269455955, 49.222038844740574], [-123.0989360486182, 49.22212363073139], [-123.09895403646632, 49.22220780553246], [-123.09898082392569, 49.2222909701708], [-123.09901628407194, 49.2223727304594], [-123.09906024887128, 49.222452698865716], [-123.09911250997617, 49.222530496348696], [-123.09917281971208, 49.22260575415544], [-123.09924086368125, 49.22273769675602], [-123.09931849743458, 49.22286734824881], [-123.09940554211177, 49.222994409805736], [-123.09950179715719, 49.22311858856587], [-123.09960704078158, 49.22323959831066], [-123.09972103047268, 49.22335716012373], [-123.0998435035538, 49.223471003033936], [-123.09997417778894, 49.22358086464009]]}}, {"type": "Feature", "properties": {"Id": 0, "Name": "Ross Creek", "Region": "Q", "Type": "Stream"}, "geometry": {"type": "LineString", "coordinates": [[-123.08244416745427, 49.207749221355236], [-123.08251473249176, 49.20811460138177], [-123.08257446537614, 49.208480809599635], [-123.08262334338232, 49.2088477081591], [-123.0826613478699, 49.209215158947615], [-123.0826884642906, 49.20958302364165], [-123.08270468219402, 49.20995116375882], [-123.08270999523208, 49.21031944070999], [-123.08278370534484, 49.21048146735054], [-123.08284699013875, 49.21064537490278], [-123.08289973838917, 49.210810875563894], [-123.0829418573695, 49.210977678730856], [-123.08297327301462, 49.211145491510656], [-123.0829939300517, 49.2113140192345], [-123.08300379209813, 49.21148296597527], [-123.08300284172603, 49.21165203506702], [-123.08300671421719, 49.2118705494025], [-123.0830213385476, 49.21208886832554], [-123.08304669965258, 49.212306764825904], [-123.08308277130237, 49.212524012329595], [-123.08309552972523, 49.21314754277794], [-123.08309939312966, 49.21377112404194], [-123.08305872088795, 49.21409368295574], [-123.08302738342151, 49.21441668873946], [-123.08300539216052, 49.21474002546003], [-123.08299275518114, 49.21506357706333], [-123.08298947720243, 49.215387227415846], [-123.08301543118772, 49.21558611332063], [-123.08303339520592, 49.21578537744485], [-123.08304335674414, 49.21598488205994], [-123.08304530882039, 49.21618448926947], [-123.083037043684, 49.21624350440276], [-123.08301889128101, 49.216301562107546], [-123.0829910731424, 49.21635795374119], [-123.0829539287806, 49.216411990994494], [-123.0829079115469, 49.21646301429341], [-123.08285358309914, 49.21651040084996], [-123.08279160654702, 49.21655357226437], [-123.08272292242314, 49.21667125972682], [-123.08266315603274, 49.216791017430154], [-123.08261245206226, 49.21691255558725], [-123.08257093327202, 49.21703558010058], [-123.08253870019848, 49.217159793273716], [-123.08251583091024, 49.21728489453172], [-123.08250238081857, 49.21741058114831], [-123.0824806458579, 49.21757221400652], [-123.08244882549351, 49.21773312828907], [-123.08240697300432, 49.21789305407179], [-123.08235515849933, 49.218051723086106], [-123.0822934688008, 49.21820886916905], [-123.08222200729915, 49.21836422870984], [-123.08214089378015, 49.21851754109216], [-123.0820137711926, 49.21881347773461], [-123.08189298682747, 49.219110551449255], [-123.08177856448346, 49.2194087039831], [-123.0816705267129, 49.21970787687053], [-123.08159063793022, 49.21984842838886], [-123.08151964326525, 49.21999101361599], [-123.08145766298246, 49.22013539116855], [-123.0814048020887, 49.22028131662686], [-123.08136115015486, 49.220428542948575], [-123.08132678116388, 49.22057682088689], [-123.08131965365442, 49.22066654917752], [-123.08132324344028, 49.220756368070894], [-123.08133752866188, 49.22084572917006], [-123.08136242215652, 49.22093408687025], [-123.08139777198943, 49.221020901690196], [-123.08144336237999, 49.22110564356611], [-123.08149891501789, 49.221187795088355], [-123.08156409076146, 49.22126685466069], [-123.08168079806781, 49.22135099819957], [-123.08180400377437, 49.22143106848385], [-123.08193337702106, 49.22150685047084], [-123.08206857037896, 49.221578140633824], [-123.08220922078338, 49.22164474750894], [-123.08235495050897, 49.221706492209414], [-123.0825053681843, 49.221763208906296], [-123.08266006984306, 49.22181474527388], [-123.08281864000931, 49.221860962898994], [-123.08307600624885, 49.221923430942965], [-123.0833305370518, 49.221990699473515], [-123.08358202377823, 49.22206271335329], [-123.08372715311089, 49.22213153969164], [-123.0838662407125, 49.22220552488135], [-123.0839988596638, 49.22228444184498], [-123.08412460289361, 49.22236804836718], [-123.08424308442822, 49.22245608783802], [-123.08435394057604, 49.22254829004027], [-123.08445683104428, 49.22264437197867], [-123.08455143998349, 49.2227440387482], [-123.0846374769575, 49.22284698443917], [-123.08471467783525, 49.22295289307583], [-123.08478280560199, 49.22306143958614], [-123.08483327187926, 49.22316502903783], [-123.08487440182935, 49.223270374466495], [-123.08490605457558, 49.223377115200435], [-123.08492812168606, 49.22348488578853], [-123.08494052754588, 49.223593317251336], [-123.08494322961671, 49.22370203834434], [-123.08493621858345, 49.22381067682896], [-123.08491951838678, 49.22391886074708], [-123.08489318614234, 49.22402621969444], [-123.08485731194577, 49.224132386089046], [-123.08475746003218, 49.22431406799844], [-123.08464757559238, 49.224493248534735], [-123.08452780420744, 49.224669690133645], [-123.08439830457186, 49.224843158859734], [-123.08425924828374, 49.225013424716764], [-123.08414052848528, 49.225183082543936], [-123.08402932600646, 49.22535491171307], [-123.08392573337947, 49.22552876936558], [-123.08382983681248, 49.22570451095484], [-123.0837417161177, 49.22588199036642], [-123.08366144464478, 49.22606106003945], [-123.08359193757796, 49.22629240015776], [-123.08353190374388, 49.22652487525386], [-123.08348138624153, 49.226758318948455], [-123.08344042136085, 49.22699256416669], [-123.08340903855628, 49.227227443257746], [-123.08341428168151, 49.227354083579115], [-123.08342919709757, 49.227480393261516], [-123.08345374748345, 49.22760605563117], [-123.08348787136084, 49.227730755634745], [-123.08353148324763, 49.22785418062939], [-123.08358447387135, 49.22797602116661], [-123.08364671044268, 49.22809597176819], [-123.0837388876165, 49.22888130520255], [-123.0837125373363, 49.22912191257428], [-123.08369493421878, 49.22936286237565], [-123.08368608835494, 49.22960401823026], [-123.0836860048794, 49.229845243643105], [-123.08365918085707, 49.22995260833636], [-123.0836229318366, 49.23005877902836], [-123.08357737880834, 49.23016340117115], [-123.08352267383535, 49.23026612538581], [-123.0834589995463, 49.2303666086293], [-123.08338656852612, 49.230464515340145], [-123.08330562260693, 49.23055951855922], [-123.0832356015257, 49.230617180136456], [-123.08317344927903, 49.230678587979874], [-123.08311963070112, 49.23074328285228], [-123.08307454830775, 49.23081078093269], [-123.08303853928554, 49.23088057743427], [-123.08301187296914, 49.23095215037924], [-123.08299474882598, 49.23102496450228], [-123.0829872949635, 49.23109847525351], [-123.08298956716968, 49.23117213287072], [-123.08300154849458, 49.231245386490976], [-123.08302314937592, 49.231317688270295], [-123.08305420830744, 49.231388497480886], [-123.08309449304575, 49.23145728455526], [-123.08314370234595, 49.23152353504691], [-123.08328070916085, 49.23168690750325], [-123.08342582507564, 49.231847249235486], [-123.08357889400494, 49.232004387695696], [-123.0837397513003, 49.23215815378146], [-123.08390822392704, 49.23230838201797]]}}, {"type": "Feature", "properties": {"Id": 0, "Name": "", "Region": "", "Type": "Stream"}, "geometry": {"type": "LineString", "coordinates": [[-123.07698098046804, 49.208751167339194], [-123.07692580696924, 49.208998659336004], [-123.07688119471189, 49.20924706359665], [-123.07684717859364, 49.20949618669331], [-123.07682378526258, 49.20974583463548], [-123.07681103309567, 49.20999581302107], [-123.07680893218429, 49.210245927187735], [-123.07682301202732, 49.210392463555245], [-123.07684766820405, 49.21053839865954], [-123.07688284547987, 49.21068340502674], [-123.07692846500923, 49.21082715726421], [-123.07698442451178, 49.21096933279075], [-123.07704537256414, 49.21107381048276], [-123.07711421979955, 49.211176160471084], [-123.07719079395991, 49.21127612660087], [-123.07727490344534, 49.21137345868203], [-123.07736633779322, 49.211467913115314], [-123.07746486820464, 49.2115592535022], [-123.0775720510793, 49.21168926126188], [-123.0776709564819, 49.21182205521692], [-123.0777614159519, 49.211957409275996], [-123.07784327540472, 49.212095092987305], [-123.0779163953944, 49.21223487193059], [-123.07799343640295, 49.212356263998615], [-123.07806235371147, 49.21247973448302], [-123.07812301708593, 49.21260505016924], [-123.07817531187986, 49.21273197435573], [-123.07821913925136, 49.21286026730092], [-123.07825441635022, 49.21298968667597], [-123.07828107647487, 49.213119988022484]]}}, {"type": "Feature", "properties": {"Id": 0, "Name": "", "Region": "", "Type": "Stream"}, "geometry": {"type": "LineString", "coordinates": [[-123.07828107647487, 49.213119988022484], [-123.07835529011665, 49.21326470216658], [-123.0784218068413, 49.21341101377408], [-123.07848054672729, 49.21355874719823], [-123.07853143918712, 49.21370772508386], [-123.07857442305249, 49.21385776858018], [-123.07860944664799, 49.214008697555585]]}}, {"type": "Feature", "properties": {"Id": 0, "Name": "", "Region": "", "Type": "Stream"}, "geometry": {"type": "LineString", "coordinates": [[-123.07828107647487, 49.213119988022484], [-123.07811793559333, 49.213275363618], [-123.07794801709585, 49.21342758984127], [-123.07777146250068, 49.21357653985408], [-123.07758841885934, 49.21372208954693], [-123.07739903863427, 49.21386411764252], [-123.0772034795719, 49.21400250579683]]}}, {"type": "Feature", "properties": {"Id": 0, "Name": "", "Region": "", "Type": "Stream"}, "geometry": {"type": "LineString", "coordinates": [[-123.0745691808052, 49.208906260092796], [-123.07456519135285, 49.20905747729229], [-123.0745714351693, 49.209208661740725], [-123.07458790007705, 49.20935951631434], [-123.07461455381028, 49.209509744535026], [-123.0746513440776, 49.20965905115293], [-123.07469819866404, 49.209807142726895], [-123.07475502557234, 49.209953728201135], [-123.0748217132031, 49.2100985194774], [-123.07489813057327, 49.21024123198123]]}}, {"type": "Feature", "properties": {"Id": 0, "Name": "", "Region": "", "Type": "Stream"}, "geometry": {"type": "LineString", "coordinates": [[-123.07489813057327, 49.21024123198123], [-123.07498940820732, 49.21032941430298], [-123.07507160172963, 49.21042135200595], [-123.0751443525202, 49.21051664401246], [-123.07520734314723, 49.21061487460934], [-123.07526029875272, 49.21071561526136], [-123.07530298825243, 49.210818426480365], [-123.07533522534506, 49.210922859742524], [-123.07535686932589, 49.21102845944488], [-123.07536782570195, 49.21113476489279], [-123.0753680466053, 49.21124131230976], [-123.0753575310031, 49.21134763686074], [-123.07530835719997, 49.211444216938546], [-123.07524945278986, 49.21153843116462], [-123.07518108047135, 49.21162985928035], [-123.0751035451812, 49.21171809345274], [-123.07501719273473, 49.21180274009389], [-123.07492240828404, 49.21188342161692], [-123.07483084262867, 49.211962368951816], [-123.07474747586515, 49.21204512333453], [-123.07467267560004, 49.21213131990029], [-123.0746067716754, 49.21222057860573], [-123.07455005471394, 49.21231250590439], [-123.0745027748368, 49.212406696481615], [-123.07446514056011, 49.21250273504144], [-123.07443731787465, 49.212600198137615], [-123.07441942951304, 49.212698656040324], [-123.07441155440759, 49.21279767463104], [-123.07467502484931, 49.214061288221316], [-123.07471344232886, 49.214219386934694], [-123.07474100061187, 49.21437845510119], [-123.07475764416291, 49.21453817277155], [-123.07476333939934, 49.214698218687026], [-123.07475807475952, 49.21485827092555], [-123.074741860727, 49.21501800754925], [-123.07474761964156, 49.21511617962703], [-123.07474444570597, 49.21521440216156], [-123.07473235012905, 49.21531232663703], [-123.07471137577623, 49.21540960559328], [-123.07468159701811, 49.215505893858534], [-123.0746431194674, 49.21560084977423], [-123.07459607960479, 49.21569413640757], [-123.07454064429541, 49.21578542274687], [-123.07447701019726, 49.21587438487644], [-123.0744054030641, 49.21596070712596], [-123.0742739877434, 49.21615071195736], [-123.07413327889525, 49.21633783921173], [-123.07398342304313, 49.21652189389039], [-123.07382457624756, 49.216702684194274], [-123.0736569039436, 49.216880021724], [-123.07348058076887, 49.21705372167633]]}}, {"type": "Feature", "properties": {"Id": 0, "Name": "", "Region": "", "Type": "Stream"}, "geometry": {"type": "LineString", "coordinates": [[-123.07348058076887, 49.21705372167633], [-123.07332060803513, 49.21717362786952], [-123.0731684553753, 49.217297825127964], [-123.07302439078025, 49.21742609474796], [-123.0728886680043, 49.21755821085292], [-123.07276152611787, 49.21769394079098], [-123.07264318908642, 49.21783304554448], [-123.07253386537556, 49.21797528015081], [-123.07243374758356, 49.218120394133564], [-123.07234301210171, 49.21826813194351], [-123.07226181880326, 49.218418233408535]]}}, {"type": "Feature", "properties": {"Id": 0, "Name": "", "Region": "", "Type": "Stream"}, "geometry": {"type": "LineString", "coordinates": [[-123.07348058076887, 49.21705372167633], [-123.07348751563511, 49.2171576755607], [-123.07350533512043, 49.217261071824325], [-123.07353395510691, 49.21736342198591], [-123.07357324044892, 49.21746424250338], [-123.07362300561043, 49.21756305705837], [-123.07368301554033, 49.217659398806745], [-123.07375298678195, 49.21775281258435], [-123.07383258881124, 49.217842857057676], [-123.07392144559742, 49.217929106809116], [-123.07401913737885, 49.21801115434723], [-123.07412520264573, 49.218088612032155], [-123.07418626631302, 49.21817592682901], [-123.07425515829141, 49.218260705012376], [-123.07433163416019, 49.21834264575069], [-123.07441542258354, 49.21842145827938], [-123.07450622627299, 49.218496862933016], [-123.07460372304215, 49.218568592137665], [-123.07470756694956, 49.21863639136065], [-123.07481738952634, 49.218700020013934], [-123.07493280108342, 49.218759252307976], [-123.07508560559073, 49.21889481334471]]}}, {"type": "Feature", "properties": {"Id": 0, "Name": "", "Region": "", "Type": "Stream"}, "geometry": {"type": "LineString", "coordinates": [[-123.07508560559073, 49.21889481334471], [-123.07525606647738, 49.21907397827224], [-123.07541853017231, 49.219256303753006], [-123.07557286013267, 49.21944163665068], [-123.07571892664261, 49.219629821301325], [-123.07574867889197, 49.219714194971274], [-123.07576964114509, 49.21979969462069], [-123.07578171713688, 49.219885927795296], [-123.07578485139027, 49.219972498671765], [-123.07577487905354, 49.22057940623105]]}}, {"type": "Feature", "properties": {"Id": 0, "Name": "", "Region": "", "Type": "Stream"}, "geometry": {"type": "LineString", "coordinates": [[-123.07508560559073, 49.21889481334471], [-123.07491776029364, 49.21923504737856], [-123.07474021528122, 49.21957316252247], [-123.07455303264787, 49.21990904014781], [-123.07446978202098, 49.22006042946769], [-123.07437851961323, 49.220209824373754], [-123.07427935644459, 49.22035704301077], [-123.0741724131556, 49.22050190617105], [-123.0740963923306, 49.220560778662595], [-123.07401285328329, 49.22061510428396], [-123.07392242722909, 49.22066447253919], [-123.07382579742932, 49.22070851039004], [-123.0737236940284, 49.2207468850752], [-123.07361688853632, 49.2207793066249], [-123.07350618799846, 49.22080553005244], [-123.07339242889681, 49.22082535720555], [-123.07327647082828, 49.220838638263984], [-123.0731591900085, 49.22084527287174], [-123.07296627406826, 49.22088205013034], [-123.07277649986366, 49.2209252756915], [-123.07259036936811, 49.22097483522083], [-123.07240837492132, 49.22103059762982], [-123.07223099792755, 49.2210924154224], [-123.0720587075825, 49.221160125084985], [-123.0719019741479, 49.22123799854827], [-123.0717511422236, 49.22132072142621], [-123.07160656120739, 49.22140810211022], [-123.07146856602353, 49.2214999382018], [-123.07133747634687, 49.221596016981465], [-123.0712135958624, 49.22169611590099], [-123.07109721156161, 49.221800003099034], [-123.07098859307749, 49.22190743793785], [-123.07088799205977, 49.222018171560556], [-123.07079564159162, 49.222131947467496], [-123.07071425382367, 49.22224177652909], [-123.07064242118729, 49.222354428880436], [-123.07058037095548, 49.22246954820133], [-123.0705282994636, 49.22258677036602], [-123.0704863714877, 49.22270572459483], [-123.07045471972252, 49.22282603462685], [-123.07043344436067, 49.22294731990985], [-123.0704128915873, 49.2230957175618], [-123.0703986049688, 49.22324443044217], [-123.07039059546481, 49.22339334505758], [-123.07038886924458, 49.223542347759526]]}}, {"type": "Feature", "properties": {"Id": 0, "Name": "", "Region": "", "Type": "Stream"}, "geometry": {"type": "LineString", "coordinates": [[-123.07489813057327, 49.21024123198123], [-123.07476328998214, 49.21034906947757], [-123.07462074765508, 49.21045256810343], [-123.07447082838475, 49.21055149199584], [-123.0743138737814, 49.21064561571586], [-123.07424139276247, 49.210684014260266], [-123.07417583366579, 49.21072742606204], [-123.0741179998411, 49.21077531917317], [-123.07406859998225, 49.21082710673215], [-123.07402823944282, 49.21088215415471], [-123.07399741281722, 49.21093978690935], [-123.07397649787899, 49.21099929878242], [-123.07396575095004, 49.21105996053163], [-123.07397688662977, 49.21125432756726], [-123.0739782362238, 49.21144882945787], [-123.07396979814995, 49.21164325477496], [-123.07395158146568, 49.21183739217079], [-123.07392360585871, 49.21203103060818], [-123.07391631586772, 49.212136341279596], [-123.07389941218922, 49.212241176903106], [-123.07387295544382, 49.212345161136746], [-123.0738370405475, 49.21244792069259], [-123.07379179637195, 49.21254908667681], [-123.07373738528244, 49.21264829591409], [-123.073674002556, 49.21274519225151], [-123.07354543625812, 49.21291856214252], [-123.07340809720502, 49.213089020291754], [-123.07326213875277, 49.21325637625058], [-123.07310772389243, 49.213420443034465], [-123.07294502506853, 49.21358103733201]]}}, {"type": "Feature", "properties": {"Id": 0, "Name": "", "Region": "P", "Type": "Stream"}, "geometry": {"type": "LineString", "coordinates": [[-123.05453078609258, 49.20549857504219], [-123.05450464670955, 49.205579974535944], [-123.05446931179277, 49.205659869391326], [-123.05442497824824, 49.20573781429034], [-123.05437189314172, 49.20581337478156], [-123.05431035232259, 49.205886129702], [-123.0542406987755, 49.2059556735246], [-123.0541745249338, 49.206015571560954], [-123.05411715038674, 49.206079246538145], [-123.05406907366675, 49.20614614521727], [-123.05403071252746, 49.206215686348024], [-123.05400240031307, 49.20628726571874], [-123.05398438306065, 49.206360261405685], [-123.05397681736103, 49.20643403917663], [-123.05397976899671, 49.2065079580013], [-123.05396894792872, 49.206893492429884], [-123.05396607856541, 49.20727908743835], [-123.05395111344151, 49.207361916543135], [-123.05392744728493, 49.20744386996069], [-123.05389519322472, 49.20752455578888], [-123.0538545054594, 49.207603588185314], [-123.05380557852047, 49.20768058921252], [-123.05374864634267, 49.20775519064551], [-123.05325538233873, 49.20845990174991]]}}, {"type": "Feature", "properties": {"Id": 0, "Name": "Vivian Creek", "Region": "P", "Type": "Stream"}, "geometry": {"type": "LineString", "coordinates": [[-123.05108758328116, 49.20574767031011], [-123.05097782371003, 49.20640877637408], [-123.05087711482354, 49.20707050066341], [-123.05078546508103, 49.20773278997596], [-123.05070288221451, 49.208395591062036], [-123.05062937322774, 49.20905885062867], [-123.05056494439573, 49.209722515343955]]}}, {"type": "Feature", "properties": {"Id": 0, "Name": "Vivian Creek", "Region": "P", "Type": "Stream"}, "geometry": {"type": "LineString", "coordinates": [[-123.04931205921389, 49.210103858312124], [-123.04892164822357, 49.21009495463591], [-123.048531022008, 49.21009228906773], [-123.04844425331157, 49.21011111281557], [-123.04836106123574, 49.21013591737966], [-123.04828240299712, 49.2101664173579], [-123.04820918365044, 49.210202261815894], [-123.04814224567546, 49.21024303832469], [-123.04808235928355, 49.21028827770563], [-123.04803021355542, 49.21033745942848], [-123.04798640851207, 49.210390017600304], [-123.04788945494494, 49.210455240546224], [-123.04779992126416, 49.21052486800796], [-123.04771827231399, 49.210598538515974], [-123.04764493201102, 49.21067586960968], [-123.04758028114287, 49.21075645982275], [-123.04752465539076, 49.21083989076704], [-123.04747834358615, 49.21092572930455]]}}, {"type": "Feature", "properties": {"Id": 0, "Name": "Vivian Creek", "Region": "P", "Type": "Stream"}, "geometry": {"type": "LineString", "coordinates": [[-123.05056494439573, 49.209722515343955], [-123.05031520760646, 49.2097869594419], [-123.05006847028648, 49.209856186111836], [-123.04982494574095, 49.2099301355106], [-123.04958484450054, 49.21000874371217], [-123.04934837413946, 49.21009194276288]]}}, {"type": "Feature", "properties": {"Id": 0, "Name": "Vivian Creek", "Region": "P", "Type": "Stream"}, "geometry": {"type": "LineString", "coordinates": [[-123.04931205921389, 49.210103858312124], [-123.04922326618173, 49.21017375133721], [-123.04914226679954, 49.21024759617573], [-123.04906946946271, 49.210325020537596], [-123.04900524122114, 49.21040563408469], [-123.04894990592815, 49.21048903039854], [-123.048903742607, 49.21057478902917], [-123.04886698404344, 49.21066247761453], [-123.04883981561132, 49.21075165406021], [-123.04882237433681, 49.21084186876815], [-123.04876352773584, 49.211016064462946], [-123.04871369252253, 49.211191462640684], [-123.04867292562922, 49.211367863262], [-123.04864127364748, 49.2115450651421], [-123.04861877277467, 49.21172286618021], [-123.04860544877211, 49.21190106359008], [-123.04858021121744, 49.21216264201147], [-123.04856230151039, 49.212424479693226], [-123.04855172579337, 49.21268648853227], [-123.04854728631398, 49.212799020219606], [-123.04853477228039, 49.21291129054899], [-123.04851421133985, 49.21302305099149], [-123.04848564895343, 49.21313405414524], [-123.04844914829606, 49.213244054283116], [-123.04840479011709, 49.213352807896754], [-123.04835267256195, 49.21346007423567]]}}, {"type": "Feature", "properties": {"Id": 0, "Name": "Vivian Creek", "Region": "P", "Type": "Stream"}, "geometry": {"type": "LineString", "coordinates": [[-123.05056494439573, 49.209722515343955], [-123.05056695276029, 49.210135477256614], [-123.0505780182393, 49.210548377595806], [-123.05059813877406, 49.21096113110015], [-123.05062731043577, 49.211373652536466], [-123.0506655274262, 49.21178585671735], [-123.0507127820787, 49.212197658518846], [-123.05072425149834, 49.212685525206695], [-123.05073080563413, 49.213173430820945], [-123.05073244405543, 49.213661354106485], [-123.0507378788059, 49.21374128140001], [-123.05075221951857, 49.21382073443899], [-123.05077538946797, 49.21389928789928], [-123.05080726466288, 49.21397652127037], [-123.0508476745091, 49.21405202110644], [-123.05089640272202, 49.214125383239825]]}}, {"type": "Feature", "properties": {"Id": 0, "Name": "Vivian Creek", "Region": "P", "Type": "Stream"}, "geometry": {"type": "LineString", "coordinates": [[-123.05089640272202, 49.214125383239825], [-123.05105554683735, 49.21421150338937], [-123.05120884699517, 49.21430205914668], [-123.05135601534978, 49.2143968804979], [-123.05149677556291, 49.21449578941974], [-123.05163086332257, 49.2145986002136], [-123.05175802683947, 49.21470511985405], [-123.05187802731975, 49.214815148351136]]}}, {"type": "Feature", "properties": {"Id": 0, "Name": "Vivian Creek", "Region": "P", "Type": "Stream"}, "geometry": {"type": "LineString", "coordinates": [[-123.05089640272202, 49.214125383239825], [-123.05079351430813, 49.21420207306472], [-123.05069881482082, 49.2142831640961], [-123.05061274171375, 49.21436828177824], [-123.05053569260183, 49.214457032954535], [-123.0504680234242, 49.21454900768319], [-123.0504100467995, 49.214643781130526], [-123.05036203058097, 49.2147409155331], [-123.05032419661832, 49.214839962219465], [-123.0502967197321, 49.2149404636825], [-123.05027972690495, 49.21504195569257], [-123.05031660083648, 49.21557744095838], [-123.05030672980463, 49.21563007189846], [-123.05028792693385, 49.215681648124445], [-123.05026042857577, 49.21573152124943], [-123.05022458039947, 49.215779064294956], [-123.05018083304729, 49.21582367957342], [-123.05012973647037, 49.215864806202106], [-123.05007193301562, 49.21590192715462], [-123.05000814935094, 49.21593457576117], [-123.04990298177782, 49.216006512240675], [-123.04980390072005, 49.216082065933534], [-123.04971119564381, 49.21616101613062], [-123.04962513739348, 49.21624313219972], [-123.04954597740027, 49.216328174259225], [-123.0494739469475, 49.21641589387874], [-123.04940925649454, 49.21650603480466], [-123.04937755928076, 49.21657912586403], [-123.04935185884264, 49.216653220470135], [-123.04933222838656, 49.21672810764628], [-123.04931872383607, 49.21680357415805], [-123.04917999484938, 49.21713634004209], [-123.04904689562228, 49.217470091328934], [-123.04901318821942, 49.21762384294495], [-123.04898730351793, 49.217778243722], [-123.04896927021585, 49.21793312291462], [-123.04895910832933, 49.21808830924672], [-123.04895682917012, 49.21824363110094], [-123.04901458484554, 49.218297392713694], [-123.0490641258425, 49.21835456373248], [-123.04910498694377, 49.218414607323545], [-123.0491367844317, 49.218476959677794], [-123.04915921969233, 49.2185410353047], [-123.0491720820204, 49.218606232529915], [-123.04917525059956, 49.218671939144805], [-123.04922577809722, 49.218833169439364], [-123.0492845692239, 49.21899319315054], [-123.04927088789941, 49.21903951192187], [-123.04926717335601, 49.21908662693021], [-123.04927349781553, 49.21913362247826], [-123.04928973838767, 49.21917958518794], [-123.04931557945622, 49.21922362175232], [-123.04935051881117, 49.21926487629773], [-123.04939387740781, 49.219302547018415], [-123.04955991749516, 49.21942110869263], [-123.04971942085245, 49.219543460655906], [-123.04987218593892, 49.21966944834762], [-123.05001801972148, 49.2197989126131], [-123.05015673791861, 49.21993168990471], [-123.05028816523358, 49.2200676124882], [-123.05041213557573, 49.2202065086546], [-123.05047982724086, 49.22024257681468], [-123.05054082451181, 49.22028344920837], [-123.0505943374178, 49.220328596512104], [-123.05063967290964, 49.220377434038056], [-123.05067624383584, 49.2204293293058], [-123.05070357654755, 49.22048361023291], [-123.05072131703393, 49.22053957383872], [-123.05077129992198, 49.22065057310106], [-123.0508123322694, 49.22076313582183], [-123.0508443012137, 49.220876952557305], [-123.05086711880654, 49.220991710414204], [-123.05086497161466, 49.22107597714205], [-123.05087237393931, 49.22116011601396], [-123.0508892850356, 49.22124366335084], [-123.05091561175584, 49.22132615873111], [-123.05095120906175, 49.221407147528254], [-123.05099588082281, 49.221486183416125], [-123.05104938089623, 49.221562830829036], [-123.05112699080816, 49.22170996619168], [-123.05121379613568, 49.22185488057937], [-123.05130964934084, 49.221997327556274], [-123.05141438749509, 49.222137064880485], [-123.05152783255595, 49.222273854916025], [-123.05164979166926, 49.222407465037115], [-123.05195442382195, 49.222659598143956], [-123.05226355731483, 49.22290937046959], [-123.05257714956099, 49.22315674755048]]}}, {"type": "Feature", "properties": {"Id": 0, "Name": "", "Region": "O", "Type": "Stream"}, "geometry": {"type": "LineString", "coordinates": [[-123.03946101712134, 49.204810239427076], [-123.03901977698615, 49.20501233407076], [-123.03858304654558, 49.205218593156616], [-123.03815091736087, 49.20542897346853], [-123.03772348003258, 49.20564343092633], [-123.03730082418173, 49.20586192059501], [-123.03688303843094, 49.206084396694095], [-123.03673804642163, 49.20617037952307], [-123.03659818409429, 49.20625993616717], [-123.03646365651215, 49.20635293533828], [-123.03633466092113, 49.20644924070089], [-123.0362113864607, 49.206548711071854], [-123.03615935556475, 49.206638025407784], [-123.03611703696517, 49.20672951554923], [-123.03608464015075, 49.20682272871185], [-123.03606232551036, 49.20691720358155], [-123.03605020353815, 49.20701247259731], [-123.03604833428554, 49.20710806426529], [-123.03602855118575, 49.20719932124859], [-123.03599954364958, 49.20728951341723], [-123.03596144021868, 49.207378240945935], [-123.03591440975964, 49.20746511050005], [-123.0358586607162, 49.207549736979495], [-123.03579444018604, 49.207631745225925], [-123.03578282730292, 49.207733481334834], [-123.03578075759964, 49.20783549255749], [-123.03578823892448, 49.207937394967225], [-123.03580524317947, 49.20803880504458], [-123.03583170642527, 49.20813934112069], [-123.03586752912082, 49.208238624813816], [-123.03598385059543, 49.20920262015664], [-123.03610504804686, 49.21016635757096], [-123.03636089797162, 49.21229638402922]]}}, {"type": "Feature", "properties": {"Id": 0, "Name": "", "Region": "O", "Type": "Stream"}, "geometry": {"type": "LineString", "coordinates": [[-123.03636089797162, 49.21229638402922], [-123.03622207420655, 49.21233367492178], [-123.0360875978666, 49.21237727059696], [-123.03595813508707, 49.21242695510528], [-123.03583432717417, 49.212482482335815], [-123.03571678742884, 49.21254357723495], [-123.03560609810903, 49.21260993716864], [-123.0348327050044, 49.213188514633586]]}}, {"type": "Feature", "properties": {"Id": 0, "Name": "", "Region": "O", "Type": "Stream"}, "geometry": {"type": "LineString", "coordinates": [[-123.03636089797162, 49.21229638402922], [-123.03635149995564, 49.21245109001865], [-123.03633153211584, 49.21260536484417], [-123.0363010344503, 49.21275889871326], [-123.0362600681032, 49.21291138331841], [-123.0362087152426, 49.21306251245633], [-123.03614707889639, 49.21321198264284], [-123.036075282746, 49.213359493722415]]}}, {"type": "Feature", "properties": {"Id": 0, "Name": "", "Region": "O", "Type": "Stream"}, "geometry": {"type": "LineString", "coordinates": [[-123.03636089797162, 49.21229638402922], [-123.03652285948752, 49.212408674975784], [-123.03667690930519, 49.212525646731834], [-123.03682273255241, 49.21264706025446], [-123.03696003116228, 49.21277266742176], [-123.03708852448237, 49.212902211539785], [-123.03719013012488, 49.21299609953927], [-123.03730039089342, 49.213085698374066], [-123.03741888606184, 49.21317066612168], [-123.03754516347341, 49.21325067853081], [-123.03767874126588, 49.21332543025907], [-123.03781910971037, 49.21339463603851], [-123.03856046391964, 49.21370141177785]]}}, {"type": "Feature", "properties": {"Id": 0, "Name": "", "Region": "", "Type": "Stream"}, "geometry": {"type": "LineString", "coordinates": [[-123.02919819342216, 49.202602309422], [-123.02915556248666, 49.202681549165824], [-123.02910492683816, 49.20275873972447], [-123.02904651390202, 49.2028335343476], [-123.02898058604373, 49.20290559704618], [-123.02890743939076, 49.202974604102025], [-123.0288274025027, 49.2030402455221], [-123.02874083489571, 49.203102226431255], [-123.02860264480975, 49.20321781342582], [-123.02847232138181, 49.20333725937397], [-123.02835011530391, 49.203460334560496], [-123.0282362616622, 49.20358680228878], [-123.0281309794847, 49.203716419335976]]}}, {"type": "Feature", "properties": {"Id": 0, "Name": "First Creek", "Region": "C", "Type": "Stream"}, "geometry": {"type": "LineString", "coordinates": [[-123.16995575369334, 49.27165267447258], [-123.16993588568394, 49.271470477555006], [-123.16990709102245, 49.271288791777685], [-123.16986939947815, 49.27110780435657], [-123.1698228499867, 49.27092770178597], [-123.16976749060989, 49.270748669646416], [-123.1697033784855, 49.27057089241346], [-123.16963057976808, 49.270394553267636], [-123.16954916956055, 49.27021983390573], [-123.16945923183636, 49.27004691435365], [-123.16912245660676, 49.26971354238252], [-123.16877701641901, 49.269383989716], [-123.16842301254799, 49.26905835280791], [-123.16806054876882, 49.26873672696408], [-123.16768973132638, 49.26841920631465], [-123.167401879969, 49.26818203557991], [-123.16712081605623, 49.267941404690085], [-123.16684663661323, 49.26769739679738], [-123.16657943628194, 49.2674500962197], [-123.16631930728845, 49.2671995884115], [-123.16606633941123, 49.266945959934255], [-123.16486074121191, 49.265937247391435], [-123.16365933762276, 49.264926406109495], [-123.1635040218878, 49.264815976963256], [-123.16334230602563, 49.26470955545903], [-123.16317443132465, 49.26460730035685], [-123.16300064825626, 49.26450936420031], [-123.16282121610135, 49.26441589308919], [-123.16263206135687, 49.26430517322605], [-123.16244899253705, 49.26419015561351], [-123.16227223747435, 49.264070983419785], [-123.16210201613731, 49.263947804983545], [-123.16193854035693, 49.26382077362903], [-123.1617820135631, 49.263690047475194], [-123.16163263053157, 49.263555789238694], [-123.16149057714148, 49.26341816603133], [-123.16138480099919, 49.26335027011344], [-123.16127325590783, 49.26328645115099], [-123.16115630819884, 49.263226918723234], [-123.16103434194143, 49.26317186833187], [-123.1609077576813, 49.26312148075915], [-123.1606929244567, 49.26303015313314], [-123.16048308209848, 49.26293398409768], [-123.16027848521128, 49.26283309034931], [-123.16007938203003, 49.262727594317056], [-123.15988601411881, 49.26261762401381], [-123.15969861607763, 49.2625033128808], [-123.15951741525785, 49.26238479962569], [-123.15934263148613, 49.26226222805402], [-123.15917447679801, 49.26213574689476], [-123.15901315518055, 49.26200550961955], [-123.15795610937714, 49.26123346349496], [-123.157767044521, 49.26110791225253], [-123.15758586110634, 49.260977478324854], [-123.15741285321167, 49.260842373464236], [-123.15724830163603, 49.26070281700421], [-123.15709247344337, 49.26055903550336], [-123.15694562152932, 49.260411262377254], [-123.15680798421091, 49.26025973751943], [-123.15667978484004, 49.260104706911726], [-123.15659609535518, 49.25999711568471], [-123.15652228335637, 49.25988647081861], [-123.15645860763196, 49.25977316033985], [-123.15640529141808, 49.25965758162039], [-123.15636252161669, 49.25954013998399], [-123.15633044814096, 49.259421247284564], [-123.15630918339062, 49.25930132046177], [-123.15629880185884, 49.25918078007887], [-123.1562993398721, 49.259060048847616], [-123.15631079546394, 49.25893955014601], [-123.15633312838284, 49.258819706533615], [-123.15636626023465, 49.25870093826961], [-123.15660129742704, 49.25828412183197], [-123.15666023258696, 49.25819921806754], [-123.15671013454259, 49.25811186917883], [-123.15675076845221, 49.25802248631979], [-123.15678194310244, 49.25793149021593], [-123.15680351180735, 49.257839309184156], [-123.15681537309787, 49.2577463771163], [-123.15681747119852, 49.25765313143692], [-123.15688441420885, 49.2574513170959], [-123.15696089975906, 49.257250960783864], [-123.15704685395723, 49.25705225576089], [-123.15714219378094, 49.25685539369191], [-123.15730204451175, 49.25648000597876], [-123.15745236241965, 49.25610293492589], [-123.15759310638569, 49.255724284227284], [-123.15771892600303, 49.25527191435795], [-123.15767363408503, 49.25475075823124], [-123.15767191710195, 49.254715830910975], [-123.15767916743609, 49.25468120927575], [-123.15769517995605, 49.254647872776324], [-123.15771950164935, 49.25461676450481], [-123.15775144443991, 49.254588764514956], [-123.15779010465499, 49.25456466492571], [-123.15783438859097, 49.254545147512715], [-123.15788304345429, 49.25453076442153], [-123.15793469280246, 49.2545219225478], [-123.15815825114775, 49.25452701604873], [-123.15838193415823, 49.25452845028186], [-123.15845902177885, 49.25454032788624], [-123.15853350829131, 49.25455793488877], [-123.15860440345557, 49.25458103721881], [-123.15867076477214, 49.25460932774948], [-123.15873171001114, 49.25464243038038], [-123.15878642894056, 49.25467990503721], [-123.15883419409762, 49.2547212535219], [-123.15887437046004, 49.25476592613532], [-123.15890642388884, 49.25481332898494], [-123.15893441579514, 49.25486265436992], [-123.15895349361952, 49.25491376962441], [-123.15896340066523, 49.25496598705491], [-123.15896400361558, 49.255018604137355], [-123.15895529432895, 49.255070912968655], [-123.15893738995013, 49.255122209790606], [-123.1589105313356, 49.255171804458385], [-123.15887507981465, 49.255219029725865], [-123.15883151232927, 49.25526325022293], [-123.15881088991202, 49.255299303207146], [-123.15878117461529, 49.255332525316575], [-123.15874323738124, 49.25536194280658], [-123.15869819014408, 49.2553866934449], [-123.15864735323964, 49.25540605178435], [-123.158592216706, 49.255419450426594], [-123.15853439660924, 49.255426496653314], [-123.15847558767463, 49.25542698393727], [-123.15841751361167, 49.25542089799601], [-123.15771892600303, 49.25527191435794]]}}, {"type": "Feature", "properties": {"Id": 0, "Name": "", "Region": "D", "Type": "Stream"}, "geometry": {"type": "LineString", "coordinates": [[-123.1564095596598, 49.27355199231641], [-123.15632851334486, 49.273345192884086], [-123.15625668589537, 49.27313693973863], [-123.15619413786456, 49.27292740878358], [-123.15614092196563, 49.27271677699964], [-123.1560970830275, 49.272505222295045]]}}, {"type": "Feature", "properties": {"Id": 0, "Name": "", "Region": "D", "Type": "Stream"}, "geometry": {"type": "LineString", "coordinates": [[-123.15515569134071, 49.273874980492835], [-123.15508607927791, 49.27380564927989], [-123.15502463693169, 49.27373308757181], [-123.15497171258235, 49.27365770672105], [-123.1549276062173, 49.27357993405988], [-123.15489256783138, 49.27350021047769], [-123.1548667960103, 49.27341898792138], [-123.154850436806, 49.27333672683321], [-123.15484358290954, 49.27325389354052], [-123.15484627312682, 49.27317095761202], [-123.15485849215969, 49.27308838919594], [-123.15488017069356, 49.27300665635484], [-123.15487562569608, 49.27155487255436]]}}, {"type": "Feature", "properties": {"Id": 0, "Name": "", "Region": "D", "Type": "Stream"}, "geometry": {"type": "LineString", "coordinates": [[-123.1529899865018, 49.27535821736459], [-123.15272845068681, 49.27516670558223], [-123.1524619955849, 49.27497811979634], [-123.15219069768911, 49.27479251410641], [-123.15191463487916, 49.27460994175645], [-123.15183262006659, 49.274597855098996], [-123.15175364865516, 49.27457899139239], [-123.1516790228505, 49.2745536616922], [-123.15160997319586, 49.274522283675296], [-123.15154763827988, 49.274485374752075], [-123.1514930459613, 49.27444354353406], [-123.15144709642028, 49.27439747979755], [-123.15141054731538, 49.27434794310903], [-123.1513840012912, 49.27429575029981], [-123.15136789604287, 49.27424176199644], [-123.15136886186085, 49.274187257527714], [-123.15136058567893, 49.27413301905359], [-123.15134316958529, 49.27407971541838], [-123.15131682837573, 49.27402800393629], [-123.15128188690338, 49.27397852228583], [-123.15123877607158, 49.27393188064664], [-123.1511880275193, 49.27388865417522], [-123.15113026706432, 49.2738493759129], [-123.15093525711637, 49.27374885208101], [-123.15074561409136, 49.273644024549846], [-123.15056155970723, 49.27353501589571], [-123.15038330914282, 49.27342195358312], [-123.14984555380596, 49.27326128838481], [-123.14931154015802, 49.2730953684137], [-123.14878138814127, 49.27292423094755], [-123.1486465327731, 49.27286920020325], [-123.14851758093268, 49.27280841238917], [-123.14839510572602, 49.27274213767757], [-123.14827965146725, 49.27267067062623], [-123.14817173125928, 49.272594328869], [-123.14807182471355, 49.27251345170369], [-123.14798037581856, 49.2724283985839], [-123.14789779096691, 49.27233954752115], [-123.14782443714971, 49.2722472934045], [-123.14776064032615, 49.27215204624533], [-123.14770465714227, 49.27192738144043], [-123.14764005917608, 49.271703708695284], [-123.14756688738625, 49.27148116942738], [-123.1474851881504, 49.27125990433577], [-123.14746982157709, 49.27085537546706], [-123.14746459045763, 49.270450736099185], [-123.14748836776025, 49.270257712244984], [-123.14750500761944, 49.270064368684864], [-123.14751450039452, 49.269870818409366], [-123.14751684062188, 49.269677174528475], [-123.14752118018399, 49.26937559696057], [-123.14753240549129, 49.269074095476135], [-123.14755051391158, 49.268772737393355], [-123.14776379243152, 49.26711837518676], [-123.14780471251373, 49.266812376262024], [-123.14783896128692, 49.266506026621904], [-123.14786653191221, 49.26619938854805], [-123.14788741890874, 49.26589252437956], [-123.1479606784875, 49.265053598076136], [-123.14802787000262, 49.26421445417569], [-123.1480271275955, 49.264141532697344], [-123.1480359315413, 49.264068837574264], [-123.14805421709318, 49.26399690308318], [-123.14808184982009, 49.263926257908274], [-123.14811862659606, 49.26385742125556], [-123.14816427709414, 49.263790899037296], [-123.14821846577422, 49.26372718015389], [-123.14828079434986, 49.263666732901], [-123.14893308965249, 49.262904298068705]]}}, {"type": "Feature", "properties": {"Id": 0, "Name": "", "Region": "E", "Type": "Stream"}, "geometry": {"type": "LineString", "coordinates": [[-123.1459092625892, 49.26967683577474], [-123.14583827167243, 49.26961218057266], [-123.14577448487114, 49.26954438635336], [-123.14571822496454, 49.26947379620674], [-123.1456697766364, 49.2694007673707], [-123.14562938503471, 49.26932566942311], [-123.1455972545318, 49.269248882411375], [-123.14557354769065, 49.26917079492889], [-123.14555838444308, 49.269091802148495], [-123.14549702480123, 49.26896188539981], [-123.14544435402102, 49.26883034594543], [-123.14540047162036, 49.26869743249403], [-123.14536546049831, 49.268563396350245], [-123.14533938677896, 49.268428490939364], [-123.14532229968687, 49.268292971328115], [-123.14531423145455, 49.26815709374253], [-123.14531519726215, 49.26802111508327], [-123.14533888426979, 49.26776907849937], [-123.14535269379222, 49.267516727454556], [-123.14535661691065, 49.26726422769098]]}}, {"type": "Feature", "properties": {"Id": 0, "Name": "", "Region": "E", "Type": "Stream"}, "geometry": {"type": "LineString", "coordinates": [[-123.14055509263382, 49.27272628205648], [-123.14080076841051, 49.27268271248616], [-123.1410438926045, 49.272633394601606], [-123.14128415116653, 49.27257839210944], [-123.1415212337521, 49.27251777605922], [-123.14175483412244, 49.27245162475149], [-123.14198465054046, 49.27238002363665], [-123.14221038616074, 49.27230306520444], [-123.14243174941312, 49.27222084886441], [-123.14264845437957, 49.27213348081731], [-123.1431355128706, 49.27175964388283], [-123.14361455701585, 49.271381400968245], [-123.1440854938832, 49.27099882559626], [-123.1441635931973, 49.27089051939071], [-123.14423162809447, 49.270779343968776], [-123.14428935384922, 49.270665699346935], [-123.14433656283352, 49.27054999442322], [-123.14437308526296, 49.27043264550593], [-123.14439878980649, 49.27031407481543], [-123.14441358405813, 49.270194708965064], [-123.14441741486807, 49.27007497742601], [-123.14443978524663, 49.269804595359155], [-123.14445137944085, 49.269533923616336], [-123.14445218975148, 49.269263146070436], [-123.14444221580504, 49.268992446663205], [-123.14442146455377, 49.26872200928032], [-123.14438995027025, 49.26845201762648], [-123.14434769453733, 49.26818265510064], [-123.14429472623297, 49.267914104671426], [-123.14391169757177, 49.26626763247804], [-123.14364697466779, 49.26527788774302], [-123.14361198821959, 49.265149959501635], [-123.14358599825688, 49.265021116273545], [-123.14356905933703, 49.264891628871595], [-123.14356120699216, 49.26476176946055], [-123.14356245765516, 49.26463181098492], [-123.14357280862572, 49.26450202659536], [-123.14359223807651, 49.26437268907442], [-123.14362070509982, 49.26424407026338], [-123.14365814979398, 49.264116440490774], [-123.14370049474186, 49.263912738982576], [-123.14374839811109, 49.26370956554211], [-123.14380184451767, 49.26350698512799], [-123.1438604270616, 49.26339757498783], [-123.14392753486679, 49.26329028278451], [-123.1440029900507, 49.26318539282973], [-123.14408659261494, 49.26308318306769], [-123.14417812097571, 49.262983924338755], [-123.14427733255141, 49.262887879661925], [-123.14438396440568, 49.262795303538], [-123.14449773394459, 49.26270644127535], [-123.14491853954696, 49.262353676116064], [-123.1449995735969, 49.262260859317585], [-123.14507318598518, 49.26216543102237], [-123.14513918084945, 49.26206764519519], [-123.14519738260319, 49.26196776207343], [-123.14524763640262, 49.26186604747445], [-123.14528980855825, 49.26176277208799], [-123.14532378689027, 49.26165821075585], [-123.14534744343787, 49.26138235180513], [-123.14536118081328, 49.26110620501925], [-123.14536499158363, 49.26082992315173], [-123.14533255160336, 49.26059074124498], [-123.14528973292404, 49.26035225980736], [-123.14523657032616, 49.26011467171716], [-123.14517310695432, 49.25987816912741], [-123.14511786135739, 49.25981111565444], [-123.14505456264138, 49.25974718431779], [-123.14498362015924, 49.2596867885311], [-123.14490549268757, 49.25963031884385], [-123.14482068545954, 49.259578140416096], [-123.14472974689747, 49.25953059065748], [-123.14463326506656, 49.25948797704563], [-123.14453186387216, 49.259450575138146], [-123.14439980185455, 49.259398601963646], [-123.1442634480851, 49.259351615681126], [-123.14412324168805, 49.25930976760494], [-123.14397963419091, 49.259273192502164], [-123.14383308807085, 49.259242008158516], [-123.14369832488406, 49.259201945678065], [-123.14356828620406, 49.25915567555418], [-123.143443638459, 49.259103434918956], [-123.14332502044287, 49.25904549150222], [-123.14321304004156, 49.25898214225924], [-123.14310827111724, 49.25891371184853], [-123.14301125056743, 49.25884055096768], [-123.14292247557349, 49.258763034555834], [-123.14284240105316, 49.25868155987175], [-123.14268462340729, 49.25858282848177], [-123.1425206092933, 49.25848855165387], [-123.14235065206397, 49.25839889799022], [-123.1421750556956, 49.258314027824255], [-123.14199413424447, 49.25823409293393], [-123.14180821128504, 49.25815923627052], [-123.1410221969063, 49.257950759295184], [-123.14081875250214, 49.25790577698997], [-123.14061821544507, 49.25785551223425], [-123.14042090576267, 49.25780004524532], [-123.1402271383289, 49.257739464542404], [-123.1400372223614, 49.25767386680533], [-123.13985146092786, 49.257603356720125], [-123.13967015046211, 49.25752804681191], [-123.13949358029086, 49.257448057265165], [-123.13913995089639, 49.2572751976375], [-123.13878065791012, 49.25710741727162], [-123.1384158716084, 49.256944795656274], [-123.13830691791144, 49.256915552957594], [-123.1381950225051, 49.25689153643956], [-123.13808076964276, 49.25687287150184], [-123.13796475588474, 49.25685965560133], [-123.13796801766165, 49.25682769597582], [-123.13796303687761, 49.25679583146145], [-123.13794995489835, 49.25676496634408], [-123.13792914299248, 49.25673597654591], [-123.13790119179363, 49.25670968476802], [-123.13786689453774, 49.2566868371431], [-123.137827224551, 49.25666808206154], [-123.13778330762781, 49.25665395177121], [-123.13773639008215, 49.25664484727327], [-123.13768780337942, 49.25664102694257], [-123.13759880404643, 49.25661822752594], [-123.13750659113855, 49.25660178615045], [-123.13741222145612, 49.2565918912411], [-123.13731677651444, 49.25658865619756], [-123.13722135015045, 49.25659211809477], [-123.13712703598824, 49.25660223725803], [-123.13703491490689, 49.25661889771768], [-123.13694604265459, 49.25664190853799], [-123.1368099851573, 49.256714221927034], [-123.13667920231804, 49.25679059115464], [-123.13655397609166, 49.25687085159079], [-123.13651662473548, 49.25692278725638], [-123.1364875848739, 49.25697695111627], [-123.13646716112987, 49.25703277505291], [-123.13645556775542, 49.25708967353449], [-123.13645292638333, 49.25714704975633], [-123.13643866672463, 49.25717733634778], [-123.13643188902103, 49.25720871645855], [-123.13643276319408, 49.25724040343402], [-123.1364412673441, 49.257271602925414], [-123.13645718829744, 49.257301532803076], [-123.13648012694924, 49.257329442763435], [-123.13650950826728, 49.257354633138526], [-123.13654459570644, 49.25737647243593], [-123.13658450967242, 49.25739441317001], [-123.13666004161908, 49.257420947516394], [-123.13674012717729, 49.25744095973188], [-123.13682345826398, 49.2574541229445], [-123.13690867378088, 49.257460222151074], [-123.13699438184764, 49.25745915772936], [-123.13707918253822, 49.257450947065266], [-123.13715397757728, 49.25745269404776], [-123.13722850257574, 49.25744818554456], [-123.1373015413196, 49.257437495132436], [-123.13737190185171, 49.25742079727394], [-123.13743843592486, 49.25739836447018], [-123.13750005774183, 49.25737056281336], [-123.13755576167564, 49.257337846012035], [-123.13760463868125, 49.25730074798637], [-123.13764589113063, 49.25725987415443], [-123.13770360313332, 49.257238053024665], [-123.13775603310057, 49.25721111970419], [-123.13780213173604, 49.25717961322227], [-123.13784097646037, 49.2571441641319], [-123.13787178987494, 49.25710548188982], [-123.13789395531938, 49.25706434065737], [-123.13790702921189, 49.257021563806575], [-123.13795023802453, 49.25686919289471]]}}, {"type": "Feature", "properties": {"Id": 0, "Name": "", "Region": "F", "Type": "Stream"}, "geometry": {"type": "LineString", "coordinates": [[-123.13689296773083, 49.268346748486934], [-123.13703525354167, 49.26812054467574], [-123.13716801550255, 49.26789187494253], [-123.13729115408182, 49.267660910949594], [-123.13740457697591, 49.26742782607919], [-123.13750819917847, 49.2671927953032], [-123.13760194304373, 49.266955995051816], [-123.13763873760738, 49.266849653279145], [-123.13766635885138, 49.26674212826816], [-123.1376847198553, 49.2666337586199], [-123.13769376286083, 49.26652488559293], [-123.13769345945309, 49.26641585202878], [-123.1376838106492, 49.26630700127223], [-123.13766484689438, 49.26619867609021], [-123.13763662796526, 49.26609121759237], [-123.137599242781, 49.265984964157006], [-123.13750319003732, 49.265798312927416], [-123.13741700702174, 49.26560960958585], [-123.13734079566315, 49.26541907756047], [-123.13727464608058, 49.26522694244203], [-123.13721863647702, 49.26503343171669], [-123.13717283304729, 49.264838774496724], [-123.13713728990031, 49.2646432012491], [-123.13710288777115, 49.26445433356297], [-123.13707870995036, 49.264264787989745], [-123.13706478654845, 49.26407480150704], [-123.13706113485463, 49.26388461164109], [-123.13706775931595, 49.26369445616964], [-123.13708465153215, 49.26350457282472], [-123.13711179026674, 49.263315198995464], [-123.1371216733614, 49.26318166273378], [-123.1371208970261, 49.263047970880095], [-123.13710946346195, 49.262914487629914], [-123.13708740390142, 49.26278157660759], [-123.13705477852216, 49.26264959987575], [-123.13701167628224, 49.26251891694907], [-123.13695821467697, 49.26238988381502], [-123.13689453941781, 49.26226285196417], [-123.1368208240348, 49.262138167432866], [-123.13673726940296, 49.26201616986082], [-123.13658973085862, 49.26185169354895], [-123.13643434349092, 49.26169034309183], [-123.13627126183594, 49.2615322788774], [-123.13610064807345, 49.26137765802544], [-123.1359226718656, 49.26122663423153], [-123.13573751018804, 49.26107935761434], [-123.13554534715385, 49.26093597456648], [-123.13534637383052, 49.26079662760917], [-123.13514078804982, 49.26066145525061], [-123.13495033406423, 49.260565421985994], [-123.13475442673698, 49.260474209118655], [-123.134553350734, 49.260387949173406], [-123.13434739822623, 49.2603067674782], [-123.1341368684652, 49.26023078198217], [-123.13392206734838, 49.26016010308435], [-123.13370330697498, 49.26009483347343], [-123.1334809051926, 49.26003506797856], [-123.13326375171216, 49.26000685308032], [-123.13304852623314, 49.25997289490743], [-123.13283558321723, 49.259933249387224], [-123.13262527336471, 49.259887981813634], [-123.13241794303644, 49.25983716673964], [-123.13221393368325, 49.25978088785439], [-123.13201358128318, 49.25971923784525], [-123.13181721578802, 49.25965231824515], [-123.1316251605796, 49.25958023926519], [-123.13128669932689, 49.2594395412194], [-123.13095174988285, 49.25929528888309], [-123.13062039936165, 49.25914751978669], [-123.1302927339388, 49.25899627237521]]}}, {"type": "Feature", "properties": {"Id": 0, "Name": "", "Region": "F", "Type": "Stream"}, "geometry": {"type": "LineString", "coordinates": [[-123.13614075518231, 49.26780718234043], [-123.13643383920387, 49.26330390326409], [-123.13640129773135, 49.26323307690753], [-123.1363592988626, 49.26316441521994], [-123.13630817276028, 49.26309845790358], [-123.13624832132535, 49.26303572340139], [-123.13618021503706, 49.26297670482222], [-123.13610438925423, 49.262921866065156], [-123.13602144000657, 49.26287163817342], [-123.13593201930965, 49.26282641594681], [-123.13583683003971, 49.26278655483866], [-123.13573662040913, 49.26275236816236], [-123.13563217808583, 49.26272412462897], [-123.13552432400253, 49.26270204623533], [-123.13541390590485, 49.26268630651953], [-123.13530396611624, 49.262683075974486], [-123.1351940102936, 49.26268606365363], [-123.13508485800996, 49.26269524728783], [-123.13497732284989, 49.26271055842543], [-123.1348722063463, 49.262731882942305], [-123.1347702920068, 49.262759061892474], [-123.13467233947465, 49.262791892692576], [-123.1345355578614, 49.26283565856076], [-123.13439557756331, 49.26287485400266], [-123.13425275485785, 49.26290937925619], [-123.13410745325956, 49.26293914644585], [-123.13396004259458, 49.262964079806444], [-123.13385576430947, 49.26298592805879], [-123.13374895508919, 49.263001692598095], [-123.1336404418815, 49.263011251370514], [-123.13353106482883, 49.26301453036899], [-123.13342167076276, 49.263011504206496], [-123.13331310664671, 49.26300219631245], [-123.13320621301732, 49.26298667875146], [-123.13310181747599, 49.26296507166513], [-123.13302843827172, 49.26293195985367], [-123.13296121675896, 49.26289365556738], [-123.13290100640715, 49.26285064514037], [-123.13284857166205, 49.26280347465739], [-123.13280457824015, 49.26275274302002], [-123.13276958467712, 49.262699094342246], [-123.13274403523738, 49.262643209772115], [-123.13272825427484, 49.26258579884331], [-123.13272244211629, 49.262527590466284], [-123.13278149134804, 49.26243593317322], [-123.13284922354843, 49.26234688525312], [-123.13292537099927, 49.26226079861606], [-123.13297246951602, 49.262168873595776], [-123.13301025577657, 49.26207512504379], [-123.13303856716206, 49.261979956553056], [-123.13305728184602, 49.26188377782714], [-123.13306631931768, 49.26178700291633], [-123.13306564072766, 49.26169004843508], [-123.13305524905424, 49.26159333176845], [-123.13303518908964, 49.26149726927534], [-123.13300554724614, 49.26140227449606], [-123.13296645118312, 49.26130875637213], [-123.13286164204297, 49.2612052866471], [-123.13276224952455, 49.26109955227847], [-123.13261522177027, 49.261016457279496], [-123.13246168028377, 49.26093857207512], [-123.13230205553583, 49.26086611501046], [-123.13213679504521, 49.26079928921238], [-123.1319663621241, 49.260738282020206], [-123.13179123457952, 49.260683264460766], [-123.13161190337433, 49.26063439076909], [-123.1311101409566, 49.2603833508685], [-123.1306148717242, 49.26012684912599], [-123.1301262344052, 49.259864957441266]]}}, {"type": "Feature", "properties": {"Id": 0, "Name": "Mackie Creek", "Region": "", "Type": "Stream"}, "geometry": {"type": "LineString", "coordinates": [[-123.12891402743514, 49.26615748709781], [-123.12909637558472, 49.26590424634303], [-123.12926951349469, 49.26564825231132], [-123.12943334430993, 49.26538964842047], [-123.129587776394, 49.26512857954817], [-123.12965724601612, 49.26491054966095], [-123.12971791551188, 49.26469139786571], [-123.12976974289427, 49.26447127625212], [-123.1298126923142, 49.26425033758085], [-123.12984673408499, 49.26402873517754], [-123.12985492328048, 49.263816612586204], [-123.12987184777461, 49.26360471157917], [-123.12989749515185, 49.263393186199586], [-123.12993184665618, 49.263182190215666], [-123.129974877205, 49.26297187700878], [-123.13000553657675, 49.26287567612923], [-123.13002681481773, 49.26277839663072], [-123.1300386263663, 49.26268042993653], [-123.1300409237529, 49.26258217023272], [-123.13003369779027, 49.26248401288191], [-123.13001697760947, 49.26238635283264], [-123.12987590381712, 49.26230734297066], [-123.12973995441783, 49.26222457473897], [-123.12960936297613, 49.26213819035129], [-123.12948435384678, 49.26204833823389], [-123.12936514178965, 49.26195517277054], [-123.12925193160044, 49.26185885403704], [-123.12909175699465, 49.261751333277736], [-123.12893777971338, 49.261640002218144], [-123.12879021117959, 49.26152501375509], [-123.1286492540106, 49.261406525807224], [-123.1285151017398, 49.26128470109807], [-123.12838793855109, 49.26115970693241], [-123.12826793902614, 49.26103171496645], [-123.12810853447054, 49.26076784439984], [-123.12795858820606, 49.260501609694025], [-123.12781818185117, 49.2602331560371], [-123.12768739181809, 49.259962629824976], [-123.12756628927137, 49.259690178581266], [-123.12751196137438, 49.25947780489906], [-123.12746746294374, 49.25926445376029], [-123.12743283448941, 49.25905032000363], [-123.1274081075065, 49.25883559917997], [-123.12739330444691, 49.258620487373705], [-123.12738843869926, 49.25840518102381], [-123.12741337772323, 49.25819521052457], [-123.12744742708107, 49.25798578897577], [-123.12749055912998, 49.25777708568548], [-123.1275427388854, 49.25756926937898], [-123.12760392404967, 49.257362508062386]]}}, {"type": "Feature", "properties": {"Id": 0, "Name": "", "Region": "G", "Type": "Stream"}, "geometry": {"type": "LineString", "coordinates": [[-123.11932447410442, 49.2661335167179], [-123.11922748264938, 49.2659694575483], [-123.11913988284316, 49.2658031510861], [-123.11906179581918, 49.265634827481215], [-123.11899332954283, 49.26546471967276], [-123.11893457866245, 49.265293063066565], [-123.11888562437888, 49.2651200952094], [-123.1188798883725, 49.26503968184857], [-123.1188836694469, 49.26495921895611], [-123.11889694492095, 49.264879188212376], [-123.11891963527735, 49.26480006870849], [-123.1189516046399, 49.264722334078236], [-123.1189926615878, 49.26464644966303], [-123.11904256030262, 49.2645728697262], [-123.11910100204068, 49.26450203473396], [-123.11916763692223, 49.264434368718774], [-123.11928596429769, 49.264338464651644], [-123.11941108763702, 49.26424632910679], [-123.11954272705887, 49.26415816814971], [-123.11968058811327, 49.26407417895555], [-123.11982436244, 49.263994549368135], [-123.11997372845846, 49.26391945748005], [-123.12008931413013, 49.26387319310692], [-123.1201988456674, 49.26382100007715], [-123.120301614742, 49.263763215926794], [-123.1203969567658, 49.26370021434885], [-123.12048425518866, 49.26363240277619], [-123.12056294548562, 49.26356021974632], [-123.12063251880717, 49.263484132064995], [-123.12069252526938, 49.26340463178709], [-123.12072355064198, 49.26330141248386], [-123.12076309206053, 49.263199447649235], [-123.12081103286035, 49.26309903798988], [-123.12086723160847, 49.26300047962427], [-123.12093152252116, 49.2629040632095], [-123.12100371595349, 49.262810073084175], [-123.12108359895896, 49.26271878643004], [-123.12116708695464, 49.262624079743496], [-123.12125974852549, 49.262533100604195], [-123.12136119653705, 49.26244622906906], [-123.12147100715703, 49.262363828033905], [-123.12158872162617, 49.26228624171782], [-123.12171384817499, 49.26221379422546], [-123.12184586407818, 49.262146788193505], [-123.12196459075084, 49.26212564248693], [-123.12208027887084, 49.26209821567859], [-123.12219215407478, 49.262064691352265], [-123.12229946752566, 49.26202529390565], [-123.12240150092566, 49.261980287048004], [-123.12249757132469, 49.261929972034785], [-123.12258703569195, 49.26187468565084], [-123.12291325390156, 49.2614459413508], [-123.1230338252698, 49.261343108764336], [-123.12316194718372, 49.2612442645678], [-123.12329731207596, 49.26114964601087], [-123.12343959499988, 49.26105948019946], [-123.12358845440981, 49.260973983550585], [-123.12372250019365, 49.26090472779109], [-123.12385079957191, 49.26083095718056], [-123.12397299797506, 49.260752875607245], [-123.12408875770039, 49.2606706988732], [-123.12419775884509, 49.26058465409758], [-123.12429970019036, 49.26049497908879], [-123.12439430003379, 49.26040192168703], [-123.12444064301981, 49.26030332125274], [-123.12447699232312, 49.260202941748034], [-123.1245031910664, 49.260101216562646], [-123.12451912619971, 49.25999858489366], [-123.12452472898774, 49.25989548984916], [-123.12451997530539, 49.2597923765351], [-123.12450488574082, 49.25968969013356], [-123.12447952550542, 49.259587873980735], [-123.1242791680159, 49.259410836522825], [-123.12408485085223, 49.25923093824645], [-123.12389666927953, 49.2590482674089], [-123.12371471554975, 49.258862913626686], [-123.12353907885648, 49.25867496783155], [-123.12336655462498, 49.25853276524029], [-123.1232022669171, 49.2583864438506], [-123.12304644498649, 49.25823620791076], [-123.12289930626349, 49.258082267131414], [-123.12276105605198, 49.257924836392746], [-123.1226318872431, 49.257764135444425], [-123.12251198004638, 49.257600388598675], [-123.12240150173857, 49.25743382441705], [-123.12232437006816, 49.25735167916998], [-123.12225505579465, 49.25726660098373], [-123.12219381821484, 49.257178908176215], [-123.12214088640307, 49.257088928846215], [-123.12209645835462, 49.25699699964559], [-123.12206070024553, 49.256903464519674], [-123.12203374581158, 49.256808673420274], [-123.1220156958486, 49.256712980996305], [-123.12200661783609, 49.25661674526681], [-123.12200654568555, 49.25652032628147], [-123.12203832507029, 49.25634562272328], [-123.12208059801719, 49.25617187461394], [-123.12213329874076, 49.255999351889336], [-123.12219634525718, 49.255828322578814], [-123.12226963951247, 49.255659052388815], [-123.1223530675354, 49.255491804290145], [-123.12255359671624, 49.25512276452196], [-123.12276359404562, 49.25475598840576], [-123.122982999719, 49.254391580028454], [-123.12309457810593, 49.25427316988955], [-123.12320071370773, 49.25415263498604], [-123.12330131220841, 49.25403008247508], [-123.12339628421655, 49.253905621306814], [-123.12344272374659, 49.253789859820195], [-123.12348096267473, 49.25367282024904], [-123.12351091978012, 49.253554751368455], [-123.12353253144687, 49.25343590413957], [-123.1235457517989, 49.25331653117622], [-123.12355055279689, 49.2531968862078], [-123.12354692429733, 49.253077223540124], [-123.12354450103138, 49.25210618975696], [-123.12354335170171, 49.25199336641598], [-123.12353197981113, 49.25188078641037], [-123.12351042548538, 49.25176884629078], [-123.1234787647154, 49.25165794035126], [-123.12343710908868, 49.25154845924053], [-123.12338560539536, 49.251440788586], [-123.12332443511015, 49.25133530763559], [-123.12329046016579, 49.25119358924649], [-123.12326453926374, 49.251051143387635], [-123.1232467080139, 49.25090816613261], [-123.1232369908902, 49.25076485428471], [-123.12323540119742, 49.250621405106195], [-123.12323358847532, 49.24989312946449], [-123.12318296697177, 49.249591936600126], [-123.12312454564575, 49.24929134943332], [-123.12305834146245, 49.24899145452309], [-123.12298437362736, 49.24869233822762], [-123.12290266358035, 49.2483940866793]]}}, {"type": "Feature", "properties": {"Id": 0, "Name": "Bridge Street Creek", "Region": "H", "Type": "Stream"}, "geometry": {"type": "LineString", "coordinates": [[-123.11606930525234, 49.264480362504024], [-123.11599432672236, 49.26448188419067], [-123.11591976646604, 49.2644764893516], [-123.1158471067744, 49.26446428523862], [-123.11577779215204, 49.264445514474765], [-123.11571320059826, 49.26442055023065], [-123.11565461621058, 49.26438988880518], [-123.11560320365557, 49.26435413975844], [-123.11555998501485, 49.2643140137929], [-123.11552581946611, 49.26427030862371], [-123.11550138620343, 49.26422389311945], [-123.11546771881265, 49.26408790568784], [-123.11544196597669, 49.26395117967251], [-123.11542416477566, 49.263813912286714], [-123.11541434081953, 49.26367630152302], [-123.11541250821158, 49.26353854586756], [-123.11536042888082, 49.26343056336601], [-123.11531649956393, 49.26332104004228], [-123.11528082581066, 49.26321023918559], [-123.11524768180725, 49.2631350096143], [-123.1152221981499, 49.26305851224225], [-123.11520448597109, 49.26298108077648], [-123.11519462250028, 49.26290305299731], [-123.11519265072766, 49.26282476928475], [-123.11520876895023, 49.262524995694626], [-123.11521534479132, 49.26222506741904], [-123.11521237557231, 49.261925114547275], [-123.1151992214495, 49.26156817875286], [-123.11519111740287, 49.26121117852668], [-123.11518806401783, 49.260854144472724], [-123.11514613854709, 49.26062909184575], [-123.11511202643223, 49.26040347452391], [-123.11508574513206, 49.260177408687134], [-123.11506730807238, 49.25995101074474], [-123.11505672463927, 49.25972439727552], [-123.11505400017454, 49.25949768496758], [-123.11505310392062, 49.25911212776725], [-123.11504464866486, 49.25905828375154], [-123.11502665986383, 49.259005452142475], [-123.1149993829022, 49.25895435352641], [-123.11496318984561, 49.258905684850724], [-123.11491857436452, 49.25886010991819], [-123.11486614499981, 49.25881825033364], [-123.11480661686198, 49.25878067702606], [-123.11474080187713, 49.25874790246213], [-123.11466959771278, 49.25872037365691], [-123.11459397553479, 49.25869846607747], [-123.11341452611096, 49.25812843261495], [-123.11333881757801, 49.25808425600324], [-123.11326985301197, 49.25803557797018], [-123.11320825437538, 49.257982837537114], [-123.11315457719297, 49.25792651036217], [-123.1131093055421, 49.25786710445014], [-123.1130728476875, 49.25780515557056], [-123.1130455324002, 49.25774122242539], [-123.11302760599351, 49.2576758816101], [-123.11301923010275, 49.257609722413186], [-123.11302048022885, 49.25754334150159], [-123.11301532730077, 49.25745393928237], [-123.11301949640378, 49.257364515090316], [-123.11303296809564, 49.257275484866554], [-123.11305567966548, 49.257187262717444], [-123.11308752542644, 49.25710025898865], [-123.11312835720823, 49.25701487835646], [-123.1132151666535, 49.25681487423156], [-123.11325066811742, 49.25676646965541], [-123.11327630773965, 49.25671546643318], [-123.11329165493026, 49.25666272117085], [-123.1132964519651, 49.25660911972935], [-123.113290618312, 49.25655556234641], [-123.11327425198117, 49.256502948516896], [-123.11324762787683, 49.25645216188593], [-123.11321119317793, 49.25640405540833], [-123.11316555982621, 49.256359437023725], [-123.11311149424704, 49.25631905608774], [-123.11304990447651, 49.25628359078735], [-123.11298182491065, 49.25625363675135], [-123.11290839893307, 49.256229697047644], [-123.11282413298088, 49.256196119733815], [-123.11274588973848, 49.25615679081848], [-123.11267458157222, 49.2561121689096], [-123.1126110399731, 49.256062774334524], [-123.11255600586111, 49.2560091830721], [-123.11251012094607, 49.255952020035856], [-123.11247392024565, 49.25589195178669], [-123.11244782584801, 49.25582967875976], [-123.11243214199126, 49.25576592709681], [-123.11242705151777, 49.25570144017855], [-123.11243261374369, 49.25563696995629], [-123.11244876376956, 49.25557326818378], [-123.11253369059658, 49.25454502983465], [-123.11251698205808, 49.25447420028794], [-123.11248959160335, 49.25440481016366], [-123.11245179103292, 49.25433754792099], [-123.11240395542792, 49.25427308090452], [-123.11234655942704, 49.254212048723346], [-123.11228017251625, 49.2541550569056], [-123.11220545337771, 49.254102670891164], [-123.1121132000984, 49.254036416877845], [-123.1120290697373, 49.253965681572126], [-123.11195356846582, 49.25389089058379], [-123.11188715052843, 49.2538124939235], [-123.1118302155102, 49.253730963294736], [-123.11178310593331, 49.253646789255406], [-123.11174610519714, 49.25356047826581], [-123.11161033604482, 49.25338153359368], [-123.1114811337033, 49.25320051779863], [-123.11135857178384, 49.25301753411318], [-123.11124272010836, 49.25283268689098], [-123.11099480676182, 49.25266617152376], [-123.11075187836113, 49.25249653763806], [-123.11051402639855, 49.25232384915756], [-123.11028134045056, 49.252148171156406], [-123.11019740491241, 49.25207946692194], [-123.1101214067886, 49.252006911839544], [-123.11005375677023, 49.25193089802823], [-123.10999482042652, 49.25185183629764], [-123.10994491622978, 49.25177015392763], [-123.10990431383482, 49.25168629235892], [-123.10987323262277, 49.251600704807046], [-123.10985184051617, 49.25151385381307], [-123.10984025307269, 49.25142620874364], [-123.10983853286157, 49.25133824325428], [-123.10984668912668, 49.25125043272969], [-123.1098646777377, 49.25116325171457], [-123.1098763350735, 49.25073964607741], [-123.10988266629388, 49.250315991950835], [-123.10988367110676, 49.24989231803099], [-123.1099079672071, 49.249506928545145], [-123.10992165495561, 49.249121315063206], [-123.10992473015862, 49.24873560271347], [-123.10983684715187, 49.24837310504457], [-123.10974151715519, 49.248011414868486], [-123.10963875761331, 49.24765059775409], [-123.10960727273081, 49.24757280367543], [-123.10956744342104, 49.24749666646758], [-123.10951947012194, 49.24742256921272], [-123.10946359424454, 49.24735088472737], [-123.10940701252345, 49.24727340467607], [-123.10934196239795, 49.24719882793474], [-123.10926878934508, 49.247127550532944], [-123.10918788197269, 49.24705995097788], [-123.10909966995509, 49.246996388244696], [-123.10900462175125, 49.24693719987033], [-123.10890028285411, 49.24684277169254], [-123.1088038003935, 49.2467448284151], [-123.10871545000465, 49.24664364989443], [-123.10863548408197, 49.24653952522933], [-123.10856413105847, 49.246432751934925], [-123.10850159475338, 49.246323635092246], [-123.10804192321865, 49.245581507858994]]}}, {"type": "Feature", "properties": {"Id": 0, "Name": "Bridge Street Creek", "Region": "H", "Type": "Stream"}, "geometry": {"type": "LineString", "coordinates": [[-123.11677344121136, 49.266978637873095], [-123.11666348767258, 49.266879397197826], [-123.11656160075674, 49.26677653562033], [-123.11646805826204, 49.26667033364753], [-123.11638311522604, 49.26656108089394], [-123.11630700323083, 49.26644907529171], [-123.11623992977185, 49.26633462227792], [-123.1161820776927, 49.26621803396162], [-123.11613360468708, 49.26609962827253], [-123.11609464286957, 49.26597972809395], [-123.11606192153603, 49.2657862458327], [-123.11603659158327, 49.26559228927309], [-123.11601866871432, 49.26539797932185], [-123.1160081640143, 49.26520343710455], [-123.11600508394388, 49.26500878389018], [-123.11606930525234, 49.264480362504024]]}}, {"type": "Feature", "properties": {"Id": 0, "Name": "Bridge Street Creek", "Region": "H", "Type": "Stream"}, "geometry": {"type": "LineString", "coordinates": [[-123.11606930525234, 49.264480362504024], [-123.11617419502626, 49.26445132997104], [-123.1162751605452, 49.26441684997566], [-123.11637154256363, 49.26437714765496], [-123.1164627117682, 49.26433248224465], [-123.11654807288724, 49.26428314538605], [-123.11662706857767, 49.264229459221724], [-123.1166991830641, 49.26417177429167], [-123.11676394550646, 49.26411046724426], [-123.1168454318961, 49.26403798916746], [-123.1169189994814, 49.263961969762654], [-123.11698429033468, 49.26388277892473], [-123.11704098680585, 49.263800801978405], [-123.11708881306731, 49.26371643780291], [-123.11712753645547, 49.26363009689122], [-123.11715696860198, 49.263542199352315], [-123.11717696634936, 49.26345317286707], [-123.11731131707454, 49.26326674358826], [-123.11745408520176, 49.263083013565016], [-123.11760514417568, 49.26290214554337], [-123.11776436010142, 49.26272429973249], [-123.11819937964783, 49.26215265864697], [-123.11835261053233, 49.261977998053204], [-123.11849834016787, 49.261800609115554], [-123.11863645530823, 49.261620629781355], [-123.11876684863225, 49.26143820001084], [-123.11888941882695, 49.26125346166827], [-123.11900407066625, 49.261066558411564], [-123.11913834467504, 49.260824572679105], [-123.11926472216769, 49.260580772168424], [-123.11925482736889, 49.2604392180383], [-123.11923437733884, 49.26029814937195], [-123.11920342101344, 49.26015790311898], [-123.11916203242168, 49.26001881426174], [-123.11911031050805, 49.2598812150154], [-123.11903800892992, 49.25977903082697], [-123.11897395222749, 49.259674516692165], [-123.11891831486547, 49.25956795735116], [-123.11887124836757, 49.25945964311435], [-123.11883288090438, 49.259349869071265], [-123.11880331694479, 49.25923893428653], [-123.11876933382173, 49.25909406011442], [-123.11872498227687, 49.25895039180244], [-123.11867036047853, 49.25880824705714], [-123.11860558930346, 49.258667940213094], [-123.11829888287579, 49.25813989717843]]}}, {"type": "Feature", "properties": {"Id": 0, "Name": "", "Region": "I", "Type": "Stream"}, "geometry": {"type": "LineString", "coordinates": [[-123.11454965277404, 49.26900593336487], [-123.11437077993119, 49.26877627680255], [-123.11420008083532, 49.26854397189019], [-123.11403764688366, 49.268309143167755], [-123.1138835650388, 49.26807191652648], [-123.11373791778205, 49.26783241914135], [-123.11360078306963, 49.26759077940274], [-123.11341291749616, 49.267054337618866], [-123.11321772165496, 49.26651901808272], [-123.1130152114285, 49.26598486370072], [-123.11297596621466, 49.26589974428778], [-123.1129285956953, 49.26581641418828], [-123.1128732885338, 49.265735205211264], [-123.11281026499302, 49.265656440718175], [-123.1127397760577, 49.26558043433535], [-123.11266210243467, 49.26550748870551], [-123.11257755343472, 49.26543789428262], [-123.11232893377088, 49.26519797286489], [-123.11207289106791, 49.26496141920285], [-123.11180953189627, 49.264728331658176], [-123.11153896586413, 49.26449880714993], [-123.11142490689812, 49.264401761611246], [-123.11130478429548, 49.26430790193171], [-123.11117880562213, 49.26421739026993], [-123.11104718855785, 49.26413038299942], [-123.11085322451459, 49.2640145229778], [-123.11066500076261, 49.263894676793086], [-123.11048270844879, 49.26377096617943], [-123.11030653269104, 49.26364351679529], [-123.11013665239024, 49.263512458095846], [-123.1100118697723, 49.263400775848595], [-123.10989608027784, 49.26328501943501], [-123.10978959378193, 49.26316549870542], [-123.10969269525157, 49.26304253358401], [-123.10960564398351, 49.262916453212334], [-123.10952867291078, 49.26278759506793], [-123.10946198797988, 49.26265630406101], [-123.10942895422163, 49.262398016675895], [-123.10940543175009, 49.26213928364012], [-123.10939143405275, 49.26188025494975], [-123.10938696909487, 49.26162108076995], [-123.10939747066043, 49.26104959679047], [-123.10941831342335, 49.26047823424759], [-123.1094494941016, 49.25990707329527], [-123.10949100796331, 49.25933619405645], [-123.10944356781813, 49.259150309139805], [-123.10938570370357, 49.25896569342834], [-123.10931749419633, 49.2587825972511], [-123.10923903189806, 49.25860126887403], [-123.109150423309, 49.25842195416326], [-123.10905178868317, 49.258244896252066], [-123.10894326186471, 49.25807033521104], [-123.10882499010584, 49.257898507722864], [-123.10869713386681, 49.25772964676145], [-123.10855986659783, 49.25756398127615], [-123.10794057865022, 49.257040963932695], [-123.10750300426444, 49.256470174503335], [-123.10531748634888, 49.25465149529812]]}}, {"type": "Feature", "properties": {"Id": 0, "Name": "Brewery Creek", "Region": "J", "Type": "Stream"}, "geometry": {"type": "LineString", "coordinates": [[-123.09644934216536, 49.26767776905049], [-123.09659629943829, 49.267525664905556], [-123.0967343082878, 49.2673700126361], [-123.0968631690192, 49.26721103756238], [-123.09698269518596, 49.26704896981255], [-123.09709271385924, 49.26688404398932], [-123.0971930658777, 49.26671649883032], [-123.09728360607751, 49.26654657686235], [-123.09736422703322, 49.266438576825735], [-123.09743695449743, 49.26632820298269], [-123.09750162583822, 49.26621570223012], [-123.09755809644767, 49.266101326220976], [-123.09760624006468, 49.26598533080116], [-123.09764594905724, 49.26586797543729], [-123.09772596502147, 49.26567268356651], [-123.0978157300895, 49.26547921519446], [-123.09791514746486, 49.26528777869899], [-123.09802410995864, 49.26509858026709], [-123.09814250010528, 49.26491182367292], [-123.09827019028948, 49.264727710058374], [-123.09840704288418, 49.264546437716604], [-123.09861740483278, 49.264370626624874], [-123.09882093779659, 49.26419140615027], [-123.09901751287786, 49.264008889859106], [-123.09920700559199, 49.26382319340487], [-123.0993892959463, 49.263634434454914], [-123.09956426851586, 49.26344273261582], [-123.0997318125166, 49.26324820935746], [-123.1000851979265, 49.26284361853358], [-123.10044806777013, 49.2624426407868], [-123.10082033561909, 49.26204537136915], [-123.10093121635562, 49.26195152037579], [-123.10103324915643, 49.26185346471967], [-123.10112606281112, 49.26175156119318], [-123.10120931966107, 49.26164618058756], [-123.10128271682744, 49.26153770634358], [-123.10134598731263, 49.26142653315606], [-123.10139890097072, 49.261313065537514], [-123.10144126534429, 49.26119771634616], [-123.10147292636344, 49.26108090528355], [-123.10141149852264, 49.26090808672884], [-123.10133992746988, 49.260736948263315], [-123.10125831991786, 49.26056774480517], [-123.10116679752544, 49.260400728387715], [-123.10106549671592, 49.26023614778409], [-123.10095456847327, 49.26007424813689], [-123.10083417811673, 49.259915270592984], [-123.10063436368881, 49.25974834718448], [-123.10042715041509, 49.25958533418192], [-123.10021271689875, 49.25942637203468], [-123.09999124795866, 49.259271597700646], [-123.09976293446961, 49.25912114452836], [-123.09952797319819, 49.258975142142184], [-123.09928656663297, 49.258833716330756], [-123.09905026022437, 49.25870974611802], [-123.0988073979541, 49.258591328412386], [-123.09855828423818, 49.25847861162272], [-123.09830323132088, 49.25837173701213], [-123.09804255888342, 49.25827083852113], [-123.09777659364352, 49.25817604259984], [-123.0975056689462, 49.25808746804976], [-123.09723012434617, 49.25800522587487], [-123.09695030518265, 49.257929419142805], [-123.09666656214671, 49.25786014285568], [-123.09533894500242, 49.257647047027696], [-123.0951954554893, 49.25762102027038], [-123.09505491002554, 49.25758883911943], [-123.09491792403284, 49.257550644491246], [-123.0947850973427, 49.257506603634084], [-123.09465701156923, 49.25745690939531], [-123.0945342275621, 49.257401779376956], [-123.09441728295022, 49.25734145498261], [-123.09430668978753, 49.25727620036002], [-123.09420293231065, 49.257206301244395], [-123.09410646481858, 49.2571320637068], [-123.09401770968354, 49.25705381281386], [-123.09393705550187, 49.25697189120399], [-123.09386485539277, 49.25688665758697]]}}, {"type": "Feature", "properties": {"Id": 0, "Name": "Brewery Creek", "Region": "J", "Type": "Educated Guess"}, "geometry": {"type": "LineString", "coordinates": [[-123.09386485539277, 49.25688665758697], [-123.09379515552347, 49.25677827266012], [-123.09373558494964, 49.2566673299902], [-123.09368636114145, 49.25655423471587], [-123.093647663781, 49.256439399833816], [-123.09361963410713, 49.25632324469046], [-123.09360237440069, 49.25620619345058], [-123.09359594761222, 49.25608867354824], [-123.09360037713293, 49.25597111412585], [-123.0936156467107, 49.25585394446716], [-123.09373898675813, 49.25378325329482], [-123.09393512143494, 49.25176010190215], [-123.0939494160149, 49.2497132975549], [-123.09392118061486, 49.24964754512862], [-123.09388422121395, 49.24958367308986], [-123.09383882426643, 49.24952217642251], [-123.09378534161061, 49.249463531700385]]}}, {"type": "Feature", "properties": {"Id": 0, "Name": "Brewery Creek", "Region": "J", "Type": "Stream"}, "geometry": {"type": "LineString", "coordinates": [[-123.09378534161061, 49.249463531700385], [-123.09335285057108, 49.24909666675228], [-123.09291589237299, 49.24873207904977], [-123.09247449507235, 49.24836979192069], [-123.09221679608122, 49.24811531717898], [-123.09196457743599, 49.247858500537355], [-123.09192192871399, 49.24775263527079], [-123.09188904628317, 49.24764528722797], [-123.0918660482468, 49.24753684217726], [-123.0918530171855, 49.24742768982678], [-123.0918499998614, 49.2473182224238], [-123.09185700705103, 49.24720883334519], [-123.09187401350759, 49.24709991568378], [-123.09190095805259, 49.24699186083579], [-123.0919377437966, 49.246885057094374], [-123.09198423848844, 49.246779888254395], [-123.09204027499115, 49.24667673223334], [-123.09210565188349, 49.24657595971344], [-123.09218013418455, 49.24647793280987], [-123.0925431123193, 49.24618014345497]]}}, {"type": "Feature", "properties": {"Id": 0, "Name": "Brewery Creek", "Region": "J", "Type": "Stream"}, "geometry": {"type": "LineString", "coordinates": [[-123.0925431123193, 49.24618014345497], [-123.09295824761413, 49.24462091427377]]}}, {"type": "Feature", "properties": {"Id": 0, "Name": "Brewery Creek", "Region": "J", "Type": "Stream"}, "geometry": {"type": "LineString", "coordinates": [[-123.09295824761413, 49.24462091427377], [-123.09203129244929, 49.24463355638211], [-123.09194387899298, 49.24461873300514], [-123.09185972758866, 49.244597294253325], [-123.09178000177039, 49.24456953655446], [-123.09170580387591, 49.24453584370619], [-123.09163815980409, 49.2444966815689], [-123.09157800482974, 49.244452591623904], [-123.09152617067201, 49.24440418348615], [-123.0914833739949, 49.24435212647468], [-123.0914502064992, 49.24429714035789], [-123.09142712674253, 49.24423998540112], [-123.09141445380072, 49.24418145185451], [-123.0914123628579, 49.24412234902641], [-123.09140151375685, 49.24395437637319], [-123.09140119869046, 49.2437862537253], [-123.09141141808193, 49.2436182641368], [-123.09143215461887, 49.24345069043496], [-123.09146337328306, 49.24328381474396], [-123.09150502141017, 49.243117918010014], [-123.09182975271071, 49.2418086631282]]}}, {"type": "Feature", "properties": {"Id": 0, "Name": "Brewery Creek", "Region": "J", "Type": "Stream"}, "geometry": {"type": "LineString", "coordinates": [[-123.09295824761413, 49.24462091427377], [-123.09303267149825, 49.24451516659388], [-123.09309906960378, 49.24440715262918], [-123.09315728160274, 49.24429713328137], [-123.09320716694313, 49.24418537429442], [-123.09324860518795, 49.24407214561238], [-123.09328149630564, 49.24395772072739], [-123.09330576091116, 49.24384237601907], [-123.09345582623615, 49.24353925896001], [-123.09361279015648, 49.24323764346356], [-123.09377661751991, 49.24293759683553], [-123.09389057000134, 49.242736652211484], [-123.09401475474822, 49.242538323808205], [-123.09414903182356, 49.242342834916386], [-123.09429324993306, 49.2421504056272], [-123.09444724659593, 49.24196125258464], [-123.09453180030616, 49.241851905825484], [-123.09460763200667, 49.24173985054164], [-123.09467454009585, 49.24162538472493], [-123.09473234670662, 49.241508812775535], [-123.09478089817907, 49.241390444692364], [-123.09482006546828, 49.241270595248494], [-123.09484974448688, 49.24114958315412], [-123.09486985638118, 49.24102773020887], [-123.09488034774003, 49.240905360446035], [-123.0948811907362, 49.24078279927085], [-123.09490271826833, 49.240676545954614], [-123.09491453192875, 49.24056964125929], [-123.09491658974667, 49.2404624655591], [-123.09490888446352, 49.240355400190026], [-123.09489144355804, 49.24024882609305], [-123.09486432914754, 49.240143122458804], [-123.09482763776595, 49.24003866537839], [-123.09478150001966, 49.23993582650536], [-123.09472608012183, 49.23983497173349], [-123.0946615753075, 49.239736459895056], [-123.09458821513097, 49.23964064148432], [-123.09426744148593, 49.239264003316535], [-123.093954030577, 49.23888471771002], [-123.09364803320504, 49.23850284634806], [-123.09334949896169, 49.23811845133306], [-123.09308786834066, 49.23778892276472], [-123.09281703294118, 49.23746259893829], [-123.09253708444717, 49.23713959010437], [-123.09224811761585, 49.23682000539147], [-123.09195023024567, 49.236503952769176], [-123.09164352314306, 49.23619153901174], [-123.09132810008815, 49.23588286966212]]}}, {"type": "Feature", "properties": {"Id": 0, "Name": "Brewery Creek", "Region": "J", "Type": "Stream"}, "geometry": {"type": "LineString", "coordinates": [[-123.0925431123193, 49.24618014345497], [-123.09261390211172, 49.246134524589145], [-123.09269051234912, 49.2460931318983], [-123.09277235641603, 49.24605628232477], [-123.09285880762607, 49.24602425802377], [-123.0929492040202, 49.2459973042031], [-123.09304285343515, 49.245975627245954], [-123.0931390388026, 49.245959393130704], [-123.09323702363929, 49.245948726160265], [-123.09340029895131, 49.24592131378827], [-123.09356543855526, 49.24589920042536], [-123.0937320414879, 49.24588243976311], [-123.09389970323446, 49.245871072496534], [-123.09406801671044, 49.24586512622545], [-123.09423657324955, 49.245864615387454], [-123.09434549679933, 49.24586438716187], [-123.09445391456374, 49.24585751922741], [-123.0945608842951, 49.24584407127264], [-123.09466547633228, 49.2458241601723], [-123.09476678168113, 49.245797958971444], [-123.09486391991548, 49.24576569538139], [-123.09495604682962, 49.24572764980032], [-123.09504236177573, 49.24568415287627], [-123.09512211462238, 49.24563558263304], [-123.09519461227434, 49.24558236118451], [-123.09525922469561, 49.245524951065875], [-123.09531539038487, 49.24546385121335], [-123.0953626212546, 49.24539959262787], [-123.09626882253495, 49.244054144420474]]}}, {"type": "Feature", "properties": {"Id": 0, "Name": "", "Region": "", "Type": "Stream"}, "geometry": {"type": "LineString", "coordinates": [[-123.09268262152895, 49.2663298138763], [-123.09282481533761, 49.26620372590094], [-123.09295857956712, 49.26607374757212], [-123.09308366608833, 49.26594012006162], [-123.0931998428789, 49.26580309131021], [-123.0933068944537, 49.26566291556746], [-123.09336879959577, 49.265589309862875], [-123.09342230503076, 49.265512935975686], [-123.09346712368391, 49.265434203733975], [-123.09350301509792, 49.265353535619], [-123.09352978672258, 49.265271364497934], [-123.09354729494707, 49.26518813130095], [-123.09355544586964, 49.265104282655145], [-123.09355419580048, 49.26502026848777], [-123.09354355149509, 49.26493653961205], [-123.09352357011716, 49.2648535453081], [-123.09336123878191, 49.26362560384415]]}}, {"type": "Feature", "properties": {"Id": 0, "Name": "", "Region": "K", "Type": "Stream"}, "geometry": {"type": "LineString", "coordinates": [[-123.08019634381732, 49.2663827881529], [-123.08003224218334, 49.266273674104355], [-123.07986086494348, 49.26616946029819], [-123.07968255346874, 49.26607035429382], [-123.07949766293432, 49.265976553476335], [-123.07930656161223, 49.26588824466368], [-123.07910963013798, 49.26580560373473], [-123.07890726075252, 49.26572879527914], [-123.07869985652128, 49.26565797226972], [-123.07848783053169, 49.26559327575802], [-123.07827160507061, 49.26553483459347], [-123.0780516107839, 49.26548276516693], [-123.07782828581894, 49.265437171179066], [-123.07760207495242, 49.26539814343385], [-123.07737342870523, 49.26536575965792], [-123.07714280244542, 49.26534008434583], [-123.07691065548201, 49.26532116863165]]}}, {"type": "Feature", "properties": {"Id": 0, "Name": "China Creek", "Region": "K", "Type": "Stream"}, "geometry": {"type": "LineString", "coordinates": [[-123.08203719704336, 49.26456794696064], [-123.08189345633879, 49.264519627608664], [-123.08174598482324, 49.26447639080319], [-123.08159520173004, 49.26443835945563], [-123.08144153570335, 49.26440564167934], [-123.08128542357998, 49.264378330482316], [-123.08112730914793, 49.264356503503016], [-123.08096764188522, 49.26434022278956], [-123.08078410389795, 49.26431198537185], [-123.08059839661412, 49.2642906717388], [-123.08041112933006, 49.264276351819255], [-123.08032057438056, 49.26425809291117], [-123.08023365535765, 49.264233399645626], [-123.08015143601638, 49.26420257423186], [-123.08007492258945, 49.26416599392693], [-123.08000505147177, 49.26412410641829], [-123.07994267776026, 49.26407742434434], [-123.07988856478865, 49.26402651902002], [-123.07984337478618, 49.26397201344438], [-123.07980766077365, 49.26391457467563], [-123.07978185979655, 49.26385490566709], [-123.07976628757784, 49.26379373666386], [-123.07976113465566, 49.26373181626566], [-123.07976646405325, 49.26366990226519], [-123.07991802536873, 49.26294152175262], [-123.07995043580058, 49.262848754833016], [-123.07997276035502, 49.26275472209647], [-123.07998488772634, 49.26265989261432], [-123.07998675747754, 49.262564739429706], [-123.07997836034083, 49.26246973719777], [-123.07995973826253, 49.262375359817995], [-123.0799309841927, 49.26228207807019], [-123.07989224162039, 49.262190357266306], [-123.07984370385667, 49.26210065492932], [-123.07978561306942, 49.262013418511266], [-123.07971026541175, 49.261940259008796], [-123.0796269959248, 49.26187087541703], [-123.07953624471088, 49.261805634420675], [-123.0794384914067, 49.261744880809935], [-123.07933425264832, 49.26168893565849], [-123.07922407934068, 49.2616380946271], [-123.07910855374634, 49.26159262640115], [-123.07885426996813, 49.26149598639857], [-123.07859570772102, 49.261404338648845], [-123.07833309574795, 49.26131776422229], [-123.07806666637045, 49.261236339701064], [-123.07779665528315, 49.26116013711141], [-123.07752330134568, 49.26108922386015], [-123.07724684637141, 49.2610236626749], [-123.07696753491369, 49.26096351154885], [-123.07668561404995, 49.260908823689455]]}}, {"type": "Feature", "properties": {"Id": 0, "Name": "China Creek", "Region": "K", "Type": "Stream"}, "geometry": {"type": "LineString", "coordinates": [[-123.07668561404995, 49.260908823689455], [-123.07674005633044, 49.26077562144551], [-123.07680498735975, 49.26064444792127], [-123.07688023205633, 49.2605156566492], [-123.07696558754634, 49.26038959473858], [-123.07706082371115, 49.260266601940096], [-123.07716568380825, 49.26014700973034], [-123.07727988516388, 49.2600311404187], [-123.0774031199352, 49.259919306278825], [-123.07753505594077, 49.25981180870738], [-123.07767533755585, 49.259708937411894], [-123.07782358667134, 49.25961096963021], [-123.07824091995083, 49.25940919022209], [-123.07865274800038, 49.259202623602256], [-123.07905894267758, 49.25899133407958], [-123.0793304345238, 49.258872372060715], [-123.07959649571305, 49.258748265662696], [-123.07985689878663, 49.25861912100471], [-123.08011142112909, 49.25848504851309], [-123.08035984515857, 49.25834616282683], [-123.08060195851299, 49.25820258269954], [-123.08083755423148, 49.258054430897715], [-123.08106643093147, 49.25790183409567], [-123.08128839298074, 49.257744922767195], [-123.08150325066467, 49.257583831073795], [-123.08171082034835, 49.25741869674996], [-123.08190519202559, 49.25728992121013], [-123.08209219478852, 49.257156553111734], [-123.08227157557788, 49.257018772976515], [-123.08244309165724, 49.25687676729663], [-123.0826065109415, 49.25673072828218], [-123.08276161231078, 49.25658085360074], [-123.08290818590937, 49.25642734610977], [-123.08304603342975, 49.25627041358192], [-123.08317496838046, 49.25611026842364], [-123.08329481633831, 49.25594712738755], [-123.08340541518399, 49.25578121127899], [-123.08350661532116, 49.25561274465706], [-123.08359827987842, 49.25544195553049], [-123.08365233609551, 49.2551389849237], [-123.08369688333273, 49.25483535206357], [-123.08373190300749, 49.25453118480265], [-123.08375738054978, 49.25422661121622], [-123.08377330540824, 49.25392175954822], [-123.0837796710542, 49.253616758157406], [-123.08377647498409, 49.25331173546319], [-123.08382123757973, 49.25319030301891], [-123.08387647179802, 49.253070732331594], [-123.08394199897918, 49.25295341000031], [-123.08401760718823, 49.25283871535193], [-123.08410305190118, 49.25272701921491], [-123.08419805679623, 49.25261868272057], [-123.08430231464801, 49.25251405613562], [-123.08441545525595, 49.252437621607676], [-123.08453459722125, 49.25236520005427], [-123.0846594088116, 49.25229699310655], [-123.08478954251417, 49.25223319066079], [-123.08492463600295, 49.25217397034997], [-123.0850643131476, 49.2521194970492], [-123.08520818506031, 49.25206992241702], [-123.0853558511785, 49.25202538447316]]}}, {"type": "Feature", "properties": {"Id": 0, "Name": "China Creek", "Region": "K", "Type": "Stream"}, "geometry": {"type": "LineString", "coordinates": [[-123.07668561404995, 49.260908823689455], [-123.07656401139333, 49.26090400948458], [-123.07644355528363, 49.26089209072829], [-123.0763252127744, 49.260873163107604], [-123.07620993394795, 49.26084737857839], [-123.07609864428682, 49.260814944145366], [-123.07599223724264, 49.260776120199864], [-123.07589156706268, 49.26073121842915], [-123.07579744193113, 49.26068059931365], [-123.07571061748042, 49.26062466923266], [-123.07563179072498, 49.260563877201406], [-123.07556159446546, 49.26049871126593], [-123.07550059220915, 49.260429694584495], [-123.07544927364673, 49.26035738122735], [-123.07540805072198, 49.26028235172818], [-123.0753772543257, 49.26020520842329], [-123.0753378749689, 49.2601073565384], [-123.07530609814397, 49.26000832763667], [-123.07528200494158, 49.259908374570756], [-123.07526565683241, 49.2598077525516], [-123.07525709551058, 49.25970671849657], [-123.07525634278787, 49.25960553037354]]}}, {"type": "Feature", "properties": {"Id": 0, "Name": "China Creek", "Region": "K", "Type": "Stream"}, "geometry": {"type": "LineString", "coordinates": [[-123.07525634278787, 49.25960553037354], [-123.07509001996776, 49.25960227286625], [-123.07492368646116, 49.25960528757743], [-123.07475789394687, 49.25961456450819], [-123.07459319230989, 49.2596300728897], [-123.07443012781849, 49.259651761285184], [-123.07426924131269, 49.259679557760506], [-123.07411106641128, 49.25971337012264], [-123.07392543777264, 49.259770989980645], [-123.07374438404355, 49.25983454074433], [-123.07356834723961, 49.25990386727034], [-123.07339775713405, 49.25997880031453], [-123.07323303020884, 49.26005915694507], [-123.0730745686381, 49.26014474098866], [-123.0729227593064, 49.26023534350946], [-123.07283246305938, 49.26027526189489], [-123.07273687265123, 49.26030949523346], [-123.07263682115665, 49.26033774517658], [-123.07253318053418, 49.260359765521294], [-123.07242685402642, 49.26037536435641], [-123.07231876828696, 49.26038440573518], [-123.07220986530358, 49.26038681086019], [-123.07210109418752, 49.26038255877027], [-123.07199340290057, 49.2603716865232], [-123.07188772999233, 49.2603542888727], [-123.0717849964194, 49.26033051744247], [-123.07168609751831, 49.26030057940466], [-123.0715918952013, 49.26026473567401], [-123.07122083279249, 49.26015786556782], [-123.07100909358752, 49.2601459663157], [-123.07079808262596, 49.26012942965705], [-123.07058803695908, 49.26010827416929], [-123.07039567100898, 49.26009269866227], [-123.07020471161822, 49.260070937488216], [-123.07001562284903, 49.26004304353046], [-123.06982886421567, 49.26000908457592], [-123.06964488956717, 49.25996914315032], [-123.06946414598401, 49.259923316317554], [-123.0682310852908, 49.25967415238493], [-123.06802081089853, 49.25962448447321], [-123.06781398793721, 49.25956895477356], [-123.06761099767438, 49.259507665655256], [-123.06741221430799, 49.25944073010466], [-123.06721800427634, 49.25936827151687], [-123.06702872558213, 49.25929042346808], [-123.06684472713252, 49.25920732946927], [-123.06666634809558, 49.25911914270139], [-123.06649391727503, 49.25902602573294], [-123.06632775250392, 49.25892815022015], [-123.06616816005891, 49.25882569659024]]}}, {"type": "Feature", "properties": {"Id": 0, "Name": "China Creek", "Region": "K", "Type": "Stream"}, "geometry": {"type": "LineString", "coordinates": [[-123.06616816005891, 49.25882569659024], [-123.06600529475894, 49.25877124211911], [-123.06584685461229, 49.25871145613324], [-123.06569324668837, 49.258646492242754], [-123.06554486563643, 49.258576517360986], [-123.0654020926714, 49.258501711275365], [-123.06526529459448, 49.25842226618535], [-123.06513482285047, 49.25833838620853], [-123.06490441469981, 49.25823418946123], [-123.06466984623313, 49.25813404883763], [-123.06443128408851, 49.258038035467635], [-123.06418889773776, 49.25794621754912], [-123.06398045497157, 49.25784884611669], [-123.06377850194349, 49.257745782392895], [-123.06358340123165, 49.25763721143496], [-123.06339550310354, 49.25752332818749], [-123.06321514488717, 49.2574043371322], [-123.06304265036529, 49.25728045192057]]}}, {"type": "Feature", "properties": {"Id": 0, "Name": "China Creek", "Region": "K", "Type": "Stream"}, "geometry": {"type": "LineString", "coordinates": [[-123.07525634278787, 49.25960553037354], [-123.07528761037632, 49.259204579383315], [-123.07531112343771, 49.25880340150402], [-123.07532687839539, 49.25840206097751], [-123.07533487291526, 49.258000622070206], [-123.07533510590603, 49.25759914906267], [-123.0753485216687, 49.257405883756086], [-123.07535210494272, 49.25721243327743], [-123.07534585187484, 49.25701901187377], [-123.07532976950554, 49.25682583375758], [-123.07530387576054, 49.25663311286933], [-123.07526819943072, 49.256441062640704], [-123.07522278013941, 49.25624989575818], [-123.07516766829828, 49.25605982392751], [-123.07510292505084, 49.25587105763935], [-123.07502862220441, 49.25568380593621], [-123.07494484214993, 49.255498276180944], [-123.07485167777048, 49.25531467382727]]}}, {"type": "Feature", "properties": {"Id": 0, "Name": "China Creek", "Region": "K", "Type": "Stream"}, "geometry": {"type": "LineString", "coordinates": [[-123.07485167777048, 49.25531467382727], [-123.07468603282786, 49.255231449976506], [-123.07452521777806, 49.25514426199897], [-123.07436945390009, 49.25505322987786], [-123.07421895551826, 49.25495847888584], [-123.07407392970725, 49.254860139412514], [-123.07393457600732, 49.254758346784925], [-123.07367589075933, 49.254518951551205], [-123.07340879362388, 49.254283548141906], [-123.073133428407, 49.25405226319485], [-123.07284994335649, 49.25382522113059], [-123.07255849108188, 49.25360254408547], [-123.07245399631917, 49.25352072306768], [-123.07235787794102, 49.25343461444162], [-123.07227054534002, 49.25334458500568], [-123.0721923704777, 49.25325101825777], [-123.07212368630063, 49.25315431276143], [-123.07206478532287, 49.25305488044795], [-123.07201591838081, 49.25295314486136], [-123.07197729356551, 49.252849539354145], [-123.07194907533741, 49.252744505241246], [-123.07193138382675, 49.25263848991999], [-123.07192429432307, 49.25253194496434], [-123.07197367127738, 49.25220791425643], [-123.07203086175429, 49.251884434595034], [-123.07209585132723, 49.25156158671376], [-123.07216862362418, 49.25123945118695], [-123.07224916033168, 49.25091810840964], [-123.07226571776442, 49.25081414916707], [-123.07227201639321, 49.250709707774], [-123.0722680301475, 49.25060521759954], [-123.07225377563262, 49.25050111221243], [-123.07222931206003, 49.25039782358213], [-123.07219474100044, 49.25029578028639], [-123.07215020596132, 49.25019540573313], [-123.07209589179058, 49.250097116403545], [-123.07203202390843, 49.250001320124305], [-123.07195886737146, 49.24990841437546], [-123.07187672577193, 49.249818784641434], [-123.0717295567215, 49.24966532829367], [-123.07159129135138, 49.249508363564416], [-123.07146212448723, 49.24934811172477], [-123.07134223812314, 49.24918479867746], [-123.07123180116571, 49.24901865463831], [-123.07113096919622, 49.24884991381156], [-123.07103988425187, 49.248678814059595], [-123.07095867462606, 49.248505596567576], [-123.07092373604996, 49.2484247645306], [-123.07089737803767, 49.2483425499986], [-123.07087972553968, 49.248259342844804], [-123.07087086222232, 49.24817553764758], [-123.0708708300716, 49.248091531819355]]}}, {"type": "Feature", "properties": {"Id": 0, "Name": "China Creek", "Region": "K", "Type": "Stream"}, "geometry": {"type": "LineString", "coordinates": [[-123.07485167777048, 49.25531467382727], [-123.07478129914361, 49.255181718821575], [-123.0747203717748, 49.255046779054894], [-123.07466902547982, 49.25491014221064], [-123.07462736964528, 49.25477209958799], [-123.07459549299614, 49.25463294548056], [-123.07457346340709, 49.25449297654921], [-123.0745613277587, 49.25435249118936], [-123.07455911183811, 49.25421178889486], [-123.07456682028469, 49.25407116961952], [-123.07458443658106, 49.25393093313762], [-123.07461192308887, 49.25379137840487], [-123.07464922112976, 49.253652802921174], [-123.07469625111125, 49.25351550209637], [-123.07492211958423, 49.25321337139998], [-123.07515437286808, 49.252913322485114], [-123.07539296608853, 49.252615413175945], [-123.07551198098857, 49.25250392834382], [-123.0756225645129, 49.252388783434014], [-123.07572445454461, 49.25227025143741], [-123.07581740958288, 49.25214861337313], [-123.0759012093153, 49.25202415762218], [-123.07597565513954, 49.25189717924362], [-123.07604057063374, 49.251767979274824], [-123.07609580197396, 49.25163686401775], [-123.0761412182985, 49.251504144312584], [-123.07617671201716, 49.25137013480073], [-123.07620219906575, 49.25123515317887], [-123.07621761910457, 49.25109951944565], [-123.07622293566074, 49.250963555143066], [-123.07621813621381, 49.25082758259413], [-123.07620323222467, 49.25069192413879], [-123.07617825910768, 49.2505569013698], [-123.07614327614586, 49.25042283437032], [-123.07609836634948, 49.25029004095522], [-123.07604363625883, 49.250158835917716], [-123.07597904699193, 49.24994722351771], [-123.07592474797836, 49.24973437597037], [-123.07588079377484, 49.24952050765487], [-123.07584722851709, 49.249305833975775], [-123.07582408587572, 49.24909057114597], [-123.07581138902296, 49.24887493596895], [-123.07580915060987, 49.24865914562037], [-123.07581737275412, 49.24844341742941], [-123.07583604703842, 49.24822796865978], [-123.0758651545195, 49.248013016291], [-123.07590466574784, 49.24779877679986], [-123.07595454079778, 49.24758546594244], [-123.07601472930831, 49.24737329853684], [-123.07608517053424, 49.2471624882469], [-123.07616579340802, 49.246953247367095], [-123.07625651661174, 49.24674578660877], [-123.07628631943616, 49.24619263486775], [-123.07630659253917, 49.24563929822594], [-123.07631733366229, 49.24508584704671], [-123.07631854175932, 49.24453235170562], [-123.07630243546384, 49.24439431656305], [-123.07627669280129, 49.244256908992824], [-123.07624136784582, 49.24412041720191], [-123.07619653476836, 49.2439851274741], [-123.07614228768045, 49.24385132356964], [-123.07607874043615, 49.243719286130094], [-123.07600602639272, 49.243589292089794], [-123.07592429813025, 49.24346161409519], [-123.07583036202821, 49.24331791162196], [-123.07574532637206, 49.24317185269279], [-123.07566932859073, 49.243023673494534], [-123.07560249149508, 49.242873613640484], [-123.0755449230794, 49.242721915782894], [-123.07549671634766, 49.24256882522056], [-123.07545794916335, 49.24241458950198], [-123.0754286841243, 49.24225945802512], [-123.07540896846197, 49.24210368163404], [-123.07539883396566, 49.241947512213265], [-123.07539829693162, 49.24179120228046], [-123.0753546414928, 49.241512738831226], [-123.07532018402419, 49.241233722880075], [-123.07529494045276, 49.24095428465314], [-123.0752789224043, 49.24067455457145], [-123.07527213719835, 49.24039466319004], [-123.0752745878451, 49.24011474113706], [-123.0752862730443, 49.23983491905278], [-123.07541514920223, 49.23853535709355], [-123.07541722608116, 49.238455958208554], [-123.0754095071072, 49.238376708687674], [-123.07539204271482, 49.238298125853255], [-123.07536494695294, 49.23822072267326], [-123.07532839673931, 49.238145004412814], [-123.07528263070455, 49.23807146533614], [-123.07522794763332, 49.23800058548029], [-123.07516470451316, 49.23793282752187], [-123.07509331420333, 49.23786863375708], [-123.07501424273929, 49.23780842321491], [-123.07492800629, 49.23775258892211], [-123.07483516778842, 49.23770149533805], [-123.07473633325684, 49.237655475975956], [-123.07463214785093, 49.237614831226196], [-123.07452329164887, 49.23757982639581], [-123.07441047521249, 49.237550689976985], [-123.07430105286856, 49.237520602345846], [-123.07419583843236, 49.237484650899816], [-123.07409556323645, 49.23744308553623], [-123.07400092427591, 49.237396195173936], [-123.07391257936328, 49.2373443057447], [-123.07383114255589, 49.237287777927435], [-123.07375717988772, 49.237227004640815], [-123.07369120543517, 49.2371624083118], [-123.07363367774416, 49.23709443793913], [-123.0735849966435, 49.23702356597211], [-123.07354550046644, 49.23695028502645], [-123.07351546369995, 49.23687510445997], [-123.07349509507786, 49.2367985468319], [-123.07348453613113, 49.23672114427067], [-123.07348386020534, 49.2366434347751], [-123.07349307195221, 49.2365659584749], [-123.07356507046774, 49.2363315721502], [-123.07364469697946, 49.23609824619798], [-123.07373191505631, 49.23586608705561]]}}, {"type": "Feature", "properties": {"Id": 0, "Name": "China Creek", "Region": "K", "Type": "Stream"}, "geometry": {"type": "LineString", "coordinates": [[-123.06616816005891, 49.25882569659024], [-123.06625124061317, 49.25854925683834], [-123.06632567369557, 49.25827176371977], [-123.06639142837301, 49.25799333309912], [-123.06644847733729, 49.25771408123046], [-123.0664705166161, 49.25761569004326], [-123.06650203661631, 49.257518410626346], [-123.06654291060326, 49.257422633946526], [-123.06659297425132, 49.25732874492884], [-123.06665202630494, 49.257237120909686], [-123.06671982938839, 49.25714813012054], [-123.06679611096024, 49.25706213020804], [-123.06688056440953, 49.256979466797], [-123.06697285028838, 49.256900472101464], [-123.06707259767659, 49.25682546358982], [-123.06717940567272, 49.25675474270916], [-123.06729284500553, 49.25668859367403], [-123.0674124597591, 49.25662728232445], [-123.06753776920525, 49.25657105505781], [-123.06838810006843, 49.25619927657992], [-123.06851426239793, 49.25612133103502], [-123.06863306180234, 49.256038576971335], [-123.06874407131633, 49.25595131183348], [-123.06884689198021, 49.25585984927865], [-123.06894115427366, 49.25576451804912], [-123.06902651944353, 49.25566566079028], [-123.06910268072083, 49.255563632819], [-123.06916936442279, 49.25545880084616], [-123.06922633093592, 49.255351541658534], [-123.06927337557632, 49.25524224076436], [-123.06931032932465, 49.25513129100752], [-123.06933705943261, 49.255019091155546], [-123.06935346989921, 49.25490604446626], [-123.06935950181477, 49.254792557238375], [-123.06935513357162, 49.254679037351124], [-123.06934038094074, 49.25456589279839], [-123.06931529701413, 49.254453530222285], [-123.06927997201285, 49.25434235345178], [-123.06909268470515, 49.254062985207646], [-123.0688953990764, 49.25378658165636], [-123.06868822472013, 49.25351329610937], [-123.06847127670926, 49.25324328014618], [-123.06757623623712, 49.252786848972555], [-123.06746380740852, 49.25272816161537], [-123.06735812511556, 49.252664328031805], [-123.06725973783414, 49.25259567952516], [-123.06716915617203, 49.25252257238738], [-123.06708685021884, 49.25244538604942], [-123.06701324710666, 49.25236452111179], [-123.06694872879372, 49.2522803972651], [-123.06689363008273, 49.25219345111161], [-123.06684823688398, 49.25210413389903], [-123.06681278473245, 49.25201290917835], [-123.06678745756638, 49.2519202503978], [-123.06677238677365, 49.25182663844566], [-123.06676765051124, 49.25173255915432], [-123.06677327330063, 49.25163850077885], [-123.06678922590183, 49.251544951462996], [-123.06683144731154, 49.2505024909065], [-123.06685956112746, 49.25043927507809], [-123.06689444971147, 49.25037752292529], [-123.06693593749723, 49.25031754515318], [-123.06698381571684, 49.250259643537944], [-123.06702099342239, 49.25016555144718], [-123.06704998035961, 49.250070233220406], [-123.06707068373358, 49.24997399415274], [-123.06713484658923, 49.24903148012497], [-123.06723271208088, 49.248812273051435], [-123.06733940899034, 49.24859483923026], [-123.0674548623873, 49.24837933112337], [-123.06757899120457, 49.24816589984045], [-123.06771170829536, 49.24795469503306], [-123.06785292049452, 49.247745864789664], [-123.06797254371303, 49.247574157074574], [-123.06808455457494, 49.24740026278822], [-123.06818886002218, 49.247224326526286], [-123.06828537340665, 49.247046494580786], [-123.06837401456207, 49.246866914818455], [-123.06845470987031, 49.246685736557744], [-123.06852739232244, 49.246503110444586], [-123.06878673693633, 49.244775081089635], [-123.06877091131828, 49.24464428858278], [-123.06874468475561, 49.244514214756904], [-123.06870812876436, 49.244385213899996], [-123.06866134299321, 49.24425763737486], [-123.06860445495116, 49.24413183266213], [-123.06853761965948, 49.24400814241392], [-123.06846101922862, 49.24388690352072], [-123.06837486236154, 49.243768446193954], [-123.06827938378453, 49.24365309306667], [-123.06817484360741, 49.24354115831512], [-123.06806152661446, 49.2434329468031], [-123.06793974148833, 49.24332875325198], [-123.06780981996897, 49.2432288614381], [-123.0676721159497, 49.24313354342013], [-123.06686410233117, 49.24237717561195], [-123.06678583507492, 49.24229232273308], [-123.06671612584469, 49.2422043291057], [-123.06665526731003, 49.24211356422348], [-123.06660351497119, 49.24202040921484], [-123.06656108608699, 49.24192525524239], [-123.06652815876338, 49.24182850186019], [-123.0665048712062, 49.24173055533595], [-123.06649132114212, 49.24163182694498], [-123.06648756540883, 49.24153273124316], [-123.06649361971765, 49.241433684326324], [-123.06650945858844, 49.24133510208284], [-123.06653501545753, 49.24123739844764], [-123.06657018295829, 49.24114098366398], [-123.06661481337274, 49.241046262561106], [-123.06666871925283, 49.2409536328545], [-123.06673167420826, 49.24086348347609], [-123.06680341385776, 49.24077619294135], [-123.06688363694, 49.24069212776025], [-123.06698468494695, 49.24056471333039], [-123.06707743344589, 49.24043462120231], [-123.06716171736335, 49.24030208300603], [-123.06723738670074, 49.240167334724994], [-123.06730430680109, 49.24003061627579], [-123.06736235858844, 49.23989217108079], [-123.06729588337407, 49.23912109113134]]}}, {"type": "Feature", "properties": {"Id": 0, "Name": "", "Region": "K", "Type": "Stream"}, "geometry": {"type": "LineString", "coordinates": [[-123.06190766432682, 49.254328391579165], [-123.06195348521699, 49.25422621345633], [-123.06198928730208, 49.25412233489452], [-123.06201492573345, 49.25401717635134], [-123.06203029680289, 49.253911163462575], [-123.06203533836157, 49.25380472531931], [-123.0620300300703, 49.25369829273111], [-123.06201439348091, 49.253592296482275], [-123.0619884919479, 49.25348716558836], [-123.06195243037094, 49.25338332555965], [-123.06190635476936, 49.2532811966792], [-123.06155409017293, 49.2529544555184], [-123.06119493278715, 49.25263094680676], [-123.06082895193595, 49.25231073286699], [-123.0603011363411, 49.25202705210476], [-123.05976752322557, 49.251748060158384], [-123.05922820983209, 49.25147380781981], [-123.05913842081209, 49.251423658367216], [-123.05905555256783, 49.25136864009452], [-123.05898021905404, 49.25130916063723], [-123.05891297839393, 49.25124566068271], [-123.05885432874447, 49.251178610704734], [-123.05880470460599, 49.251108507477355], [-123.05876447360393, 49.25103587039413], [-123.05873393376591, 49.25096123761953], [-123.05871331131483, 49.25088516210161], [-123.05870275899412, 49.25080820747507], [-123.05870235493732, 49.25073094388514], [-123.05871210209061, 49.2506539437635], [-123.05873192819242, 49.25057777758723], [-123.05876168631005, 49.250503009652306], [-123.05890665882791, 49.250122137197245]]}}, {"type": "Feature", "properties": {"Id": 0, "Name": "", "Region": "K", "Type": "Stream"}, "geometry": {"type": "LineString", "coordinates": [[-123.05890665882791, 49.250122137197245], [-123.05895756931807, 49.24991233081911], [-123.05899884102912, 49.24970161896271], [-123.05903043692436, 49.24949019134793], [-123.05905232867997, 49.24927823833662], [-123.05906449671042, 49.24906595076132], [-123.05906693018542, 49.24885351975331], [-123.05886162091285, 49.24740658919857], [-123.05883953439972, 49.247129283052544], [-123.05882608190554, 49.246851739872454], [-123.05882126886898, 49.24657407486053], [-123.05882509714245, 49.24629640326764], [-123.05883756499163, 49.24601884034552], [-123.05885866709643, 49.2457415012988], [-123.05888839455339, 49.24546450123734], [-123.05890831066618, 49.245188395817415], [-123.05893806865593, 49.244912670128116], [-123.0589776521316, 49.24463747452064], [-123.0590270393454, 49.244362959054605], [-123.0590862032049, 49.24408927341635], [-123.05915511128836, 49.243816566837204], [-123.0592337258626, 49.243544988012275], [-123.05932200390386, 49.243274685019294], [-123.0593785412347, 49.24301531067037], [-123.05942447872047, 49.24275504028496], [-123.05945978376114, 49.24249405951506], [-123.05948443134211, 49.24223255451645], [-123.05949840405164, 49.241970711815874], [-123.05950169209277, 49.241708718178074], [-123.05949429328975, 49.24144676047251], [-123.05952250353643, 49.240723227383654]]}}, {"type": "Feature", "properties": {"Id": 0, "Name": "", "Region": "K", "Type": "Stream"}, "geometry": {"type": "LineString", "coordinates": [[-123.05952250353643, 49.240723227383654], [-123.059424556147, 49.24053990295622], [-123.05933468931751, 49.240354812570835], [-123.05925297707475, 49.24016810888081], [-123.05917948671762, 49.23997994586833], [-123.05911427876204, 49.239790478717374]]}}, {"type": "Feature", "properties": {"Id": 0, "Name": "", "Region": "K", "Type": "Stream"}, "geometry": {"type": "LineString", "coordinates": [[-123.05952250353643, 49.240723227383654], [-123.0596343775276, 49.24064804055657], [-123.05973866232111, 49.24056831396775], [-123.05983492920845, 49.24048437539696], [-123.05992278245118, 49.24039656993907], [-123.06000186090753, 49.24030525858489], [-123.06007183951665, 49.24021081673686], [-123.06013243063433, 49.24011363266549], [-123.0601679263679, 49.239815444480634], [-123.06021168017658, 49.23951772713683], [-123.06026367750273, 49.2392205786774], [-123.06032390107487, 49.2389240969565], [-123.06039233091359, 49.23862837960707], [-123.06048227595022, 49.238222507640806], [-123.06056191270794, 49.23781571343654], [-123.06063121946931, 49.237408109227935], [-123.0606901773685, 49.23699980746935], [-123.06073877039601, 49.23659092080487], [-123.06075232450958, 49.23648736407695], [-123.06075673107911, 49.23638346776649], [-123.06075197547953, 49.23627957805343], [-123.06073807361383, 49.236176041093486], [-123.06071507185925, 49.23607320186497], [-123.06068304691195, 49.235971403019164], [-123.06064210553086, 49.23587098373892], [-123.0605923841811, 49.235772278608415], [-123.0604773624863, 49.23551828553996], [-123.06037141318558, 49.23526260593711], [-123.06027459370638, 49.23500537872496], [-123.06018695651282, 49.23474674366734], [-123.06010854907757, 49.23448684129083], [-123.06003941385627, 49.234225812808475], [-123.05997958826485, 49.233963800042865], [-123.05999018783938, 49.23383160797462], [-123.05999056052188, 49.23369923402211], [-123.05998070543967, 49.23356701725162], [-123.05996064791734, 49.23343529632419], [-123.05993043941106, 49.2333044086281], [-123.05989015737602, 49.23317468941478], [-123.05983990506701, 49.233046470940145], [-123.05977981127349, 49.232920081613635], [-123.05971002998872, 49.23279584515719], [-123.05963074001474, 49.232674079776224], [-123.0595421445037, 49.232555097344665], [-123.05944447043699, 49.23243920260639], [-123.0593379680432, 49.23232669239486], [-123.05893047285187, 49.23194610115401], [-123.05878071673186, 49.23185680880058], [-123.05863776099451, 49.2317628579371], [-123.05850194313304, 49.23166447039071], [-123.05837358378172, 49.23156187846265], [-123.05825298595896, 49.23145532437962], [-123.05814043435217, 49.23134505972166], [-123.05803619464582, 49.23123134482797], [-123.05794051289449, 49.23111444818212], [-123.05785361494237, 49.230994645777955], [-123.05686432365144, 49.23030969711304]]}}, {"type": "Feature", "properties": {"Id": 0, "Name": "", "Region": "K", "Type": "Stream"}, "geometry": {"type": "LineString", "coordinates": [[-123.05890665882791, 49.250122137197245], [-123.0587468418838, 49.250067383988636], [-123.05858250343925, 49.250018703544114], [-123.05841418140102, 49.249976255199236], [-123.05824242670998, 49.24994017789099], [-123.05806780153846, 49.24991058970312], [-123.05789087745055, 49.249887587479805], [-123.05771223353217, 49.249871246508825], [-123.05753245449633, 49.249861620275155], [-123.05735212876984, 49.24985874028606], [-123.05647955398744, 49.24983061025194], [-123.05632392156073, 49.24982903799074], [-123.05616873333192, 49.249821186999874], [-123.05601457983217, 49.24980708715438], [-123.05586204765405, 49.249786792107685], [-123.05571171721884, 49.24976037908755], [-123.05556416056714, 49.249727948601915], [-123.05541993918162, 49.24968962405651], [-123.05527960184986, 49.24964555128501], [-123.05521151345218, 49.249597632774346], [-123.05515065791073, 49.249545711075406], [-123.0550975814541, 49.24949025224815], [-123.05505276047941, 49.249431754101025], [-123.05501659727653, 49.249370741722096], [-123.05498941641818, 49.249307762765625], [-123.05497146184742, 49.24924338253599], [-123.05496289468915, 49.249178178913326], [-123.0549637918052, 49.24911273716629], [-123.05497414510572, 49.249047644698685], [-123.05499386162298, 49.24898348577687], [-123.05502276434743, 49.24892083628554], [-123.05506059381752, 49.248860258558736], [-123.05514743275235, 49.248488938374614], [-123.05521247352172, 49.24813190847438], [-123.05522180567785, 49.24805678033184], [-123.05522021373822, 49.247981411396516], [-123.05520771209927, 49.247906480900625], [-123.05518441347564, 49.247832664122086], [-123.05515052788253, 49.24776062629895], [-123.0551063607415, 49.24769101663448], [-123.0550523101265, 49.247624462446765], [-123.05498886317504, 49.24756156351567], [-123.05491659169716, 49.24750288667803], [-123.05483614702143, 49.247448960719865], [-123.05474825412476, 49.24740027161139], [-123.0546537050988, 49.24735725812796], [-123.05455335201188, 49.24732030789648], [-123.05444809923054, 49.247289753902486], [-123.05433102070776, 49.24724358912041], [-123.0542191067873, 49.24719222712003], [-123.05411289483608, 49.247135914529224], [-123.05401289483643, 49.24707492174648], [-123.0539195869373, 49.24700954164235], [-123.0538334191487, 49.24694008815292], [-123.0537548051907, 49.24686689477209], [-123.05368412250728, 49.2467903129501], [-123.05353971539216, 49.246658769068716], [-123.05340340463569, 49.24652357337014], [-123.05327540537841, 49.24638493930135], [-123.05315591963355, 49.246243085736005], [-123.05304513596835, 49.24609823662883], [-123.05294322920672, 49.24595062066183], [-123.0528503601537, 49.245800470883175], [-123.05276667534199, 49.24564802433916], [-123.052692306801, 49.24549352169989], [-123.05262737184901, 49.24533720687922], [-123.05257197290837, 49.24517932664957], [-123.0525261973444, 49.24502013025235]]}}, {"type": "Feature", "properties": {"Id": 0, "Name": "", "Region": "K", "Type": "Stream"}, "geometry": {"type": "LineString", "coordinates": [[-123.06141520674755, 49.25449763367749], [-123.06135704946752, 49.2544222294942], [-123.06129044731135, 49.25434988061227], [-123.06121577268749, 49.25428099153404], [-123.06113344313236, 49.25421594741655], [-123.06104391897556, 49.254155111918244], [-123.06095977354757, 49.254102837049786], [-123.06086952640203, 49.254055122081034], [-123.06077375263011, 49.25401227106222], [-123.06067306253482, 49.25397455704872], [-123.0605680977424, 49.25394222036125], [-123.06045952711413, 49.253915467054796], [-123.06034804248453, 49.253894467605775], [-123.06023435425355, 49.25387935582589], [-123.06011918686056, 49.25387022800961], [-123.06000327416864, 49.25386714232073], [-123.05988735478928, 49.25387011842166], [-123.05886205165031, 49.25388492527681], [-123.05875212297862, 49.25389548073965], [-123.05864115636726, 49.25389911110918], [-123.05853016762909, 49.253895783152174], [-123.05842017277952, 49.25388552733345], [-123.05831217873452, 49.25386843753698], [-123.05820717409175, 49.25384467020628], [-123.05810612007966, 49.25381444291212], [-123.05800994175722, 49.25377803236063], [-123.05791951954515, 49.2537357718599], [-123.05783568116566, 49.25368804826852], [-123.05775919406518, 49.25363529845382], [-123.05769075838917, 49.2535780052923], [-123.05763100057304, 49.25351669324891], [-123.05758046760836, 49.253451923575746], [-123.05753962203661, 49.253384289173844], [-123.05750883771607, 49.25331440916555], [-123.0574210639456, 49.25287177463256], [-123.05738173298185, 49.25281703924464], [-123.05733305574275, 49.252765624253016], [-123.0572756769134, 49.252718210572404], [-123.057210356412, 49.25267542612427], [-123.05713795932525, 49.25263783752141], [-123.0570594444513, 49.252605942564706], [-123.0569758516023, 49.252580163650876], [-123.05688828783411, 49.252560842179044], [-123.05679791278628, 49.25254823402988], [-123.05670592332561, 49.25254250617708], [-123.05661353769702, 49.25254373447641], [-123.05643082676151, 49.252549012690395], [-123.05624794247572, 49.25254817356192], [-123.05606536252883, 49.25254121928273], [-123.05588356381475, 49.252528168017186], [-123.05570302118596, 49.25250905385477], [-123.05552420621275, 49.25248392672103], [-123.0553475859509, 49.25245285224709], [-123.05517362172132, 49.25241591159821], [-123.05500271606033, 49.25235658405541], [-123.05483671240546, 49.252291565471445], [-123.05467605262031, 49.25222102891851], [-123.05452116433821, 49.25214516215625], [-123.05437245982402, 49.25206416713179], [-123.0542303348764, 49.25197825944198], [-123.05409516777438, 49.251887667759284], [-123.05396731827044, 49.25179263322302], [-123.05384712663304, 49.251693408797124], [-123.05373491274104, 49.25159025859673], [-123.05363097523252, 49.251483457184875], [-123.05353559071027, 49.25137328884159], [-123.05344901300583, 49.2512600468069], [-123.05340044540667, 49.251185200796435], [-123.05335943725264, 49.251108440808736], [-123.05332616308498, 49.251030093620415], [-123.0533007645182, 49.25095049276343], [-123.05328334963795, 49.25086997710513], [-123.05327399254136, 49.250788889405634], [-123.05324128749533, 49.25071248380712], [-123.05319884196282, 49.25063815934395], [-123.05314695928067, 49.250566447100226], [-123.05308601021403, 49.25049785949224], [-123.0530164303062, 49.25043288660729], [-123.0529387167656, 49.25037199270212], [-123.05285342491263, 49.25031561288589], [-123.0527611642111, 49.25026415001156], [-123.05266259391334, 49.25021797179768], [-123.05254754279414, 49.250158026526236], [-123.05243955228676, 49.250092694324664], [-123.05233920955222, 49.250022330431584], [-123.05224706016038, 49.249947317443485], [-123.05216360512397, 49.24986806323403], [-123.05208929817452, 49.24978499873602], [-123.05202454329611, 49.249698575597925], [-123.05196969252935, 49.24960926372782], [-123.05192504405828, 49.24951754873815], [-123.05189084058996, 49.24942392930502], [-123.05186726803612, 49.24932891445664], [-123.05185445450343, 49.24923302080547], [-123.05185367683613, 49.248490463653695], [-123.05187476579117, 49.24842736891156], [-123.05188578009191, 49.24836318511732], [-123.05188660179283, 49.24829859980516], [-123.05187722213174, 49.24823430480762], [-123.05185774162182, 49.248170988844755], [-123.05182836897323, 49.24810933014677], [-123.05178941885603, 49.24804998918896], [-123.05174130852784, 49.247993601617274], [-123.05168455336326, 49.24794077143956], [-123.05161976133216, 49.247892064556005], [-123.05154762648672, 49.24784800269781], [-123.05142756554665, 49.24774994466186], [-123.05131467020952, 49.24764830421291], [-123.05120918947341, 49.24754330556572], [-123.0511113559755, 49.247435180341775], [-123.0510213854793, 49.24732416705802], [-123.05093947639902, 49.24721051060068], [-123.05086580936221, 49.24709446168492], [-123.05080054681171, 49.24697627630166], [-123.05074383264785, 49.24685621515282], [-123.05069579191144, 49.246734543076094]]}}, {"type": "Feature", "properties": {"Id": 0, "Name": "", "Region": "K", "Type": "Educated Guess"}, "geometry": {"type": "LineString", "coordinates": [[-123.0614356223753, 49.25629927475432], [-123.06112992763197, 49.25626710988838], [-123.0608227080979, 49.256241927951464], [-123.06051433592312, 49.256223759447664], [-123.06020518465239, 49.25621262638538], [-123.05989562877335, 49.25620854225059], [-123.05958604326307, 49.256211511990635], [-123.05927680313462, 49.256221532008205], [-123.05896828298307, 49.25623859016566], [-123.05866085653236, 49.25626266579976], [-123.05835489618285, 49.25629372974663], [-123.0580507725609, 49.256331744377086], [-123.05774885407034, 49.25637666364214], [-123.05744950644649, 49.256428433128754], [-123.05715309231365, 49.256486990125644], [-123.05685997074633, 49.25655226369921], [-123.0565704968345, 49.256624174779354], [-123.05628502125394, 49.256702636255184], [-123.05600388984172, 49.25678755308039], [-123.05583014494462, 49.2568379825998], [-123.05566053504104, 49.25689412020558], [-123.05549549749766, 49.25695582114265], [-123.05533545789554, 49.25702292630975], [-123.05518082893296, 49.25709526266975], [-123.05503200936157, 49.25717264369558], [-123.05488938295815, 49.25725486985103], [-123.05475331753502, 49.257341729105164], [-123.05462416399173, 49.25743299747883], [-123.05450225541001, 49.2575284396221], [-123.05438790619476, 49.25762780942087], [-123.05428141126309, 49.25773085063147], [-123.05420903149941, 49.257801568530375], [-123.05414591747586, 49.25787599214258], [-123.05409250925298, 49.25795360260209], [-123.05404917922986, 49.25803385882244], [-123.05401622954687, 49.25811620126864], [-123.05399388997782, 49.25820005585814], [-123.05398231632675, 49.25828483796288], [-123.05398158934011, 49.258369956485325], [-123.05399171414227, 49.258454817979384], [-123.0540126201983, 49.25853883078795], [-123.05404416180414, 49.258621409168015], [-123.05408611910102, 49.25870197737467], [-123.05420313135546, 49.258807194681296], [-123.05431270149704, 49.2589157906393], [-123.05441460211959, 49.25902753991338], [-123.05450862172673, 49.2591422106237], [-123.05459456517106, 49.25925956482674], [-123.05467225405948, 49.259379359009024], [-123.05474152712371, 49.2595013445923], [-123.05479039185153, 49.259622288527666], [-123.05482905496588, 49.25974480362256], [-123.0548574001523, 49.25986852154245], [-123.05487534211443, 49.25999307033378], [-123.05488282683129, 49.2601180755423], [-123.05487983172078, 49.26024316133865], [-123.0548663657085, 49.26036795164843], [-123.05484246920173, 49.260492071282776], [-123.05480821396905, 49.26061514706645], [-123.05476900289986, 49.260713522769386], [-123.05473936558424, 49.26081332321078], [-123.05471942047696, 49.26091414970317], [-123.05470924731547, 49.26101559945769], [-123.05470888680067, 49.261117267193214], [-123.0547183404332, 49.26121874675531], [-123.05473757050646, 49.26131963273881], [-123.05476650025642, 49.26141952210742], [-123.05480501416719, 49.261518015803865], [-123.05485295843171, 49.26161472034425]]}}, {"type": "Feature", "properties": {"Id": 0, "Name": "", "Region": "K", "Type": "Stream"}, "geometry": {"type": "LineString", "coordinates": [[-123.05485295843171, 49.26161472034425], [-123.05345706825356, 49.26208661196823], [-123.05329348183312, 49.26216982509892], [-123.053136240735, 49.26225812257807], [-123.05298571354645, 49.26235129744783], [-123.05284225312415, 49.26244913131719], [-123.05270619576707, 49.26255139487375], [-123.05257786042807, 49.262657848420844], [-123.05245754796606, 49.26276824243931], [-123.05234554044071, 49.262882318172146], [-123.05224210045087, 49.26299980823082], [-123.0521474705187, 49.26312043722184], [-123.0520618725209, 49.263243922392114], [-123.05194365434328, 49.263384381126286], [-123.05181608100635, 49.26352128920483], [-123.05167940094589, 49.263654379931566], [-123.05153388034407, 49.26378339404431], [-123.05137980261105, 49.263908080220226], [-123.05121746783337, 49.264028195565544], [-123.05104719218954, 49.26414350608897], [-123.05086930733434, 49.2642537871576], [-123.05068415975279, 49.26435882393487], [-123.05049211008534, 49.264458411799204], [-123.05022225138737, 49.26460412847324], [-123.04994645064157, 49.264745000294546], [-123.04966491085284, 49.26488092354831], [-123.04937783925659, 49.2650117981623], [-123.04908544716606, 49.265137527780404], [-123.0487879498167, 49.26525801983387], [-123.0484855662076, 49.26537318560941]]}}, {"type": "Feature", "properties": {"Id": 0, "Name": "", "Region": "K", "Type": "Stream"}, "geometry": {"type": "LineString", "coordinates": [[-123.05485295843171, 49.26161472034425], [-123.0549718642297, 49.26173215480128], [-123.05508149835273, 49.26185339221578], [-123.05518157743391, 49.26197811930639], [-123.05527184279076, 49.26210601377195], [-123.05535206109451, 49.26223674512412], [-123.05542202497355, 49.26236997554126], [-123.05548155355007, 49.26250536074114], [-123.05553049290823, 49.26264255087055], [-123.05557553138996, 49.262715332894345], [-123.05561104975813, 49.262790337634605], [-123.05563679589325, 49.262867032778594], [-123.05565258702705, 49.26294487401427], [-123.05565831104083, 49.26302330889305], [-123.05565392726257, 49.26310178075063], [-123.05563946675684, 49.263179732657655], [-123.05561503210579, 49.2632566113723], [-123.05558079668232, 49.26333187126696], [-123.05553700342094, 49.26340497820074], [-123.05548396309479, 49.263475413310566], [-123.05542205211088, 49.26354267669407], [-123.05535170983973, 49.263606290957696], [-123.05527343549747, 49.26366580460532], [-123.05518778460336, 49.26372079524296], [-123.05509536503745, 49.26377087257707], [-123.0548782720562, 49.26390810497672], [-123.05466780979152, 49.2640496926862], [-123.05446418219051, 49.264195498539436], [-123.05426758658426, 49.26434538128273], [-123.05407821349667, 49.264499195711466], [-123.05389624645957, 49.2646567928107], [-123.05375653931829, 49.26486070521066], [-123.05362560266633, 49.26506709548079], [-123.05350353909431, 49.2652758020853], [-123.05339044425186, 49.265486661673364], [-123.05328640677243, 49.26569950920701], [-123.05321414599129, 49.265911825589946], [-123.05314972835775, 49.26612522043338], [-123.05309319142654, 49.26633956966732], [-123.0530445681718, 49.26655474866535], [-123.05300388696777, 49.26677063231688]]}}, {"type": "Feature", "properties": {"Id": 0, "Name": "", "Region": "", "Type": "Stream"}, "geometry": {"type": "LineString", "coordinates": [[-123.06544089442642, 49.28665464752927], [-123.065299229043, 49.286556299624806], [-123.06516515086831, 49.28645350121146], [-123.06503898616113, 49.2863465024703], [-123.06492104191528, 49.28623556380307], [-123.06481160511258, 49.28612095519834], [-123.06471094202496, 49.28600295557419], [-123.06461929756674, 49.28588185209933], [-123.06453689469915, 49.285757939493934], [-123.06446393388818, 49.285631519312396], [-123.0644005926174, 49.2855028992092], [-123.06434702495659, 49.28537239219016], [-123.0643033611875, 49.28524031585054], [-123.06426970748758, 49.28510699160211], [-123.06424614567226, 49.28497274389085], [-123.06423273299666, 49.284837899407385], [-123.06422950201706, 49.28470278629193], [-123.06423646051245, 49.28456773333572], [-123.06425359146648, 49.28443306918096], [-123.06428085310964, 49.28429912152108], [-123.06429961885623, 49.28417724084976], [-123.06430824935345, 49.28405487367294], [-123.0643067192567, 49.28393238040471], [-123.06429503314806, 49.283810121827756], [-123.06427322552179, 49.283688458030944], [-123.06424136068193, 49.2835677473487], [-123.064199532552, 49.28344834530563], [-123.0641478643975, 49.2833306035696], [-123.0640865084622, 49.28321486891591], [-123.06401564551877, 49.283101482206234], [-123.06393548433577, 49.282990777384754], [-123.06384626106214, 49.282883080494855], [-123.06374823853103, 49.28277870871893], [-123.06364170548527, 49.282677969444585], [-123.06352697572642, 49.28258115935935], [-123.06340438719027, 49.282488563577274], [-123.06327430095136, 49.28240045479936], [-123.0631515687317, 49.28229308730538], [-123.06303745960074, 49.28218172383517], [-123.06293227689389, 49.282066660482904], [-123.06283630020704, 49.28194820317803], [-123.0627497846535, 49.28182666687155], [-123.06267296018642, 49.28170237469853], [-123.06260603098792, 49.28157565711873], [-123.062549174927, 49.28144685103794], [-123.06250254308735, 49.28131629891197], [-123.0624662593664, 49.2811843478362], [-123.06244042014686, 49.28105134862257], [-123.06242509404115, 49.280917654866805], [-123.06242032171008, 49.28078362200838], [-123.06242611575558, 49.28064960638538], [-123.06244246068796, 49.28051596428721], [-123.06246648095609, 49.28034271625747], [-123.06250026239827, 49.28017016659253], [-123.06254375884329, 49.27999855060685], [-123.06259691087271, 49.27982810233914], [-123.06265964590263, 49.279659054233306], [-123.06273946296201, 49.27954818386195], [-123.06280939564316, 49.279434492209816], [-123.06286921223725, 49.27931835608468], [-123.06291871456753, 49.27920016039339], [-123.06295773864537, 49.27908029686598], [-123.0629861552127, 49.27895916275729]]}}, {"type": "Feature", "properties": {"Id": 0, "Name": "", "Region": "", "Type": "Stream"}, "geometry": {"type": "LineString", "coordinates": [[-123.0355904840629, 49.28920326348461], [-123.03573261895531, 49.28911484433527], [-123.03586835328319, 49.28902222209672], [-123.0359973968918, 49.288925594789326], [-123.03611947393556, 49.28882516899487], [-123.03623432346765, 49.288721159414735], [-123.03634169999773, 49.28861378841074], [-123.03644137401645, 49.288503285529615], [-123.03652700712357, 49.28841741814082], [-123.0366034416471, 49.288327913548336], [-123.03667031816235, 49.28823519269681], [-123.03672732220186, 49.28813969165473], [-123.03677418573355, 49.28804185956335], [-123.03681068842029, 49.28794215652418], [-123.03683665865508, 49.28784105143497], [-123.03685197436697, 49.28773901978433], [-123.036856563594, 49.28763654141553], [-123.03685040482036, 49.287534098269695], [-123.03683352707628, 49.287432172119374]]}}, {"type": "Feature", "properties": {"Id": 0, "Name": "", "Region": "", "Type": "Stream"}, "geometry": {"type": "LineString", "coordinates": [[-123.03683352707628, 49.287432172119374], [-123.03678935682399, 49.28674675307633], [-123.03679340492377, 49.28664820521898], [-123.03680651766375, 49.28654999566435], [-123.03682864739677, 49.28645248086895], [-123.03685971374932, 49.28635601476552], [-123.03689960391391, 49.28626094747854], [-123.03694817305934, 49.28616762405349], [-123.03700524485701, 49.28607638320458], [-123.03707061212148, 49.28598755608557], [-123.03714403756318, 49.28590146508796], [-123.03722525465, 49.28581842267109], [-123.03842471872183, 49.2843329244407], [-123.03927511052103, 49.283161689611205], [-123.03944393607959, 49.283011123555546], [-123.03960487398622, 49.28285690539455], [-123.03975773986181, 49.28269921188006], [-123.0399023585839, 49.28253822374535], [-123.04003856448696, 49.28237412549791], [-123.04016620155211, 49.28220710520787], [-123.04028512358553, 49.282037354292356], [-123.0403951943858, 49.28186506729601], [-123.04049628789951, 49.281690441667955], [-123.04061617536073, 49.28149916960671], [-123.04072689984905, 49.28130554792873], [-123.04082835407245, 49.28110976444247], [-123.04092043973444, 49.28091200905109], [-123.041003067629, 49.28071247356818], [-123.04107615772669, 49.280511351531565], [-123.04113963925198, 49.28030883801566], [-123.04119345075125, 49.28010512944205], [-123.04122503182357, 49.2798772045135], [-123.04124946643212, 49.27964890401371], [-123.04126674441228, 49.27942032383908], [-123.04127685860588, 49.27919156000211], [-123.04127980486409, 49.27896270859112], [-123.04123439464597, 49.27881434874488], [-123.04118333305614, 49.27866677750462], [-123.0411266520243, 49.27852008700375], [-123.04062384021265, 49.2775349532097], [-123.04058630503602, 49.277453010649474], [-123.04055899224886, 49.27736935452148], [-123.04054207971596, 49.27728452976609], [-123.0405356775522, 49.27719908893342], [-123.04053982740675, 49.277113588583845], [-123.04055450219307, 49.27702858566261], [-123.04057960626699, 49.27694463387192], [-123.04061497605078, 49.27686228006413], [-123.0406603811003, 49.27678206067998], [-123.04071552560718, 49.276704498254226], [-123.04078005032684, 49.27663009801232], [-123.04085353491945, 49.2765593445797], [-123.04093550068876, 49.27649269882535], [-123.04102541370086, 49.27643059486012], [-123.04112268826253, 49.27637343720945], [-123.04122669073642, 49.27632159817871], [-123.04133674366847, 49.2762754154285], [-123.0414521302004, 49.27623518977555], [-123.04180124875826, 49.27613510481842], [-123.04328538360092, 49.27616311814924], [-123.04336852449315, 49.27617235904887], [-123.04345274093944, 49.27617524662934], [-123.0435369026779, 49.276171742136725], [-123.04361988018088, 49.276161892604506], [-123.04370055981569, 49.27614583022235], [-123.04377785879163, 49.27612377056188], [-123.04385073969317, 49.27609600968323], [-123.04391822440373, 49.276062920161344], [-123.0451404307014, 49.27606244915561], [-123.04524573060843, 49.27604921681602], [-123.04534862447693, 49.276029480247274], [-123.04544817607233, 49.27600341903362], [-123.04554347957534, 49.27597127030737], [-123.0456336678251, 49.275933326590874], [-123.0457179202098, 49.275889933134536], [-123.04579547013401, 49.275841484775086], [-123.04586561199403, 49.27578842234258], [-123.04592770759795, 49.27573122864887], [-123.04598119197219, 49.2756704240942], [-123.04602557850146, 49.27560656193174], [-123.04606046335554, 49.275540223233286], [-123.04608552916262, 49.275472011601906], [-123.04610054789556, 49.27540254767961], [-123.0461053829454, 49.27533246350009], [-123.04609999036278, 49.27526239673795], [-123.04625196256808, 49.27440554277166], [-123.04629936143269, 49.27426714616106], [-123.04635522038575, 49.274130107402335], [-123.04641944914592, 49.27399464781114], [-123.0464919439173, 49.27386098615098], [-123.04657258755736, 49.273729338279985], [-123.04666124976653, 49.273599916802425], [-123.04675778729892, 49.273472930725426], [-123.04686204419413, 49.27334858512153]]}}, {"type": "Feature", "properties": {"Id": 0, "Name": "", "Region": "", "Type": "Stream"}, "geometry": {"type": "LineString", "coordinates": [[-123.03683352707628, 49.287432172119374], [-123.03613453105534, 49.28684156375247], [-123.03589900270596, 49.28658243544863], [-123.03565484992657, 49.286326746213156], [-123.0354021901323, 49.28607461887063], [-123.03514114481936, 49.285826174532765], [-123.03487183950622, 49.28558153254036], [-123.03459440367335, 49.28534081040593], [-123.03430897070083, 49.2851041237575], [-123.03401567780416, 49.28487158628299], [-123.03386827382843, 49.28473673331351], [-123.03372886338764, 49.284598290559885], [-123.03359765047834, 49.284456460669915], [-123.03347482709289, 49.28431145124769], [-123.03336057293856, 49.28416347454942], [-123.03325505517492, 49.28401274717282], [-123.03315842816956, 49.28385948973981], [-123.0330708332724, 49.28370392657359], [-123.03299239860941, 49.2835462853701], [-123.03292323889536, 49.28338679686476], [-123.032897617768, 49.28315643736448], [-123.03288255822132, 49.28292567909502], [-123.03287807362852, 49.28269472924094], [-123.03288416786793, 49.2824637951559], [-123.03290083531984, 49.28223308417653], [-123.03292806087236, 49.28200280343631], [-123.0329658199353, 49.281773159679545], [-123.03305290142649, 49.28143041792114]]}}, {"type": "Feature", "properties": {"Id": 0, "Name": "", "Region": "", "Type": "Stream"}, "geometry": {"type": "LineString", "coordinates": [[-123.02674456176318, 49.28275055806809], [-123.02673620305633, 49.28251197147716], [-123.02673848013715, 49.282273326869394], [-123.02675139091603, 49.282034827115375], [-123.02677492426405, 49.28179667495968], [-123.02680906002286, 49.28155907284841], [-123.02685376902258, 49.281322222757346], [-123.02690901310686, 49.281086326019995], [-123.02697474516603, 49.280851583156704], [-123.0270509091775, 49.28061819370413], [-123.02713744025394, 49.28038635604573], [-123.0272342646989, 49.28015626724314], [-123.02732347698598, 49.280013031278926], [-123.02742082039784, 49.27987208004226], [-123.02752615847467, 49.27973361102443], [-123.02763934355887, 49.27959781823718], [-123.02776021700203, 49.27946489194092], [-123.02788860938759, 49.279335018378326], [-123.02796307089618, 49.27927241004039], [-123.02802931887776, 49.27920596842982], [-123.02808689469926, 49.27913615355415], [-123.02813539977436, 49.279063448773584], [-123.02817449832233, 49.2789883574544], [-123.02820391969173, 49.27891139948353], [-123.0282234602332, 49.27883310766909], [-123.02823298470827, 49.27875402405129], [-123.02823242722415, 49.27867469614977], [-123.02822179168888, 49.27859567317274], [-123.02820115178275, 49.278517502214754], [-123.02817065044701, 49.27844072446908], [-123.02813049889282, 49.27836587148104], [-123.02808097513794, 49.27829346146818], [-123.02802242208088, 49.27822399573276], [-123.027955245126, 49.278157955191475], [-123.02787990937607, 49.278095797046255], [-123.02779693641178, 49.278037951619346], [-123.02773624519452, 49.27793467887307], [-123.0276848606636, 49.27782926662198], [-123.02764295759329, 49.277722073527855], [-123.02761067849453, 49.277613464309404], [-123.0275881331308, 49.27750380850126], [-123.02757539814564, 49.27739347919653], [-123.02757251680255, 49.27728285177736], [-123.02757949883886, 49.277172302637666], [-123.02759632043329, 49.27706220790255], [-123.02757072194947, 49.27684839456001], [-123.02753625533506, 49.27663511511046], [-123.027492946145, 49.27642252697913], [-123.02744082645994, 49.276210787079016], [-123.02737993486211, 49.27600005169501], [-123.0273103164067, 49.27579047636859], [-123.02723202258822, 49.27558221578306], [-123.02714511130213, 49.275375423649436], [-123.02704964680184, 49.27517025259298], [-123.02693698445893, 49.27497539913499], [-123.02683454338411, 49.27477814526629], [-123.02674244261766, 49.27457872043949], [-123.02666078916761, 49.274377356629834], [-123.02658967788577, 49.27417428806517], [-123.02652919135815, 49.27396975095346], [-123.02647939980923, 49.273763983207964], [-123.02644036102107, 49.27355722417046], [-123.02641212026661, 49.27334971433275], [-123.02639502277071, 49.273093050771635], [-123.02636882519784, 49.27283671602177], [-123.02633354180536, 49.27258084820365], [-123.0262891917454, 49.27232558518403], [-123.0262357990545, 49.272071064501596], [-123.02617339264002, 49.2718174232931], [-123.02610200626467, 49.271564798219224], [-123.02601329060971, 49.271412350766184], [-123.02591601638993, 49.271262155435785], [-123.0258103168755, 49.271114417883524], [-123.02569633686925, 49.270969340397706], [-123.0255742325078, 49.270827121622645], [-123.02547093219596, 49.270750139897274], [-123.02537595763923, 49.270668696583726], [-123.02528975751441, 49.27058317647079], [-123.0252127390361, 49.27049398360652], [-123.02514526603326, 49.27040153938911], [-123.02508765723104, 49.270306280575554], [-123.02504018474579, 49.27020865721808], [-123.02500307280042, 49.27010913053749], [-123.02497649666611, 49.27000817074411], [-123.02496058183533, 49.269906254816064], [-123.02495540343024, 49.269803864245745], [-123.02491071326102, 49.26971332178975], [-123.02485719103952, 49.26962485426296], [-123.02479505973915, 49.2695388301438], [-123.02472457818729, 49.26945560773167], [-123.02464603998673, 49.26937553365483], [-123.02369967743655, 49.26784064215538]]}}, {"type": "Feature", "properties": {"Id": 0, "Name": "Still Creek", "Region": "L", "Type": "Stream"}, "geometry": {"type": "LineString", "coordinates": [[-123.02619285430848, 49.256380766865306], [-123.02609626314333, 49.25645177372122], [-123.02600765993431, 49.2565271114694], [-123.02592749653843, 49.256606395935485], [-123.02585618178105, 49.25668922281743], [-123.02579407937046, 49.25677516974702], [-123.02574150604255, 49.25686379844345], [-123.02569872994475, 49.256954656948], [-123.02566596926779, 49.25704728192867], [-123.02561680433854, 49.25718905193895], [-123.02557769912936, 49.25733215737371], [-123.02554873724999, 49.25747629258349], [-123.02552998064759, 49.257621149716705], [-123.02552146947355, 49.25776641937721], [-123.025523221997, 49.257911791285046], [-123.02553523456506, 49.25805695493911], [-123.02555748160987, 49.25820160028048], [-123.02549557957958, 49.258598095508454], [-123.0254265911231, 49.25899408934287], [-123.02535052552207, 49.25938952753131], [-123.02526739302851, 49.259784355896215], [-123.02523698750342, 49.25988295447441], [-123.02519730811089, 49.25998013089414], [-123.02514850721458, 49.26007551187822], [-123.02509077221906, 49.26016873104405], [-123.02502432485066, 49.260259430311066], [-123.02494942030641, 49.260347261276415], [-123.02486634627441, 49.260431886553484], [-123.02477542182913, 49.260512981067954], [-123.02467699620634, 49.26059023330688], [-123.02457144746172, 49.26066334651544], [-123.02445918101904, 49.26073203983712], [-123.02434062811282, 49.26079604939275], [-123.02421692630048, 49.26083825940669], [-123.02409811657779, 49.26088611224471], [-123.02398479885706, 49.26093936628685], [-123.02387754532556, 49.26099775264036], [-123.02377689755666, 49.261060976497234], [-123.02368336377516, 49.2611287186225], [-123.02359741629118, 49.2612006369658], [-123.02351948911502, 49.26127636838829], [-123.0234499757653, 49.261355530495926], [-123.02346959442023, 49.26139318375461], [-123.02349811861474, 49.26142831379227], [-123.02353482134136, 49.26146002521349], [-123.02357876713262, 49.26148750975503], [-123.02362883590371, 49.261510066887475], [-123.02368375150088, 49.261527121670944], [-123.02374211422892, 49.261538239409845], [-123.02380243652775, 49.261543136732875], [-123.02386318088905, 49.26154168881594], [-123.0239227990465, 49.26153393256389], [-123.02405044865036, 49.261539181781394], [-123.02417736866144, 49.261549531361716], [-123.02430308377976, 49.261564942546954], [-123.0244271232163, 49.261585357624064], [-123.02454902245582, 49.26161070014097], [-123.02466832499591, 49.261640875192754], [-123.02494763677653, 49.2616895404593], [-123.02522876213644, 49.26173350641743], [-123.02551151650411, 49.26177274420092], [-123.02579571423706, 49.26180722804779], [-123.02631824234288, 49.26179482612565], [-123.02684096433792, 49.26178664382584], [-123.02736380071813, 49.261782682392855], [-123.02788667196212, 49.261782942429214], [-123.02812331266819, 49.26175455026897], [-123.0283580551082, 49.261720063048145], [-123.02859053290436, 49.26167953459371], [-123.02882038321587, 49.2616330281616], [-123.02904724730574, 49.2615806163378], [-123.029270771101, 49.26152238092508], [-123.02949060574565, 49.26145841281513], [-123.02970640814543, 49.261388811846665], [-123.02991784150356, 49.26131368664952], [-123.03012457584661, 49.26123315447497], [-123.0303262885398, 49.261147341012546], [-123.03052266479054, 49.26105638019389], [-123.03073283334764, 49.26097522270292], [-123.03093729553156, 49.260888044846865], [-123.03113564902337, 49.26079501817807], [-123.03132750353146, 49.26069632575748], [-123.0315124815599, 49.26059216179418], [-123.0316902191512, 49.26048273126304], [-123.03186036660257, 49.26036824950108], [-123.03202258915408, 49.26024894178366], [-123.03217656764708, 49.260125042880894], [-123.0323219991523, 49.259996796595544]]}}, {"type": "Feature", "properties": {"Id": 0, "Name": "Still Creek", "Region": "L", "Type": "Stream"}, "geometry": {"type": "LineString", "coordinates": [[-123.0323219991523, 49.259996796595544], [-123.03241531102398, 49.25989675060663], [-123.03250033970974, 49.259793590579605], [-123.03257684335452, 49.259687610005834], [-123.03264460436132, 49.25957911039918], [-123.03270343000983, 49.25946840043823], [-123.03275315300417, 49.25935579508786], [-123.03279363194808, 49.25924161470308], [-123.03282475174662, 49.259126184117605], [-123.0328464239329, 49.259009831719546], [-123.03285858691896, 49.25889288851723], [-123.03286120617034, 49.2587756871974], [-123.03285427430339, 49.25865856117874], [-123.03283781110575, 49.25854184366339], [-123.03281186347903, 49.25842586668906], [-123.03263933764, 49.2581964960814], [-123.03247561337989, 49.25796437835462], [-123.0323207926013, 49.25772965815592], [-123.03217497165441, 49.25749248175223], [-123.03203824127708, 49.257252996938995], [-123.03191068653868, 49.25701135294799], [-123.0317923867873, 49.25676770035429], [-123.03168341560065, 49.25652219098235], [-123.03163274891345, 49.25641068309072], [-123.03159210838866, 49.256297430183615], [-123.03156163242708, 49.25618281813506], [-123.03154142479447, 49.25606723744724], [-123.03153155426901, 49.25595108191999], [-123.03153205440798, 49.255834747308896], [-123.0315429234343, 49.255718629977], [-123.0315641242437, 49.255603125544205], [-123.03159558453201, 49.25548862753958], [-123.0316371970426, 49.25537552606047], [-123.03168881993264, 49.255264206443684], [-123.03175027725727, 49.2551550479526], [-123.03182135957, 49.255048422485245], [-123.03190182463688, 49.25494469330741], [-123.03199139826266, 49.2548442138152], [-123.03210783778648, 49.254723304311405], [-123.03221511692747, 49.25459881674849], [-123.0323129797181, 49.25447104823425], [-123.03240119266982, 49.25434030370464], [-123.03247954532988, 49.25420689519582], [-123.03254785078286, 49.25407114109934], [-123.03260594609607, 49.25393336540207], [-123.03265369270777, 49.253793896912875], [-123.032690976757, 49.253653068477774], [-123.03271770935444, 49.25351121618554], [-123.03271041208886, 49.253392428130425], [-123.03269356594342, 49.253274056605775], [-123.03266721776201, 49.25315643028639], [-123.03263144077084, 49.25303987577559], [-123.03258633437439, 49.25292471669844], [-123.0325320238787, 49.25281127280317], [-123.03246866014277, 49.25269985907354], [-123.032396419159, 49.25259078485438], [-123.03231550156396, 49.25248435299272], [-123.03222613208078, 49.252380858997114]]}}, {"type": "Feature", "properties": {"Id": 0, "Name": "Still Creek", "Region": "L", "Type": "Stream"}, "geometry": {"type": "LineString", "coordinates": [[-123.0323219991523, 49.259996796595544], [-123.03244153814417, 49.259935329368986], [-123.03256601240159, 49.25987821257238], [-123.0326950527437, 49.25982561560224], [-123.03282827645141, 49.259777694449696], [-123.03296528840217, 49.259734591237994], [-123.03310568224177, 49.25969643380112], [-123.03324904158914, 49.25966333530476], [-123.0334117526121, 49.25965431823728], [-123.03357499157569, 49.25965156349012], [-123.03373819635111, 49.259655080549535], [-123.0339008049272, 49.259664857304166], [-123.03406225734518, 49.25968086008675], [-123.03422199762632, 49.259703033790096], [-123.03437947568591, 49.25973130205667], [-123.03453414922691, 49.259765567541535], [-123.03468548560697, 49.2598057122475], [-123.03496496159345, 49.259851401936494], [-123.03524613969155, 49.259892375232035], [-123.03552883410782, 49.25992860505981], [-123.03581285804552, 49.25996006747983]]}}, {"type": "Feature", "properties": {"Id": 0, "Name": "Still Creek", "Region": "L", "Type": "Stream"}, "geometry": {"type": "LineString", "coordinates": [[-123.03581285804552, 49.25996006747983], [-123.03615355677519, 49.26040593913215], [-123.03648723276018, 49.26085408095707], [-123.0368138505149, 49.26130444555195]]}}, {"type": "Feature", "properties": {"Id": 0, "Name": "Still Creek", "Region": "L", "Type": "Stream"}, "geometry": {"type": "LineString", "coordinates": [[-123.0368138505149, 49.26130444555195], [-123.03659663115096, 49.26141038308964], [-123.03638557446187, 49.261521528914955], [-123.03618097184666, 49.26163772959461], [-123.03598310580064, 49.261758824716175], [-123.03579224952534, 49.261884647109355], [-123.03560866655145, 49.26201502307656], [-123.03543261037488, 49.26214977263273], [-123.03526574268902, 49.26227340130065], [-123.03510598119027, 49.26240098774406], [-123.03495354489827, 49.262532357096966], [-123.03480864279793, 49.26266732930724], [-123.03467147355279, 49.2628057193833], [-123.03454222523271, 49.262947337647475], [-123.03417886559619, 49.26337584318467], [-123.03404039412258, 49.26354935794992], [-123.03389284668157, 49.26371963885057], [-123.0337363992901, 49.26388648264302], [-123.03357123859351, 49.26404969018412], [-123.03339756164308, 49.26420906666897], [-123.0332704929578, 49.264339510435676], [-123.03314933321086, 49.26447234047872], [-123.03303418699402, 49.26460744218437], [-123.03292515371264, 49.2647446989779]]}}, {"type": "Feature", "properties": {"Id": 0, "Name": "Still Creek", "Region": "L", "Type": "Stream"}, "geometry": {"type": "LineString", "coordinates": [[-123.0368138505149, 49.26130444555195], [-123.03726886181592, 49.261911196271505]]}}, {"type": "Feature", "properties": {"Id": 0, "Name": "Still Creek", "Region": "L", "Type": "Stream"}, "geometry": {"type": "LineString", "coordinates": [[-123.03581285804552, 49.25996006747983], [-123.03607490363284, 49.25994608990602], [-123.03633585586257, 49.25992510645395], [-123.03659527763777, 49.25989715227117], [-123.03685273442692, 49.25986227418116], [-123.03710779499235, 49.259820530604934], [-123.03736003211314, 49.25977199146301], [-123.03760902330104, 49.25971673805834], [-123.0380925769809, 49.259507129925886], [-123.03857122635306, 49.25929275590211], [-123.0390448617947, 49.25907366511249], [-123.0396234327971, 49.25889840780766], [-123.04020512248022, 49.258727633126774], [-123.04078984979704, 49.25856136485499]]}}, {"type": "Feature", "properties": {"Id": 0, "Name": "Still Creek", "Region": "L", "Type": "Stream"}, "geometry": {"type": "LineString", "coordinates": [[-123.04078984979704, 49.25856136485499], [-123.04080912485637, 49.25846547347162], [-123.04083785121165, 49.25837060091017], [-123.04087590810465, 49.2582771458125], [-123.04092313557396, 49.25818550086226], [-123.04097933512806, 49.25809605113499], [-123.0410442705799, 49.25800917248027], [-123.04111766904028, 49.257925229942586], [-123.04119922206486, 49.25784457622776], [-123.04128858695087, 49.25776755022111], [-123.04138538817737, 49.25769447556374], [-123.04148921898347, 49.257625659292934], [-123.04159964307769, 49.25756139055237], [-123.04171619647119, 49.25750193937733], [-123.04187575391687, 49.25747259517293], [-123.04203731625977, 49.257448403206396], [-123.04220049542495, 49.25742942158678], [-123.04236489945538, 49.25741569590791], [-123.04253013345313, 49.257407259138745], [-123.04269580052744, 49.25740413154433], [-123.04286150274778, 49.25740632063711], [-123.04295382457191, 49.25742113449609], [-123.0430478010125, 49.25743048286063], [-123.04314267838751, 49.257434290757736], [-123.0432376957886, 49.257432527648405], [-123.04333209118424, 49.257425207672625], [-123.04342510753202, 49.25741238953594], [-123.04351599885074, 49.25739417603864], [-123.04367832940099, 49.25737079699951], [-123.04383809963291, 49.2573407990842], [-123.0439946802481, 49.257304300448546], [-123.04414745451527, 49.25726144485308], [-123.04429582069984, 49.25721240109676], [-123.04443919443466, 49.25715736235177], [-123.04457701102221, 49.25709654540254], [-123.04470872765893, 49.257030189791614], [-123.04483382557356, 49.25695855687592], [-123.04495181207056, 49.25688192879713], [-123.0450881044856, 49.25679835839655], [-123.0452184980821, 49.25671084863358], [-123.04534272737958, 49.25661957769874], [-123.04546053945377, 49.2565247314403], [-123.04547335433345, 49.256435190207235], [-123.04547655477026, 49.25634528135319], [-123.04547012509198, 49.25625544662278], [-123.04545409694134, 49.25616612739414], [-123.04542854911942, 49.256077762510195], [-123.0453936071976, 49.25599078612276], [-123.04534944289952, 49.25590562555938], [-123.0452962732566, 49.25582269922411], [-123.04493218406652, 49.255287343826716]]}}, {"type": "Feature", "properties": {"Id": 0, "Name": "Still Creek", "Region": "L", "Type": "Stream"}, "geometry": {"type": "LineString", "coordinates": [[-123.04493218406652, 49.255287343826716], [-123.04122155974197, 49.25299203720326], [-123.04110750647298, 49.25295081260812], [-123.04098920405364, 49.25291508587329], [-123.04086726995767, 49.25288504347024], [-123.04074234061, 49.252860842201464], [-123.04061506806582, 49.25284260838215], [-123.04048611660775, 49.25283043718115], [-123.04035615927934, 49.25282439212424], [-123.0402258743731, 49.25282450476268], [-123.04009594189087, 49.25283077450862], [-123.03996703999545, 49.25284316863804], [-123.03983984147183, 49.25286162246165], [-123.0394581474007, 49.25294505311026], [-123.03937944143034, 49.25296078831146], [-123.039298240182, 49.252969541774334], [-123.03921598226883, 49.25297115841688], [-123.03913412502591, 49.252965609597595], [-123.0390541186893, 49.25295299362296], [-123.0389773807008, 49.25293353400564], [-123.03890527059411, 49.25290757550437], [-123.0388390659071, 49.25287557801547], [-123.03877993954731, 49.252838108424655], [-123.03872893901182, 49.25279583056313], [-123.03868696782938, 49.252749493446196], [-123.03865476955386, 49.25269991800272], [-123.03863291459255, 49.25264798253071], [-123.03862179010245, 49.25259460713656], [-123.03862159313331, 49.25254073743385], [-123.03892956856768, 49.25118403938057], [-123.03918344532829, 49.25039855648365]]}}, {"type": "Feature", "properties": {"Id": 0, "Name": "Still Creek", "Region": "L", "Type": "Stream"}, "geometry": {"type": "LineString", "coordinates": [[-123.03918344532829, 49.25039855648365], [-123.03912601610527, 49.250324978707006], [-123.0390593395857, 49.250254822642404], [-123.0389838880554, 49.25018858518209], [-123.03890019594427, 49.250126735462125], [-123.03880885604059, 49.25006971154016], [-123.0387105152923, 49.250017917293064], [-123.0386331499306, 49.249989176404206], [-123.03855166858102, 49.24996581302296], [-123.0384669405325, 49.24994807640166], [-123.03837986970828, 49.24993615576329], [-123.03829138502287, 49.24993017828295], [-123.03820243047304, 49.24993020773129], [-123.0381139550678, 49.249936243794124], [-123.03802690270494, 49.249948222075865], [-123.0379422021021, 49.24996601478646], [-123.03786075688961, 49.24998943210453], [-123.03778343597114, 49.25001822420233], [-123.0376541986924, 49.25006086858859], [-123.03752915881248, 49.250108575437594], [-123.0374087785212, 49.25016116841344], [-123.03729350278948, 49.250218453119274], [-123.0371837577249, 49.25028021781583]]}}, {"type": "Feature", "properties": {"Id": 0, "Name": "Still Creek", "Region": "L", "Type": "Stream"}, "geometry": {"type": "LineString", "coordinates": [[-123.04493218406652, 49.255287343826716], [-123.04491615271708, 49.25515588003629], [-123.04489046943051, 49.25502507399679], [-123.04485519386269, 49.25489522914987], [-123.04481040791971, 49.254766646705065], [-123.04475621556725, 49.254639624941106], [-123.0446927425887, 49.25451445851414], [-123.04462013629275, 49.25439143777418], [-123.0445385651712, 49.254270848091764], [-123.04444821850733, 49.25415296919605], [-123.04434930593654, 49.25403807452613], [-123.04365790770403, 49.25338384062436], [-123.04356905725469, 49.25328202011078], [-123.04348962952488, 49.253176916196935], [-123.04341990649031, 49.253068902091606], [-123.04336013566169, 49.25295836133487], [-123.04331052920661, 49.252845686435926], [-123.04327126319717, 49.25273127747918], [-123.04324247698553, 49.2526155407036], [-123.0432242727102, 49.252498887060064], [-123.04321671493442, 49.25238173075211], [-123.04321983041788, 49.25226448776521], [-123.04323360802289, 49.2521475743896], [-123.04325799875484, 49.25203140574236], [-123.04329291593743, 49.25191639429333], [-123.04333823552125, 49.25180294840085], [-123.04339379652541, 49.25169147086177], [-123.04345940160995, 49.25158235748155], [-123.04353481777751, 49.25147599566904], [-123.04361977720123, 49.25137276306112], [-123.04385584499809, 49.25108707477593], [-123.04390303285504, 49.25104679422633], [-123.04394178134584, 49.25100282480095], [-123.04397142689129, 49.25095591951526], [-123.04399146181281, 49.25090688166183], [-123.04400154302542, 49.250856551052806], [-123.04400149791125, 49.250805789637276], [-123.04399132727391, 49.25075546673954], [-123.04397120532252, 49.250706444171406], [-123.04394147668619, 49.25065956147322], [-123.04390265051019, 49.250615621536475], [-123.04385539173508, 49.25057537685427], [-123.04338219471076, 49.24993295783731], [-123.0433270881376, 49.24986616194893], [-123.04328012381738, 49.24979675122415], [-123.04324158895967, 49.24972515019441], [-123.04321171921431, 49.249651796785756], [-123.04319069723091, 49.24957713964014], [-123.04317865154276, 49.24950163537137], [-123.04317565578151, 49.24942574577233], [-123.04318172822795, 49.249349934990505], [-123.04343549682068, 49.248528742651494], [-123.04347767135916, 49.24844402386093], [-123.04350951408594, 49.248357392368675], [-123.0435308269036, 49.24826938726822], [-123.04354147724311, 49.24818055619784], [-123.04354139888731, 49.24809145193276], [-123.04353059238156, 49.248002628945294], [-123.04350912502899, 49.24791463995445], [-123.04347713047015, 49.24782803248668], [-123.04343480785018, 49.24774334546878], [-123.0434193845776, 49.24759558521065], [-123.04341430506368, 49.24744751769955], [-123.04341957985638, 49.247299453111246], [-123.04343519781317, 49.24715170161268], [-123.04346112612541, 49.24700457271217], [-123.0434973103876, 49.24685837461108], [-123.04354367471223, 49.24671341355828], [-123.04360012188945, 49.24656999320867], [-123.04366653359145, 49.24642841398718], [-123.04374277062104, 49.24628897245958], [-123.0438286732037, 49.24615196071133], [-123.04392406132324, 49.246017665735906], [-123.04450516565399, 49.245410545060594], [-123.04519519293164, 49.24467247918589]]}}, {"type": "Feature", "properties": {"Id": 0, "Name": "Still Creek", "Region": "L", "Type": "Stream"}, "geometry": {"type": "LineString", "coordinates": [[-123.03918342649257, 49.25037475657708], [-123.0392338385251, 49.25026262192519], [-123.03927508483869, 49.25014889329891], [-123.03930704914671, 49.25003389151086], [-123.03932964134778, 49.249917940962895], [-123.03934279777934, 49.24980136873084], [-123.03934648139644, 49.24968450364197], [-123.03932814611808, 49.24961946573735], [-123.03930079799744, 49.24955579881167], [-123.03926466647974, 49.249494036938174], [-123.03922005468712, 49.2494346982075], [-123.03916733687475, 49.24937828038197], [-123.0391069552907, 49.249325256720226], [-123.03903941646541, 49.249276072007675], [-123.03896528696227, 49.2492311388257], [-123.03888518862483, 49.24919083409104], [-123.03879979336043, 49.24915549589438], [-123.03870981750407, 49.24912542066463], [-123.03799300165973, 49.248826677777956], [-123.0372733314209, 49.24853089505587], [-123.0371997869022, 49.24848677717344], [-123.03713348066626, 49.24843798968861], [-123.03707510085991, 49.24838503894948], [-123.03702525335855, 49.24832847451138], [-123.03698445547862, 49.24826888343297], [-123.03695313060952, 49.24820688418297], [-123.03693160382058, 49.248143120221044], [-123.03692009848879, 49.24807825331952], [-123.03691873398193, 49.24801295669486], [-123.03692752442137, 49.247947908020826], [-123.03705399053122, 49.246912570785895], [-123.03705175218576, 49.24671509426166], [-123.03703941462652, 49.24651777754314], [-123.03701699181164, 49.24632084193579], [-123.03698450900977, 49.246124508314985], [-123.03694200277133, 49.245928996878305], [-123.03688952088694, 49.24573452689867], [-123.03661627572613, 49.244925416075276]]}}, {"type": "Feature", "properties": {"Id": 0, "Name": "Still Creek", "Region": "L", "Type": "Stream"}, "geometry": {"type": "LineString", "coordinates": [[-123.04519519293164, 49.24467247918589], [-123.04523253561187, 49.24439946599649], [-123.04526018197626, 49.2441259585646], [-123.04527811726709, 49.2438521044798], [-123.04528633196743, 49.24357805151626], [-123.04528482180605, 49.24330394755306], [-123.04526230899668, 49.24316616881081], [-123.04523054719489, 49.24302917320083], [-123.04518959815235, 49.24289322674198], [-123.04513954145877, 49.2427585934137], [-123.04508047438672, 49.24262553464347], [-123.0450125117022, 49.242494308799316], [-123.04493578544137, 49.24236517068807], [-123.04485044465358, 49.242238371060836], [-123.0447566551115, 49.24211415612608], [-123.04466332463056, 49.24199552492859], [-123.04457912144635, 49.241874001314756], [-123.04450425391539, 49.24174988608651], [-123.04443890728187, 49.24162348645839], [-123.04438324321954, 49.24149511529705], [-123.04433739943235, 49.241365090346655], [-123.04430148931428, 49.241233733442385], [-123.04428390099534, 49.24107218795908], [-123.04427472230655, 49.24091034406771], [-123.04427396380606, 49.24074838939027], [-123.0442816262906, 49.24058651167534], [-123.04429770079491, 49.240424898580464], [-123.04432216860252, 49.240263737454626], [-123.04435500126775, 49.24010321512102], [-123.0443876358331, 49.23996824729743], [-123.044410265868, 49.23983240418646], [-123.04442283852246, 49.23969600352992], [-123.04442532447197, 49.239559364371175], [-123.04441771798535, 49.2394228063088], [-123.04440003693736, 49.239286648749136], [-123.04437232276607, 49.23915121015905], [-123.04428274950715, 49.23903472401441], [-123.04418369847885, 49.23892157572818], [-123.04407545890639, 49.23881209561619], [-123.04395834683294, 49.238706603283596], [-123.04383270419666, 49.238605406691995], [-123.04369889783209, 49.23850880126073], [-123.04355731839891, 49.23841706900467], [-123.04340837924134, 49.23833047771115], [-123.0432860968486, 49.23828256529821], [-123.04315883511448, 49.23824057915057], [-123.04302726276305, 49.23820473988969], [-123.04289207116419, 49.238175235837026], [-123.0427539707014, 49.238152222024695]]}}, {"type": "Feature", "properties": {"Id": 0, "Name": "Still Creek", "Region": "L", "Type": "Stream"}, "geometry": {"type": "LineString", "coordinates": [[-123.0427539707014, 49.238152222024695], [-123.0425208218556, 49.23813683581421], [-123.04228695793469, 49.23812716410614], [-123.04205270547237, 49.23812322040471], [-123.04181839154452, 49.23812501021633], [-123.04158434331272, 49.238132531042005], [-123.04135088756787, 49.238145772380754], [-123.04111835027426, 49.23816471574429], [-123.04097033117128, 49.23817829232169], [-123.04082125535632, 49.23818534379312], [-123.0406717929755, 49.23818583845985], [-123.04052261591315, 49.23817977409815], [-123.04037439477061, 49.238167177969345], [-123.040227795851, 49.23814810669724], [-123.04008347816301, 49.23812264601348], [-123.03994209045786, 49.23809091037205], [-123.03980426831222, 49.2380530424347], [-123.03967063127044, 49.2380092124294], [-123.0395417800591, 49.23795961738496], [-123.03941829388604, 49.23790448024516], [-123.03930072783633, 49.23784404886626], [-123.03853710511471, 49.237415906737326], [-123.03847110212747, 49.237364884040225], [-123.03839737022138, 49.23731862127181], [-123.03831670540671, 49.237277617872614], [-123.03822997853287, 49.23724231650323], [-123.03813812588716, 49.23721309826602], [-123.03804213908741, 49.23719027859115], [-123.03794305437748, 49.23717410383167], [-123.03784194144146, 49.23716474860436], [-123.03773989185689, 49.23716231390469], [-123.0376380073119, 49.23716682601678], [-123.03753738771304, 49.23717823622959], [-123.03719215729983, 49.23726164777541], [-123.03712280268554, 49.23727931318996], [-123.03705051646922, 49.23729089027031], [-123.03697653929784, 49.23729618031901], [-123.03690214084213, 49.23729509254293], [-123.03682859800385, 49.237287645611545], [-123.03675717299885, 49.23727396733659], [-123.03668909169215, 49.237254292478255], [-123.03662552255734, 49.23722895871569], [-123.03656755662116, 49.237198400851135], [-123.03651618873768, 49.237163143347026], [-123.03647230051354, 49.237123791324116], [-123.03643664517753, 49.2370810201755], [-123.03640983465355, 49.23703556397439], [-123.03639232905961, 49.236988202875025], [-123.03634937679156, 49.2368914781346], [-123.03629703828545, 49.236796756615014], [-123.03623552914824, 49.236704428422705], [-123.0361651027516, 49.236614873805145], [-123.03608604918773, 49.236528461585], [-123.03599869407408, 49.23644554764142], [-123.03590339721163, 49.2363664734445], [-123.0358005511029, 49.23629156464933], [-123.03569057933494, 49.23622112975495], [-123.03557393483482, 49.2361554588342], [-123.03543099126004, 49.23607870048942], [-123.03528221587369, 49.23600685107144], [-123.03512800142423, 49.23594010024213], [-123.03496875501263, 49.23587862420384], [-123.03480489701778, 49.23582258523436], [-123.03463685998732, 49.23577213125883], [-123.03446508749576, 49.23572739545932], [-123.03426416000535, 49.23565631255147], [-123.03406801763914, 49.235579713235744], [-123.033877013386, 49.23549773537335], [-123.03369149098245, 49.23541052650496], [-123.0335117842937, 49.235318243585], [-123.03333821671279, 49.23522105269903], [-123.03317110057856, 49.23511912876473], [-123.0330107366133, 49.23501265521692], [-123.03285741338186, 49.23490182367723], [-123.0327114067722, 49.23478683360912], [-123.03257297949901, 49.23466789195878], [-123.03244238063125, 49.23454521278248], [-123.03231984514393, 49.234419016861224], [-123.03222732671857, 49.23434805394075], [-123.0321273942453, 49.234281541772205], [-123.03202054568413, 49.23421981176436], [-123.03190731344958, 49.234163171496846], [-123.03178826175795, 49.23411190318784], [-123.03166398381602, 49.23406626228818], [-123.03153509886566, 49.234026476208705], [-123.03140224909876, 49.233992743187514], [-123.03126609645795, 49.233965231302356], [-123.03112731933889, 49.23394407763334], [-123.03098660921096, 49.23392938758019], [-123.03084466717257, 49.23392123433704], [-123.03070220045872, 49.23391965852795], [-123.03055141118783, 49.23392476980762], [-123.03040147447005, 49.23393643484734], [-123.03025305379231, 49.23395460202801], [-123.03010680593464, 49.23397919095778], [-123.0299633780647, 49.2340100928277], [-123.0298234048745, 49.23404717089305], [-123.02968750577261, 49.23409026107832], [-123.02955628214353, 49.2341391727031], [-123.0294303146871, 49.23419368932566], [-123.02923288665022, 49.234255199311534], [-123.02903983634525, 49.234322404603866], [-123.02885154666421, 49.23439517191529], [-123.02866839106231, 49.234473356926834], [-123.02849073281729, 49.23455680457389], [-123.02831892430936, 49.23464534935363], [-123.02815330632212, 49.23473881565314], [-123.02799420736699, 49.2348370180975], [-123.02784194303145, 49.23493976191732], [-123.02769681535327, 49.23504684333489], [-123.02755911222118, 49.235158049968106]]}}, {"type": "Feature", "properties": {"Id": 0, "Name": "Still Creek", "Region": "L", "Type": "Stream"}, "geometry": {"type": "LineString", "coordinates": [[-123.02755911222118, 49.235158049968106], [-123.02739786219203, 49.23528989354283], [-123.02722857593837, 49.23541734461277], [-123.02705153217558, 49.235540193295044], [-123.02686702240045, 49.23565823728431], [-123.02667535041121, 49.23577128218613], [-123.02647683180743, 49.23587914183722], [-123.0262717934702, 49.235981638612294], [-123.02606057302377, 49.236078603716585], [-123.02584351827966, 49.23616987746419], [-123.0256209866635, 49.23625530954105], [-123.0253933446264, 49.23633475925273], [-123.02516096704119, 49.236408095756204]]}}, {"type": "Feature", "properties": {"Id": 0, "Name": "Still Creek", "Region": "L", "Type": "Stream"}, "geometry": {"type": "LineString", "coordinates": [[-123.02755911222118, 49.235158049968106], [-123.02723871609392, 49.23508437546236], [-123.02692138573354, 49.23500521633777], [-123.02660734006623, 49.23492062720978], [-123.02629679574864, 49.234830666439926], [-123.02598996701826, 49.234735396095545], [-123.02568706554555, 49.234634881906864], [-123.02547817739807, 49.23458448399242], [-123.02526608877626, 49.2345401877172], [-123.02505121506621, 49.23450207983614], [-123.02483397710536, 49.23447023498388], [-123.024614800359, 49.2344447155288], [-123.02363346706704, 49.2343854205098]]}}, {"type": "Feature", "properties": {"Id": 0, "Name": "Still Creek", "Region": "L", "Type": "Stream"}, "geometry": {"type": "LineString", "coordinates": [[-123.0427539707014, 49.238152222024695], [-123.04290532107167, 49.23793231857349], [-123.04304891322396, 49.23771019576606], [-123.04318467141728, 49.23748597092833], [-123.04331252405147, 49.237259762494844], [-123.04343240370481, 49.23703168994636], [-123.04354424716965, 49.236801873746515], [-123.04364684121015, 49.23666137925101], [-123.0437410242503, 49.236518381527056], [-123.04382665422925, 49.236373096376376], [-123.04390360199731, 49.236225743050824], [-123.04397175151047, 49.23607654392137], [-123.04403100000505, 49.235925724142504], [-123.04408125815233, 49.2357735113124], [-123.0441319953665, 49.235635975329025], [-123.04417417774181, 49.23549720574222], [-123.04420773602376, 49.23535743061937], [-123.04423261513307, 49.23521687967855], [-123.04424877425566, 49.23507578391094], [-123.04425618690935, 49.23493437520115], [-123.04425484098678, 49.23479288594613], [-123.0442519199631, 49.2346344877631], [-123.04423940886106, 49.23447629002907], [-123.04421732745517, 49.234318541624916], [-123.04418571057535, 49.2341614907222], [-123.04414460805155, 49.23400538439283], [-123.04409408463479, 49.23385046822045], [-123.04401987717422, 49.23374032252658], [-123.04393926980262, 49.23363212281391], [-123.04385238131043, 49.2335260284799], [-123.04375933973893, 49.23342219581943]]}}, {"type": "Feature", "properties": {"Id": 0, "Name": "Still Creek", "Region": "L", "Type": "Stream"}, "geometry": {"type": "LineString", "coordinates": [[-123.04519519293164, 49.24467247918589], [-123.04544930797978, 49.24448345451078], [-123.04569550162068, 49.244289989019556], [-123.04593359295578, 49.244092224940545], [-123.04616340704929, 49.24389030766051], [-123.04638477505668, 49.24368438561764], [-123.04659753434859, 49.24347461019236], [-123.04680152863033, 49.24326113559592], [-123.04699660805632, 49.24304411875691], [-123.04718262934023, 49.24282371920588], [-123.04735945585996, 49.2426000989578], [-123.04752695775778, 49.24237342239306], [-123.04768501203549, 49.2421438561364], [-123.04783350264456, 49.241911568934434], [-123.04797232057113, 49.241676731531435], [-123.04776500771239, 49.24152190104329], [-123.04756533458789, 49.241362824670695], [-123.04737350386011, 49.24119966393061], [-123.04718971022298, 49.24103258448541], [-123.04701414020448, 49.2408617559746], [-123.0468469719773, 49.24068735184241], [-123.04668837517832, 49.24050954916162], [-123.04653851073655, 49.24032852845369], [-123.04639753071008, 49.24014447350526], [-123.04626557813194, 49.239957571181606], [-123.04614278686527, 49.239768011236684], [-123.04602928146774, 49.239575986120485]]}}, {"type": "Feature", "properties": {"Id": 0, "Name": "Still Creek", "Region": "L", "Type": "Stream"}, "geometry": {"type": "LineString", "coordinates": [[-123.04797232057113, 49.241676731531435], [-123.0481773316357, 49.24144717590617], [-123.04837451431163, 49.241214699268276], [-123.04856377166577, 49.240979416031536], [-123.04874501066949, 49.2407414419894], [-123.04891814224418, 49.24050089425789], [-123.04908308130501, 49.24025789121798], [-123.04923974680261, 49.24001255245717], [-123.04938806176266, 49.239764998710726], [-123.04946691318457, 49.23969529549119], [-123.04953771554267, 49.239621981347774], [-123.04960008480867, 49.23954545397028], [-123.04965368270406, 49.23946612847673], [-123.04969821853447, 49.23938443516131], [-123.04973345076566, 49.23930081716012], [-123.04975918833283, 49.23921572804727], [-123.04977529167608, 49.23912962937433], [-123.04978167349633, 49.239042988166716], [-123.04977829922785, 49.23895627439023], [-123.04976518722461, 49.238869958401914], [-123.04976562796853, 49.238789556105964], [-123.04977590362704, 49.23870943530899], [-123.04979594810875, 49.23863011096472], [-123.04982563253762, 49.238552092905316], [-123.04986476608222, 49.23847588256499], [-123.04991309718342, 49.23840196975715], [-123.04997031517227, 49.23833082952648], [-123.05003605226747, 49.23826291909612], [-123.05010988594005, 49.238198674929244], [-123.05019134162936, 49.238138509924134], [-123.05027989579375, 49.238082810760794], [-123.05037497927557, 49.23803193541606], [-123.05046788698672, 49.23796430555737], [-123.05055252359006, 49.23789217087963], [-123.0506283815447, 49.23781596398491], [-123.05069500596296, 49.23773614189484], [-123.05075199733764, 49.23765318330966], [-123.05079901393718, 49.23756758573694], [-123.05083577385389, 49.2374798625079], [-123.05086205669357, 49.23739053969856], [-123.05087770489588, 49.23730015297486], [-123.05088262467797, 49.237209244380026], [-123.05087678659538, 49.23711835908397], [-123.05086022571734, 49.23702804211391], [-123.05083304141499, 49.23693883508598], [-123.05079539676406, 49.23685127295727], [-123.05079278028411, 49.236746708951934], [-123.05078085695324, 49.23664242276219], [-123.05075966740469, 49.23653876927018], [-123.05072928380316, 49.23643610120286], [-123.05068980959845, 49.23633476793162], [-123.05064137917262, 49.23623511428364], [-123.05058415738209, 49.23613747936832], [-123.05051833899593, 49.23604219542371], [-123.04897513161906, 49.23387230202596], [-123.04887073329077, 49.233729174230405], [-123.04877617111646, 49.233583144215274], [-123.04869163260003, 49.23343450167336], [-123.04861728535582, 49.233283541477576], [-123.04855327677676, 49.23313056309585], [-123.04849973374279, 49.23297586999691], [-123.04845676236978, 49.23281976904821], [-123.04842444779975, 49.23266256990711], [-123.04840285403282, 49.23250458440648], [-123.04839202380104, 49.23234612593615], [-123.04839197848445, 49.23218750882116], [-123.04839104861236, 49.23123550958127], [-123.04834100789941, 49.23110628722312], [-123.04828043034917, 49.2309790137841], [-123.04820949129025, 49.2308540574607], [-123.0481283960221, 49.23073177974337], [-123.04803737922039, 49.23061253437089], [-123.04793670425735, 49.23049666630724], [-123.04782666243919, 49.23038451074386], [-123.0477075721628, 49.23027639213017], [-123.04757977799419, 49.230172623235276], [-123.04744364967132, 49.230073504243286], [-123.0472995810342, 49.22997932188534], [-123.04617943364421, 49.22908489511077], [-123.04604513709675, 49.22901393552296], [-123.04591660379133, 49.2289385369989], [-123.04579417539705, 49.22885889997979], [-123.04567817734899, 49.2287752361735], [-123.04556891798298, 49.22868776799171], [-123.04546668771621, 49.22859672795842], [-123.04537175827528, 49.22850235809171], [-123.04528438197408, 49.228404909260185], [-123.04520479104349, 49.22830464051596], [-123.04460825607659, 49.22768607225664]]}}, {"type": "Feature", "properties": {"Id": 0, "Name": "Still Creek", "Region": "L", "Type": "Stream"}, "geometry": {"type": "LineString", "coordinates": [[-123.04078984979704, 49.25856136485499], [-123.04087232262943, 49.258520693561536], [-123.04096054709267, 49.25848557157183], [-123.04105365471389, 49.25845634461886], [-123.04115072895675, 49.25843330040564], [-123.04125081424293, 49.258416665773446], [-123.04135292535769, 49.25840660446911], [-123.04145605714702, 49.2584032155333], [-123.04159134627211, 49.258406180356694], [-123.04172593614358, 49.25841564803838], [-123.04185909815018, 49.25843156732437], [-123.04199011140874, 49.25845385203455], [-123.04211826666608, 49.258482381528864], [-123.0422428701378, 49.258517001360524], [-123.04236324726341, 49.25855752411174], [-123.04247874635774, 49.25860373040827], [-123.04258874213828, 49.25865537010674], [-123.04269263910999, 49.25871216364855], [-123.04294734436353, 49.25887494534059], [-123.04320813454603, 49.259033546429585], [-123.04347484956287, 49.25918786951833], [-123.04356660031864, 49.259235725328985], [-123.0436647741631, 49.25927776813931], [-123.04376851423618, 49.25931363099382], [-123.04387691508852, 49.25934300087577], [-123.04398903058537, 49.259365621439606], [-123.04410388216517, 49.25938129524874], [-123.04422046738205, 49.25938988549906]]}}, {"type": "Feature", "properties": {"Id": 0, "Name": "Still Creek", "Region": "L", "Type": "Stream"}, "geometry": {"type": "LineString", "coordinates": [[-123.04422046738205, 49.25938988549906], [-123.04432935536067, 49.259359456715586], [-123.04443416942637, 49.259323417074604], [-123.0445342359956, 49.25928199818671], [-123.04462891199945, 49.25923546623186], [-123.04471758901664, 49.2591841202485], [-123.04479969718369, 49.25912829021159], [-123.04487470885708, 49.25906833491168], [-123.0457470615934, 49.258687194748845], [-123.04588869274252, 49.25862297160718], [-123.0460362526352, 49.25856474713714], [-123.04618914904361, 49.25851275501349], [-123.04634676832872, 49.258467203897695], [-123.04650847790265, 49.25842827660088], [-123.04667362876678, 49.25839612935023], [-123.04684155811589, 49.25837089116226], [-123.04701159199728, 49.258352663325155], [-123.04718304801489, 49.258341518992445], [-123.04778301217809, 49.25832937248207], [-123.04792152381133, 49.25833207269798], [-123.04805999502265, 49.25832859599363], [-123.04819778354538, 49.25831895849489], [-123.04833425028009, 49.25830320490306], [-123.04846876225967, 49.258281408287424], [-123.0486006955858, 49.258253669746246], [-123.04872943832335, 49.258220117937796], [-123.04885439333938, 49.25818090848342], [-123.04897498107313, 49.25813622324558], [-123.04909064222461, 49.258086269484195], [-123.04920084034916, 49.25803127889501], [-123.04953842591445, 49.257832004157116], [-123.04987156176657, 49.25762954767362], [-123.05020017794827, 49.25742395199276], [-123.05031020483683, 49.25733209071099], [-123.05042617864169, 49.257243418965196], [-123.0505478837705, 49.25715810156997], [-123.05067509398175, 49.25707629710435], [-123.05080757280517, 49.25699815761712], [-123.05094507398123, 49.25692382834434], [-123.0514901441371, 49.25659038829324]]}}, {"type": "Feature", "properties": {"Id": 0, "Name": "Still Creek", "Region": "L", "Type": "Stream"}, "geometry": {"type": "LineString", "coordinates": [[-123.04422046738205, 49.25938988549906], [-123.0443955869844, 49.25941997773282], [-123.04457274952014, 49.25944441654747], [-123.04475152919545, 49.25946314320629], [-123.04493149632815, 49.25947611270122], [-123.04511221838085, 49.25948329386106], [-123.04529326100094, 49.25948466942643], [-123.04571276218334, 49.259540120112554], [-123.04613102066583, 49.259599457548966], [-123.04654795241663, 49.25966266981472], [-123.04689345854142, 49.25972202978805], [-123.04697884639795, 49.2597243837278], [-123.04706325052119, 49.25973316401323], [-123.04714554568834, 49.25974825359115], [-123.04722463478957, 49.259769451296705], [-123.0472994634527, 49.259796474535065], [-123.04736903409876, 49.259828963048335], [-123.04743241924037, 49.25986648371815], [-123.04748877384617, 49.25990853633913], [-123.04753734660663, 49.25995456028713], [-123.04757748995019, 49.26000394199263], [-123.04760866867744, 49.26005602312022], [-123.04763046709708, 49.26011010934482], [-123.04764259456923, 49.26016547960797], [-123.04764488938153, 49.260221395730355], [-123.047637320907, 49.26027711225305], [-123.04761999001383, 49.26033188637557], [-123.0475931277226, 49.26038498785894], [-123.04755709212786, 49.26043570876123], [-123.04751236362556, 49.26048337287597], [-123.04743231358687, 49.260573753803946], [-123.04734471881694, 49.260661086021464], [-123.04724984958177, 49.26074510003378], [-123.04714799859958, 49.26082553658429], [-123.04703948013817, 49.26090214745478], [-123.04692462904497, 49.260974696231514], [-123.04680379971413, 49.26104295903498], [-123.04665822844835, 49.261106219552886], [-123.04651720047252, 49.26117374491874], [-123.04638100726645, 49.261245395578655], [-123.04624993032164, 49.26132102345238], [-123.04612424055945, 49.261400472239316], [-123.04600419777125, 49.261483577741366], [-123.04588778252395, 49.261574228888534], [-123.04577878463387, 49.26166874782143], [-123.04567750360688, 49.26176687485699], [-123.04558421775255, 49.26186834039757], [-123.04549918341903, 49.2619728656716], [-123.04542263428822, 49.262080163499185], [-123.04535478073353, 49.262189939081104], [-123.0452958092412, 49.26230189080857], [-123.04524588189739, 49.26241571109175], [-123.0452051359423, 49.26253108720483], [-123.04514636089517, 49.26280163575846], [-123.04507992901102, 49.26307142438563], [-123.04500586301684, 49.26334036028168], [-123.04491799979375, 49.26348909065015], [-123.04483887402974, 49.26363990732676], [-123.04476860110614, 49.263792590543304], [-123.04470728350714, 49.263946917809605], [-123.04465501066969, 49.264102664237704], [-123.04461185885299, 49.26425960286955], [-123.04457789102666, 49.26441750500754], [-123.04455315677862, 49.26457614054793], [-123.04453769224226, 49.26473527831594], [-123.04453152004332, 49.26489468640277], [-123.04453464926627, 49.2650541325034], [-123.04456836452916, 49.26536008242375], [-123.04459191620508, 49.26566643944094], [-123.04460529298979, 49.26597305896792], [-123.04460848838082, 49.266279796290995], [-123.04462019246719, 49.266402449416574], [-123.04464128793914, 49.26652456358842], [-123.04467172169981, 49.26664583104681], [-123.0447114171159, 49.26676594616377], [-123.04476027421018, 49.2668846062134], [-123.04481816991256, 49.26700151213477], [-123.04488495836998, 49.26711636928588], [-123.04496047131327, 49.2672288881863], [-123.0450445184806, 49.267338785246864], [-123.04513688809665, 49.26744578348457]]}}, {"type": "Feature", "properties": {"Id": 0, "Name": "", "Region": "", "Type": "Stream"}, "geometry": {"type": "LineString", "coordinates": [[-123.07952592613135, 49.272632255566265], [-123.07963835217386, 49.272922916577095], [-123.07976137955808, 49.27321173343933], [-123.07989493796485, 49.27349854063891], [-123.08003895103597, 49.273783173810656], [-123.08019333641768, 49.27406546983249], [-123.08035800580735, 49.274345266918964]]}}, {"type": "Feature", "properties": {"Id": 0, "Name": "", "Region": "", "Type": "Stream"}, "geometry": {"type": "LineString", "coordinates": [[-123.08396333597909, 49.276884523191725], [-123.08402217169248, 49.27698589424218], [-123.08407207438923, 49.27708929593664], [-123.08411288152953, 49.27719439159879], [-123.08414446018608, 49.27730083903449], [-123.08416670747745, 49.27740829164607], [-123.08417955090407, 49.2775163995607], [-123.08418294858487, 49.27762481076953], [-123.08417688939454, 49.27773317227393], [-123.0841613930006, 49.27784113123474], [-123.08407909105088, 49.278120256415974], [-123.08398773161471, 49.278398172937244], [-123.08394642472484, 49.27851314904708], [-123.08389527586226, 49.27862641867412], [-123.08383444766424, 49.27873762150844], [-123.08376413356164, 49.27884640381217], [-123.08368455716447, 49.27895241954486], [-123.0835959715511, 49.279055331464505], [-123.08346390725471, 49.27923709705801], [-123.08332545458747, 49.279416816481515], [-123.08318068750049, 49.27959439365254], [-123.08302968332329, 49.27976973363287]]}}, {"type": "Feature", "properties": {"Id": 0, "Name": "", "Region": "", "Type": "Stream"}, "geometry": {"type": "LineString", "coordinates": [[-123.09349499732308, 49.27540209166735], [-123.09082494654679, 49.277303446034274]]}}, {"type": "Feature", "properties": {"Id": 0, "Name": "", "Region": "", "Type": "Stream"}, "geometry": {"type": "LineString", "coordinates": [[-123.09457611658446, 49.27581532856602], [-123.0945273151781, 49.27590223914583], [-123.09446934323181, 49.27598670379304], [-123.09440248460575, 49.276068308858456], [-123.09432706668574, 49.2761466546951], [-123.09424345878034, 49.27622135761574], [-123.09415207031294, 49.27629205177203], [-123.094053348817, 49.27635839094659], [-123.09373400434076, 49.27662650258864], [-123.09340775024938, 49.27689102995351], [-123.09307468041507, 49.277151896840536], [-123.09273489067797, 49.277409028102355], [-123.09259277627011, 49.27753996953246], [-123.09244248964659, 49.2776669451831], [-123.09228428897403, 49.2777897368797], [-123.09211844602353, 49.27790813363518], [-123.09194524570366, 49.27802193201255], [-123.09176498557107, 49.27813093647471]]}}, {"type": "Feature", "properties": {"Id": 0, "Name": "", "Region": "", "Type": "Stream"}, "geometry": {"type": "LineString", "coordinates": [[-123.09872664744137, 49.276341402612765], [-123.09874171712336, 49.27644772645419], [-123.0987487118307, 49.276554408367346], [-123.09874761430852, 49.27666118598158], [-123.09873842720376, 49.27676779668914], [-123.09872117305895, 49.27687397829113], [-123.09869589425759, 49.276979469642306], [-123.09866265292014, 49.27708401129339], [-123.09861156042884, 49.27720864306477], [-123.09856998071963, 49.27733477972558], [-123.09853801625766, 49.27746211065816], [-123.09851574583212, 49.277590322301435], [-123.09850322436135, 49.27771909892317], [-123.09850048275706, 49.277848123397305], [-123.0985095468945, 49.277983220696015], [-123.09850782678038, 49.278118443406456], [-123.0984953270107, 49.27825342327952], [-123.09847208153803, 49.27838779272441], [-123.09843815358009, 49.278521185809794], [-123.0983936354484, 49.27865323926029], [-123.0983386482979, 49.27878359344596], [-123.09825771710288, 49.27893694492399], [-123.09816814484832, 49.279088226278674], [-123.09807005480533, 49.27923722918088], [-123.09796358197845, 49.27938374843724], [-123.09784887292, 49.27952758227289], [-123.09772608552866, 49.27966853260934], [-123.09759538883252, 49.279806405337446], [-123.09745696275618, 49.27994101058473]]}}, {"type": "Feature", "properties": {"Id": 0, "Name": "", "Region": "", "Type": "Stream"}, "geometry": {"type": "LineString", "coordinates": [[-123.1200518415294, 49.27578643235204], [-123.12021141772962, 49.276028896573315], [-123.1203617617145, 49.27627387386115], [-123.12050278099944, 49.27652121374117], [-123.12063438882353, 49.276770764285544], [-123.12075650420302, 49.27702237220629], [-123.12086905198142, 49.277275882949304], [-123.12097196287598, 49.277531140789286], [-123.12106517352069, 49.27778798892537], [-123.12114862650542, 49.27804626957736], [-123.12120742680318, 49.27843088318321], [-123.12125731768099, 49.27881603528073], [-123.12129828748715, 49.27920163752754], [-123.12133032661554, 49.279587601475946], [-123.1213534275078, 49.27997383859325]]}}, {"type": "Feature", "properties": {"Id": 0, "Name": "", "Region": "", "Type": "Stream"}, "geometry": {"type": "LineString", "coordinates": [[-123.12584025615665, 49.27290247826746], [-123.12578467179549, 49.273117906916646], [-123.12573965552494, 49.27333438945967], [-123.12570525362882, 49.27355170398693], [-123.12568150151196, 49.2737696277331], [-123.12566842366347, 49.27398793730536], [-123.1256506053375, 49.27426911455711], [-123.12564096011921, 49.274550462629044], [-123.12563949163469, 49.27483187981889], [-123.12564620055429, 49.275113264397575], [-123.12566108459227, 49.27539451464613], [-123.12567509497241, 49.27558704901294], [-123.12569874256991, 49.27577917947949], [-123.12573200208644, 49.2759706995926], [-123.12577483789401, 49.27616140355254], [-123.12582720407292, 49.27635108643427], [-123.12591726967052, 49.27649279738329], [-123.12601221974847, 49.27663313679885], [-123.12611200559643, 49.276772032624365]]}}, {"type": "Feature", "properties": {"Id": 0, "Name": "", "Region": "", "Type": "Stream"}, "geometry": {"type": "LineString", "coordinates": [[-123.14285720943093, 49.288609598318814], [-123.1427235709615, 49.288704227681855], [-123.14258207678913, 49.28879383775061], [-123.14243316678338, 49.288878149923946], [-123.14227730387711, 49.28895690207076], [-123.14211497262724, 49.28902984934508], [-123.14194667770818, 49.28909676494773], [-123.14177294234236, 49.28915744083157], [-123.14159430667343, 49.28921168834866], [-123.14141132608627, 49.2892593388369], [-123.14122456948003, 49.289300244144755], [-123.1410346174985, 49.289334277091925], [-123.1408420607245, 49.28936133186503], [-123.14064749784272, 49.28938132434662], [-123.14045153377786, 49.28939419237692], [-123.14025477781287, 49.28939989594712], [-123.14005784169395, 49.289398417323845], [-123.13972903305257, 49.28939939104243], [-123.1394003332436, 49.289393773115926], [-123.13907205108593, 49.28938156882229], [-123.13874449500565, 49.28936278962754], [-123.13841797274586, 49.28933745317483], [-123.13809279107706, 49.289305583267925], [-123.13785470259862, 49.28927936756689], [-123.13761868462335, 49.28924609237205], [-123.13738522613994, 49.28920582662436], [-123.13715481083094, 49.289158653747904], [-123.13692791607014, 49.289104671476956]]}}, {"type": "Feature", "properties": {"Id": 0, "Name": "", "Region": "", "Type": "Stream"}, "geometry": {"type": "LineString", "coordinates": [[-123.13692791607014, 49.289104671476956], [-123.13694868678633, 49.288925212159555], [-123.13695986224727, 49.28874538779418], [-123.13696142892026, 49.28856541782158], [-123.13695338499835, 49.28838552185777], [-123.13693574040224, 49.28820591942611], [-123.1369085167674, 49.288026829689365], [-123.13687174741747, 49.28784847118233], [-123.1368254773228, 49.287671061545176], [-123.13676976304532, 49.28749481725794], [-123.13670467266884, 49.28731995337634]]}}, {"type": "Feature", "properties": {"Id": 0, "Name": "", "Region": "", "Type": "Stream"}, "geometry": {"type": "LineString", "coordinates": [[-123.13692791607014, 49.289104671476956], [-123.13675115879194, 49.28904834410259], [-123.13657029984155, 49.28899789470317], [-123.1363857957088, 49.28895345061041], [-123.13619811207973, 49.28891512399862], [-123.13600772266173, 49.28888301160173], [-123.13581510798835, 49.288857194469216], [-123.135620754207, 49.28883773776164], [-123.1354251518524, 49.288824690586246], [-123.1352287946092, 49.28881808587315], [-123.13503217806641, 49.28881794029215], [-123.13483579846717, 49.28882425421075], [-123.13464015145692, 49.28883701169322], [-123.134445730833, 49.28885618054074], [-123.13425302729877, 49.28888171237275]]}}, {"type": "Feature", "properties": {"Id": 0, "Name": "Beaver Creek", "Region": "M", "Type": "Stream"}, "geometry": {"type": "LineString", "coordinates": [[-123.13810088142806, 49.304911700441345], [-123.1380753457347, 49.305020914666436], [-123.13803950692495, 49.305128883945585], [-123.13799350274819, 49.305235193088265], [-123.1379375100474, 49.30533943328525], [-123.13787174408009, 49.305441203680886], [-123.13779645769137, 49.30554011291469], [-123.13771194034244, 49.30563578062655], [-123.13761851699815, 49.30572783891964], [-123.13751654687785, 49.30581593377537], [-123.13740642207469, 49.305899726415085], [-123.13728856604796, 49.30597889460313], [-123.13713464805805, 49.306098027453615], [-123.13697261913345, 49.306212469548456], [-123.13680281318577, 49.306321985005], [-123.13662558016327, 49.306426348093545], [-123.13644128532964, 49.306525343702894], [-123.13625030851132, 49.30661876778396], [-123.13605304331433, 49.30670642777052], [-123.13584989631308, 49.30678814297635], [-123.13564128621198, 49.30686374496784], [-123.1354276429823, 49.30693307791133]]}}, {"type": "Feature", "properties": {"Id": 0, "Name": "", "Region": "", "Type": "Stream"}, "geometry": {"type": "LineString", "coordinates": [[-123.13939598643596, 49.30959868391242], [-123.13918822507706, 49.30967408312343], [-123.13898543238642, 49.3097550594589], [-123.13878795836457, 49.30984147317147], [-123.13859614383841, 49.30993317512929], [-123.13841031987324, 49.3100300070733], [-123.13823080720137, 49.31013180189008], [-123.13805791566871, 49.3102383839003], [-123.13789194370014, 49.31034956916155], [-123.1377331777842, 49.31046516578577], [-123.13758189197875, 49.310584974270206], [-123.13743834743777, 49.31070878784161], [-123.13730279196048, 49.310836392812895]]}}, {"type": "Feature", "properties": {"Id": 0, "Name": "Beaver Creek", "Region": "M", "Type": "Stream"}, "geometry": {"type": "LineString", "coordinates": [[-123.14158789080975, 49.30346759902221], [-123.14177410803926, 49.30337883536579], [-123.14196533883617, 49.303294753660644], [-123.14216130805727, 49.30321547487292], [-123.14236173374636, 49.30314111305833], [-123.14256632753998, 49.303071775198234], [-123.14277479508203, 49.303007561045746], [-123.14298683644701, 49.30294856298243], [-123.14320214657137, 49.302894865885335], [-123.14342041569222, 49.30284654700511], [-123.14370896423526, 49.302786857058074], [-123.1440005773717, 49.302733918335214], [-123.14429488587112, 49.30268779786411], [-123.1445915170938, 49.3026485540393], [-123.14489009546203, 49.302616236548445], [-123.14570519465296, 49.302567612323614]]}}, {"type": "Feature", "properties": {"Id": 0, "Name": "Beaver Creek", "Region": "M", "Type": "Stream"}, "geometry": {"type": "LineString", "coordinates": [[-123.14044593169454, 49.30462248463577], [-123.14082391195517, 49.30476621329116], [-123.14120652773774, 49.30490459933788], [-123.14159360245758, 49.30503757889473], [-123.14171118896932, 49.30510287087107], [-123.14182137545842, 49.305173466628844], [-123.14192360371105, 49.305249008544926], [-123.14201735582093, 49.30532911393826], [-123.14210215681342, 49.30541337700823], [-123.14217757705207, 49.30550137089001], [-123.14224323441577, 49.305592649816724], [-123.14229879623531, 49.30568675137731], [-123.1423439809795, 49.305783198858876], [-123.1423785596826, 49.30588150366142], [-123.14274672400715, 49.3073328306068]]}}, {"type": "Feature", "properties": {"Id": 0, "Name": "Beaver Creek", "Region": "M", "Type": "Stream"}, "geometry": {"type": "LineString", "coordinates": [[-123.14274672400715, 49.3073328306068], [-123.14271166555794, 49.307452309547806], [-123.14268690785934, 49.30757288587153], [-123.14267252888541, 49.30769418019295], [-123.1426685739554, 49.30781581086521], [-123.14267505559039, 49.30793739518029], [-123.14269195347276, 49.30805855057327], [-123.14271921450934, 49.30817889582601], [-123.1427567529973, 49.30829805226678], [-123.14280445089311, 49.30841564496179], [-123.14290968704002, 49.308592527811996], [-123.14302446724732, 49.30876685464091], [-123.14314864671549, 49.308938405376786], [-123.14328206877438, 49.30910696345025], [-123.14342456508075, 49.30927231606769], [-123.14357595583033, 49.30943425448009], [-123.14373604998447, 49.30959257424673]]}}, {"type": "Feature", "properties": {"Id": 0, "Name": "Beaver Creek", "Region": "M", "Type": "Stream"}, "geometry": {"type": "LineString", "coordinates": [[-123.14274672400715, 49.3073328306068], [-123.14297877388661, 49.307479810697025], [-123.14321666221147, 49.307622745058694], [-123.1434602240853, 49.30776153458472], [-123.14370929067337, 49.30789608304109], [-123.14396368931983, 49.308026297133786], [-123.14422324366744, 49.308152086573415], [-123.14440413235289, 49.30824896686309], [-123.14459050803359, 49.30834129398806], [-123.14478210280706, 49.30842893521974], [-123.14497864126345, 49.30851176456526], [-123.14517984088148, 49.30858966294875], [-123.14538541243479, 49.30866251838252], [-123.14559506040783, 49.308730226128276], [-123.14580848342084, 49.30879268884765], [-123.14598469357401, 49.30884692133933], [-123.14616429649975, 49.308896166580595], [-123.14634696220179, 49.30894033408749], [-123.14653235505344, 49.30897934270575], [-123.14672013441455, 49.30901312075998], [-123.14690995525763, 49.309041606185374], [-123.14710146880215, 49.30906474664193]]}}, {"type": "Feature", "properties": {"Id": 0, "Name": "", "Region": "", "Type": "Stream"}, "geometry": {"type": "LineString", "coordinates": [[-123.13094244043495, 49.29807682314687], [-123.13093944496568, 49.2982094305899], [-123.13094629360145, 49.2983419768458], [-123.13096297028109, 49.298474149541335], [-123.13098943578073, 49.29860563718115], [-123.1310256278057, 49.29873612988193], [-123.13107146113634, 49.29886532010277], [-123.13112682782847, 49.29899290337001], [-123.13136467242359, 49.299480527490005], [-123.13138006338829, 49.299598117718546], [-123.1313869560709, 49.29971605182097], [-123.13138533506726, 49.299834067272485], [-123.13137520392486, 49.2999519013653], [-123.13135658513549, 49.300069291793534], [-123.13132952008574, 49.300185977237035], [-123.13129406896535, 49.300301697943205], [-123.1311133670306, 49.30077789737583]]}}, {"type": "Feature", "properties": {"Id": 0, "Name": "", "Region": "", "Type": "Stream"}, "geometry": {"type": "LineString", "coordinates": [[-123.1452972991729, 49.29631038606707], [-123.14542154999664, 49.29662328373264], [-123.14553893170465, 49.29693731393447], [-123.14564942005413, 49.29725241216637], [-123.14577960101357, 49.29745816365739], [-123.14591775182348, 49.29766168032829], [-123.14606378297152, 49.29786283017036], [-123.14621759983054, 49.298061482708455], [-123.14637910271951, 49.298257509085815], [-123.14654818696818, 49.298450782147604]]}}, {"type": "Feature", "properties": {"Id": 0, "Name": "", "Region": "", "Type": "Stream"}, "geometry": {"type": "LineString", "coordinates": [[-123.13505227860605, 49.29453783306551], [-123.13511451318521, 49.29442497632762], [-123.13516789782582, 49.2943101967924], [-123.13521229461648, 49.294193791109514], [-123.13524758887749, 49.29407606012936], [-123.13527368945684, 49.29395730812542], [-123.135290528965, 49.29383784200782], [-123.13531349057709, 49.29363081428877], [-123.13532739463811, 49.29342344186812], [-123.13533222989855, 49.293215894227345], [-123.13532799252089, 49.29300834098906], [-123.13531468608244, 49.29280095177829], [-123.1352923215719, 49.292593896083915], [-123.13526091738007, 49.29238734312015], [-123.1352204992845, 49.29218146168822]]}}, {"type": "Feature", "properties": {"Id": 0, "Name": "", "Region": "", "Type": "Stream"}, "geometry": {"type": "LineString", "coordinates": [[-123.1257819856677, 49.28943610927146], [-123.12561484101116, 49.289359308689384], [-123.12545421023745, 49.28927677499813], [-123.12530055242817, 49.28918874409536], [-123.12515430672784, 49.289095467589654], [-123.12501589108876, 49.28899721208101], [-123.1248857010766, 49.28889425839866], [-123.12476410873991, 49.288786900798186], [-123.12465146154713, 49.28867544612016], [-123.12454808139383, 49.288560212913076], [-123.12445426368312, 49.288441530522555], [-123.12437027648208, 49.28831973814989], [-123.12429635975607, 49.28819518388236], [-123.12423272468365, 49.28806822369822], [-123.12417955305389, 49.287939220449175], [-123.12413699674761, 49.28780854282312], [-123.12410517730412, 49.28767656429038], [-123.12408418557493, 49.287543662036235], [-123.124074081465, 49.2874102158829]]}}, {"type": "Feature", "properties": {"Id": 0, "Name": "Tyndall's Creek (Tindal's Creek)", "Region": "N", "Type": "Stream"}, "geometry": {"type": "LineString", "coordinates": [[-123.1189430176679, 49.28835520093434], [-123.11884734629979, 49.288207730678], [-123.11876081454311, 49.288057864108914], [-123.11868356218405, 49.287905843471044], [-123.11861571400597, 49.287751914487956], [-123.11855737958835, 49.287596325965566], [-123.11850865313004, 49.287439329389855], [-123.11846961329769, 49.28728117852033], [-123.11844032309905, 49.287122128979824], [-123.11842082978193, 49.28696243784127], [-123.11841116475813, 49.28680236321211], [-123.11841134355359, 49.28664216381717], [-123.11844113376216, 49.28654911368932], [-123.11847784620663, 49.28645712815448], [-123.11852139295685, 49.28636642743156], [-123.1185716697226, 49.28627722866231], [-123.11862855610352, 49.28618974539161], [-123.11868498401101, 49.286117465349385], [-123.11873257676596, 49.28604251421919], [-123.11877104151289, 49.285965353266675], [-123.1188001415755, 49.285886457355076], [-123.11881969791254, 49.285806312022636], [-123.11882959021825, 49.285725410494344], [-123.11882975766189, 49.28564425064656], [-123.11882019926075, 49.285563331942875], [-123.11880097388514, 49.2854831523605], [-123.11877219989493, 49.28540420532564], [-123.11874462000551, 49.285304820928744], [-123.11872609814642, 49.2852045415324], [-123.11871669945528, 49.28510372009791], [-123.11871645695736, 49.28500271149226], [-123.11872537145015, 49.28490187123911], [-123.11874341150133, 49.284801554267375], [-123.11877051356014, 49.28470211366208], [-123.11879831491146, 49.28456788391498], [-123.11883654100335, 49.28443475592284], [-123.11888509233292, 49.28430307592739], [-123.11894384254613, 49.284173186401674], [-123.11901263876709, 49.28404542515941], [-123.11909130199649, 49.28392012447655], [-123.11917962757782, 49.28379761022728], [-123.11927738573036, 49.28367820103659], [-123.11934975660526, 49.28358260321499], [-123.11942949452774, 49.28348954750183], [-123.11951639143503, 49.28339927666271], [-123.11961022059155, 49.283312026196704], [-123.1197107371806, 49.28322802372214], [-123.11981767894343, 49.283147488382845], [-123.11993076686356, 49.28307063027665]]}}, {"type": "Feature", "properties": {"Id": 0, "Name": "", "Region": "", "Type": "Stream"}, "geometry": {"type": "LineString", "coordinates": [[-123.10852093417965, 49.2848478527213], [-123.1086252539128, 49.284514364545515], [-123.10873595257074, 49.28418175764855], [-123.10885301264534, 49.283850084249515], [-123.10897641563086, 49.28351939641995], [-123.10907258268568, 49.283397464761755], [-123.10917759954239, 49.283278698826635], [-123.10929122324896, 49.283163373303545], [-123.10941319095245, 49.28305175492239], [-123.10954322050722, 49.2829441018373], [-123.10968101112788, 49.28284066302966], [-123.10982624408513, 49.282741677732524], [-123.10997858344318, 49.282647374877506], [-123.11008461949322, 49.28258962178579], [-123.11019711311612, 49.28253735842026], [-123.11031540177197, 49.282490892581094], [-123.11043878879786, 49.282450497923726], [-123.11056654751017, 49.28241641234737], [-123.11069792548383, 49.282388836594244], [-123.11083214898306, 49.28236793306762], [-123.11096842751712, 49.282353824875436], [-123.11110595849509, 49.282346595105544], [-123.11124393195153, 49.2823462863364], [-123.11142926975162, 49.28237538296391], [-123.11161234798332, 49.2824100659534], [-123.11179277345552, 49.28245026081813], [-123.11197015867167, 49.28249588123375], [-123.1121441226616, 49.28254682922338], [-123.11231429179949, 49.28260299536816], [-123.11248030060591, 49.28266425904191], [-123.11264179253264, 49.28273048867033]]}}, {"type": "Feature", "properties": {"Id": 0, "Name": "", "Region": "", "Type": "Educated Guess"}, "geometry": {"type": "LineString", "coordinates": [[-123.11264179253264, 49.28273048867033], [-123.1127637423676, 49.282806108500466], [-123.11289051505354, 49.28287825420203], [-123.11302187953756, 49.282946794272426], [-123.11315759639407, 49.28301160378062], [-123.1132974182613, 49.28307256459503], [-123.11339629029204, 49.28311962669285], [-123.11350062044744, 49.28316134226084], [-123.11360973475298, 49.28319744181073], [-123.11372292832306, 49.283227692133934], [-123.11383946991496, 49.28325189780848], [-123.11395860665358, 49.283269902461456], [-123.11407956889572, 49.283281589779556], [-123.11420157520305, 49.28328688426051], [-123.11432383739114, 49.28328575170102]]}}, {"type": "Feature", "properties": {"Id": 0, "Name": "", "Region": "", "Type": "Stream"}, "geometry": {"type": "LineString", "coordinates": [[-123.11432383739114, 49.28328575170102], [-123.1144413080727, 49.28328916634467], [-123.11455878608659, 49.283285861421085], [-123.11467537498842, 49.283275862149296], [-123.11479018511949, 49.283259244831136], [-123.11490234039657, 49.2832361362689], [-123.11501098499801, 49.2832067127976], [-123.11511528989517, 49.28317119893922], [-123.1152144591792, 49.28312986568913], [-123.115307736135, 49.28308302844805], [-123.11539440901565, 49.28303104461481], [-123.11547381647382, 49.282974310859046], [-123.11554535260812, 49.282913260093814], [-123.1160247666918, 49.282570062805945], [-123.11612257133756, 49.282524327048776], [-123.11622609077187, 49.28248433514221], [-123.1163345389452, 49.282450390750135], [-123.11644709238895, 49.28242275161627], [-123.11656289646743, 49.28240162760734], [-123.11668107186634, 49.282387179119894], [-123.1168007212688, 49.282379515862445], [-123.1169209361674, 49.28237869602268], [-123.11704080376158, 49.282384725825665], [-123.11715941388758, 49.2823975594866], [-123.11836045928652, 49.282610533575436]]}}, {"type": "Feature", "properties": {"Id": 0, "Name": "", "Region": "", "Type": "Shoreline"}, "geometry": {"type": "LineString", "coordinates": [[-123.15280220010212, 49.275362072973614], [-123.15268190172416, 49.27545936823544], [-123.15256968432098, 49.27556071306298], [-123.15246586575276, 49.275665820438554], [-123.15237074009923, 49.27577439268678], [-123.15228457682616, 49.27588612231736], [-123.15220762002178, 49.27600069289585], [-123.15217282567394, 49.276084321627074], [-123.15214803699367, 49.27616946256744], [-123.15213340300426, 49.27625560404942], [-123.15212901170456, 49.276342228389865], [-123.15213488953881, 49.276428815001196], [-123.15215100123645, 49.276514843519756], [-123.15212374541454, 49.27711463474655], [-123.15213082800578, 49.27716890305166], [-123.15212783665375, 49.277223333666626], [-123.15211481515826, 49.27727712900973], [-123.15209195429404, 49.27732950080546], [-123.15205958901701, 49.27737968163536], [-123.15201819355804, 49.27742693618362], [-123.15196837447499, 49.27747057201211], [-123.15191086176587, 49.277509949707394], [-123.15184649817255, 49.27754449225074], [-123.1517762268321, 49.277573693473904], [-123.15170107745634, 49.277597125476674], [-123.15162215124255, 49.277614444897644], [-123.15154060473624, 49.27762539794592], [-123.15145763288253, 49.27762982412034], [-123.15137445151461, 49.27762765856169], [-123.15129227953612, 49.277618933003076], [-123.15121232105828, 49.27760377530494], [-123.1511357477542, 49.277582407581306], [-123.15096282645165, 49.27756864229968], [-123.15079138125041, 49.277548466369616], [-123.15062196690644, 49.27752194507574], [-123.150455131602, 49.27748916423472], [-123.15029141517127, 49.277450229917505], [-123.14972321271432, 49.27736177835518], [-123.14915593556671, 49.277270822649655], [-123.14896984262356, 49.27723682358957], [-123.14878144764145, 49.277208772138266], [-123.14859119438061, 49.27718673436994], [-123.14839953097625, 49.27717076219371], [-123.14820690888368, 49.277160893231404], [-123.14801378181518, 49.27715715072899], [-123.14782060467202, 49.27715954350183], [-123.14762783247332, 49.277168065913905], [-123.14727402764846, 49.27718370695886], [-123.14692087220169, 49.27720471180561], [-123.14656855603155, 49.277231069159505], [-123.14621726858614, 49.27726276484781], [-123.14586719876141, 49.27729978182715], [-123.14551853479969, 49.2773421001928], [-123.14530589445111, 49.27738569443777], [-123.14509036443843, 49.27742271950164], [-123.14487241859624, 49.27745309398525], [-123.14465253607322, 49.27747675111047], [-123.14443120027828, 49.277493638867156], [-123.14420889781705, 49.27750372012753], [-123.14398611742172, 49.27750697272789], [-123.14376334887567, 49.27750338951727], [-123.14354108193639, 49.277492978373296], [-123.14331980525786, 49.277475762184764], [-123.14310000531577, 49.277451778801336], [-123.14288216533744, 49.27742108095028], [-123.14266676423883, 49.27738373612048], [-123.14247484078766, 49.27732334807616], [-123.14228680640659, 49.27725793227562], [-123.14210296862522, 49.27718759571153], [-123.14192362810547, 49.27711245342439], [-123.14174907814983, 49.27703262831424], [-123.14132995281189, 49.27674839094326], [-123.1409071813725, 49.2764664761046], [-123.14048079393756, 49.27618690383264], [-123.14041154328036, 49.27611954873539], [-123.14034822737612, 49.27604973825086], [-123.1402910489991, 49.27597769598067], [-123.14023830609287, 49.275903681083975], [-123.14019375738819, 49.275827395502546], [-123.14015762929515, 49.27574922700855], [-123.14013010541774, 49.275669572943535], [-123.14011132562125, 49.27558883819846], [-123.14010138532215, 49.275507433155525], [-123.14010033500405, 49.27542577160215], [-123.1401048821752, 49.27505664399168], [-123.14011782825428, 49.274687601568445], [-123.14013917018353, 49.27431872614083], [-123.14016890304431, 49.273950099478405], [-123.14036135087743, 49.27347942668899], [-123.14054451021221, 49.27300717007009], [-123.14056741268199, 49.27296179130506], [-123.14058201096694, 49.27291496650287], [-123.14058810300118, 49.27286734387744], [-123.14058560447505, 49.27281958268536], [-123.14057455000119, 49.27277234409954], [-123.14055509263382, 49.27272628205648], [-123.14056228615608, 49.272671425394385], [-123.14056023836308, 49.272616383470684], [-123.14054897400909, 49.27256182082276], [-123.14052862912166, 49.27250839619941], [-123.14049944935792, 49.27245675460769], [-123.14046178703731, 49.27240751952576], [-123.14041609688687, 49.272361285375744], [-123.14036293055025, 49.272318610347526], [-123.14030292992693, 49.27228000965997], [-123.1402368194222, 49.272245949340956], [-123.14000423603493, 49.27206459140326], [-123.13977983913846, 49.271878870333865], [-123.13956381972191, 49.271688944280676], [-123.13935636163441, 49.27149497497055], [-123.13915764142851, 49.27129712757134], [-123.13896782821031, 49.271095570551154], [-123.13873361309392, 49.27087252889194], [-123.13850719407088, 49.270646066879934], [-123.13828868765302, 49.27041630115643], [-123.13807820627196, 49.270183350062716], [-123.1378758582214, 49.26994733357908], [-123.13768174760153, 49.26970837326285], [-123.13749597426546, 49.269466592185836], [-123.13731863376822, 49.2692221148708], [-123.13726853600207, 49.26910394368137], [-123.13721002003514, 49.26898744090836], [-123.13714321483093, 49.26887286319526], [-123.13706826761025, 49.268760462943206], [-123.1369853435266, 49.26865048775487], [-123.13689462530182, 49.26854317988928], [-123.13679631282315, 49.26843877572818], [-123.13669062270283, 49.26833750525548], [-123.13653532650339, 49.26820789505893], [-123.13637251301846, 49.26808229761855], [-123.13620242419589, 49.267960899534486], [-123.136025312787, 49.26784388116664], [-123.13584144197074, 49.267731416366686], [-123.13565108496275, 49.26762367222007], [-123.13545452460946, 49.26752080879781], [-123.13525205296774, 49.267422978918965], [-123.13504397087112, 49.267330327923545], [-123.13490892174079, 49.26728980390234], [-123.13476997972522, 49.26725537408808], [-123.13462778611533, 49.26722719739093], [-123.13448299720613, 49.267205403859656], [-123.1343362812681, 49.26719009408157], [-123.13418831546356, 49.26718133871836], [-123.13403978272211, 49.26717917818008], [-123.13375479943763, 49.26716344000228], [-123.13347067937603, 49.26714203798881], [-123.13318768535714, 49.267114991937135], [-123.13290607915802, 49.2670823268656], [-123.13262612127048, 49.2670440729903], [-123.13234807065994, 49.26700026569702], [-123.13207218452565, 49.26695094550853], [-123.13179871806247, 49.26689615804704], [-123.13149705350042, 49.2668286985404], [-123.13119211236757, 49.26676787506457], [-123.13088423540202, 49.26671375558113], [-123.13057376661858, 49.26666640056068], [-123.13026105292495, 49.26662586291539], [-123.12994644373431, 49.266592187939935], [-123.1296302905754, 49.26656541326093], [-123.12950932905642, 49.26653074602041], [-123.12939233250448, 49.266490672742755], [-123.12927986425055, 49.26644538638158], [-123.1291724658174, 49.2663951049911], [-123.12907065431207, 49.26634007067592], [-123.12897491993571, 49.266280548425165], [-123.12884257334467, 49.26621569573834], [-123.12871617562774, 49.26614594582864], [-123.12859614932592, 49.26607153188049], [-123.12852796152308, 49.26605347336867], [-123.12845687757671, 49.26604108921804], [-123.12838399533763, 49.26603457069446], [-123.12831044042834, 49.26603401847255], [-123.12823734885957, 49.266039441081155], [-123.12816584948656, 49.26605075477133], [-123.12809704657577, 49.26606778480991], [-123.12803200275116, 49.26609026817789], [-123.12797172258344, 49.2661178576324], [-123.12791713707576, 49.26615012706924], [-123.12786908928496, 49.26618657810358], [-123.12782024094916, 49.26622806288025], [-123.12776454233453, 49.2662656697572], [-123.12770270689461, 49.26629891701129], [-123.12763552669706, 49.266327378762895], [-123.12756386227792, 49.26635069043136], [-123.12748863161787, 49.2663685534056], [-123.12741079838308, 49.26638073886931], [-123.12733135958014, 49.26638709073229], [-123.12711875433949, 49.26638921509616], [-123.12690646537398, 49.26639709342183], [-123.12669485612757, 49.266410712221465], [-123.12648428888112, 49.26643004817937], [-123.1262751241327, 49.266455068191895], [-123.12606771998081, 49.26648572942402], [-123.1258624315114, 49.26652197938272], [-123.12565684554146, 49.26656356681355], [-123.1254486901993, 49.26659926390545], [-123.12523835938187, 49.26662900310718], [-123.12502625110515, 49.266652728141786], [-123.12481276675076, 49.26667039411313], [-123.12459831030584, 49.2666819675909], [-123.12438328759809, 49.26668742667391], [-123.12416810552754, 49.26668676103155], [-123.12395317129585, 49.26667997192341], [-123.1237388916355, 49.26666707219682], [-123.12344318362751, 49.26666072823521], [-123.12314734902151, 49.26665787026282], [-123.12285148374794, 49.26665849920647], [-123.12261585871272, 49.26667336465428], [-123.12237945921372, 49.26668139194208], [-123.12214274845377, 49.26668256534107], [-123.12190619024602, 49.266676882552034], [-123.12167024810448, 49.266664354709754], [-123.12143538433533, 49.266645006361266], [-123.12120205913043, 49.266618875417706], [-123.12097072966506, 49.266586013079916], [-123.12074184920169, 49.266546483738196], [-123.12063692705874, 49.26652557500207], [-123.12053480360886, 49.2664993962369], [-123.12043609590422, 49.26646810562167], [-123.12034140035486, 49.26643189222212], [-123.12025128912487, 49.26639097484831], [-123.12016630667488, 49.26634560073221], [-123.12008696647216, 49.266296044033794], [-123.1200137478881, 49.266242604184164], [-123.11997228218374, 49.26619859211814], [-123.11992205765272, 49.26615867817615], [-123.11986400706584, 49.266123603624806], [-123.11979920852944, 49.26609401985398], [-123.11972886546317, 49.266070476279985], [-123.11965428425101, 49.266053410142675], [-123.11957684998075, 49.26604313838572], [-123.11951958052174, 49.26602862126111], [-123.11945959094349, 49.26602001039183], [-123.11939829439093, 49.266017508619775], [-123.11933713479522, 49.266021174877935], [-123.11927755286149, 49.26603092280214], [-123.11922095213248, 49.266046522765485], [-123.1191686659272, 49.266067607287255], [-123.11912192593388, 49.266093679689114], [-123.11908183319592, 49.26612412579465], [-123.11904933217541, 49.26615822839676], [-123.11902518850404, 49.266195184152195], [-123.11900997094635, 49.266234122505], [-123.11900260125088, 49.26629816083696], [-123.1189847167574, 49.2663613050083], [-123.11895652622279, 49.266422817827895], [-123.11891835872753, 49.26648198114754], [-123.11887065983527, 49.26653810424639], [-123.11881398639235, 49.26659053189537], [-123.11874900002795, 49.26663865200723], [-123.11867645943029, 49.26668190278309], [-123.11861134672374, 49.26673502920425], [-123.11853858638558, 49.266783720774015], [-123.11845887986492, 49.26682750806497], [-123.11837299558405, 49.26686596892994], [-123.11828176153026, 49.266898732572116], [-123.118186057273, 49.26692548312028], [-123.11808680548343, 49.266945962674455], [-123.11798496303828, 49.2669599737925], [-123.11788151179368, 49.266967381393975], [-123.117777449118, 49.26696811406251], [-123.11767377827525, 49.26696216473443], [-123.11757149875119, 49.266949590766906], [-123.11748846460796, 49.26691286939601], [-123.11741058684133, 49.26687159247777], [-123.11733844737047, 49.26682606844918], [-123.11725673476369, 49.26681556739544], [-123.1171736327057, 49.26681207444743], [-123.11709053868496, 49.26681564834446], [-123.11700885005479, 49.266826228986], [-123.11692994053652, 49.266843638442275], [-123.11685513711987, 49.266867583946215], [-123.11678569774885, 49.26689766281641], [-123.11672279016842, 49.26693336922845], [-123.11666747228765, 49.26697410272056], [-123.11662067438901, 49.26701917829082], [-123.11658318348378, 49.267067837916066], [-123.11655563007591, 49.26711926329877], [-123.11653847755754, 49.26717258962768], [-123.11653201441418, 49.267226920120955], [-123.11653634937123, 49.26728134110686], [-123.1165514095631, 49.26733493738887], [-123.11657694175634, 49.2673868076366], [-123.11661251660585, 49.26743607954369], [-123.11670841543804, 49.26751638598199], [-123.11679650391022, 49.26760043668117], [-123.11687644155705, 49.267687906820505], [-123.11694791940764, 49.26777845836286], [-123.11698787884292, 49.26782344573779], [-123.11701957172846, 49.2678711690641], [-123.11704256789089, 49.26792098062103], [-123.1170565551893, 49.26797220434351], [-123.11706134375298, 49.2680241449978], [-123.11705686856006, 49.26807609761748], [-123.11704319032148, 49.26812735707151], [-123.11702049465862, 49.26817722763469], [-123.11698908958536, 49.268225032430756], [-123.11694940132892, 49.26827012261946], [-123.1169019685459, 49.26831188620339], [-123.11684743501215, 49.26834975633486], [-123.11619414859906, 49.268931131334156], [-123.11607577786398, 49.26897286376728], [-123.1159528287636, 49.269008479669154], [-123.11582603801543, 49.26903776562491], [-123.11569616536106, 49.26906054614904], [-123.11556398901293, 49.26907668473735], [-123.11543030099041, 49.2690860846849], [-123.11529590237282, 49.269088689665715], [-123.11516159849843, 49.26908448407028], [-123.11454965277404, 49.26900593336487], [-123.11445671329336, 49.269008121149746], [-123.11436446181382, 49.26901582482346], [-123.11427366122122, 49.26902898067952], [-123.1141850624045, 49.2690474799238], [-123.11409939804693, 49.269071169574225], [-123.1140173765675, 49.26909985372557], [-123.11393967626323, 49.2691332951695], [-123.11312498753377, 49.26913409567334], [-123.11298487094884, 49.269156743546624], [-123.11284760121326, 49.269185916884496], [-123.11271388702488, 49.26922146507163], [-123.1125844187292, 49.26926320458045], [-123.11245986475582, 49.2693109199184], [-123.11234086816802, 49.26936436474027], [-123.11222804334314, 49.26942326311982], [-123.11212197280078, 49.26948731097394], [-123.11065433745236, 49.27025984056866], [-123.11054182873045, 49.27030572283529], [-123.11042418693043, 49.27034571452295], [-123.11030213086161, 49.27037957127255], [-123.11017640631043, 49.27040708621044], [-123.11004778148303, 49.27042809121286], [-123.10991704231049, 49.27044245793331], [-123.10978498764563, 49.27045009858696], [-123.10965242438098, 49.27045096648716], [-123.10952016251737, 49.270445056330736], [-123.1093890102137, 49.27043240423045], [-123.10914414032567, 49.27045563328337], [-123.10890068524142, 49.270484537345595], [-123.10865895199511, 49.27051907996499], [-123.10841924545115, 49.27055921757826], [-123.10818186792005, 49.27060489956593], [-123.10802455719674, 49.270628126553035], [-123.10786550096095, 49.2706455348241], [-123.10770520146558, 49.27065706940874], [-123.1075441648907, 49.27066269388397], [-123.10738289974475, 49.270662390489264], [-123.10722191525815, 49.2706561601826], [-123.10706171977472, 49.270644022637484], [-123.10695632512795, 49.270648730119134], [-123.1068507501348, 49.27064630747968], [-123.10674611834364, 49.27063678050119], [-123.10664354326389, 49.27062025057149], [-123.10654411651448, 49.2705968936048], [-123.10644889620542, 49.27056695816952], [-123.10635889567621, 49.270530762842654], [-123.10627507271077, 49.27048869281911], [-123.10619831934426, 49.27044119581188], [-123.10612945236961, 49.27038877728713], [-123.1060692046454, 49.27033199508442], [-123.10601821729716, 49.27027145347974], [-123.10597703289545, 49.270207796754406], [-123.10594608968289, 49.27014170233816], [-123.10592571691188, 49.27007387359973], [-123.10594185059882, 49.26996943393644], [-123.10595133065868, 49.2698646454896], [-123.10595414072034, 49.26975968968668], [-123.1057976820582, 49.26981295491246], [-123.1056456564062, 49.269871459415924], [-123.10549847313396, 49.269935045664354], [-123.10535652857665, 49.27000354244088], [-123.10522020496795, 49.27007676530557], [-123.10508986941097, 49.27015451709173], [-123.10496587288971, 49.27023658843672], [-123.10486860728626, 49.27032365123296], [-123.10476363165425, 49.270406791313405], [-123.10465131457174, 49.27048571673646], [-123.1045320504017, 49.270560150358705], [-123.10440625790717, 49.270629830808296], [-123.10427437878099, 49.27069451340298], [-123.1041368760947, 49.27075397100947], [-123.1039942326724, 49.270807994841306], [-123.10384694939513, 49.27085639519217], [-123.10378851926491, 49.27088071618606], [-123.1037251950801, 49.270899056596264], [-123.1036583961627, 49.270911005347216], [-123.10358961972008, 49.27091629462343], [-123.10352040728566, 49.27091480587274], [-123.1034523101656, 49.27090657246352], [-123.10338685466637, 49.27089177893676], [-123.10332550788296, 49.27087075686964], [-123.10326964481433, 49.2708439774432], [-123.10322051754392, 49.27081204088111], [-123.10317922717542, 49.27077566299577], [-123.10314669915356, 49.270735659143845], [-123.10312366252235, 49.27069292595065], [-123.10311063358645, 49.27064842121316], [-123.10310790434097, 49.27060314243215], [-123.10311553592913, 49.27055810445457], [-123.10313335727446, 49.27051431672745], [-123.1031543114069, 49.27049410214996], [-123.10316963003586, 49.27047182756281], [-123.10317885506558, 49.27044815908742], [-123.10318171063084, 49.27042380452856], [-123.10317811134557, 49.27039949220719], [-123.10316816485526, 49.27037594918008], [-123.10315216861672, 49.27035387949744], [-123.1031306010018, 49.2703339431484], [-123.1031041069908, 49.2703167363245], [-123.10307347888428, 49.27030277359091], [-123.10303963260925, 49.270292472498866], [-123.10300358032889, 49.27028614109908], [-123.1029664001747, 49.27028396872987], [-123.10292920400592, 49.27028602035519], [-123.1028251636502, 49.27030154247881], [-123.1027237774299, 49.27032332326377], [-123.10262592256004, 49.27035117425887], [-123.10253244570565, 49.2703848544922], [-123.1024441556569, 49.2704240725555], [-123.10236181633191, 49.270468489125406], [-123.10228614016734, 49.270517719898976], [-123.10221778195427, 49.27057133891834], [-123.10215733317273, 49.270628882255934], [-123.1021053168734, 49.27068985202824], [-123.10206218315162, 49.27075372070314], [-123.10202830525203, 49.270819935664164], [-123.10192870979425, 49.27092076809969], [-123.10182174386205, 49.27101831456016], [-123.10170766014741, 49.271112344566895], [-123.10158672816445, 49.27120263594847], [-123.1014592336129, 49.271288975365785], [-123.10132547770323, 49.2713711588163], [-123.10118577644498, 49.27144899211618], [-123.10113902137478, 49.27147610563864], [-123.10108620339354, 49.2714979380955], [-123.1010287014239, 49.271513919502446], [-123.10096801667943, 49.27152363262921], [-123.10090573347071, 49.271526823892714], [-123.10084347784175, 49.27152340997781], [-123.10078287511644, 49.27151348001246], [-123.100725507464, 49.271497293240714], [-123.10067287259125, 49.27147527225433], [-123.10062634464023, 49.27144799195957], [-123.10058713831286, 49.27141616456752], [-123.10055627715836, 49.27138062099953], [-123.10053456685215, 49.2713422891938], [-123.10052257416366, 49.27130216987896], [-123.1005206121615, 49.27126131044776], [-123.1005287320428, 49.271220777612534], [-123.10054672179895, 49.27118162955666], [-123.10057411175308, 49.271144888308875], [-123.10063047490831, 49.27109427478664], [-123.10067855809748, 49.27104012666094], [-123.10071784829091, 49.27098302170342], [-123.10074792628656, 49.27092356923373], [-123.10076847118184, 49.27086240361763], [-123.1007792637964, 49.27080017749805], [-123.10078018900933, 49.27073755483113], [-123.10077123698598, 49.27067520380169], [-123.1007525032812, 49.27061378969368], [-123.10072418781836, 49.27055396779172], [-123.10068659275454, 49.27049637638931], [-123.10064011925539, 49.270441629978684], [-123.10058526321336, 49.270390312694374], [-123.10052260995589, 49.270342972081046], [-123.10045282799928, 49.2703001132516], [-123.10037666191545, 49.270262193498176], [-123.1002949243874, 49.27022961741336], [-123.10020848753841, 49.27020273257358], [-123.09991934567635, 49.27008309970936], [-123.09963476972091, 49.26995886796897], [-123.09935493045076, 49.269830111920804], [-123.09907999579775, 49.269696908848445], [-123.09881013074573, 49.26955933870406], [-123.09854549723168, 49.2694174840604], [-123.09828625404832, 49.269271430061124], [-123.09817842207049, 49.26918988658698], [-123.0980666924058, 49.26911062205424], [-123.09795117747996, 49.26903371620826], [-123.09781247844522, 49.26894654205998], [-123.09766825071249, 49.268863298552574], [-123.09751875421102, 49.26878413569319], [-123.09736425836059, 49.26870919613483], [-123.09720504158605, 49.26863861491938], [-123.09704139081558, 49.26857251923437], [-123.09687360096385, 49.26851102818396], [-123.09680936526912, 49.268489316905026], [-123.09674995202897, 49.26846235908901], [-123.09669635622316, 49.268430606196034], [-123.0966494754025, 49.26839458998807], [-123.09661009465763, 49.26835491362306], [-123.0965788734718, 49.26831224155356], [-123.09655633467735, 49.26826728839886], [-123.09654285570129, 49.2682208069771], [-123.09653866224599, 49.268173575697745], [-123.09654382451116, 49.26812638552567], [-123.09655825602005, 49.268080026735156], [-123.09658171506922, 49.26803527567543], [-123.09660085010111, 49.267994264013616], [-123.0966092881179, 49.26795174033828], [-123.09660679379184, 49.267908890730844], [-123.09659343672315, 49.267866910360645], [-123.09656958949573, 49.26782697014916], [-123.09653591728195, 49.26779018411082], [-123.09649335928742, 49.26775757828136], [-123.0964431025528, 49.267730062100235], [-123.0963865488443, 49.26770840304552], [-123.09632527555586, 49.267693205228056], [-123.09626099171359, 49.267684892542505], [-123.09619549030965, 49.26768369684453], [-123.09613059829466, 49.26768965148431], [-123.09606812562308, 49.267702590376324], [-123.09600981477256, 49.26772215263158], [-123.09595729214499, 49.267747792623034], [-123.0959120227043, 49.26777879520351], [-123.09575763122295, 49.267829110915564], [-123.09560672496502, 49.26788376754362], [-123.09556851824831, 49.26790997426021], [-123.09552401049966, 49.267931505708646], [-123.09547452008648, 49.26794772410078], [-123.09542151297374, 49.267958149027194], [-123.09536655929911, 49.26796247168807], [-123.0953112868622, 49.26796056404055], [-123.09525733290512, 49.267952482591625], [-123.09520629561338, 49.26793846672429], [-123.09515968677404, 49.26791893160652], [-123.0951188869934, 49.26789445589293], [-123.09508510480117, 49.267865764583874], [-123.09505934085239, 49.267833707549336], [-123.0950423582878, 49.267799234354385], [-123.09503466013017, 49.267763366131405], [-123.09503647438633, 49.267727165332744], [-123.09504774729574, 49.267691704259654], [-123.09506814492529, 49.26765803329985], [-123.09509706306295, 49.26762714981423], [-123.09516999656603, 49.26751420959479], [-123.09523768580019, 49.267399879828616], [-123.09530006908017, 49.26728426476622], [-123.0953027977683, 49.26719966085829], [-123.0952946650988, 49.26711520562934], [-123.09527572852666, 49.26703149515672], [-123.09524612175812, 49.26694912025834], [-123.09520605380563, 49.26686866232292], [-123.09515580751106, 49.26679068920679], [-123.09509573754829, 49.266715751226265], [-123.09502626791881, 49.266644377274034], [-123.09494788895832, 49.266577071086516], [-123.09486115387514, 49.26651430768911], [-123.09476667484553, 49.26645653004394], [-123.0946651186926, 49.26640414592397], [-123.09455720218018, 49.26635752503544], [-123.09444368695428, 49.26631699640905], [-123.09432537416794, 49.26628284607818], [-123.09420309882783, 49.266255315060306], [-123.09407772390162, 49.2662345976566], [-123.09395013422863, 49.26622084008065], [-123.09382123027602, 49.26621413942676], [-123.09369192178481, 49.26621454298494], [-123.09356312135047, 49.26622204790709], [-123.09343573798364, 49.26623660122717], [-123.09331067069569, 49.26625810023492], [-123.09318880215524, 49.26628639320059], [-123.09294570597916, 49.26631308276028], [-123.09270134910791, 49.26633427658293], [-123.09245602159085, 49.26634994951155], [-123.09221001463051, 49.26636008294239], [-123.09196362023658, 49.26636466484707], [-123.09171713087909, 49.26636368978683], [-123.0914708391408, 49.26635715891899], [-123.09122503736977, 49.266345079995666], [-123.08899931516088, 49.26634681584831], [-123.08665673160644, 49.26607251826392], [-123.08642427796174, 49.266047699580255], [-123.0861933049486, 49.26601753665087], [-123.08596409939175, 49.26598206693268], [-123.08573694591936, 49.26594133447254], [-123.08551212660937, 49.265895389852616], [-123.08528992063883, 49.26584429012748], [-123.08507060393708, 49.26578809875317], [-123.08496623230707, 49.26573711460852], [-123.08486768781499, 49.265681385171206], [-123.08477547315252, 49.26562119473773], [-123.08469005871554, 49.2655568503607], [-123.08461188020438, 49.26548868028222], [-123.08454133640161, 49.26541703225921], [-123.08447878713802, 49.26534227178913], [-123.08442455145749, 49.26526478024528], [-123.08437890599, 49.26518495293107], [-123.0843420835412, 49.2651031970634], [-123.08422997264518, 49.2650005353309], [-123.0841102604346, 49.264901617673225], [-123.08398323840365, 49.264806684914], [-123.08384921583743, 49.26471596817391], [-123.083708519059, 49.26462968830818], [-123.08356149063476, 49.26454805536913], [-123.08340848854034, 49.26447126809491], [-123.0832498852892, 49.26439951342585], [-123.08315140490552, 49.26438181357406], [-123.08305084333418, 49.26437015751104], [-123.08294906462508, 49.26436464538849], [-123.08284694328476, 49.264365324567905], [-123.08274535676324, 49.264372189213624], [-123.08264517791596, 49.264385180343005], [-123.0825472675048, 49.26440418633318], [-123.08245246680319, 49.26442904387994], [-123.08236159036845, 49.26445953940081], [-123.08227541904354, 49.26449541086993], [-123.0821862489199, 49.264533416702356], [-123.08210228407398, 49.264576200252755], [-123.08202412061016, 49.26462345778851], [-123.08195231345177, 49.26467485381406], [-123.08188737240157, 49.26473002345232], [-123.08182975852222, 49.26478857503493], [-123.08177988086265, 49.26485009288238], [-123.08173809355353, 49.264914140255094], [-123.08170469329258, 49.26498026245363], [-123.0816799172373, 49.265047990046625], [-123.08162227952863, 49.26538122873835], [-123.08158875847303, 49.265445479102254], [-123.081546091429, 49.26550736352026], [-123.08149466179638, 49.26556632585945], [-123.08143493172611, 49.26562183624463], [-123.08136743796763, 49.2656733958205], [-123.08129278704614, 49.26572054123501], [-123.08121164981209, 49.26576284880372], [-123.08112475541262, 49.26579993831771], [-123.0810328847388, 49.265831476460846], [-123.08093686340762, 49.26585717980539], [-123.08083755434157, 49.26587681735959], [-123.08066075685056, 49.26596553099524], [-123.08049075267796, 49.26605976010963], [-123.08032794322303, 49.266159282238974], [-123.08017271290609, 49.26626386242188], [-123.08002542826077, 49.266373253754004], [-123.07988643706865, 49.26648719797057], [-123.07975606753784, 49.266605426055975], [-123.07963462752787, 49.266727658878736], [-123.07952240382258, 49.26685360785027], [-123.07941966145239, 49.266982975606], [-123.07932664306824, 49.2671154567073], [-123.07921922660034, 49.267339553097386], [-123.07912062177051, 49.26756537748946], [-123.07903089348036, 49.26779278152316], [-123.07895010080249, 49.26802161579826], [-123.07887829694111, 49.26825172997288], [-123.07881552919704, 49.26848297286217], [-123.0787618389362, 49.268715192537584], [-123.07864940494139, 49.2688788319366], [-123.07854411880214, 49.269044495116965], [-123.07844606554633, 49.26921204840444], [-123.07835532436815, 49.269381356598316], [-123.07827196856371, 49.26955228308038], [-123.0781960654721, 49.26972468992528], [-123.07813742627391, 49.26994019411701], [-123.07808800385631, 49.270156685550546], [-123.07804783686687, 49.270373995463906], [-123.07801695673959, 49.27059195445483], [-123.07799538767001, 49.270810392612916], [-123.07798314659593, 49.27102913965193], [-123.07798024318397, 49.27124802504263], [-123.07805416092107, 49.27138932397066], [-123.07813778550967, 49.27152828663667], [-123.07823094531457, 49.27166462769247], [-123.07833344911607, 49.27179806717077], [-123.0784450865023, 49.27192833106026], [-123.07856562830062, 49.272055151868464], [-123.07869482704778, 49.27217826917111], [-123.07883241749782, 49.27229743014712], [-123.07897811716624, 49.27241239009798], [-123.07913162690996, 49.272522912950315], [-123.07920151149398, 49.27254788289163], [-123.07927559578064, 49.272566978118505], [-123.0793527317741, 49.27257990273397], [-123.07943172418616, 49.27258645645981], [-123.0795113489597, 49.272586537740274], [-123.07959037223793, 49.27258014531582], [-123.07966756948537, 49.27256737824277], [-123.07974174446467, 49.272548434358114], [-123.07981174777449, 49.2725236072137], [-123.07987649466153, 49.27249328152699], [-123.07993498183038, 49.27245792721926], [-123.07998630299055, 49.272418092133286], [-123.0800296629003, 49.2723743935436], [-123.08006438968879, 49.272327508590955], [-123.08008994526624, 49.272278163789075], [-123.08010593366097, 49.272227123766534], [-123.08046730348661, 49.270779843117914], [-123.08049615159514, 49.27073464789143], [-123.0805345636547, 49.270692610188426], [-123.08058175288063, 49.270654591031345], [-123.08063675271966, 49.2706213691323], [-123.08069843664771, 49.270593624944055], [-123.08076554124354, 49.27057192672353], [-123.08083669206567, 49.2705567188934], [-123.08091043180268, 49.2705483129399], [-123.08098525012028, 49.27054688103333], [-123.0810596145941, 49.270552452501896], [-123.08113200209479, 49.27056491323106], [-123.08120092998288, 49.27058400800071], [-123.0812649864744, 49.27060934571216], [-123.08132285955578, 49.27064040739832], [-123.08137336385587, 49.27067655685249], [-123.08141546492453, 49.27071705365872], [-123.0814483004209, 49.27076106835625], [-123.08147119777713, 49.27080769942823], [-123.08165695844875, 49.271059049075944], [-123.0818346015552, 49.27131289920935], [-123.082004048418, 49.271569137576606], [-123.08216522397939, 49.27182765086807], [-123.0823180568358, 49.272088324766315], [-123.08246247926971, 49.272351043996764], [-123.0825984272796, 49.27261569237842], [-123.08272584060873, 49.27288215287537], [-123.08282466861509, 49.27312724212281], [-123.08291475367004, 49.27337376984207], [-123.08299604685257, 49.273621602513714], [-123.08306850400128, 49.27387060590959], [-123.08313208573854, 49.27412064516539], [-123.08318675749223, 49.27437158485379], [-123.08323248951454, 49.274623289057715], [-123.08326925689859, 49.274875621443925], [-123.0832970395921, 49.27512844533688], [-123.08330934810867, 49.27579005278871], [-123.08331381809592, 49.276451702713594], [-123.08332750331049, 49.27653533591404], [-123.08335156949826, 49.27661796005414], [-123.08338585631786, 49.27669902447243], [-123.08343013530789, 49.27677798889987], [-123.0834841114082, 49.27685432706062], [-123.08354742492544, 49.27692753017985], [-123.08360366993168, 49.2769520366777], [-123.08366507042699, 49.27697050105782], [-123.08373012232647, 49.27698247100976], [-123.08379723209465, 49.27698765331286], [-123.08386475578321, 49.2769859210193], [-123.08393103930379, 49.276977316564086], [-123.0839944589492, 49.27696205072543], [-123.08405346117033, 49.27694049746128], [-123.08410660063389, 49.276913184748196], [-123.0841525756289, 49.27688078164728], [-123.08419025995387, 49.276844081914064], [-123.08421873050406, 49.27680398455368], [-123.08423728988299, 49.27676147179814], [-123.08424548348383, 49.276717585044764], [-123.08446970315555, 49.276445505161426], [-123.08469936366497, 49.27617537541767], [-123.08493442531825, 49.2759072423977], [-123.08517484749213, 49.27564115234059], [-123.08528879744546, 49.27553478491147], [-123.08541155026721, 49.275432696771404], [-123.08554273132984, 49.27533519943756], [-123.0856819402946, 49.27524259041667], [-123.08582875233334, 49.27515515229751], [-123.08588745934814, 49.27511291041314], [-123.08595341652308, 49.27507552812596], [-123.08602569070885, 49.2750435343047], [-123.08610325939198, 49.27501738158347], [-123.08618502516056, 49.27499743995842], [-123.08626983122902, 49.27498399155377], [-123.0863564778028, 49.27497722663061], [-123.08644373905102, 49.274977240895566], [-123.08653038044747, 49.27498403414679], [-123.08661517623456, 49.27499751027689], [-123.08669692676314, 49.275017478632435], [-123.08677447546336, 49.27504365671108], [-123.08684672520596, 49.2750756741578], [-123.08691265382335, 49.27511307800432], [-123.08697132857029, 49.27515533907683], [-123.08702191931992, 49.27520185948219], [-123.08793948811675, 49.27572476066983], [-123.08801834692409, 49.275765348857135], [-123.08810325126149, 49.27580032849524], [-123.08819327317087, 49.27582931727108], [-123.08828742875569, 49.27585199834862], [-123.08838468893504, 49.275868123832176], [-123.08848399069237, 49.27587751747601], [-123.08858424869484, 49.27588007661096], [-123.08868436715709, 49.275875773266556], [-123.08878325181897, 49.27586465447691], [-123.08887982190696, 49.27584684176646], [-123.08897302194775, 49.2758225298217], [-123.08906183330544, 49.27579198436304], [-123.08914528531561, 49.275755539240315], [-123.08922246589522, 49.275713592783575], [-123.08929253151138, 49.275666603449], [-123.08955670839431, 49.27549032799313], [-123.08982855434814, 49.27531911763849], [-123.09010784256851, 49.27515311517891], [-123.09039434005112, 49.274992459063306], [-123.09068780778608, 49.274837283280334], [-123.09079858359624, 49.27478714665078], [-123.09091505680662, 49.274742881759146], [-123.09103650201361, 49.27470476428505], [-123.0911621628538, 49.27467303162171], [-123.09129125671409, 49.274647881397726], [-123.09142297960481, 49.27462947024653], [-123.09155651116625, 49.274617912830955], [-123.09169101977669, 49.274613281129426], [-123.09182566773073, 49.27461560398765], [-123.09195961645524, 49.27462486693908], [-123.09209203173107, 49.274641012294964], [-123.09222208888723, 49.274663939503554], [-123.09234897793604, 49.27469350577621], [-123.09247190861666, 49.27472952697651], [-123.09259011531606, 49.274771778766834], [-123.09270286183656, 49.27481999800521], [-123.09280944598027, 49.274873884383965], [-123.0929092039221, 49.27493310229959], [-123.0930015143439, 49.27499728294265], [-123.09418138507132, 49.275700801751036], [-123.09426010110742, 49.27574228408194], [-123.09434518025316, 49.27577798570601], [-123.09443563523278, 49.27580749232914], [-123.09453041638147, 49.27583046154557], [-123.0946284238267, 49.27584662681152], [-123.09472852025281, 49.275855800538814], [-123.09482954410007, 49.275857876271715], [-123.0949303230454, 49.275852829922606], [-123.095029687608, 49.275840720051434], [-123.09512648472194, 49.27582168718614], [-123.09521959111831, 49.27579595219165], [-123.0953079263611, 49.27576381370675], [-123.09539046538616, 49.275725644678054], [-123.095466250397, 49.2756818880319], [-123.09553440197972, 49.275633051533944], [-123.09601386606307, 49.27528041688539], [-123.09607610643157, 49.27528554523413], [-123.09613633976933, 49.27529701398408], [-123.09619306714066, 49.275314537730175], [-123.09624487685372, 49.275337680385675], [-123.09629047958998, 49.275365866033866], [-123.0973253735142, 49.27630747153227], [-123.09738648759316, 49.27635691559045], [-123.097455368809, 49.27640177630541], [-123.09753121940001, 49.27644153410081], [-123.09761316087864, 49.27647572850111], [-123.09770024420637, 49.2765039634653], [-123.09779146078593, 49.27652591197413], [-123.09788575414375, 49.276541319818186], [-123.09798203216705, 49.276550008542316], [-123.09807917975408, 49.276551877512865], [-123.09817607173063, 49.27654690508324], [-123.09827158588332, 49.27653514884465], [-123.09836286384696, 49.27651268908974], [-123.09845041990157, 49.27648459334397], [-123.09853344336037, 49.27645112174975], [-123.09861116550906, 49.27641258422457], [-123.0986828667235, 49.276369337591234], [-123.09874788313313, 49.27632178227362], [-123.09880561276758, 49.27627035858888], [-123.09885552113025, 49.27621554267018], [-123.09889714614643, 49.27615784205779], [-123.0989301024412, 49.276097790999614], [-123.0989540849065, 49.27603594550417], [-123.09896887152513, 49.27597287819256], [-123.09903952501637, 49.27492562585614], [-123.09909776885337, 49.274791097737605], [-123.09916620373197, 49.274658639755074], [-123.0992446589272, 49.27452858219557], [-123.09933293873263, 49.27440124935803], [-123.09943082294912, 49.274276958744856], [-123.09953806743448, 49.274156020270375], [-123.09965440471284, 49.27403873548822], [-123.09977954464208, 49.27392539683966], [-123.10012832628038, 49.273725176634585], [-123.10018497333341, 49.27370960074867], [-123.10024483571125, 49.27370053308476], [-123.10030618087389, 49.27369823607947], [-123.10036723336842, 49.273702776212794], [-123.10042622621195, 49.273714022084015], [-123.10048145202954, 49.27373164821472], [-123.10053131246748, 49.27375514446831], [-123.10057436445167, 49.27378383081388], [-123.1006093619527, 49.273816877007114], [-123.10063529204913, 49.2738533266186], [-123.10065140424487, 49.2738921247143], [-123.10065723219212, 49.273932148387324], [-123.10065260719128, 49.273972239256956], [-123.1007275836082, 49.27506696553264], [-123.1007399442096, 49.27515190164695], [-123.10076106286685, 49.27523609557274], [-123.10079084276228, 49.27531916114912], [-123.10082914735098, 49.27540071738856], [-123.10087580098636, 49.275480390224345], [-123.10093058972501, 49.27555781422649], [-123.1009932623074, 49.275632634277855], [-123.10106353130976, 49.275704507203194], [-123.10115861625682, 49.27582413467368], [-123.10124560917475, 49.27594637008171], [-123.10132434332975, 49.27607097923123], [-123.1013946678077, 49.27619772337653], [-123.10145644780394, 49.276326359679494], [-123.10150956488187, 49.276456641674734], [-123.10155391720038, 49.27658831974186], [-123.10158941970948, 49.27672114158363], [-123.10161600431375, 49.27685485270925], [-123.10163362000343, 49.276989196922], [-123.10158096661686, 49.27712476470239], [-123.1015374340533, 49.27726171058057], [-123.10150310584966, 49.27739977200302], [-123.10147804789806, 49.27753868427538], [-123.1014623083188, 49.2776781810697], [-123.10145591736757, 49.277817994935205], [-123.10145888737684, 49.277957857810904], [-123.1014712127316, 49.278097501539634], [-123.10149286987944, 49.27823665838213], [-123.1015238173753, 49.27837506153042], [-123.10156399596012, 49.278512445619334], [-123.10158404677053, 49.27862916025153], [-123.10161455436455, 49.278744901374], [-123.10165541320701, 49.27885926832583], [-123.10170648192717, 49.27897186520037], [-123.10176758380702, 49.27908230221586], [-123.10183850739226, 49.279190197064814], [-123.1019190072235, 49.279295176237724], [-123.10200880468514, 49.27939687631625], [-123.10210758896928, 49.27949494523139], [-123.10221501815106, 49.27958904348273], [-123.1023307203719, 49.27967884531375], [-123.10245429512642, 49.279764039839925], [-123.10258531464873, 49.27984433212521], [-123.10265748332073, 49.279894310008096], [-123.1027368256333, 49.27993939415521], [-123.10282256992517, 49.279979146080365], [-123.10291388226355, 49.28001317915728], [-123.1030098745551, 49.28004116238035], [-123.10310961318406, 49.28006282358434], [-123.10316970121436, 49.2800939080744], [-123.10323549240428, 49.28011957843609], [-123.10330585425159, 49.280139392787454], [-123.1033795755712, 49.28015301004965], [-123.10345538734522, 49.28016019581868], [-123.10353198456876, 49.28016082640048], [-123.1036080487155, 49.2801548909404], [-123.10368227043601, 49.28014249161001], [-123.10375337209804, 49.28012384184824], [-123.1038201297808, 49.28009926268709], [-123.10388139434416, 49.28006917722505], [-123.10393611121033, 49.280034103343624], [-123.1039833385173, 49.27999464479223], [-123.10402226333149, 49.27995148079486], [-123.10405221564045, 49.279905354357766], [-123.10407267988523, 49.27985705947929], [-123.10408330383332, 49.27980742748184], [-123.10408390463994, 49.279757312701875], [-123.10401028806882, 49.27934802247825], [-123.10398070568813, 49.27911957103695], [-123.10399092045215, 49.27905486754135], [-123.10401131929174, 49.278991203642875], [-123.1040416829311, 49.27892926357083], [-123.10408168500085, 49.278869713025124], [-123.10413089554707, 49.27881319202189], [-123.10418878565352, 49.278760308015414], [-123.10425473312706, 49.27871162936973], [-123.10432802918527, 49.27866767925076], [-123.10440788607447, 49.278628930004004], [-123.1044934455359, 49.27859579807855], [-123.10458378802963, 49.27856863955177], [-123.10467794261636, 49.278547746302856], [-123.10623389520423, 49.278089370064436], [-123.1063641410773, 49.278021378300735], [-123.10648758146222, 49.277948153422436], [-123.10660372602308, 49.27786998631531], [-123.10671211341321, 49.27778718749679], [-123.10681231310755, 49.27770008588206], [-123.1069039271127, 49.277609027477226], [-123.10698659154754, 49.27751437400459], [-123.10705997808809, 49.27741650146547], [-123.1071237952713, 49.27731579864635], [-123.10717778965191, 49.27721266557423], [-123.10725160434897, 49.277122506508775], [-123.10733351361255, 49.27703539132676], [-123.10742322523774, 49.27695163076029], [-123.10752041919415, 49.276871523574336], [-123.1076247487677, 49.276795355501235], [-123.10773584179773, 49.27672339822171], [-123.10785330200447, 49.27665590839603], [-123.10797671040262, 49.27659312674879], [-123.10957525104514, 49.27569674897701], [-123.10969620598593, 49.27562085153602], [-123.10982337267937, 49.27554943314718], [-123.10995636420868, 49.27548271109329], [-123.11009477594065, 49.275420888368146], [-123.11023818675665, 49.275364153059236], [-123.11038616033365, 49.27531267777561], [-123.1105382464714, 49.27526661912293], [-123.11069398246204, 49.27522611722719], [-123.11085289449717, 49.27519129530848], [-123.11101449910925, 49.27516225930637], [-123.11129692320527, 49.275120290150944], [-123.11158086486782, 49.27508296191293], [-123.11186614601303, 49.275050298003634], [-123.11215258771817, 49.27502231890895], [-123.11244001033356, 49.274999042176574], [-123.1127651818069, 49.274974121731], [-123.1130893988485, 49.27494435061113], [-123.11341249243172, 49.274909744337954], [-123.11373429411651, 49.27487032095318], [-123.11405463613758, 49.27482610100986], [-123.11418303366368, 49.27480735096101], [-123.1143133364641, 49.274795495787494], [-123.11444468119137, 49.27479061403808], [-123.11457619759585, 49.274792738057684], [-123.11470701429066, 49.27480185377316], [-123.11483626452407, 49.27481790078654], [-123.11496309192134, 49.27484077277505], [-123.11508665615767, 49.27487031819555], [-123.11520613852517, 49.27490634128837], [-123.11532074735635, 49.27494860337412], [-123.11565599192676, 49.27520530632604], [-123.1157348116011, 49.275255066264776], [-123.11582013023937, 49.27530000383097], [-123.1159112611282, 49.27533975732214], [-123.11600747076592, 49.27537400676158], [-123.11610798476673, 49.27540247647418], [-123.11621199409426, 49.27542493730571], [-123.11631866157433, 49.27544120846746], [-123.11642712863402, 49.27545115899162], [-123.11653652221348, 49.275454708785624], [-123.11664596179413, 49.275451829276946], [-123.11675018843232, 49.27545555132955], [-123.11685342654218, 49.27546563359433], [-123.11695477153819, 49.27548198772916], [-123.11705333542038, 49.275504470437006], [-123.11714825455431, 49.27553288472122], [-123.11723869723727, 49.275566981611455], [-123.11732387098543, 49.27560646234499], [-123.11740302947713, 49.275650980984146], [-123.11750762660715, 49.275680120881944], [-123.11761550405986, 49.275703589179756], [-123.1177259448207, 49.275721229893186], [-123.11783821483498, 49.275732925771315], [-123.11795156788774, 49.275738599076185], [-123.11806525056436, 49.27573821209952], [-123.11817850725888, 49.275731767413426], [-123.11829058519719, 49.275719307853336], [-123.11840073944127, 49.27570091623315], [-123.11850823784117, 49.27567671479481], [-123.11861236590214, 49.275646864395625], [-123.11871243153412, 49.27561156343898], [-123.11880350034247, 49.2755754858129], [-123.11889940495998, 49.27554524484194], [-123.11899927415492, 49.2755211152434], [-123.1191022006847, 49.275503316216785], [-123.11920724953654, 49.2754920094529], [-123.11931346642062, 49.27548729766503], [-123.11941988643771, 49.27548922365618], [-123.11952554284362, 49.27549776993017], [-123.11962947583002, 49.27551285885053], [-123.11973074124252, 49.2755343533458], [-123.11982738754051, 49.27553721827648], [-123.11992396584665, 49.27553349913684], [-123.12001943123103, 49.27552323616617], [-123.12011275080643, 49.27550654040472], [-123.12020291490462, 49.275483592492236], [-123.1202889480017, 49.275454640713214], [-123.12036991927344, 49.27541999831043], [-123.12044495266709, 49.2753800400954], [-123.12051323638, 49.275335198392824], [-123.12057403164317, 49.27528595836266], [-123.12070194690568, 49.27521142259782], [-123.12082427591325, 49.275132975029955], [-123.1209407395481, 49.27505079466998], [-123.12105107208072, 49.2749650690459], [-123.12115502177608, 49.27487599377468], [-123.1212190551838, 49.27477338597744], [-123.12127296365867, 49.274668316536456], [-123.12131652806912, 49.27456121267344], [-123.12134957134718, 49.27445250987948], [-123.12137195920731, 49.27434265014412], [-123.1214155461733, 49.27424387953006], [-123.12146887578761, 49.274147176961975], [-123.12153172136361, 49.27405295338843], [-123.12160381577996, 49.27396160922093], [-123.12165193750921, 49.2738879296455], [-123.12169071364751, 49.27381192723672], [-123.12171988580698, 49.273734108528025], [-123.12173925961042, 49.2736549921555], [-123.12174870598568, 49.27357510540126], [-123.12174816202447, 49.2734949806792], [-123.12178647972074, 49.27341291071217], [-123.12183422628361, 49.27333298544315], [-123.12189112505531, 49.273255667907826], [-123.12195684636043, 49.27318140603219], [-123.1220310094168, 49.273110630037834], [-123.12211318454203, 49.27304374994981], [-123.12220289564334, 49.272981153221465], [-123.12229962297617, 49.27292320249017], [-123.12241599093377, 49.272869185651636], [-123.12252690571631, 49.27281046208955], [-123.12263192339212, 49.27274726685298], [-123.12273062363826, 49.27267985288867], [-123.1228226114229, 49.27260849002819], [-123.12290341380518, 49.27255172566537], [-123.12299183854192, 49.27250005450606], [-123.123087138897, 49.27245391289372], [-123.12318851007943, 49.2724136904757], [-123.12329509603902, 49.27237972691331], [-123.12340599669496, 49.27235230901376], [-123.12352027553598, 49.27233166830864], [-123.1239710305086, 49.27222646631567], [-123.12405915900175, 49.27220071082007], [-123.12415056127539, 49.27218042055945], [-123.12424444772492, 49.27216577081625], [-123.12434000728824, 49.27215688814577], [-123.12443641445135, 49.27215384928299], [-123.12453283637898, 49.272156680479824], [-123.12462844010837, 49.27216535727827], [-123.12472239974404, 49.27217980472176], [-123.12481390359171, 49.2721998980026], [-123.12490216116956, 49.27222546353994], [-123.12530994074642, 49.27238686086396], [-123.1256597687501, 49.27264351909806], [-123.12572323486779, 49.272681748016076], [-123.12579320681908, 49.272714759601584], [-123.12586868879514, 49.27274208404321], [-123.12594860656425, 49.27276333246676], [-123.12603182276081, 49.27277820246981], [-123.12611715307291, 49.2727864824259], [-123.12620338309854, 49.27278805449649], [-123.12628928563011, 49.272782896308264], [-123.12637363812115, 49.272771081271465], [-123.12645524008707, 49.2727527775351], [-123.12653293019123, 49.272728245593676], [-123.12671327941456, 49.2726658029658], [-123.12689790130453, 49.272608957650505], [-123.12708639040625, 49.27255783448366], [-123.12727833277609, 49.272512545734614], [-123.12747330689064, 49.27247319085967], [-123.12767088457193, 49.272439856283825], [-123.12787063192721, 49.272412615211095], [-123.12803159566, 49.272384109799184], [-123.12819501641529, 49.27236240038214], [-123.12836022478031, 49.272347575886926], [-123.12852654402218, 49.27233969703805], [-123.12869329285888, 49.272338796109075], [-123.1288597882494, 49.272344876790314], [-123.1290237582326, 49.272323845535475], [-123.12918897048345, 49.27230749873525], [-123.1293551125959, 49.2722958673003], [-123.12952187040634, 49.27228897322486], [-123.12968892858751, 49.27228682954509], [-123.12982397103987, 49.27229415904613], [-123.12995784361553, 49.272307885730285], [-123.13008983948778, 49.272327937122796], [-123.1302192617365, 49.272354207355384], [-123.13034542702701, 49.27238655772501], [-123.13046766921727, 49.27242481742613], [-123.13058534287453, 49.272468784452336], [-123.13069782668263, 49.272518226662655], [-123.13080452672205, 49.27257288300709], [-123.13090487960557, 49.27263246490457], [-123.13099835545282, 49.27269665776646], [-123.13108446068806, 49.27276512265731], [-123.13116274064642, 49.27283749808406], [-123.13123278197477, 49.27291340190454], [-123.13140295508158, 49.27309757292745], [-123.13156648485084, 49.273284303221196], [-123.13172328136376, 49.273473490196054], [-123.13187325839786, 49.27366502991139], [-123.13201633347427, 49.27385881713278], [-123.13215242790355, 49.27405474538979], [-123.13222181642612, 49.27413702164234], [-123.13228370724914, 49.27422182015555], [-123.1323378870664, 49.27430884872543], [-123.13238416913967, 49.27439780746197], [-123.13242239394272, 49.27448838982247], [-123.13245242971156, 49.2745802836676], [-123.13247417289904, 49.274673172337145], [-123.13251207261744, 49.27477673096825], [-123.13255858326792, 49.27487877614352], [-123.13261356530487, 49.27497900158183], [-123.13267685375367, 49.27507710646212], [-123.13274825870508, 49.27517279632627], [-123.13282756588488, 49.275265783963036], [-123.13291453729651, 49.27535579027038], [-123.13300891193506, 49.27544254509312], [-123.13311040657018, 49.275525788034145], [-123.13321871659615, 49.27560526923609], [-123.13353095175263, 49.2757589381648], [-123.13383707699869, 49.27591778336655], [-123.13413689190536, 49.276081700871316], [-123.13443020016823, 49.276250583388], [-123.1347168097358, 49.27642432037464], [-123.13499653293549, 49.27660279811057], [-123.13522245782121, 49.276753477288736], [-123.13544143737633, 49.276908484099955], [-123.1356532779946, 49.27706768154458], [-123.13585779237398, 49.2772309289178], [-123.1360547996822, 49.27739808193393], [-123.13624412571683, 49.277568992853865], [-123.13642560305931, 49.27774351061549], [-123.13684761203866, 49.27814451674567], [-123.13726237881902, 49.27854874584234], [-123.13766984575078, 49.27895614189339], [-123.13806995619179, 49.2793666484465], [-123.13846265451502, 49.279780208616955], [-123.13884788611645, 49.28019676509548], [-123.13897153350973, 49.28035285667362], [-123.13910395190105, 49.280505838108425], [-123.13924495886499, 49.28065549855321], [-123.13939436013364, 49.28080163173664], [-123.13955194986409, 49.28094403624699], [-123.13971751092186, 49.28108251581007], [-123.13989081517998, 49.281216879559715], [-123.14007162383314, 49.28134694230108], [-123.14025968772671, 49.28147252476608], [-123.14045474770012, 49.28159345386047], [-123.14065653494384, 49.28170956290274], [-123.14086477136999, 49.28182069185388], [-123.14107916999549, 49.281926687538174], [-123.14193922658954, 49.28244922968885], [-123.14203289033956, 49.282510992929645], [-123.14211982211148, 49.28257683385928], [-123.1421996081569, 49.28264643913114], [-123.14227186873013, 49.28271947748225], [-123.14233625989577, 49.28279560130955], [-123.1423924751661, 49.282874448323966], [-123.14244024696023, 49.282955643274526], [-123.14247934787811, 49.283038799734015], [-123.14299216680455, 49.28424719537554], [-123.14301123733746, 49.28434382724631], [-123.14302127830709, 49.284441039438384], [-123.14302225239925, 49.28453847120857], [-123.14301415594564, 49.284635760996686], [-123.14299701893823, 49.28473254776735], [-123.14297090491876, 49.28482847234974], [-123.14293591074372, 49.28492317877048], [-123.14270702470476, 49.286294328835325], [-123.14260795389471, 49.287265481854895], [-123.14258296400025, 49.287394119614795], [-123.14256640350574, 49.28752333857981], [-123.1425583027543, 49.28765290250418], [-123.14255867662277, 49.28778257450961], [-123.14256752449425, 49.287912117518346], [-123.1425848302587, 49.28804129468667], [-123.14261056234177, 49.28816986983786], [-123.1426442385204, 49.28826124120999], [-123.1426858920687, 49.28835119455098], [-123.14273538515799, 49.288439432118516], [-123.1427925540085, 49.28852566184789], [-123.14285720943093, 49.288609598318814]]}}, {"type": "Feature", "properties": {"Id": 0, "Name": "", "Region": "", "Type": "Shoreline"}, "geometry": {"type": "LineString", "coordinates": [[-123.13072017321726, 49.29805559031224], [-123.13086817870595, 49.298040675314226], [-123.1310144448456, 49.29801966654031], [-123.13115838562062, 49.29799264816254], [-123.13129942433461, 49.297959728430406], [-123.13143699592136, 49.29792103923694], [-123.13157054920946, 49.29787673559028], [-123.13169954913079, 49.29782699499232], [-123.13182347886473, 49.29777201672752], [-123.1319418419091, 49.29771202106416], [-123.13205416406946, 49.29764724837174], [-123.13215999535905, 49.297577958157646], [-123.1323820108874, 49.29745516885809], [-123.13261082575585, 49.29733784024592], [-123.13284612610452, 49.29722613323402], [-123.13308758918546, 49.297120201024285], [-123.13333488380539, 49.29702018889782], [-123.1335876707796, 49.296926234015686], [-123.13384560339709, 49.296838465231005], [-123.13410832789566, 49.29675700291246], [-123.13429432629988, 49.296709367502245], [-123.13448378044846, 49.29666796534816], [-123.13467620234196, 49.29663290309298], [-123.13487109634005, 49.296604271049], [-123.13506796043778, 49.29658214296571], [-123.135266287558, 49.29656657583974], [-123.13546556685696, 49.29655760976823], [-123.13566528503944, 49.296555267845555], [-123.13583801505355, 49.296601925988], [-123.13600668665138, 49.29665455346891], [-123.1361708179567, 49.29671299994141], [-123.13632994005923, 49.296777098434305], [-123.13648359835399, 49.29684666582887], [-123.13663135383975, 49.29692150338193], [-123.13677278437304, 49.29700139729331], [-123.13688208628335, 49.297062985433364], [-123.13699746169722, 49.2971196374259], [-123.13711839041413, 49.29717109783083], [-123.1372443271888, 49.297217134615835], [-123.13737470418984, 49.29725754020287], [-123.1375089335606, 49.29729213240423], [-123.13764641006996, 49.29732075524429], [-123.13778651384207, 49.29734327966291], [-123.13792861315181, 49.29735960409758], [-123.13807206727395, 49.297369654941384], [-123.13821622937287, 49.297373386875016], [-123.13836044941984, 49.297370783071244]]}}, {"type": "Feature", "properties": {"Id": 0, "Name": "", "Region": "", "Type": "Shoreline"}, "geometry": {"type": "LineString", "coordinates": [[-123.14083857878144, 49.29375439458601], [-123.14062404698753, 49.293813215437986], [-123.14041342574964, 49.29387779998189], [-123.1402070768571, 49.29394803728406], [-123.14000535476525, 49.29402380670086], [-123.13980860598679, 49.29410497808579], [-123.13961716849687, 49.294191412012935], [-123.13917777988148, 49.294352968155856], [-123.13873320685109, 49.29450834035705], [-123.13828365283943, 49.294657457502716], [-123.13782932356573, 49.29480025134142], [-123.1373704269404, 49.294936656515304], [-123.13726519377641, 49.29497405338137], [-123.1371554954176, 49.29500548593781], [-123.13704212036355, 49.295030728248776], [-123.13692588354586, 49.29504959887333], [-123.1368076204698, 49.29506196216975], [-123.13668818120773, 49.29506772927083], [-123.13656842428784, 49.295066858722684], [-123.13644921052206, 49.29505935678276], [-123.13633139681745, 49.29504527737485], [-123.13621583001579, 49.29502472170147], [-123.13610334080558, 49.29499783751629], [-123.1359947377501, 49.29496481806182], [-123.1358908014748, 49.29492590068036], [-123.13579227905556, 49.29488136510756], [-123.13569987864837, 49.29483153146146], [-123.13559894019292, 49.294751585993865], [-123.13549221092343, 49.294674925388534], [-123.13537994042213, 49.29460172889458], [-123.13526239122427, 49.294532167660456], [-123.13381971763624, 49.29391267407913], [-123.13366349091885, 49.29383521328053], [-123.133513557475, 49.29375260353814], [-123.13337031355482, 49.293665063193934], [-123.13323413772167, 49.29357282362052], [-123.13310538985166, 49.2934761286095], [-123.13298441018267, 49.293375233726806], [-123.13287151841523, 49.29327040563715], [-123.13276701286782, 49.29316192139899], [-123.1326711696888, 49.293050067732025], [-123.13249637430827, 49.292897295225984], [-123.13231588108226, 49.29274738414021], [-123.13212979950191, 49.29260042537175], [-123.13193824244384, 49.29245650802682], [-123.13174132610162, 49.292315719366655], [-123.13073519285713, 49.29161714939421], [-123.13010193835832, 49.29133638272809], [-123.1294628196215, 49.291061363136116], [-123.12881795857315, 49.29079214304404], [-123.12816747822838, 49.29052877377126], [-123.12751150266742, 49.29027130552113], [-123.12687989808117, 49.29005210836588], [-123.12625344396739, 49.28982667954454], [-123.12563228402763, 49.28959507079274], [-123.12555059407198, 49.289576016624636], [-123.12546636244475, 49.289562502737745], [-123.12538046485959, 49.289554669628956], [-123.12529379434854, 49.28955259873495], [-123.12485712279846, 49.28953522740895], [-123.12442121889292, 49.28951097281599], [-123.12398633624677, 49.28947984906756], [-123.1235527278795, 49.2894418742717], [-123.12312064606758, 49.289397070522426], [-123.12269034219733, 49.28934546388684], [-123.12226206661865, 49.289287084389954], [-123.12183606849865, 49.289221965997186], [-123.12141259567679, 49.289150146594544], [-123.12099189452012, 49.28907166796648], [-123.12068447369856, 49.289001197347105], [-123.12038028240596, 49.2889249666616], [-123.12007957284274, 49.288843039115186], [-123.11978259431888, 49.28875548263635], [-123.1194895930471, 49.288662369820194], [-123.11920081193843, 49.28856377786842], [-123.11891649040064, 49.28845978852505], [-123.11874711863882, 49.28840681579705], [-123.11857347695943, 49.28836013173652], [-123.1183961105443, 49.28831988291431], [-123.11821557626523, 49.288286195696664], [-123.11803244093615, 49.28825917584866], [-123.1178472795341, 49.28823890820218], [-123.11766067339475, 49.28822545638977], [-123.11742349270058, 49.28820313359875], [-123.11718790020478, 49.28817450566121], [-123.1169542874996, 49.28813962016153], [-123.11672304288427, 49.288098535085126], [-123.11649455071922, 49.288051318722005], [-123.1162691907868, 49.28799804955314], [-123.11604733765964, 49.287938816119954], [-123.11582936007767, 49.28787371687707], [-123.11561562033506, 49.28780286002855], [-123.11540647367765, 49.28772636334791], [-123.11520226771218, 49.2876443539823], [-123.11500334182847, 49.28755696824095], [-123.11481002663504, 49.287464351368584], [-123.11459421213007, 49.287311819372334], [-123.11437175581614, 49.28716342690905], [-123.11414284321214, 49.28701929769264], [-123.1139076652145, 49.28687955188176], [-123.113666417938, 49.28674430597974], [-123.1134193025522, 49.28661367273738], [-123.11316652511388, 49.286487761059284], [-123.11290829639505, 49.28636667591299], [-123.11081002830711, 49.28519775828424], [-123.11071697022457, 49.28515498527731], [-123.11061863006425, 49.285117610249614], [-123.11051573761252, 49.28508591055866], [-123.11040905643323, 49.28506012144521], [-123.11029937820201, 49.28504043428781], [-123.11018751683194, 49.28502699518275], [-123.10989750451674, 49.28499782952805], [-123.1096092783505, 49.28496187721914], [-123.10932320936749, 49.28491918453788], [-123.10903966582235, 49.28486980644289], [-123.10875901271564, 49.2848138064989], [-123.10848161132353, 49.28475125679474], [-123.1082078187324, 49.28468223785046], [-123.10793798737883, 49.28460683851365], [-123.10767246459547, 49.28452515584485], [-123.1074115921637, 49.284437294992664], [-123.10715570587337, 49.2843433690581], [-123.1069051350903, 49.284243498948975], [-123.10666020233211, 49.28413781322411], [-123.10657645483505, 49.28408298351521], [-123.10648669995761, 49.28403238470956], [-123.1063914358778, 49.28398629764237], [-123.10629119134623, 49.28394497810687], [-123.10618652275188, 49.28390865543488], [-123.1060780110341, 49.28387753122411], [-123.10596625845862, 49.28385177821954], [-123.10585188527537, 49.28383153935471], [-123.10560421504236, 49.28376675639796], [-123.10535344930925, 49.28370728819406], [-123.10509985447554, 49.2836531979164], [-123.10484369994336, 49.2836045430252], [-123.1045852578314, 49.28356137520646], [-123.10447967845145, 49.283541718400635], [-123.1043719666121, 49.28352787154453], [-123.10426286800565, 49.283519930500205], [-123.10415313792355, 49.28351795024366], [-123.10404353602823, 49.28352194448427], [-123.10393482109488, 49.28353188556988], [-123.10382774575923, 49.28354770467821], [-123.10372305130768, 49.283569292293286], [-123.10178160246527, 49.28419219290385], [-123.10165343476999, 49.28423621333261], [-123.10152092692323, 49.28427433998686], [-123.1013847113123, 49.284306390906366], [-123.10124543802402, 49.28433221312718], [-123.1011037717415, 49.284351683411714], [-123.1009603885714, 49.28436470883716], [-123.1008159728162, 49.28437122723902], [-123.10067121370776, 49.28437120750784], [-123.10052680211697, 49.284364649737746], [-123.10034987378155, 49.2843748666402], [-123.10017378640993, 49.2843900797191], [-123.09999886950682, 49.284410260506974], [-123.09982545038781, 49.284435371240406], [-123.09965385356699, 49.28446536493077], [-123.09726476607794, 49.285060014984495], [-123.09692321122171, 49.28519585397797], [-123.096576615589, 49.285326115599524], [-123.09622519196232, 49.285450719864414], [-123.09586915609361, 49.28556959026108], [-123.0955087265718, 49.28568265379822], [-123.09462517137261, 49.285961838013094], [-123.09448515647459, 49.2859865950047], [-123.09434282779823, 49.286004853311454], [-123.09419888932345, 49.28601652262465], [-123.09405405299442, 49.2860215452258], [-123.09390903519746, 49.28601989627223], [-123.0937645532165, 49.28601158391989], [-123.09362132168475, 49.285996649283106], [-123.09348004904896, 49.28597516623112], [-123.09334143406443, 49.285947241022626], [-123.09320616233826, 49.285913011780096], [-123.08971172923899, 49.28496616667276], [-123.08959948218752, 49.284932647103005], [-123.08948382984795, 49.284904514395656], [-123.08936537540264, 49.28488191527502], [-123.08924473664536, 49.284864967605266], [-123.08912254275977, 49.2848537597757], [-123.0889994310386, 49.284848350239805], [-123.08887604356043, 49.28484876721065], [-123.08875302384183, 49.28485500851353], [-123.08863101348165, 49.2848670415975], [-123.08817261765917, 49.28487453221449], [-123.08804818795322, 49.28486787450195], [-123.08792496272858, 49.28485476060082], [-123.08780372353527, 49.28483527368549], [-123.08768523932478, 49.28480953735072], [-123.08757026157214, 49.28477771482777], [-123.08745951950891, 49.28474000794885], [-123.08735371549763, 49.2846966558668], [-123.08464535466271, 49.28377762020718], [-123.08449687337547, 49.28375577268139], [-123.08434666604384, 49.2837397516287], [-123.08419526640326, 49.28372961397708], [-123.0840432124246, 49.28372539574884], [-123.0838910444031, 49.28372711193268], [-123.08373930303908, 49.283734756430526], [-123.0835885275173, 49.28374830207905], [-123.08343925359159, 49.28376770074631], [-123.08329201168182, 49.28379288350267], [-123.08014990993163, 49.284537658645114], [-123.07998189368348, 49.284565152002926], [-123.07981157162592, 49.28458569561448], [-123.07963961482788, 49.28459920853772], [-123.0794667008012, 49.284605637531456], [-123.07929351083047, 49.28460495726533], [-123.07912072728789, 49.28459717041956], [-123.07894903094373, 49.28458230767442], [-123.07877909828342, 49.28456042758926], [-123.07861159884112, 49.28453161637185], [-123.07844719256106, 49.28449598753839], [-123.0768968244392, 49.28416145282855], [-123.07667045401918, 49.28416228360605], [-123.0764443854826, 49.28416997418803], [-123.07621910428573, 49.28418450805988], [-123.07599509419505, 49.284205854011745], [-123.0757728362491, 49.28423396620558], [-123.07555280772608, 49.28426878427344], [-123.07533548111944, 49.284310233447094], [-123.07512132312374, 49.28435822471847], [-123.07491079363315, 49.284412655030685], [-123.07471043465392, 49.284442948152375], [-123.07451261665463, 49.2844796996618], [-123.07431782576276, 49.2845228192451], [-123.07412654067053, 49.28457220093908], [-123.07393923145884, 49.28462772339159], [-123.07375635844261, 49.2846892501595], [-123.07357837103983, 49.28475663004394], [-123.07340570666763, 49.2848296974616], [-123.07323878966746, 49.284908272851595], [-123.07307803026251, 49.28499216311643], [-123.07223564569304, 49.285462528995424], [-123.07138762974023, 49.28592855073295], [-123.07133874662338, 49.28596745437792], [-123.07128379807793, 49.28600272475564], [-123.07122341121486, 49.286033959328186], [-123.07115827521635, 49.28606080161725], [-123.0710891334699, 49.28608294527291], [-123.07101677508398, 49.28610013757013], [-123.07092972924706, 49.28610195595623], [-123.0708429312459, 49.2860972930196], [-123.07075750520892, 49.28608620915032], [-123.07067455749454, 49.28606884789642], [-123.07059516236146, 49.286045434104715], [-123.07052034805471, 49.28601627100844], [-123.07045108348817, 49.285981736299775], [-123.07038826569541, 49.28594227723803], [-123.07033270821222, 49.28589840485665], [-123.07028513054058, 49.285850687344535], [-123.0697716353857, 49.2854940020031], [-123.0697063087382, 49.28547688762519], [-123.06963797497112, 49.2854658920313], [-123.0695679661533, 49.2854612295646], [-123.06949764700428, 49.28546299111305], [-123.06942838829274, 49.28547114233786], [-123.0693615401169, 49.28548552434277], [-123.0692984055878, 49.28550585677144], [-123.06924021542821, 49.28553174327212], [-123.06918810398246, 49.285562679223666], [-123.0691430871042, 49.28559806157195], [-123.06910604235375, 49.28563720058501], [-123.06827743485017, 49.28629456673173], [-123.06815361744452, 49.28635447636293], [-123.06802442826968, 49.28640931803026], [-123.06789035141537, 49.28645888622728], [-123.0677518892915, 49.286502995208075], [-123.06760956074517, 49.286541479683486], [-123.06746389911606, 49.28657419544065], [-123.06731545023746, 49.286601019883506], [-123.0671647703903, 49.28662185249245], [-123.06701242421815, 49.286636615201004], [-123.06685898261064, 49.2866452526885], [-123.06636866113044, 49.28667102132813], [-123.06587766276769, 49.286690512005805], [-123.06538617541477, 49.286703717262874], [-123.06489438715181, 49.28671063204599], [-123.06460338638242, 49.28677343909164], [-123.06431583291058, 49.286842708516524], [-123.06403206199059, 49.28691835956393], [-123.06375240447144, 49.28700030403681], [-123.0634771864112, 49.28708844640053], [-123.0632067286972, 49.28718268389415], [-123.06294134667222, 49.28728290665012], [-123.06274582470948, 49.28736587994477], [-123.06255524692834, 49.287453637844465], [-123.06236988682349, 49.287546054421725], [-123.0621900104069, 49.287642997063436], [-123.06201587582625, 49.287744326661], [-123.06184773299454, 49.287849897809856], [-123.06168582323134, 49.28795955901806], [-123.0615303789166, 49.28807315292344], [-123.06138162315706, 49.28819051651941], [-123.06125737858032, 49.28828079226648], [-123.06114110086038, 49.28837550042616], [-123.06103315889534, 49.288474340569074], [-123.06093389514707, 49.28857699915666], [-123.06084362455458, 49.28868315053565], [-123.06076263353447, 49.288792457970814], [-123.06069117907171, 49.28890457471297], [-123.06062948790385, 49.289019145098806], [-123.0604960241394, 49.28917358584399], [-123.06035410712994, 49.28932476781766], [-123.06020392254156, 49.28947249315124], [-123.06004566686624, 49.28961656849843], [-123.05987954716511, 49.28975680528855], [-123.05970578079746, 49.28989301997329], [-123.05952459513654, 49.290025034267224], [-123.05933622727221, 49.29015267538121], [-123.0591409237005, 49.290275776248734], [-123.05893894000134, 49.29039417574466], [-123.05873054050384, 49.29050771889632], [-123.05851599794052, 49.29061625708643], [-123.0582955930902, 49.2907196482478], [-123.05798508247237, 49.29085149109511], [-123.05766922290128, 49.29097778176473], [-123.05734824636052, 49.291098427486546], [-123.05702238859772, 49.291213339636464], [-123.05669188895129, 49.29132243380151], [-123.0563569901745, 49.29142562984201], [-123.0560179382569, 49.29152285195052], [-123.05567498224345, 49.29161402870757], [-123.05532837405137, 49.29169909313424], [-123.05497836828495, 49.29177798274144], [-123.05446575572532, 49.2919238382461], [-123.05394967469124, 49.29206436598042], [-123.05343025463351, 49.29219953068763], [-123.05290762584403, 49.29232929845618], [-123.0523819194228, 49.29245363672832], [-123.05185326724512, 49.29257251430826], [-123.05132180192822, 49.292685901370014], [-123.05078765679806, 49.292793769465035], [-123.05005639107723, 49.292915467201475], [-123.04989905831202, 49.29292978974911], [-123.04974059259254, 49.292937006447815], [-123.04958174324211, 49.29293708317259], [-123.04942326139866, 49.29293001956058], [-123.04907945461518, 49.29289805713601], [-123.04873722058991, 49.292859545994254], [-123.04839685088189, 49.29281451894433], [-123.0480586354595, 49.2927630143463], [-123.04772286245341, 49.2927050760786], [-123.04738981791061, 49.29264075350046], [-123.04705978555047, 49.29257010140999], [-123.04673304652268, 49.29249317999726], [-123.04640987916756, 49.292410054793066], [-123.044553738737, 49.29197525009232], [-123.04434221604276, 49.29194381356318], [-123.04413296830953, 49.291906427095775], [-123.04392638657505, 49.29186316055802], [-123.0437228568921, 49.29181409480634], [-123.04352275960655, 49.29175932153444], [-123.04332646864624, 49.29169894310189], [-123.0431343508219, 49.29163307234278], [-123.0430054220961, 49.291581986870945], [-123.04287172093134, 49.29153645130477], [-123.04273380497712, 49.29149665556292], [-123.04259224945744, 49.291462765624054], [-123.04244764477214, 49.29143492283481], [-123.04230059403504, 49.29141324332049], [-123.04215171055903, 49.29139781750072], [-123.04205132573256, 49.291395631443095], [-123.04195179933367, 49.29138678857187], [-123.04185416049965, 49.29137138032539], [-123.04175941884743, 49.29134956603016], [-123.04166855403277, 49.2913215712532], [-123.04158250561929, 49.291287685469264], [-123.04150216336247, 49.29124825906734], [-123.0414283580087, 49.29120369972713], [-123.0413618527051, 49.2911544682032], [-123.04130333510835, 49.29110107356018], [-123.04125341027455, 49.29104406790857], [-123.04121259440365, 49.290984040695406], [-123.04113599929019, 49.29076273035457], [-123.04109491041778, 49.29069106510449], [-123.04104477898505, 49.290621905875405], [-123.04098595813936, 49.29055573980358], [-123.04091886222878, 49.29049303294051], [-123.0408439638828, 49.290434226970476], [-123.04076179068281, 49.29037973609975], [-123.04067292144562, 49.29032994413948], [-123.04057798214633, 49.290285201802504], [-123.04047764150937, 49.29024582423344], [-123.04037260629832, 49.29021208878921], [-123.0402636163383, 49.29018423308579], [-123.04015143930548, 49.29016245332477], [-123.04003686532069, 49.29014690291162], [-123.03992070138484, 49.29013769137536], [-123.03980376569588, 49.2901348835972], [-123.0395090542167, 49.29014926458395], [-123.03831936284291, 49.29029960362779], [-123.03825083833287, 49.29031958731642], [-123.03817899169138, 49.29033372354787], [-123.03810498384792, 49.29034178390232], [-123.03803001065596, 49.290343638136676], [-123.03795528356875, 49.29033925628935], [-123.03788201006249, 49.29032870916432], [-123.03781137412417, 49.29031216718703], [-123.03774451711884, 49.290289897650354], [-123.0376825193459, 49.290262260395295], [-123.03762638258257, 49.29022970199619], [-123.03757701389617, 49.290192748544285], [-123.03643026292468, 49.2893720243897], [-123.03634750894571, 49.289334880106516], [-123.03625982068937, 49.289302944862115], [-123.03616796219121, 49.28927649690797], [-123.03607273381783, 49.289255766684484], [-123.03597496529393, 49.28924093481334], [-123.03587550847378, 49.289232130523956], [-123.03577522991979, 49.28922943052765], [-123.0344108019753, 49.28923698481156], [-123.03432775043854, 49.28923752880054], [-123.03424499268381, 49.289232931240086], [-123.0341632709885, 49.289223233367], [-123.03408331833627, 49.28920852216414], [-123.03401018902633, 49.28918524461962], [-123.03393326199439, 49.289167981494565], [-123.03385368826356, 49.28915699108835], [-123.03377265845516, 49.28915243784466], [-123.03369138497527, 49.289154389891316], [-123.03361108387567, 49.28916281802084], [-123.03353295666007, 49.28917759612761], [-123.03345817230795, 49.28919850309438], [-123.03338784978494, 49.289225226100704], [-123.03332304130123, 49.28925736530298], [-123.03326471656834, 49.28929443981683], [-123.03180265793776, 49.29025160137688], [-123.03174297320584, 49.290295171900645], [-123.03167636787218, 49.290334216203675], [-123.03160363940172, 49.2903682668], [-123.03152565857866, 49.29039691599355], [-123.03144335908003, 49.2904198207599], [-123.0313577262962, 49.29043670685375], [-123.03126978553142, 49.29044737209283], [-123.03118058972683, 49.29045168877893], [-123.03104185807825, 49.29048173820771], [-123.03090671269437, 49.29051811403407], [-123.03077582691756, 49.29056063502293], [-123.03064985287243, 49.29060908932164], [-123.03052941821703, 49.290663235515375], [-123.03041512301608, 49.2907228038296], [-123.03030753675155, 49.29078749747395], [-123.02868171098369, 49.29187318072856], [-123.0285365747478, 49.29193706158646], [-123.0283864017629, 49.29199575108602], [-123.02823162563026, 49.29204907976382], [-123.0280726932471, 49.292096893635076], [-123.02791006351592, 49.29213905463837], [-123.02774420601895, 49.292175441034495], [-123.02757559966201, 49.2922059477581], [-123.0274047312912, 49.292230486721095], [-123.0268143564094, 49.29236446822786], [-123.02622593353384, 49.29250207728184], [-123.02588387153016, 49.29260620496431], [-123.02554596194365, 49.2927159806371], [-123.02521242271341, 49.29283133350791], [-123.0248834689647, 49.29295218918728], [-123.02474870817063, 49.29301590605458], [-123.02460862972406, 49.29307451182908], [-123.02446368622212, 49.293127817146555], [-123.02431434598648, 49.29317564976878], [-123.02416109154971, 49.29321785514025], [-123.02400441809596, 49.29325429688768], [-123.02384483186036, 49.29328485726088], [-123.023682848493, 49.29330943751324]]}}]}