{"type": "FeatureCollection", "crs": {"type": "name", "properties": {"name": "EPSG:4326"}}, "features": [{"type": "Feature", "geometry": {"type": "MultiPolygon", "coordinates": [[[[-125.7732, 52.983], [-125.7839, 53.0009], [-125.7729, 53.0091], [-125.7732, 52.983]]], [[[-127.8344, 56.2481], [-127.7719, 56.2138], [-127.7238, 56.2257], [-127.6913, 56.2085], [-127.6617, 56.229], [-127.6317, 56.2245], [-127.6154, 56.1973], [-127.5032, 56.2038], [-127.5001, 56.1766], [-127.4762, 56.1645], [-127.3871, 56.1669], [-127.3762, 56.1233], [-127.4036, 56.0918], [-127.3094, 56.0745], [-127.2856, 56.0549], [-127.2945, 56.0396], [-127.1815, 55.9585], [-127.1265, 55.9655], [-127.0526, 55.9334], [-127.0231, 55.9385], [-127.0418, 55.9935], [-127.0177, 56.0069], [-126.9069, 55.9607], [-126.8814, 55.9659], [-126.8711, 55.9469], [-126.9243, 55.9169], [-126.8831, 55.8928], [-126.864, 55.8452], [-126.7348, 55.7888], [-126.7557, 55.7778], [-126.7517, 55.7424], [-126.5872, 55.6639], [-126.5368, 55.67], [-126.5252, 55.6455], [-126.4798, 55.6399], [-126.4793, 55.606], [-126.406, 55.5821], [-126.3848, 55.5422], [-126.4142, 55.5211], [-126.4035, 55.4906], [-126.3615, 55.4769], [-126.343, 55.415], [-126.2348, 55.3744], [-126.2656, 55.3438], [-126.1598, 55.2823], [-126.1223, 55.1991], [-126.063, 55.1914], [-126.0565, 55.1651], [-125.9626, 55.1562], [-125.9556, 55.1382], [-125.9311, 55.14], [-125.9598, 55.1292], [-125.9456, 55.1114], [-125.869, 55.1108], [-125.7583, 55.0218], [-125.7103, 55.0283], [-125.6675, 54.9787], [-125.5388, 54.9631], [-125.4992, 54.9402], [-125.5003, 54.9173], [-125.4557, 54.9061], [-125.5663, 54.8728], [-125.5274, 54.8552], [-125.5453, 54.8505], [-125.4919, 54.8061], [-125.5036, 54.8028], [-125.4861, 54.7948], [-125.4862, 54.7434], [-125.5921, 54.7031], [-125.5897, 54.6687], [-125.6259, 54.6255], [-125.6187, 54.6056], [-125.5601, 54.6054], [-125.5775, 54.5637], [-125.5122, 54.5284], [-125.4909, 54.5609], [-125.4273, 54.5399], [-125.1905, 54.5448], [-125.1906, 54.5222], [-125.0664, 54.5218], [-125.0664, 54.4929], [-124.9857, 54.4576], [-124.9191, 54.4712], [-124.8696, 54.4572], [-124.8866, 54.4228], [-124.9182, 54.4167], [-124.9183, 54.3986], [-124.9528, 54.3784], [-125.0509, 54.3744], [-125.0198, 54.3553], [-125.0543, 54.3429], [-124.9704, 54.3172], [-125.0373, 54.2974], [-124.985, 54.2797], [-124.9852, 54.2379], [-125.1026, 54.207], [-125.0824, 54.1722], [-125.1395, 54.1588], [-125.1185, 54.1369], [-125.1361, 54.0282], [-125.2643, 54.0405], [-125.2924, 54.0618], [-125.2984, 54.0223], [-125.3465, 54.009], [-125.3449, 53.8919], [-125.2694, 53.884], [-125.2234, 53.8516], [-125.0894, 53.8733], [-125.0818, 53.8552], [-125.0277, 53.8524], [-125.0255, 53.8368], [-125.0863, 53.7896], [-125.1208, 53.793], [-125.1425, 53.7616], [-125.0845, 53.7165], [-125.0848, 53.5853], [-125.3017, 53.6208], [-125.3943, 53.6072], [-125.4136, 53.5863], [-125.3559, 53.5526], [-125.369, 53.537], [-125.3521, 53.5247], [-125.2069, 53.5211], [-125.2121, 53.4789], [-125.174, 53.4566], [-125.1139, 53.4558], [-125.1138, 53.4091], [-125.2627, 53.4174], [-125.3547, 53.345], [-125.4462, 53.3171], [-125.4576, 53.2633], [-125.5677, 53.2051], [-125.5933, 53.1767], [-125.5799, 53.1501], [-125.618, 53.1211], [-125.6949, 53.1035], [-125.7428, 53.1177], [-125.772, 53.0942], [-125.7723, 53.0671], [-125.8085, 53.0648], [-125.814, 53.0897], [-125.8628, 53.1211], [-125.8894, 53.205], [-126.1592, 53.1956], [-126.2545, 53.1734], [-126.2387, 53.1523], [-126.291, 53.1036], [-126.3582, 53.0894], [-126.3849, 53.1072], [-126.4606, 53.106], [-126.4497, 53.0879], [-126.4795, 53.0317], [-126.5274, 53.0139], [-126.5461, 52.9787], [-126.596, 52.968], [-126.6358, 52.9762], [-126.6142, 52.9955], [-126.6365, 53.018], [-126.7077, 52.9865], [-126.7886, 52.997], [-126.84, 53.1064], [-126.8664, 53.1081], [-126.8876, 53.083], [-127.0155, 53.0731], [-127.0376, 53.1175], [-126.9935, 53.1326], [-126.9927, 53.1515], [-127.0448, 53.2022], [-127.0289, 53.2363], [-126.9806, 53.2649], [-127.0044, 53.3019], [-127.0561, 53.2942], [-127.0755, 53.2774], [-127.0767, 53.24], [-127.1071, 53.2291], [-127.1514, 53.2706], [-127.229, 53.2485], [-127.2709, 53.2856], [-127.2534, 53.2967], [-127.3205, 53.333], [-127.3155, 53.3566], [-127.3636, 53.3759], [-127.3719, 53.4249], [-127.3952, 53.4298], [-127.4364, 53.4909], [-127.5173, 53.4585], [-127.5712, 53.5045], [-127.5549, 53.5277], [-127.6065, 53.5435], [-127.6169, 53.5634], [-127.6664, 53.5269], [-127.6809, 53.5495], [-127.78, 53.5524], [-127.7445, 53.6067], [-127.7587, 53.633], [-127.7913, 53.6391], [-127.7808, 53.6609], [-127.8221, 53.662], [-127.8084, 53.6834], [-127.837, 53.7015], [-127.8118, 53.708], [-127.8187, 53.7288], [-127.8931, 53.7441], [-127.9116, 53.7688], [-127.9015, 53.7861], [-128.0102, 53.8569], [-128.0028, 53.8883], [-128.066, 53.9013], [-128.0445, 53.9972], [-128.0139, 54.0032], [-128.0392, 54.0117], [-128.0381, 54.0489], [-128.0685, 54.0536], [-128.0625, 54.0724], [-128.0029, 54.0665], [-127.988, 54.0957], [-127.9929, 54.1207], [-128.0213, 54.1292], [-127.9769, 54.2036], [-127.9853, 54.2218], [-128.0657, 54.2325], [-128.0761, 54.2715], [-128.1371, 54.2973], [-128.1147, 54.3114], [-128.127, 54.3328], [-128.098, 54.3669], [-128.1184, 54.3823], [-128.1482, 54.3743], [-128.1969, 54.4112], [-128.2779, 54.4037], [-128.3998, 54.4395], [-128.4698, 54.5198], [-128.561, 54.5155], [-128.5882, 54.5555], [-128.5194, 54.5614], [-128.5107, 54.5916], [-128.5514, 54.6235], [-128.5151, 54.6364], [-128.5726, 54.6864], [-128.5871, 54.72], [-128.5622, 54.761], [-128.6235, 54.8083], [-128.6211, 54.8656], [-128.6597, 54.8824], [-128.652, 54.9186], [-128.68, 54.929], [-128.563, 55.0876], [-128.4617, 55.1438], [-128.3834, 55.145], [-128.3991, 55.1873], [-128.358, 55.1982], [-128.3982, 55.2336], [-128.3634, 55.2434], [-128.3583, 55.2681], [-128.3978, 55.2812], [-128.3528, 55.3534], [-128.3931, 55.3584], [-128.3909, 55.3869], [-128.2278, 55.4176], [-128.1434, 55.4681], [-128.1717, 55.4807], [-128.1789, 55.4995], [-128.1581, 55.4983], [-128.2408, 55.581], [-128.3113, 55.6031], [-128.3821, 55.6417], [-128.3913, 55.6655], [-128.4903, 55.7094], [-128.6206, 55.72], [-128.796, 55.8643], [-128.7537, 55.8615], [-128.7641, 55.8777], [-128.7389, 55.89], [-128.7109, 55.8783], [-128.729, 55.8906], [-128.7261, 55.9291], [-128.6993, 55.9298], [-128.7173, 55.95], [-128.653, 55.9489], [-128.638, 56.0128], [-128.5511, 56.0592], [-128.5492, 56.0774], [-128.4164, 56.1087], [-128.3124, 56.0891], [-128.3205, 56.1011], [-128.3045, 56.1078], [-128.2648, 56.1083], [-128.2765, 56.142], [-128.1487, 56.0797], [-128.1264, 56.1031], [-128.1349, 56.1171], [-128.1126, 56.1249], [-128.1384, 56.1868], [-128.0954, 56.1809], [-128.0901, 56.2016], [-128.0569, 56.1893], [-127.9819, 56.2268], [-127.9003, 56.1526], [-127.864, 56.1876], [-127.8806, 56.234], [-127.8344, 56.2481]]]]}, "properties": {"BasinName": "Bulkley-Lakes", "BasinID": 11, "DroughtLevel": 99, "Date_Modified": 1731004200000}}, {"type": "Feature", "geometry": {"type": "Polygon", "coordinates": [[[-122.7837, 56.0873], [-122.8017, 56.0738], [-122.7844, 56.0621], [-122.7945, 56.0213], [-122.9297, 56.0034], [-122.8947, 55.9446], [-122.9293, 55.9283], [-122.959, 55.8073], [-122.9385, 55.7789], [-122.9594, 55.7749], [-122.9098, 55.6852], [-122.8351, 55.6615], [-122.8793, 55.6041], [-122.9586, 55.5841], [-122.9301, 55.5644], [-122.9565, 55.5477], [-122.941, 55.525], [-122.9668, 55.4999], [-122.9327, 55.4619], [-122.9995, 55.4627], [-123.0068, 55.4442], [-122.9837, 55.4229], [-122.9937, 55.402], [-122.8897, 55.4218], [-122.8705, 55.4135], [-122.8817, 55.401], [-122.8486, 55.3948], [-122.856, 55.3787], [-122.8128, 55.3855], [-122.7542, 55.3639], [-122.7519, 55.3472], [-122.6784, 55.3352], [-122.6543, 55.3464], [-122.6423, 55.3959], [-122.5953, 55.4082], [-122.4851, 55.3143], [-122.4306, 55.315], [-122.3344, 55.228], [-122.2624, 55.2097], [-122.2479, 55.1921], [-122.2944, 55.1714], [-122.2659, 55.1319], [-122.1927, 55.1379], [-122.173, 55.0985], [-122.1094, 55.1006], [-122.0141, 55.029], [-121.9401, 55.0019], [-121.9226, 54.9719], [-121.848, 54.9278], [-121.8728, 54.9019], [-121.8391, 54.8992], [-121.8745, 54.8832], [-121.8726, 54.8681], [-121.8042, 54.8553], [-121.7941, 54.8354], [-121.7305, 54.8878], [-121.5271, 54.7971], [-121.5291, 54.7692], [-121.4822, 54.7491], [-121.4938, 54.7416], [-121.4766, 54.7242], [-121.4913, 54.6942], [-121.522, 54.6834], [-121.5308, 54.651], [-121.4866, 54.6088], [-121.4535, 54.6093], [-121.447, 54.5762], [-121.4055, 54.5662], [-121.403, 54.5411], [-121.4423, 54.5223], [-121.4146, 54.4854], [-121.4725, 54.4128], [-121.5833, 54.4421], [-121.5798, 54.408], [-121.6316, 54.4104], [-121.6623, 54.3887], [-121.6903, 54.4125], [-121.8549, 54.4529], [-121.8769, 54.4278], [-121.8616, 54.4058], [-121.8852, 54.3978], [-121.9722, 54.4459], [-122.0722, 54.4448], [-122.0743, 54.4778], [-122.0933, 54.4902], [-122.1082, 54.4603], [-122.147, 54.4885], [-122.1858, 54.471], [-122.2108, 54.483], [-122.2591, 54.453], [-122.3147, 54.4472], [-122.3252, 54.4388], [-122.2992, 54.4252], [-122.3165, 54.4066], [-122.4117, 54.3767], [-122.3667, 54.3455], [-122.5198, 54.3244], [-122.4894, 54.2811], [-122.5883, 54.2842], [-122.5875, 54.271], [-122.6484, 54.2654], [-122.6795, 54.2337], [-122.7286, 54.2323], [-122.7303, 54.2563], [-122.8275, 54.2845], [-122.7595, 54.322], [-122.7899, 54.3395], [-122.7211, 54.355], [-122.7183, 54.3757], [-122.7862, 54.3872], [-122.8613, 54.3277], [-122.9138, 54.3396], [-122.9368, 54.3665], [-122.9208, 54.4133], [-122.9332, 54.4402], [-122.8953, 54.4626], [-122.904, 54.4785], [-122.8848, 54.5046], [-122.9055, 54.5536], [-122.8932, 54.5807], [-122.9307, 54.6348], [-122.9588, 54.6538], [-123.0196, 54.6499], [-123.0137, 54.6216], [-123.054, 54.5913], [-123.1447, 54.5892], [-123.151, 54.6117], [-123.2194, 54.6356], [-123.2857, 54.6193], [-123.2994, 54.68], [-123.4021, 54.6747], [-123.4868, 54.7104], [-123.4921, 54.7283], [-123.5751, 54.7316], [-123.6475, 54.7698], [-123.68, 54.7567], [-123.699, 54.7786], [-123.6811, 54.7807], [-123.6925, 54.7904], [-123.6551, 54.9174], [-123.6992, 54.9244], [-123.7064, 54.9475], [-123.8192, 54.9999], [-123.8126, 55.0353], [-123.8337, 55.0455], [-123.9552, 55.0128], [-124.0119, 55.0346], [-124.1746, 54.9841], [-124.2146, 55.011], [-124.3483, 55.0331], [-124.4592, 55.0073], [-124.5366, 55.0553], [-124.6016, 55.0152], [-124.6497, 55.0403], [-124.7179, 55.0143], [-124.7513, 55.0316], [-124.7457, 55.0518], [-124.8853, 55.0698], [-124.9185, 55.0446], [-124.9705, 55.0413], [-125.0103, 55.0535], [-125.0543, 55.098], [-125.2008, 55.1576], [-125.377, 55.1277], [-125.3969, 55.163], [-125.4995, 55.1868], [-125.513, 55.223], [-125.4985, 55.2586], [-125.5715, 55.2801], [-125.5395, 55.2995], [-125.5964, 55.3641], [-125.5749, 55.3971], [-125.6359, 55.4271], [-125.7353, 55.4143], [-125.7992, 55.4633], [-125.8245, 55.5086], [-125.7952, 55.5178], [-125.8673, 55.5566], [-125.8302, 55.5734], [-125.826, 55.5933], [-125.9519, 55.637], [-125.9548, 55.6837], [-125.9277, 55.6919], [-125.9299, 55.7403], [-125.9645, 55.7716], [-126.0188, 55.7611], [-126.0513, 55.7947], [-126.1204, 55.8089], [-126.1403, 55.8355], [-126.1133, 55.8553], [-126.1923, 55.8817], [-126.1938, 55.9027], [-126.2302, 55.9283], [-126.2066, 55.9347], [-126.2255, 55.964], [-126.2115, 55.9816], [-126.2444, 55.997], [-126.2408, 56.017], [-126.2934, 56.0792], [-126.3753, 56.0937], [-126.4063, 56.1234], [-126.4124, 56.1095], [-126.4764, 56.1082], [-126.5614, 56.1503], [-126.5899, 56.1542], [-126.595, 56.1238], [-126.6232, 56.1276], [-126.7799, 56.2501], [-126.7438, 56.2751], [-126.6855, 56.2726], [-126.6645, 56.2906], [-126.6234, 56.285], [-126.6201, 56.3036], [-126.5399, 56.3136], [-126.4261, 56.279], [-126.3813, 56.2862], [-126.3212, 56.3315], [-126.2641, 56.3018], [-126.2245, 56.3383], [-126.2378, 56.3473], [-126.1481, 56.351], [-126.1555, 56.3861], [-126.1151, 56.4108], [-126.1301, 56.4286], [-126.1055, 56.4442], [-126.2179, 56.4788], [-126.1977, 56.51], [-126.1019, 56.5253], [-126.1377, 56.551], [-126.0601, 56.6335], [-126.0107, 56.6299], [-126.0299, 56.6097], [-126.0084, 56.5931], [-125.9001, 56.5907], [-125.8694, 56.578], [-125.8698, 56.5606], [-125.7317, 56.5248], [-125.6766, 56.4808], [-125.632, 56.4764], [-125.5533, 56.4325], [-125.4771, 56.4325], [-125.459, 56.4496], [-125.3238, 56.4227], [-125.269, 56.4937], [-125.2211, 56.5076], [-125.1707, 56.4934], [-125.1276, 56.5698], [-125.0864, 56.5779], [-125.0917, 56.5936], [-124.9395, 56.6201], [-124.892, 56.5909], [-124.9295, 56.5546], [-124.8804, 56.5305], [-124.8889, 56.5162], [-124.8459, 56.5046], [-124.7284, 56.3917], [-124.6833, 56.3813], [-124.6643, 56.3498], [-124.6109, 56.3304], [-124.441, 56.2092], [-124.3478, 56.1333], [-124.3557, 56.1111], [-124.3227, 56.0711], [-124.2591, 56.0467], [-124.0664, 56.0847], [-124.0012, 56.0445], [-123.9127, 56.0215], [-123.6781, 56.0484], [-123.3741, 56.0157], [-123.2478, 55.9808], [-123.13, 55.9958], [-123.0193, 56.0847], [-122.7837, 56.0873]]]}, "properties": {"BasinName": "Parsnip", "BasinID": 5, "DroughtLevel": 99, "Date_Modified": 1731004200000}}, {"type": "Feature", "geometry": {"type": "MultiPolygon", "coordinates": [[[[-120.0013, 53.8351], [-120.0014, 53.9449], [-120.0013, 54.1796], [-120.0013, 53.8351]]], [[[-121.3996, 54.54], [-121.2877, 54.5129], [-121.2484, 54.5472], [-121.1314, 54.5505], [-121.1392, 54.5096], [-121.1193, 54.5018], [-121.1235, 54.4764], [-121.0432, 54.4529], [-121.0073, 54.4664], [-120.9323, 54.4502], [-120.8778, 54.4614], [-120.8762, 54.4906], [-120.8259, 54.494], [-120.7988, 54.4679], [-120.806, 54.4356], [-120.7857, 54.4035], [-120.7335, 54.4095], [-120.6587, 54.3585], [-120.6997, 54.3475], [-120.6858, 54.3227], [-120.7316, 54.3004], [-120.5985, 54.2839], [-120.5677, 54.2101], [-120.5863, 54.1757], [-120.5348, 54.1364], [-120.3259, 54.1042], [-120.2831, 54.1207], [-120.1846, 54.1175], [-120.1906, 54.0933], [-120.1671, 54.0731], [-120.1777, 54.0464], [-120.2071, 54.0296], [-120.2347, 54.0416], [-120.2627, 53.9819], [-120.2091, 53.9732], [-120.2128, 53.9399], [-120.1564, 53.9424], [-120.126, 53.9743], [-120.0782, 53.9795], [-120.0551, 53.9194], [-120.0706, 53.9054], [-120.0152, 53.8625], [-120.0498, 53.8391], [-120.0407, 53.8038], [-119.8895, 53.776], [-119.9116, 53.7112], [-119.8543, 53.7152], [-119.8382, 53.6946], [-119.8, 53.7062], [-119.7397, 53.6639], [-119.7164, 53.6114], [-119.7506, 53.5902], [-119.9084, 53.6217], [-119.9305, 53.6089], [-119.8619, 53.5537], [-119.9012, 53.5165], [-119.8698, 53.4965], [-119.8355, 53.5185], [-119.7848, 53.4915], [-119.792, 53.4727], [-119.7301, 53.3889], [-119.6141, 53.3611], [-119.5945, 53.3638], [-119.6066, 53.3852], [-119.4509, 53.349], [-119.3909, 53.3595], [-119.358, 53.3414], [-119.3362, 53.276], [-119.2664, 53.216], [-119.2607, 53.177], [-119.2284, 53.1957], [-119.148, 53.1911], [-119.122, 53.1602], [-119.0768, 53.1599], [-119.0277, 53.1243], [-118.9944, 53.1413], [-119.0257, 53.1604], [-118.9933, 53.2051], [-119.0266, 53.2259], [-118.9839, 53.2402], [-118.7926, 53.1615], [-118.7831, 53.1358], [-118.7289, 53.1124], [-118.778, 53.0466], [-118.7614, 53.0367], [-118.7305, 53.0582], [-118.6973, 53.032], [-118.6571, 53.0344], [-118.6413, 52.9987], [-118.6731, 52.9781], [-118.6104, 52.9359], [-118.6157, 52.881], [-118.5497, 52.9078], [-118.4984, 52.9061], [-118.4526, 52.887], [-118.4542, 52.8559], [-118.384, 52.8475], [-118.4031, 52.8421], [-118.4187, 52.7739], [-118.3286, 52.7379], [-118.3446, 52.709], [-118.2876, 52.6779], [-118.299, 52.6537], [-118.3536, 52.6354], [-118.3568, 52.6151], [-118.3335, 52.6061], [-118.3287, 52.5778], [-118.2719, 52.5645], [-118.2904, 52.5395], [-118.2632, 52.5043], [-118.1943, 52.4769], [-118.2531, 52.4438], [-118.2207, 52.3824], [-118.3002, 52.3305], [-118.2592, 52.2605], [-118.2962, 52.2509], [-118.3417, 52.1985], [-118.4577, 52.2022], [-118.519, 52.1773], [-118.5963, 52.1906], [-118.6824, 52.1492], [-118.7516, 52.1835], [-118.806, 52.1789], [-118.8521, 52.2103], [-118.8388, 52.2333], [-118.8976, 52.239], [-118.7877, 52.3058], [-118.9192, 52.3488], [-118.9376, 52.3736], [-118.9239, 52.4193], [-118.9452, 52.4338], [-118.9373, 52.4533], [-118.8851, 52.4788], [-118.9382, 52.5479], [-118.9273, 52.5682], [-119.0039, 52.6011], [-119.0346, 52.5943], [-119.1062, 52.6731], [-119.1837, 52.6397], [-119.1937, 52.599], [-119.2969, 52.6035], [-119.354, 52.5864], [-119.3777, 52.6157], [-119.3646, 52.6556], [-119.5292, 52.6289], [-119.5426, 52.6644], [-119.5776, 52.6517], [-119.6174, 52.7051], [-119.7104, 52.6759], [-119.7472, 52.6826], [-119.7692, 52.6594], [-119.871, 52.6866], [-119.9111, 52.7204], [-119.9555, 52.7141], [-120.0127, 52.7537], [-120.0408, 52.8168], [-120.1611, 52.8929], [-120.1645, 52.9264], [-120.3341, 52.9249], [-120.3761, 52.9634], [-120.4211, 52.9572], [-120.4451, 52.9931], [-120.5087, 52.9844], [-120.5693, 53.0066], [-120.6423, 52.9925], [-120.7115, 53.0148], [-120.7381, 53.0695], [-120.7123, 53.0832], [-120.7938, 53.1372], [-120.7497, 53.1649], [-120.832, 53.1836], [-120.8551, 53.2233], [-120.8854, 53.2262], [-120.9462, 53.2794], [-120.9786, 53.2772], [-120.9787, 53.3046], [-121.0146, 53.3281], [-120.9977, 53.3666], [-121.011, 53.4274], [-121.0474, 53.3968], [-121.1111, 53.3976], [-121.1173, 53.3636], [-121.1931, 53.3356], [-121.6768, 53.3247], [-121.7331, 53.3097], [-121.7653, 53.2695], [-121.8148, 53.3056], [-121.7866, 53.3258], [-121.8003, 53.3397], [-121.8536, 53.3536], [-121.9004, 53.3005], [-121.9458, 53.296], [-121.93, 53.3792], [-121.9451, 53.4139], [-122.0328, 53.4285], [-122.0646, 53.3851], [-122.0608, 53.317], [-122.0422, 53.3031], [-122.0878, 53.2909], [-122.1108, 53.2309], [-122.2517, 53.2111], [-122.3129, 53.1696], [-122.3739, 53.1936], [-122.3498, 53.1769], [-122.3802, 53.1825], [-122.3803, 53.1511], [-122.4176, 53.1623], [-122.4569, 53.1476], [-122.4966, 53.1751], [-122.6098, 53.1196], [-122.6446, 53.1282], [-122.5425, 53.1643], [-122.5426, 53.1933], [-122.6385, 53.2078], [-122.6509, 53.1896], [-122.6627, 53.215], [-122.724, 53.215], [-122.7241, 53.2875], [-122.6901, 53.2875], [-122.6852, 53.3531], [-122.6345, 53.3989], [-122.6847, 53.4597], [-122.6698, 53.4974], [-122.7233, 53.5551], [-122.7037, 53.5923], [-122.6729, 53.5966], [-122.6832, 53.6145], [-122.6661, 53.6404], [-122.7239, 53.674], [-122.7039, 53.6893], [-122.7081, 53.7753], [-122.7601, 53.8817], [-122.7115, 53.917], [-122.6667, 53.9213], [-122.7086, 53.9611], [-122.6529, 53.9641], [-122.6809, 53.9937], [-122.604, 54.0168], [-122.595, 54.03], [-122.616, 54.0471], [-122.576, 54.0498], [-122.5087, 54.0924], [-122.5417, 54.1174], [-122.6349, 54.1258], [-122.6167, 54.1588], [-122.635, 54.1865], [-122.6798, 54.1849], [-122.6919, 54.202], [-122.6686, 54.2194], [-122.6765, 54.2362], [-122.6484, 54.2654], [-122.5875, 54.271], [-122.5883, 54.2842], [-122.4894, 54.2811], [-122.5141, 54.2983], [-122.5145, 54.3272], [-122.4409, 54.3242], [-122.4156, 54.3464], [-122.3667, 54.3455], [-122.4117, 54.3767], [-122.3165, 54.4066], [-122.2992, 54.4252], [-122.3252, 54.4388], [-122.3147, 54.4472], [-122.2591, 54.453], [-122.2108, 54.483], [-122.1858, 54.471], [-122.147, 54.4885], [-122.1082, 54.4603], [-122.0933, 54.4902], [-122.0743, 54.4778], [-122.0722, 54.4448], [-121.9722, 54.4459], [-121.8852, 54.3978], [-121.8616, 54.4058], [-121.8769, 54.4278], [-121.8549, 54.4529], [-121.6903, 54.4125], [-121.6623, 54.3887], [-121.6316, 54.4104], [-121.5798, 54.408], [-121.5833, 54.4421], [-121.4725, 54.4128], [-121.4146, 54.4854], [-121.4423, 54.5223], [-121.403, 54.5411], [-121.4128, 54.5691], [-121.3928, 54.5584], [-121.3996, 54.54]]]]}, "properties": {"BasinName": "Upper Fraser East", "BasinID": 13, "DroughtLevel": 99, "Date_Modified": 1731004200000}}, {"type": "Feature", "geometry": {"type": "Polygon", "coordinates": [[[-123.8178, 56.9257], [-123.8529, 56.8935], [-123.772, 56.8144], [-123.8078, 56.77], [-123.7641, 56.7405], [-123.7627, 56.6837], [-123.6652, 56.6532], [-123.6723, 56.5898], [-123.7416, 56.5689], [-123.6805, 56.5363], [-123.7054, 56.52], [-123.6972, 56.5099], [-123.6057, 56.5125], [-123.5549, 56.4619], [-123.5594, 56.4143], [-123.5097, 56.3966], [-123.4705, 56.4508], [-123.4029, 56.4767], [-123.3543, 56.4567], [-123.364, 56.4374], [-123.3125, 56.4193], [-123.2705, 56.3702], [-123.2339, 56.3778], [-123.153, 56.4502], [-123.0726, 56.4303], [-123.0249, 56.3973], [-122.9549, 56.3942], [-122.9237, 56.3414], [-122.9401, 56.3175], [-122.8895, 56.3125], [-122.8702, 56.2806], [-122.8247, 56.2931], [-122.7678, 56.273], [-122.7238, 56.2114], [-122.7354, 56.1992], [-122.7038, 56.1797], [-122.712, 56.1618], [-122.6493, 56.146], [-122.7219, 56.1036], [-122.7837, 56.0873], [-123.0193, 56.0847], [-123.13, 55.9958], [-123.2478, 55.9808], [-123.3741, 56.0157], [-123.6781, 56.0484], [-123.9127, 56.0215], [-124.0012, 56.0445], [-124.0664, 56.0847], [-124.2523, 56.0455], [-124.3227, 56.0711], [-124.3557, 56.1111], [-124.3478, 56.1333], [-124.441, 56.2092], [-124.6109, 56.3304], [-124.6643, 56.3498], [-124.6833, 56.3813], [-124.7284, 56.3917], [-124.8459, 56.5046], [-124.8889, 56.5162], [-124.8804, 56.5305], [-124.9295, 56.5546], [-124.892, 56.5909], [-124.9395, 56.6201], [-125.0917, 56.5936], [-125.0864, 56.5779], [-125.1276, 56.5698], [-125.1707, 56.4934], [-125.2211, 56.5076], [-125.269, 56.4937], [-125.3238, 56.4227], [-125.459, 56.4496], [-125.4771, 56.4325], [-125.5533, 56.4325], [-125.632, 56.4764], [-125.6766, 56.4808], [-125.7317, 56.5248], [-125.8698, 56.5606], [-125.8694, 56.578], [-125.8994, 56.5904], [-126.0091, 56.5934], [-126.0299, 56.6097], [-126.0107, 56.6299], [-126.0476, 56.6355], [-126.1307, 56.5685], [-126.1376, 56.5503], [-126.1019, 56.5253], [-126.1977, 56.51], [-126.2179, 56.4788], [-126.1055, 56.4442], [-126.1301, 56.4286], [-126.1151, 56.4108], [-126.1555, 56.3861], [-126.1481, 56.351], [-126.2378, 56.3473], [-126.2245, 56.3383], [-126.2641, 56.3018], [-126.3255, 56.3305], [-126.3813, 56.2862], [-126.4252, 56.279], [-126.5096, 56.3165], [-126.6201, 56.3036], [-126.6234, 56.285], [-126.6645, 56.2906], [-126.6855, 56.2726], [-126.7444, 56.2749], [-126.7785, 56.2459], [-126.615, 56.1109], [-126.623, 56.0552], [-126.6722, 56.0268], [-126.729, 56.0222], [-126.7498, 56.0506], [-126.7712, 56.0229], [-126.815, 56.0181], [-126.9105, 56.1432], [-126.9575, 56.1712], [-126.9848, 56.1655], [-127.0114, 56.1293], [-126.9961, 56.1098], [-127.0308, 56.0795], [-126.9949, 56.032], [-126.9536, 56.0371], [-126.9162, 55.9994], [-126.951, 55.9804], [-127.0346, 56.0024], [-127.0217, 55.9425], [-127.0516, 55.9332], [-127.1033, 55.9614], [-127.1815, 55.9585], [-127.2945, 56.0396], [-127.2856, 56.0549], [-127.3094, 56.0745], [-127.4036, 56.0918], [-127.3762, 56.1233], [-127.3846, 56.1657], [-127.4764, 56.1645], [-127.5001, 56.1766], [-127.5032, 56.2038], [-127.6154, 56.1973], [-127.6317, 56.2245], [-127.6617, 56.229], [-127.6893, 56.2088], [-127.7238, 56.2257], [-127.7527, 56.211], [-127.8367, 56.2482], [-127.8806, 56.234], [-127.864, 56.1876], [-127.9032, 56.1524], [-127.9823, 56.2268], [-128.0569, 56.1893], [-128.0901, 56.2016], [-128.0954, 56.1809], [-128.1384, 56.1868], [-128.1126, 56.1249], [-128.1349, 56.1171], [-128.1264, 56.1031], [-128.1487, 56.0797], [-128.2901, 56.1494], [-128.31, 56.195], [-128.2696, 56.2138], [-128.2966, 56.239], [-128.219, 56.281], [-128.2091, 56.3049], [-128.0935, 56.3121], [-128.1235, 56.3529], [-128.2248, 56.3632], [-128.281, 56.4069], [-128.1579, 56.4525], [-128.1013, 56.4065], [-128.0589, 56.412], [-127.9775, 56.4522], [-127.9869, 56.5207], [-127.92, 56.5403], [-127.8312, 56.5264], [-127.8179, 56.5394], [-127.8807, 56.5729], [-127.9059, 56.6187], [-127.9967, 56.601], [-128.0151, 56.6433], [-128.0865, 56.6732], [-128.1175, 56.6631], [-128.098, 56.6467], [-128.1151, 56.6338], [-128.1853, 56.6476], [-128.1461, 56.7029], [-128.1898, 56.7185], [-128.2005, 56.7454], [-128.2244, 56.7302], [-128.2709, 56.7492], [-128.3363, 56.7375], [-128.4215, 56.7574], [-128.4649, 56.7876], [-128.4634, 56.8099], [-128.4955, 56.8396], [-128.5993, 56.8478], [-128.6345, 56.8784], [-128.6865, 56.876], [-128.6921, 56.9], [-128.6615, 56.9151], [-128.6827, 56.9483], [-128.668, 56.9621], [-128.7149, 56.9931], [-128.7251, 57.0371], [-128.7896, 57.0555], [-128.7258, 57.0883], [-128.7196, 57.131], [-128.6578, 57.1735], [-128.5736, 57.1405], [-128.5758, 57.1081], [-128.542, 57.1023], [-128.5303, 57.0718], [-128.4383, 57.0473], [-128.392, 57.0676], [-128.3753, 57.1152], [-128.2389, 57.1427], [-128.2285, 57.165], [-128.1768, 57.1856], [-128.0997, 57.1736], [-128.0816, 57.1516], [-128.0941, 57.1332], [-128.0737, 57.1205], [-128.0353, 57.1213], [-128.0429, 57.1341], [-128.0153, 57.1553], [-127.9802, 57.1253], [-127.877, 57.1229], [-127.8773, 57.1596], [-127.9421, 57.1636], [-127.9448, 57.179], [-127.8993, 57.1903], [-127.8291, 57.2655], [-127.7368, 57.2943], [-127.6498, 57.2142], [-127.6734, 57.1825], [-127.5668, 57.1575], [-127.5005, 57.1823], [-127.467, 57.2201], [-127.5455, 57.256], [-127.5242, 57.2787], [-127.5375, 57.286], [-127.4982, 57.3133], [-127.5077, 57.3236], [-127.4567, 57.3556], [-127.4744, 57.3852], [-127.3046, 57.4389], [-127.2991, 57.4629], [-127.3261, 57.4785], [-127.296, 57.4921], [-127.3297, 57.5249], [-127.3214, 57.5796], [-127.1733, 57.6023], [-127.1371, 57.5678], [-127.1463, 57.5338], [-127.0367, 57.5066], [-127.0067, 57.5408], [-126.9333, 57.5355], [-126.7736, 57.5808], [-126.8648, 57.628], [-126.8431, 57.6834], [-126.9347, 57.7], [-126.9522, 57.7512], [-126.9784, 57.761], [-126.9467, 57.7944], [-126.8636, 57.8016], [-126.8689, 57.8356], [-126.8945, 57.8445], [-126.8754, 57.861], [-126.8964, 57.8872], [-126.9683, 57.8803], [-127.0085, 57.8222], [-127.1457, 57.7996], [-127.262, 57.8228], [-127.2584, 57.8511], [-127.2949, 57.852], [-127.2573, 57.9141], [-127.286, 57.9421], [-127.4642, 57.8974], [-127.5063, 57.9271], [-127.4918, 57.9443], [-127.5894, 57.9847], [-127.4893, 58.0297], [-127.4708, 58.0719], [-127.4069, 58.1109], [-127.4912, 58.1449], [-127.5463, 58.1411], [-127.5623, 58.1618], [-127.6605, 58.1557], [-127.6915, 58.1848], [-127.6511, 58.2126], [-127.6716, 58.2193], [-127.6778, 58.2537], [-127.7206, 58.2663], [-127.6791, 58.3045], [-127.5867, 58.2991], [-127.5545, 58.2745], [-127.4434, 58.3074], [-127.4145, 58.3374], [-127.3541, 58.355], [-127.3173, 58.4072], [-127.3307, 58.4204], [-127.2828, 58.469], [-127.2036, 58.4665], [-126.9866, 58.6026], [-126.9401, 58.5836], [-126.8777, 58.6031], [-126.9907, 58.6285], [-126.9325, 58.6526], [-126.8654, 58.6526], [-126.8343, 58.6291], [-126.7737, 58.6692], [-126.7376, 58.6719], [-126.5919, 58.5856], [-126.5016, 58.5825], [-126.4829, 58.6067], [-126.3407, 58.6236], [-126.3505, 58.6095], [-126.3265, 58.5653], [-126.3527, 58.549], [-126.3422, 58.5371], [-126.2661, 58.5459], [-126.2018, 58.492], [-126.1336, 58.4833], [-126.1284, 58.4625], [-126.0919, 58.4496], [-125.9751, 58.4463], [-125.9545, 58.4306], [-125.9787, 58.4201], [-125.9398, 58.396], [-125.9022, 58.4134], [-125.8537, 58.4036], [-125.8135, 58.3711], [-125.8295, 58.3577], [-125.7808, 58.35], [-125.7928, 58.3222], [-125.6578, 58.2996], [-125.5567, 58.3247], [-125.4776, 58.287], [-125.444, 58.3389], [-125.3367, 58.2769], [-125.2972, 58.3279], [-125.215, 58.2919], [-125.2367, 58.2698], [-125.1436, 58.2367], [-125.0341, 58.247], [-125.0003, 58.2679], [-124.9837, 58.2366], [-124.8909, 58.2319], [-124.8799, 58.1624], [-124.8326, 58.1411], [-124.8679, 58.1303], [-124.8545, 58.0973], [-124.9151, 58.0759], [-124.9129, 58.0266], [-124.966, 58.0276], [-124.921, 57.9855], [-124.9257, 57.9318], [-124.9416, 57.8999], [-124.9953, 57.8975], [-124.996, 57.8824], [-124.9385, 57.8634], [-124.929, 57.8278], [-124.8773, 57.8164], [-124.8238, 57.7618], [-124.8405, 57.7339], [-124.6951, 57.72], [-124.6959, 57.7064], [-124.6633, 57.7027], [-124.6621, 57.6746], [-124.6044, 57.6661], [-124.5908, 57.6885], [-124.484, 57.6638], [-124.4503, 57.649], [-124.4504, 57.6035], [-124.4032, 57.5808], [-124.4056, 57.5533], [-124.3057, 57.5205], [-124.3083, 57.4992], [-124.1717, 57.5015], [-124.2052, 57.4724], [-124.1224, 57.4513], [-124.1379, 57.4344], [-124.1149, 57.424], [-124.1331, 57.4026], [-124.0895, 57.3938], [-124.1047, 57.3568], [-124.0752, 57.3286], [-124.0824, 57.3133], [-124.1762, 57.2958], [-124.1826, 57.2607], [-124.0931, 57.2045], [-124.0977, 57.1753], [-124.0326, 57.1602], [-123.9963, 57.1239], [-123.9331, 57.1001], [-123.9246, 57.0551], [-123.9745, 57.0443], [-123.9832, 57.0144], [-123.898, 56.9946], [-123.9007, 56.9491], [-123.8178, 56.9257]]]}, "properties": {"BasinName": "Finlay", "BasinID": 4, "DroughtLevel": 99, "Date_Modified": 1731004200000}}, {"type": "Feature", "geometry": {"type": "MultiPolygon", "coordinates": [[[[-122.5876, 53.1936], [-122.5907, 53.1934], [-122.5907, 53.196], [-122.5876, 53.1936]]], [[[-126.9478, 56.1664], [-126.8754, 56.1051], [-126.8611, 56.0602], [-126.8135, 56.0176], [-126.7685, 56.0243], [-126.7598, 56.0499], [-126.7278, 56.0219], [-126.6499, 56.0334], [-126.623, 56.0552], [-126.625, 56.1252], [-126.595, 56.1238], [-126.5899, 56.1542], [-126.4764, 56.1082], [-126.4124, 56.1095], [-126.4063, 56.1234], [-126.3753, 56.0937], [-126.2952, 56.0805], [-126.2408, 56.017], [-126.2444, 55.997], [-126.2115, 55.9816], [-126.2255, 55.964], [-126.2066, 55.9347], [-126.2302, 55.9283], [-126.1938, 55.9027], [-126.1923, 55.8817], [-126.1133, 55.8553], [-126.1403, 55.8355], [-126.1204, 55.8089], [-126.0513, 55.7947], [-126.0188, 55.7611], [-125.9645, 55.7716], [-125.9299, 55.7403], [-125.9277, 55.6919], [-125.9548, 55.6837], [-125.9519, 55.637], [-125.826, 55.5933], [-125.8302, 55.5734], [-125.8673, 55.5566], [-125.7952, 55.5178], [-125.8245, 55.5086], [-125.7995, 55.4637], [-125.7307, 55.413], [-125.6395, 55.4272], [-125.5913, 55.4151], [-125.5745, 55.3966], [-125.5964, 55.3641], [-125.5397, 55.3037], [-125.5704, 55.2778], [-125.5114, 55.2715], [-125.5005, 55.1873], [-125.3969, 55.163], [-125.3807, 55.1287], [-125.2033, 55.158], [-125.0543, 55.098], [-125.0103, 55.0535], [-124.9705, 55.0413], [-124.9185, 55.0446], [-124.8853, 55.0698], [-124.7457, 55.0518], [-124.7513, 55.0316], [-124.7179, 55.0143], [-124.6497, 55.0403], [-124.6016, 55.0152], [-124.529, 55.0548], [-124.4592, 55.0073], [-124.3483, 55.0331], [-124.2146, 55.011], [-124.1746, 54.9841], [-124.0119, 55.0346], [-123.9552, 55.0128], [-123.8444, 55.0485], [-123.8131, 55.0363], [-123.8187, 54.9996], [-123.7064, 54.9475], [-123.6992, 54.9244], [-123.6551, 54.9174], [-123.6925, 54.7904], [-123.6811, 54.7807], [-123.699, 54.7786], [-123.68, 54.7567], [-123.6475, 54.7698], [-123.5751, 54.7316], [-123.4921, 54.7283], [-123.4868, 54.7104], [-123.4021, 54.6747], [-123.2994, 54.68], [-123.2857, 54.6193], [-123.2194, 54.6356], [-123.151, 54.6117], [-123.1447, 54.5892], [-123.0564, 54.5904], [-123.0137, 54.6216], [-123.0196, 54.6499], [-122.9581, 54.6534], [-122.9072, 54.6141], [-122.9186, 54.5979], [-122.8908, 54.569], [-122.9056, 54.5542], [-122.8848, 54.5046], [-122.904, 54.4785], [-122.8953, 54.4628], [-122.9332, 54.4402], [-122.9279, 54.354], [-122.8613, 54.3277], [-122.7862, 54.3872], [-122.7183, 54.3757], [-122.7211, 54.355], [-122.7899, 54.3395], [-122.7595, 54.322], [-122.8275, 54.2845], [-122.7303, 54.2563], [-122.731, 54.2329], [-122.6739, 54.2346], [-122.6686, 54.2194], [-122.6919, 54.2019], [-122.6776, 54.1832], [-122.6293, 54.1792], [-122.6162, 54.1537], [-122.6326, 54.124], [-122.5417, 54.1174], [-122.5087, 54.0924], [-122.576, 54.0498], [-122.616, 54.0471], [-122.595, 54.03], [-122.604, 54.0168], [-122.6809, 53.9937], [-122.6529, 53.9641], [-122.7086, 53.9611], [-122.6667, 53.9213], [-122.7115, 53.917], [-122.7601, 53.8817], [-122.7081, 53.7753], [-122.7039, 53.6893], [-122.7239, 53.674], [-122.6661, 53.6404], [-122.6832, 53.6145], [-122.6729, 53.5966], [-122.7037, 53.5923], [-122.7233, 53.5551], [-122.6698, 53.4974], [-122.6847, 53.4597], [-122.6345, 53.3989], [-122.6701, 53.3789], [-122.6821, 53.3186], [-122.69, 53.3855], [-122.7626, 53.3848], [-122.7626, 53.4273], [-122.8933, 53.4273], [-122.8933, 53.4129], [-122.9421, 53.3984], [-122.9601, 53.3154], [-122.8854, 53.3047], [-122.9658, 53.3012], [-122.9681, 53.2818], [-123.0044, 53.2754], [-123.0559, 53.3006], [-123.1429, 53.2874], [-123.2434, 53.3003], [-123.3367, 53.2717], [-123.3915, 53.2849], [-123.4926, 53.2403], [-123.4919, 53.4047], [-123.619, 53.4105], [-123.6189, 53.4267], [-123.7475, 53.4189], [-123.8041, 53.4551], [-123.7969, 53.468], [-123.931, 53.4762], [-123.9987, 53.4604], [-124.0014, 53.4394], [-124.0379, 53.4263], [-124.2344, 53.4459], [-124.2345, 53.4266], [-124.295, 53.4266], [-124.295, 53.3772], [-124.3515, 53.3539], [-124.312, 53.3204], [-124.2673, 53.3136], [-124.2673, 53.2677], [-124.1105, 53.2677], [-124.1074, 53.2061], [-124.1544, 53.1773], [-124.2787, 53.1716], [-124.4591, 53.1148], [-124.6748, 53.0997], [-124.7862, 53.0693], [-124.8076, 53.0406], [-124.8872, 53.0046], [-125.5104, 53.0032], [-125.6543, 52.9163], [-125.7739, 52.9163], [-125.772, 53.0942], [-125.7517, 53.1141], [-125.6949, 53.1035], [-125.618, 53.1211], [-125.5799, 53.1501], [-125.5933, 53.1767], [-125.5677, 53.2051], [-125.4576, 53.2633], [-125.4462, 53.3171], [-125.3547, 53.345], [-125.2627, 53.4174], [-125.1138, 53.4091], [-125.1139, 53.4558], [-125.174, 53.4566], [-125.2121, 53.4789], [-125.2069, 53.5211], [-125.3521, 53.5247], [-125.369, 53.537], [-125.3559, 53.5526], [-125.4136, 53.5863], [-125.3943, 53.6072], [-125.3017, 53.6208], [-125.0848, 53.5853], [-125.0845, 53.7165], [-125.1425, 53.7616], [-125.1208, 53.793], [-125.0863, 53.7896], [-125.0255, 53.8368], [-125.0277, 53.8524], [-125.0818, 53.8552], [-125.0894, 53.8733], [-125.2234, 53.8516], [-125.2694, 53.884], [-125.3449, 53.8919], [-125.3465, 54.009], [-125.2984, 54.0223], [-125.2924, 54.0618], [-125.2643, 54.0405], [-125.1361, 54.0282], [-125.1185, 54.1369], [-125.1395, 54.1588], [-125.0824, 54.1722], [-125.1026, 54.207], [-124.9852, 54.2379], [-124.985, 54.2797], [-125.0373, 54.2974], [-124.9704, 54.3172], [-125.0543, 54.3429], [-125.0198, 54.3553], [-125.0509, 54.3744], [-124.9528, 54.3784], [-124.9183, 54.3986], [-124.9182, 54.4167], [-124.8866, 54.4228], [-124.8688, 54.4561], [-124.9191, 54.4712], [-124.9857, 54.4576], [-125.0664, 54.4929], [-125.0664, 54.5218], [-125.1906, 54.5222], [-125.1905, 54.5448], [-125.4273, 54.5399], [-125.4909, 54.5609], [-125.5122, 54.5284], [-125.5775, 54.5637], [-125.561, 54.6064], [-125.6187, 54.6056], [-125.6266, 54.6203], [-125.5885, 54.6715], [-125.5929, 54.7022], [-125.4862, 54.7434], [-125.4861, 54.7948], [-125.5036, 54.8028], [-125.4919, 54.8061], [-125.5453, 54.8505], [-125.5274, 54.8552], [-125.5662, 54.8741], [-125.4558, 54.9066], [-125.5003, 54.9173], [-125.4992, 54.9402], [-125.5388, 54.9631], [-125.6675, 54.9787], [-125.7103, 55.0283], [-125.7583, 55.0218], [-125.8693, 55.1109], [-125.9456, 55.1114], [-125.9598, 55.1292], [-125.9311, 55.14], [-125.9556, 55.1382], [-125.9626, 55.1562], [-126.0565, 55.1651], [-126.063, 55.1914], [-126.1223, 55.1991], [-126.1598, 55.2823], [-126.2656, 55.3438], [-126.2348, 55.3744], [-126.343, 55.415], [-126.3615, 55.4769], [-126.4035, 55.4906], [-126.4142, 55.5211], [-126.3848, 55.5422], [-126.406, 55.5821], [-126.4793, 55.606], [-126.4798, 55.6399], [-126.5252, 55.6455], [-126.5368, 55.67], [-126.5872, 55.6639], [-126.7517, 55.7424], [-126.7557, 55.7778], [-126.7348, 55.7888], [-126.8428, 55.8275], [-126.8756, 55.8584], [-126.8831, 55.8928], [-126.9243, 55.9169], [-126.8695, 55.9565], [-126.9503, 55.9798], [-126.9162, 55.9994], [-126.9345, 56.0283], [-126.9949, 56.032], [-127.0308, 56.0795], [-126.9961, 56.1098], [-127.0114, 56.1293], [-126.9853, 56.1652], [-126.9478, 56.1664]]]]}, "properties": {"BasinName": "Upper Fraser West", "BasinID": 12, "DroughtLevel": 99, "Date_Modified": 1731004200000}}, {"type": "Feature", "geometry": {"type": "Polygon", "coordinates": [[[-129.1318, 58.4794], [-129.2547, 58.4455], [-129.2455, 58.4181], [-129.2599, 58.4044], [-129.3709, 58.3829], [-129.4378, 58.3883], [-129.48, 58.4321], [-129.523, 58.4302], [-129.536, 58.4218], [-129.5207, 58.4141], [-129.5227, 58.3814], [-129.5477, 58.345], [-129.575, 58.3425], [-129.6116, 58.3103], [-129.602, 58.2978], [-129.6344, 58.2853], [-129.5508, 58.246], [-129.3815, 58.3227], [-129.1468, 58.2458], [-129.0661, 58.2491], [-128.9116, 58.2015], [-128.9086, 58.2161], [-128.8744, 58.2126], [-128.8926, 58.234], [-128.8808, 58.2645], [-128.8072, 58.2467], [-128.6843, 58.2705], [-128.6431, 58.2562], [-128.6411, 58.2334], [-128.5934, 58.2105], [-128.571, 58.1573], [-128.5291, 58.131], [-128.4669, 58.1671], [-128.4291, 58.1483], [-128.4095, 58.1802], [-128.295, 58.2076], [-128.2872, 58.223], [-128.3132, 58.2631], [-128.3007, 58.2694], [-128.3256, 58.3079], [-128.2642, 58.3554], [-128.3091, 58.3996], [-128.2642, 58.4203], [-128.1116, 58.4209], [-128.0153, 58.4411], [-127.887, 58.3992], [-127.8182, 58.4126], [-127.7868, 58.3885], [-127.7948, 58.3614], [-127.738, 58.3434], [-127.7, 58.3687], [-127.6284, 58.3493], [-127.6396, 58.3324], [-127.5857, 58.2992], [-127.6791, 58.3045], [-127.7206, 58.2663], [-127.6778, 58.2537], [-127.6716, 58.2193], [-127.6511, 58.2126], [-127.6749, 58.2047], [-127.6859, 58.1708], [-127.6295, 58.1492], [-127.5623, 58.1618], [-127.5463, 58.1411], [-127.4906, 58.1447], [-127.4025, 58.1042], [-127.4706, 58.0721], [-127.4893, 58.0297], [-127.5248, 58.0067], [-127.5894, 57.9847], [-127.4918, 57.9443], [-127.5063, 57.9271], [-127.4642, 57.8974], [-127.286, 57.9421], [-127.2573, 57.9141], [-127.2949, 57.852], [-127.2584, 57.8511], [-127.262, 57.8228], [-127.1457, 57.7996], [-127.0085, 57.8222], [-126.9683, 57.8803], [-126.8964, 57.8872], [-126.8754, 57.861], [-126.8945, 57.8445], [-126.8689, 57.8356], [-126.8636, 57.8016], [-126.9467, 57.7944], [-126.9784, 57.761], [-126.9522, 57.7512], [-126.9347, 57.7], [-126.8431, 57.6834], [-126.8648, 57.628], [-126.7736, 57.5808], [-126.9333, 57.5355], [-127.0067, 57.5408], [-127.0367, 57.5066], [-127.1463, 57.5338], [-127.1371, 57.5678], [-127.1733, 57.6023], [-127.3214, 57.5796], [-127.3297, 57.5249], [-127.296, 57.4921], [-127.3261, 57.4785], [-127.2991, 57.4629], [-127.3046, 57.4389], [-127.4744, 57.3852], [-127.4567, 57.3556], [-127.5375, 57.286], [-127.5242, 57.2787], [-127.5455, 57.256], [-127.467, 57.2201], [-127.5011, 57.1819], [-127.5844, 57.1553], [-127.6727, 57.1821], [-127.6498, 57.2142], [-127.7368, 57.2943], [-127.8291, 57.2655], [-127.8993, 57.1903], [-127.9448, 57.179], [-127.9421, 57.1636], [-127.8773, 57.1596], [-127.877, 57.1229], [-127.9802, 57.1253], [-128.0153, 57.1553], [-128.0429, 57.1341], [-128.0353, 57.1213], [-128.0737, 57.1205], [-128.0941, 57.1332], [-128.0816, 57.1516], [-128.0997, 57.1736], [-128.1768, 57.1856], [-128.2285, 57.165], [-128.2389, 57.1427], [-128.3753, 57.1152], [-128.392, 57.0676], [-128.4376, 57.0473], [-128.5303, 57.0718], [-128.542, 57.1023], [-128.5758, 57.1081], [-128.5736, 57.1405], [-128.6578, 57.1735], [-128.7196, 57.131], [-128.7258, 57.0883], [-128.774, 57.0666], [-128.946, 57.13], [-129.0057, 57.1805], [-129.0866, 57.1912], [-129.1235, 57.1749], [-129.1247, 57.1411], [-129.1456, 57.1232], [-129.2309, 57.1101], [-129.2557, 57.0654], [-129.2923, 57.0851], [-129.3986, 57.0719], [-129.4816, 57.0961], [-129.4811, 57.154], [-129.4962, 57.1584], [-129.6565, 57.1636], [-129.729, 57.1009], [-129.8323, 57.0596], [-129.8247, 57.0162], [-129.9011, 56.9927], [-129.8768, 56.9539], [-129.8941, 56.9117], [-129.868, 56.8868], [-129.8896, 56.8608], [-129.8679, 56.7991], [-129.9315, 56.8263], [-130.0074, 56.7885], [-130.2523, 56.739], [-130.2405, 56.7171], [-130.1597, 56.7034], [-130.1225, 56.6588], [-130.0491, 56.6273], [-130.1463, 56.6007], [-130.1514, 56.5587], [-130.1149, 56.4989], [-130.1177, 56.4637], [-130.2491, 56.368], [-130.2896, 56.2737], [-130.4573, 56.2355], [-130.6189, 56.2486], [-130.7608, 56.3536], [-130.9801, 56.377], [-131.2213, 56.437], [-131.5393, 56.5719], [-131.8353, 56.5992], [-131.8519, 56.6133], [-131.7591, 56.6815], [-131.7439, 56.8477], [-131.7576, 56.9252], [-131.7353, 57.0197], [-131.687, 57.0864], [-131.6857, 57.1136], [-131.7222, 57.1439], [-131.7698, 57.1393], [-131.735, 57.1043], [-131.7396, 57.0861], [-131.8221, 57.0319], [-131.7786, 56.9959], [-131.819, 56.9072], [-131.819, 56.6908], [-131.8618, 56.6546], [-131.8794, 56.656], [-131.8696, 56.6876], [-131.8922, 56.7759], [-132.0546, 56.8108], [-132.1142, 56.8673], [-132.0603, 57.0065], [-132.3033, 57.0615], [-132.3581, 57.0947], [-132.2593, 57.243], [-132.2768, 57.2583], [-131.6387, 57.6698], [-131.4962, 57.7337], [-131.3274, 57.865], [-130.9791, 58.0091], [-130.6703, 58.2216], [-130.346, 58.361], [-129.1322, 58.517], [-129.1169, 58.5025], [-129.1318, 58.4794]]]}, "properties": {"BasinName": "Stikine", "BasinID": 3, "DroughtLevel": 99, "Date_Modified": 1731004200000}}, {"type": "Feature", "geometry": {"type": "Polygon", "coordinates": [[[-122.9128, 57.1309], [-122.9031, 57.0934], [-122.8748, 57.0717], [-122.7989, 57.0919], [-122.7718, 57.0815], [-122.7795, 57.0674], [-122.7548, 57.0459], [-122.6842, 57.0588], [-122.6072, 57.0219], [-122.4677, 57.0397], [-122.4287, 57.0044], [-122.3396, 57.0041], [-122.2772, 56.9731], [-122.2417, 57.0147], [-122.2108, 57.0219], [-122.0811, 56.9927], [-122.0757, 56.9364], [-122.0085, 56.9016], [-121.9859, 56.8762], [-121.992, 56.8571], [-121.9444, 56.833], [-121.948, 56.8062], [-121.8962, 56.7984], [-121.8465, 56.7392], [-121.6932, 56.684], [-121.6628, 56.6566], [-121.6634, 56.6312], [-121.5602, 56.6538], [-121.3507, 56.5458], [-121.2602, 56.5634], [-121.1825, 56.4231], [-121.1436, 56.4045], [-121.0929, 56.3391], [-121.0015, 56.304], [-120.9833, 56.2674], [-121.2662, 56.236], [-121.5045, 56.1867], [-121.8236, 56.0724], [-121.8866, 56.0296], [-122.1874, 55.971], [-122.3825, 56.0978], [-122.6962, 56.1173], [-122.6486, 56.1448], [-122.712, 56.1618], [-122.7032, 56.1783], [-122.7354, 56.1992], [-122.7238, 56.2114], [-122.76, 56.2677], [-122.8048, 56.2913], [-122.8702, 56.2806], [-122.8895, 56.3125], [-122.9401, 56.3175], [-122.9252, 56.3457], [-122.9442, 56.385], [-122.9808, 56.4027], [-123.0249, 56.3973], [-123.0726, 56.4303], [-123.153, 56.4502], [-123.2339, 56.3778], [-123.2705, 56.3702], [-123.3125, 56.4193], [-123.364, 56.4374], [-123.3543, 56.4567], [-123.4029, 56.4767], [-123.4705, 56.4508], [-123.5002, 56.3979], [-123.5594, 56.4143], [-123.5549, 56.4619], [-123.6057, 56.5125], [-123.6852, 56.504], [-123.7054, 56.52], [-123.6805, 56.5363], [-123.7416, 56.5689], [-123.6723, 56.5898], [-123.6652, 56.6532], [-123.7625, 56.6834], [-123.7641, 56.7405], [-123.8078, 56.77], [-123.772, 56.8144], [-123.8527, 56.8939], [-123.7734, 56.9509], [-123.7188, 56.9487], [-123.6858, 56.9853], [-123.6353, 56.9674], [-123.611, 57.0121], [-123.5118, 57.0192], [-123.5041, 57.0534], [-123.4479, 57.0498], [-123.4381, 57.0806], [-123.3728, 57.1057], [-123.3274, 57.0845], [-123.2613, 57.1], [-123.1362, 57.0676], [-123.1035, 57.1004], [-123.1231, 57.1401], [-123.1023, 57.1535], [-122.9428, 57.1581], [-122.9128, 57.1309]]]}, "properties": {"BasinName": "North Peace", "BasinID": 6, "DroughtLevel": 99, "Date_Modified": 1731004200000}}, {"type": "Feature", "geometry": {"type": "Polygon", "coordinates": [[[-120.0014, 55.4227], [-120.0082, 53.7966], [-120.0407, 53.8038], [-120.0529, 53.8311], [-120.0152, 53.8625], [-120.0706, 53.9054], [-120.0551, 53.9194], [-120.0779, 53.9793], [-120.126, 53.9743], [-120.1564, 53.9424], [-120.2128, 53.9399], [-120.2091, 53.9732], [-120.2627, 53.9819], [-120.2347, 54.0416], [-120.2071, 54.0296], [-120.1777, 54.0464], [-120.1671, 54.0731], [-120.1906, 54.0933], [-120.1846, 54.1175], [-120.2831, 54.1207], [-120.3259, 54.1042], [-120.5348, 54.1364], [-120.5863, 54.1757], [-120.5677, 54.2101], [-120.5985, 54.2839], [-120.7316, 54.3004], [-120.6858, 54.3227], [-120.6997, 54.3475], [-120.6587, 54.3585], [-120.7335, 54.4095], [-120.7857, 54.4035], [-120.806, 54.4356], [-120.7988, 54.4679], [-120.8252, 54.4937], [-120.8762, 54.4906], [-120.8778, 54.4614], [-120.9323, 54.4502], [-121.0073, 54.4664], [-121.0432, 54.4529], [-121.1235, 54.4764], [-121.1193, 54.5018], [-121.1392, 54.5096], [-121.1314, 54.5505], [-121.2484, 54.5472], [-121.2877, 54.5129], [-121.3628, 54.5389], [-121.3988, 54.5325], [-121.3959, 54.5616], [-121.4464, 54.5756], [-121.4535, 54.6093], [-121.4866, 54.6088], [-121.5308, 54.651], [-121.522, 54.6834], [-121.4913, 54.6942], [-121.4766, 54.7242], [-121.4938, 54.7416], [-121.4822, 54.7491], [-121.5291, 54.7692], [-121.5271, 54.7971], [-121.7305, 54.8878], [-121.7941, 54.8354], [-121.8042, 54.8553], [-121.8726, 54.8681], [-121.875, 54.8828], [-121.839, 54.8995], [-121.8725, 54.9013], [-121.848, 54.9274], [-121.8748, 54.9514], [-122.1091, 55.1005], [-122.173, 55.0985], [-122.1961, 55.1387], [-122.2659, 55.1319], [-122.2944, 55.1714], [-122.2479, 55.1921], [-122.2604, 55.2077], [-122.3344, 55.228], [-122.4306, 55.315], [-122.4851, 55.3143], [-122.5953, 55.4082], [-122.6423, 55.3959], [-122.6543, 55.3464], [-122.6784, 55.3352], [-122.7519, 55.3472], [-122.7542, 55.3639], [-122.8128, 55.3855], [-122.856, 55.3787], [-122.8486, 55.3948], [-122.8817, 55.401], [-122.8705, 55.4135], [-122.8897, 55.4218], [-122.986, 55.3969], [-122.9837, 55.4229], [-123.0068, 55.4444], [-122.9984, 55.4631], [-122.9327, 55.4619], [-122.9668, 55.4999], [-122.941, 55.525], [-122.9565, 55.5477], [-122.9301, 55.5644], [-122.9586, 55.5841], [-122.8793, 55.6041], [-122.8351, 55.6615], [-122.9098, 55.6852], [-122.9594, 55.7749], [-122.9385, 55.7789], [-122.959, 55.8073], [-122.9293, 55.9283], [-122.8947, 55.9446], [-122.9297, 56.0034], [-122.7945, 56.0213], [-122.7844, 56.0621], [-122.8017, 56.0738], [-122.7617, 56.1037], [-122.551, 56.1203], [-122.3825, 56.0978], [-122.1874, 55.971], [-122.118, 55.976], [-121.8866, 56.0296], [-121.8236, 56.0724], [-121.5045, 56.1867], [-121.2662, 56.236], [-120.9833, 56.2674], [-120.9093, 56.2504], [-120.7986, 56.2554], [-120.816, 56.1687], [-120.6873, 56.1263], [-120.7681, 56.047], [-120.7378, 56.0168], [-120.796, 55.9949], [-120.8095, 55.9564], [-120.888, 55.9293], [-120.9887, 55.926], [-121.0054, 55.8517], [-121.0834, 55.8192], [-121.0717, 55.7977], [-120.8938, 55.8037], [-120.8033, 55.769], [-120.8332, 55.7461], [-120.8385, 55.7097], [-120.8107, 55.6292], [-120.8258, 55.6183], [-120.7983, 55.5881], [-120.8281, 55.5644], [-120.8034, 55.5472], [-120.8252, 55.5348], [-120.7704, 55.5005], [-120.7427, 55.4421], [-120.7824, 55.4106], [-120.7954, 55.3634], [-120.8403, 55.3703], [-120.8643, 55.3451], [-120.7779, 55.266], [-120.794, 55.2414], [-120.8408, 55.2288], [-120.8628, 55.1732], [-120.8428, 55.1705], [-120.8586, 55.1561], [-120.8419, 55.132], [-120.8727, 55.1192], [-120.8735, 55.0794], [-120.781, 55.019], [-120.7215, 55.0195], [-120.5942, 54.9609], [-120.5435, 54.9926], [-120.4489, 55.0136], [-120.1787, 55.0075], [-120.1177, 55.0728], [-120.1207, 55.1057], [-120.1005, 55.1315], [-120.174, 55.1488], [-120.1429, 55.1663], [-120.188, 55.1802], [-120.1671, 55.1912], [-120.1947, 55.2663], [-120.1683, 55.2917], [-120.073, 55.3028], [-120.0554, 55.3243], [-120.1463, 55.3609], [-120.0364, 55.3759], [-120.0356, 55.4202], [-120.0014, 55.4227]]]}, "properties": {"BasinName": "South Peace", "BasinID": 7, "DroughtLevel": 99, "Date_Modified": 1731004200000}}, {"type": "Feature", "geometry": {"type": "Polygon", "coordinates": [[[-120.6299, 60.0001], [-120.0015, 60.0001], [-120.0015, 57.6014], [-120.0225, 57.5784], [-120.0626, 57.5864], [-120.0548, 57.5726], [-120.1046, 57.5491], [-120.0834, 57.5275], [-120.096, 57.5209], [-120.1912, 57.5316], [-120.2073, 57.5011], [-120.3317, 57.4952], [-120.3703, 57.4759], [-120.35, 57.4433], [-120.3644, 57.4338], [-120.4834, 57.4642], [-120.4852, 57.4296], [-120.6113, 57.4163], [-120.6047, 57.4402], [-120.6536, 57.4237], [-120.6712, 57.445], [-120.7919, 57.4101], [-120.8364, 57.4334], [-120.8431, 57.3944], [-120.8981, 57.4163], [-120.978, 57.3974], [-121.0233, 57.4057], [-121.0362, 57.4329], [-121.0184, 57.4604], [-121.076, 57.4543], [-121.1366, 57.4914], [-121.1448, 57.5169], [-121.1922, 57.4852], [-121.2549, 57.4907], [-121.277, 57.468], [-121.3034, 57.4909], [-121.3942, 57.5043], [-121.441, 57.4691], [-121.71, 57.4806], [-121.785, 57.464], [-121.8218, 57.4929], [-121.8823, 57.5024], [-121.9106, 57.4639], [-121.899, 57.4372], [-121.9654, 57.3993], [-121.9775, 57.3617], [-122.1996, 57.3623], [-122.2301, 57.3364], [-122.2897, 57.348], [-122.3288, 57.3211], [-122.4172, 57.3137], [-122.4259, 57.2944], [-122.5087, 57.2621], [-122.4716, 57.2071], [-122.5385, 57.1657], [-122.6092, 57.1926], [-122.6522, 57.1951], [-122.6774, 57.1646], [-122.7351, 57.1832], [-122.7907, 57.1729], [-122.8394, 57.1939], [-122.8261, 57.1685], [-122.9128, 57.1309], [-122.9428, 57.1581], [-123.1012, 57.1537], [-123.1231, 57.1401], [-123.1035, 57.1004], [-123.1362, 57.0676], [-123.2613, 57.1], [-123.3274, 57.0845], [-123.3715, 57.106], [-123.4381, 57.0806], [-123.4479, 57.0498], [-123.5041, 57.0534], [-123.5118, 57.0192], [-123.611, 57.0121], [-123.6318, 56.9682], [-123.6858, 56.9853], [-123.7212, 56.9477], [-123.7521, 56.956], [-123.797, 56.928], [-123.8463, 56.9272], [-123.9019, 56.9502], [-123.898, 56.9946], [-123.9832, 57.0144], [-123.9745, 57.0443], [-123.9246, 57.0551], [-123.9331, 57.1001], [-123.9963, 57.1239], [-124.0326, 57.1602], [-124.0977, 57.1753], [-124.0931, 57.2045], [-124.1826, 57.2607], [-124.1762, 57.2958], [-124.0824, 57.3133], [-124.0752, 57.3286], [-124.1047, 57.3568], [-124.0895, 57.3938], [-124.1331, 57.4026], [-124.1149, 57.424], [-124.1379, 57.4344], [-124.1224, 57.4513], [-124.2052, 57.4724], [-124.1717, 57.5015], [-124.3083, 57.4992], [-124.3057, 57.5205], [-124.4056, 57.5533], [-124.4032, 57.5808], [-124.4504, 57.6035], [-124.4503, 57.649], [-124.484, 57.6638], [-124.5908, 57.6885], [-124.6044, 57.6661], [-124.6621, 57.6746], [-124.6633, 57.7027], [-124.6959, 57.7064], [-124.6951, 57.72], [-124.8405, 57.7339], [-124.8238, 57.7618], [-124.8773, 57.8164], [-124.929, 57.8278], [-124.9385, 57.8634], [-124.996, 57.8824], [-124.9953, 57.8975], [-124.9416, 57.8999], [-124.9257, 57.9318], [-124.921, 57.9855], [-124.966, 58.0276], [-124.9129, 58.0266], [-124.9151, 58.0759], [-124.8545, 58.0973], [-124.8679, 58.1303], [-124.8326, 58.1411], [-124.8799, 58.1624], [-124.8902, 58.2314], [-124.9837, 58.2366], [-125.0003, 58.2679], [-125.0341, 58.247], [-125.1436, 58.2367], [-125.2367, 58.2698], [-125.215, 58.2919], [-125.2972, 58.3279], [-125.3367, 58.2769], [-125.444, 58.3389], [-125.4776, 58.287], [-125.5567, 58.3247], [-125.6578, 58.2996], [-125.7928, 58.3222], [-125.7808, 58.35], [-125.8295, 58.3577], [-125.8135, 58.3711], [-125.8537, 58.4036], [-125.9022, 58.4134], [-125.9398, 58.396], [-125.9787, 58.4201], [-125.9545, 58.4306], [-125.9751, 58.4463], [-126.0919, 58.4496], [-126.1284, 58.4625], [-126.1336, 58.4833], [-126.2018, 58.492], [-126.2661, 58.5459], [-126.3422, 58.5371], [-126.3527, 58.549], [-126.3265, 58.5653], [-126.3505, 58.6095], [-126.3407, 58.6236], [-126.4814, 58.6071], [-126.5096, 58.5815], [-126.5538, 58.5958], [-126.5919, 58.5856], [-126.7376, 58.6719], [-126.7737, 58.6692], [-126.8343, 58.6291], [-126.8654, 58.6526], [-126.9338, 58.6525], [-126.9909, 58.6215], [-126.8789, 58.6023], [-126.9401, 58.5836], [-126.9866, 58.6026], [-127.2036, 58.4665], [-127.2828, 58.469], [-127.3307, 58.4204], [-127.3173, 58.4072], [-127.3543, 58.3548], [-127.554, 58.2745], [-127.6389, 58.3316], [-127.6283, 58.3488], [-127.6479, 58.3571], [-127.7, 58.3687], [-127.738, 58.3434], [-127.7932, 58.3604], [-127.7868, 58.3885], [-127.8182, 58.4126], [-127.887, 58.3992], [-128.0153, 58.4411], [-128.1116, 58.4209], [-128.2642, 58.4203], [-128.3103, 58.3979], [-128.265, 58.3513], [-128.3258, 58.3073], [-128.3007, 58.2694], [-128.3099, 58.2391], [-128.2872, 58.223], [-128.2975, 58.2048], [-128.4095, 58.1802], [-128.4291, 58.1483], [-128.4669, 58.1671], [-128.5291, 58.131], [-128.571, 58.1573], [-128.5934, 58.2105], [-128.6411, 58.2334], [-128.6431, 58.2562], [-128.6843, 58.2705], [-128.8072, 58.2467], [-128.8808, 58.2645], [-128.8926, 58.234], [-128.8744, 58.2126], [-128.9086, 58.2161], [-128.9116, 58.2015], [-129.0661, 58.2491], [-129.1468, 58.2458], [-129.3792, 58.3226], [-129.5421, 58.2453], [-129.6344, 58.2853], [-129.602, 58.2978], [-129.6116, 58.3103], [-129.575, 58.3425], [-129.5477, 58.345], [-129.5227, 58.3814], [-129.5207, 58.4141], [-129.536, 58.4218], [-129.523, 58.4302], [-129.48, 58.4321], [-129.4398, 58.3891], [-129.401, 58.3817], [-129.2599, 58.4044], [-129.2471, 58.4498], [-129.2228, 58.4427], [-129.1598, 58.4793], [-129.1335, 58.4747], [-129.1169, 58.5025], [-129.1312, 58.5355], [-129.1555, 58.5379], [-129.1545, 58.5595], [-129.0755, 58.6025], [-128.9991, 58.6177], [-129.0352, 58.6492], [-128.8846, 58.6934], [-128.9141, 58.7315], [-128.7911, 58.7474], [-128.796, 58.775], [-128.6575, 58.7611], [-128.639, 58.793], [-128.575, 58.8317], [-128.5447, 58.8963], [-128.4734, 58.9302], [-128.508, 58.9771], [-128.4718, 59.0164], [-128.4006, 59.0297], [-128.4298, 59.0711], [-128.4169, 59.0781], [-128.4546, 59.1161], [-128.4856, 59.0901], [-128.5295, 59.102], [-128.4871, 59.1347], [-128.5186, 59.1762], [-128.571, 59.192], [-128.5308, 59.2315], [-128.5578, 59.2508], [-128.6669, 59.2794], [-128.7345, 59.262], [-128.7935, 59.2999], [-128.823, 59.3719], [-128.862, 59.3977], [-128.8699, 59.4384], [-128.673, 59.4915], [-128.6509, 59.5428], [-128.5735, 59.5312], [-128.5261, 59.5535], [-128.4785, 59.5358], [-128.4529, 59.5537], [-128.4619, 59.5707], [-128.4019, 59.5658], [-128.3661, 59.5944], [-128.4322, 59.6166], [-128.4035, 59.6306], [-128.1131, 59.6279], [-128.0757, 59.6067], [-128.082, 59.5802], [-128.0354, 59.5683], [-127.9322, 59.5783], [-127.9462, 59.5931], [-127.8982, 59.6132], [-127.8112, 59.6027], [-127.7464, 59.625], [-127.7557, 59.6411], [-127.7353, 59.6505], [-127.7931, 59.6936], [-127.7965, 59.7375], [-127.8184, 59.7587], [-127.7976, 59.7686], [-127.8176, 59.7759], [-127.8135, 59.7965], [-127.7386, 59.8159], [-127.7655, 59.8282], [-127.7111, 59.8475], [-127.7212, 59.8609], [-127.6843, 59.8486], [-127.6655, 59.8667], [-127.6859, 59.8793], [-127.6791, 59.8964], [-127.7258, 59.896], [-127.7534, 59.9291], [-127.81, 59.9317], [-127.799, 59.9567], [-127.8791, 59.9402], [-127.8545, 59.9538], [-127.8374, 59.9998], [-120.6299, 60.0001]]]}, "properties": {"BasinName": "Fort Nelson", "BasinID": 2, "DroughtLevel": 99, "Date_Modified": 1731004200000}}, {"type": "Feature", "geometry": {"type": "Polygon", "coordinates": [[[-128.0261, 60.0006], [-127.8374, 59.9998], [-127.8545, 59.9538], [-127.8791, 59.9402], [-127.799, 59.9567], [-127.8094, 59.9313], [-127.7534, 59.9291], [-127.7258, 59.896], [-127.6714, 59.8868], [-127.6861, 59.8796], [-127.6662, 59.8539], [-127.7212, 59.8609], [-127.7111, 59.8475], [-127.7655, 59.8282], [-127.7386, 59.8159], [-127.8135, 59.7965], [-127.8176, 59.7759], [-127.7976, 59.7686], [-127.8183, 59.7584], [-127.7965, 59.7375], [-127.7931, 59.6936], [-127.7353, 59.6505], [-127.7561, 59.6404], [-127.7464, 59.625], [-127.8112, 59.6027], [-127.8982, 59.6132], [-127.9462, 59.5931], [-127.9322, 59.5783], [-128.0354, 59.5683], [-128.082, 59.5802], [-128.0757, 59.6067], [-128.1131, 59.6279], [-128.4035, 59.6306], [-128.4322, 59.6166], [-128.3661, 59.5944], [-128.4019, 59.5658], [-128.4619, 59.5707], [-128.4529, 59.5537], [-128.4785, 59.5358], [-128.5261, 59.5535], [-128.5735, 59.5312], [-128.6509, 59.5428], [-128.673, 59.4915], [-128.8699, 59.4384], [-128.862, 59.3977], [-128.823, 59.3719], [-128.7955, 59.3021], [-128.7473, 59.2673], [-128.6046, 59.2701], [-128.5314, 59.2323], [-128.571, 59.192], [-128.5186, 59.1762], [-128.4871, 59.1347], [-128.5295, 59.102], [-128.4856, 59.0901], [-128.4494, 59.1143], [-128.4002, 59.0314], [-128.4792, 59.0087], [-128.5081, 58.9657], [-128.4799, 58.9584], [-128.4734, 58.9302], [-128.5447, 58.8963], [-128.5534, 58.8545], [-128.6567, 58.7615], [-128.796, 58.775], [-128.791, 58.7474], [-128.9099, 58.7337], [-128.8846, 58.6934], [-129.0351, 58.6492], [-128.9991, 58.6177], [-129.0755, 58.6025], [-129.1545, 58.5595], [-129.1322, 58.517], [-130.346, 58.361], [-130.6703, 58.2216], [-130.9791, 58.0091], [-131.3274, 57.865], [-131.4962, 57.7337], [-131.6387, 57.6698], [-132.2768, 57.2583], [-132.5316, 57.4778], [-132.8696, 57.8399], [-133.0703, 58.0005], [-133.1725, 58.1539], [-133.3455, 58.2764], [-133.4615, 58.3877], [-133.3773, 58.4305], [-133.7072, 58.6123], [-133.8405, 58.7294], [-134.2594, 58.8611], [-134.3365, 58.9234], [-134.3135, 58.9622], [-134.4072, 58.9792], [-134.3819, 59.0388], [-134.4835, 59.1316], [-134.5656, 59.1312], [-134.6792, 59.1924], [-134.7008, 59.2492], [-134.9599, 59.2809], [-135.0305, 59.3464], [-134.9898, 59.3871], [-135.101, 59.4275], [-135.0276, 59.4747], [-135.0289, 59.5637], [-135.2199, 59.6628], [-135.2337, 59.6961], [-135.4792, 59.798], [-135.9527, 59.6622], [-136.193, 59.64], [-136.354, 59.5998], [-136.2399, 59.5594], [-136.2385, 59.5243], [-136.3051, 59.4645], [-136.3683, 59.449], [-136.4772, 59.4658], [-136.4693, 59.2841], [-136.4958, 59.2751], [-136.4898, 59.2598], [-136.5845, 59.1659], [-136.8288, 59.16], [-137.2829, 59], [-137.4518, 58.9084], [-137.5261, 58.9064], [-137.5, 58.9854], [-137.6074, 59.2438], [-138.6263, 59.7685], [-138.6688, 59.8096], [-138.7075, 59.9063], [-139.0613, 59.9996], [-128.0261, 60.0006]]]}, "properties": {"BasinName": "Northwest", "BasinID": 1, "DroughtLevel": 99, "Date_Modified": 1731004200000}}, {"type": "Feature", "geometry": {"type": "Polygon", "coordinates": [[[-120.0015, 57.5788], [-120.0014, 55.4227], [-120.0356, 55.4202], [-120.0364, 55.3759], [-120.1463, 55.3609], [-120.0554, 55.3243], [-120.073, 55.3028], [-120.1683, 55.2917], [-120.1947, 55.2663], [-120.1671, 55.1912], [-120.188, 55.1802], [-120.1429, 55.1663], [-120.174, 55.1488], [-120.1005, 55.1315], [-120.1207, 55.1057], [-120.1177, 55.0728], [-120.1787, 55.0075], [-120.4489, 55.0136], [-120.5435, 54.9926], [-120.5942, 54.9609], [-120.7215, 55.0195], [-120.781, 55.019], [-120.8735, 55.0794], [-120.8727, 55.1192], [-120.8419, 55.132], [-120.8586, 55.1561], [-120.8428, 55.1705], [-120.8628, 55.1732], [-120.8408, 55.2288], [-120.794, 55.2414], [-120.7779, 55.266], [-120.8643, 55.3451], [-120.8403, 55.3703], [-120.7954, 55.3634], [-120.7824, 55.4106], [-120.7427, 55.4421], [-120.7704, 55.5005], [-120.8252, 55.5348], [-120.8034, 55.5472], [-120.8281, 55.5644], [-120.7983, 55.5881], [-120.8258, 55.6183], [-120.8107, 55.6292], [-120.8385, 55.7097], [-120.8332, 55.7461], [-120.8033, 55.769], [-120.8938, 55.8037], [-121.0717, 55.7977], [-121.0834, 55.8192], [-121.0054, 55.8517], [-120.9887, 55.926], [-120.8568, 55.9372], [-120.8095, 55.9564], [-120.796, 55.9949], [-120.7378, 56.0168], [-120.7681, 56.047], [-120.6874, 56.1266], [-120.816, 56.1687], [-120.7986, 56.2554], [-120.9758, 56.2602], [-121.0015, 56.304], [-121.0929, 56.3391], [-121.1436, 56.4045], [-121.1825, 56.4231], [-121.2621, 56.5645], [-121.3507, 56.5458], [-121.5602, 56.6538], [-121.6643, 56.6317], [-121.6628, 56.6566], [-121.6932, 56.684], [-121.8465, 56.7392], [-121.8962, 56.7984], [-121.948, 56.8062], [-121.9444, 56.833], [-121.992, 56.8571], [-121.9859, 56.8762], [-122.0085, 56.9016], [-122.0757, 56.9364], [-122.0811, 56.9927], [-122.2108, 57.0219], [-122.2417, 57.0147], [-122.2772, 56.9731], [-122.3396, 57.0041], [-122.4287, 57.0044], [-122.4677, 57.0397], [-122.6072, 57.0219], [-122.6842, 57.0588], [-122.7548, 57.0459], [-122.7795, 57.0674], [-122.7718, 57.0815], [-122.7989, 57.0919], [-122.8737, 57.0713], [-122.9126, 57.1245], [-122.8261, 57.1685], [-122.8394, 57.1939], [-122.7907, 57.1729], [-122.7351, 57.1832], [-122.6774, 57.1646], [-122.6514, 57.1952], [-122.5397, 57.1658], [-122.4956, 57.1808], [-122.4716, 57.2071], [-122.5106, 57.2529], [-122.4926, 57.2768], [-122.369, 57.3275], [-122.3288, 57.3211], [-122.2914, 57.3477], [-122.2301, 57.3364], [-122.1996, 57.3623], [-121.9792, 57.361], [-121.9654, 57.3993], [-121.899, 57.4372], [-121.9106, 57.4639], [-121.8823, 57.5024], [-121.8218, 57.4929], [-121.785, 57.464], [-121.71, 57.4806], [-121.441, 57.4691], [-121.3942, 57.5043], [-121.3034, 57.4909], [-121.277, 57.468], [-121.2549, 57.4907], [-121.1922, 57.4852], [-121.1448, 57.5169], [-121.1366, 57.4914], [-121.076, 57.4543], [-121.0184, 57.4604], [-121.0362, 57.4329], [-121.0233, 57.4057], [-120.9314, 57.4009], [-120.8973, 57.4163], [-120.8431, 57.3944], [-120.8364, 57.4334], [-120.7919, 57.4101], [-120.6712, 57.445], [-120.6705, 57.4259], [-120.6392, 57.4247], [-120.6199, 57.444], [-120.6036, 57.4392], [-120.6107, 57.4163], [-120.4846, 57.4298], [-120.4852, 57.4641], [-120.3531, 57.4362], [-120.3703, 57.4759], [-120.3271, 57.4972], [-120.2073, 57.5011], [-120.1912, 57.5316], [-120.096, 57.5209], [-120.0834, 57.5275], [-120.1046, 57.5491], [-120.0548, 57.5726], [-120.0595, 57.5888], [-120.0225, 57.5784], [-120.0015, 57.6014], [-120.0015, 57.5788]]]}, "properties": {"BasinName": "East Peace", "BasinID": 8, "DroughtLevel": 99, "Date_Modified": 1731004200000}}, {"type": "Feature", "geometry": {"type": "Polygon", "coordinates": [[[-116.2493, 51.3194], [-116.1598, 51.274], [-116.0277, 51.2435], [-115.9998, 51.2163], [-115.9866, 51.1462], [-115.9309, 51.1132], [-115.8328, 51.0948], [-115.6556, 51.0202], [-115.5615, 50.9199], [-115.6298, 50.8879], [-115.632, 50.8647], [-115.5524, 50.8546], [-115.4873, 50.7803], [-115.3275, 50.7257], [-115.2789, 50.6651], [-115.2904, 50.6241], [-115.2629, 50.5928], [-115.1813, 50.5667], [-115.026, 50.5743], [-114.8006, 50.4063], [-114.7374, 50.3183], [-114.7495, 50.2222], [-114.6448, 50.011], [-114.6745, 49.9147], [-114.6191, 49.8573], [-114.6164, 49.713], [-114.7198, 49.5965], [-114.6665, 49.5438], [-114.569, 49.5394], [-114.5579, 49.5279], [-114.5847, 49.457], [-114.5589, 49.3823], [-114.3223, 49.1765], [-114.1301, 49.109], [-114.0889, 49.0621], [-114.1024, 49.0404], [-114.199, 49.0008], [-116.0461, 49], [-116.2804, 49.0007], [-116.2826, 49.0204], [-116.3853, 49.0452], [-116.3146, 49.1067], [-116.2103, 49.0665], [-116.1946, 49.0993], [-116.131, 49.1325], [-116.1409, 49.1625], [-116.0643, 49.2261], [-116.0679, 49.2574], [-116.1004, 49.288], [-116.168, 49.2898], [-116.1808, 49.3255], [-116.1608, 49.3539], [-116.1757, 49.3833], [-116.2385, 49.4255], [-116.244, 49.467], [-116.292, 49.4744], [-116.317, 49.5254], [-116.3823, 49.5084], [-116.4469, 49.5245], [-116.5847, 49.4487], [-116.5996, 49.4893], [-116.6311, 49.4619], [-116.6595, 49.4633], [-116.6326, 49.5417], [-116.6917, 49.582], [-116.6413, 49.6291], [-116.6856, 49.6405], [-116.5859, 49.7002], [-116.6065, 49.7431], [-116.685, 49.7973], [-116.6865, 49.8718], [-116.6285, 49.8883], [-116.6101, 49.9253], [-116.5631, 49.9552], [-116.4544, 49.9614], [-116.5137, 50.0807], [-116.3375, 50.1475], [-116.2741, 50.1802], [-116.2603, 50.2082], [-116.0784, 50.2132], [-116.0642, 50.1998], [-116.0742, 50.1714], [-116.0361, 50.1579], [-115.9531, 50.1933], [-115.874, 50.1385], [-115.813, 50.1558], [-115.7851, 50.1885], [-115.7929, 50.3019], [-115.7742, 50.3648], [-115.7832, 50.4895], [-115.8532, 50.5112], [-115.8623, 50.5754], [-115.9037, 50.6107], [-115.9055, 50.639], [-115.9569, 50.7054], [-115.9989, 50.7152], [-116.0278, 50.7487], [-116.0234, 50.7709], [-116.0765, 50.8192], [-116.3114, 50.9483], [-116.4264, 51.0366], [-116.4004, 51.0701], [-116.3214, 51.0613], [-116.2901, 51.0865], [-116.2681, 51.1471], [-116.2978, 51.1841], [-116.3456, 51.1792], [-116.3522, 51.2026], [-116.2541, 51.2351], [-116.3174, 51.3026], [-116.2493, 51.3194]]]}, "properties": {"BasinName": "East Kootenay", "BasinID": 9, "DroughtLevel": 99, "Date_Modified": 1731004200000}}, {"type": "Feature", "geometry": {"type": "Polygon", "coordinates": [[[-117.3328, 51.0166], [-117.4233, 50.9567], [-117.4174, 50.9113], [-117.4738, 50.8937], [-117.4505, 50.8404], [-117.4915, 50.806], [-117.4994, 50.7658], [-117.5666, 50.7151], [-117.6053, 50.7095], [-117.6366, 50.6428], [-117.6832, 50.5952], [-117.7229, 50.5858], [-117.6721, 50.5246], [-117.6491, 50.5307], [-117.6457, 50.5563], [-117.624, 50.5555], [-117.5834, 50.5028], [-117.4793, 50.4353], [-117.3589, 50.3866], [-117.4374, 50.3294], [-117.4689, 50.2602], [-117.5243, 50.2857], [-117.5836, 50.2504], [-117.6213, 50.2797], [-117.6743, 50.2577], [-117.6432, 50.1937], [-117.6604, 50.172], [-117.732, 50.1565], [-117.5918, 50.1152], [-117.5851, 50.1031], [-117.6202, 50.0774], [-117.5675, 49.9996], [-117.5894, 49.9654], [-117.6205, 49.9574], [-117.6311, 49.9259], [-117.7024, 49.9014], [-117.7455, 49.8581], [-117.7385, 49.8319], [-117.7751, 49.8203], [-117.8601, 49.8396], [-117.933, 49.7874], [-117.9945, 49.7097], [-118.0154, 49.5861], [-118.0027, 49.5631], [-117.8724, 49.5428], [-117.736, 49.4907], [-117.6971, 49.4278], [-117.5962, 49.3935], [-117.6377, 49.3357], [-117.6286, 49.3172], [-117.4329, 49.2395], [-117.3951, 49.2119], [-117.3503, 49.1356], [-117.483, 49.0976], [-117.4971, 49.0681], [-117.5584, 49.0533], [-117.6111, 49.001], [-118.0614, 49.0002], [-118.0297, 49.1466], [-118.0591, 49.2089], [-118.102, 49.2574], [-118.2011, 49.2829], [-118.2609, 49.3874], [-118.2597, 49.5156], [-118.2318, 49.6394], [-118.2775, 49.6813], [-118.2845, 49.7934], [-118.3791, 49.8496], [-118.3508, 49.9081], [-118.4341, 49.9271], [-118.4524, 49.9726], [-118.4198, 50.0454], [-118.4906, 50.0577], [-118.4364, 50.0852], [-118.2924, 50.1062], [-118.2348, 50.2181], [-118.2643, 50.2527], [-118.2594, 50.3339], [-118.3146, 50.3335], [-118.3318, 50.3554], [-118.2709, 50.3866], [-118.2588, 50.4339], [-118.2095, 50.4421], [-118.1832, 50.4752], [-118.2175, 50.5208], [-118.2097, 50.5448], [-118.1687, 50.5614], [-118.194, 50.5886], [-118.1636, 50.6213], [-118.1873, 50.6454], [-118.1764, 50.6775], [-118.2181, 50.705], [-118.2153, 50.7421], [-118.2427, 50.7667], [-118.2835, 50.866], [-118.2577, 50.8912], [-118.3204, 50.8957], [-118.3919, 50.9956], [-118.3422, 51.0256], [-118.2696, 51.0165], [-118.1235, 50.9816], [-118.0356, 50.9307], [-117.9796, 50.9305], [-117.9017, 51.0003], [-117.7859, 51.0431], [-117.6945, 51.0537], [-117.6953, 51.0742], [-117.7194, 51.0855], [-117.6709, 51.1179], [-117.6788, 51.1436], [-117.5871, 51.2024], [-117.4267, 51.2129], [-117.4105, 51.196], [-117.4283, 51.1606], [-117.3328, 51.0166]]]}, "properties": {"BasinName": "Lower Columbia", "BasinID": 30, "DroughtLevel": 99, "Date_Modified": 1731004200000}}, {"type": "Feature", "geometry": {"type": "Polygon", "coordinates": [[[-116.4629, 50.1123], [-116.5137, 50.0807], [-116.4544, 49.9614], [-116.5631, 49.9552], [-116.6101, 49.9253], [-116.6285, 49.8883], [-116.6865, 49.8718], [-116.685, 49.7973], [-116.6065, 49.7431], [-116.5859, 49.7002], [-116.6856, 49.6405], [-116.6413, 49.6291], [-116.6923, 49.5745], [-116.6326, 49.5417], [-116.6595, 49.4633], [-116.6311, 49.4619], [-116.5996, 49.4893], [-116.5847, 49.4487], [-116.4469, 49.5245], [-116.3823, 49.5084], [-116.317, 49.5254], [-116.292, 49.4744], [-116.244, 49.467], [-116.2385, 49.4255], [-116.1757, 49.3833], [-116.1608, 49.3539], [-116.1808, 49.3255], [-116.168, 49.2898], [-116.1004, 49.288], [-116.0687, 49.2592], [-116.0643, 49.2261], [-116.1418, 49.1607], [-116.131, 49.1325], [-116.1946, 49.0993], [-116.2103, 49.0665], [-116.3146, 49.1067], [-116.3863, 49.0567], [-116.3527, 49.0266], [-116.2805, 49.0194], [-116.2804, 49.0007], [-117.6111, 49.001], [-117.5584, 49.0533], [-117.4971, 49.0681], [-117.483, 49.0976], [-117.3552, 49.1293], [-117.386, 49.2], [-117.4329, 49.2395], [-117.6286, 49.3172], [-117.6377, 49.3357], [-117.5962, 49.3935], [-117.6971, 49.4278], [-117.736, 49.4907], [-118.015, 49.5743], [-117.9945, 49.7097], [-117.933, 49.7874], [-117.8601, 49.8396], [-117.7751, 49.8203], [-117.7385, 49.8319], [-117.7455, 49.8581], [-117.7024, 49.9014], [-117.6311, 49.9259], [-117.6205, 49.9574], [-117.5894, 49.9654], [-117.5675, 49.9996], [-117.6202, 50.0774], [-117.5851, 50.1031], [-117.5918, 50.1152], [-117.732, 50.1565], [-117.6604, 50.172], [-117.6432, 50.1937], [-117.6743, 50.2577], [-117.6213, 50.2797], [-117.5836, 50.2504], [-117.5243, 50.2857], [-117.4689, 50.2602], [-117.4374, 50.3294], [-117.3589, 50.3866], [-117.4793, 50.4353], [-117.5834, 50.5028], [-117.624, 50.5555], [-117.6457, 50.5563], [-117.6491, 50.5307], [-117.6721, 50.5246], [-117.7229, 50.5858], [-117.6832, 50.5952], [-117.6366, 50.6428], [-117.6053, 50.7095], [-117.5666, 50.7151], [-117.4994, 50.7658], [-117.4915, 50.806], [-117.4505, 50.8404], [-117.4738, 50.8937], [-117.4174, 50.9113], [-117.4336, 50.9437], [-117.4048, 50.9792], [-117.3064, 51.0262], [-117.2112, 51.0513], [-117.1425, 51.0344], [-117.1365, 51.0172], [-117.1704, 50.988], [-117.0492, 50.9626], [-117.0447, 50.9469], [-117.081, 50.9328], [-117.0855, 50.9011], [-117.0219, 50.8247], [-116.8186, 50.7642], [-116.7406, 50.6836], [-116.5806, 50.6371], [-116.6381, 50.6003], [-116.6707, 50.5476], [-116.6869, 50.4541], [-116.6376, 50.4012], [-116.621, 50.317], [-116.5434, 50.3085], [-116.5492, 50.2254], [-116.5092, 50.1743], [-116.454, 50.1431], [-116.4629, 50.1123]]]}, "properties": {"BasinName": "West Kootenay", "BasinID": 31, "DroughtLevel": 99, "Date_Modified": 1731004200000}}, {"type": "Feature", "geometry": {"type": "Polygon", "coordinates": [[[-118.2914, 50.108], [-118.3412, 50.1075], [-118.3935, 50.0795], [-118.4364, 50.0852], [-118.4906, 50.0577], [-118.4198, 50.0454], [-118.4524, 49.9726], [-118.4341, 49.9271], [-118.3508, 49.9081], [-118.3791, 49.8496], [-118.2845, 49.7934], [-118.2775, 49.6813], [-118.2318, 49.6394], [-118.2597, 49.5156], [-118.2609, 49.3874], [-118.2011, 49.2829], [-118.102, 49.2574], [-118.0591, 49.2089], [-118.0297, 49.1466], [-118.0614, 49.0002], [-119.1939, 49.0006], [-119.2103, 49.0564], [-119.2994, 49.0812], [-119.2732, 49.1008], [-119.2847, 49.1348], [-119.2203, 49.1954], [-119.1831, 49.2038], [-119.1816, 49.2187], [-119.2409, 49.2479], [-119.1754, 49.3086], [-119.2077, 49.3227], [-119.2049, 49.3404], [-119.2623, 49.3478], [-119.2499, 49.3662], [-119.2634, 49.3823], [-119.3532, 49.4029], [-119.3765, 49.4399], [-119.307, 49.4687], [-119.2903, 49.5018], [-119.3096, 49.5022], [-119.3024, 49.5212], [-119.3399, 49.5583], [-119.3502, 49.6355], [-119.3758, 49.6787], [-119.2594, 49.7424], [-119.1509, 49.7454], [-119.1757, 49.7916], [-119.1586, 49.8291], [-119.124, 49.8252], [-119.1083, 49.7899], [-119.0554, 49.8015], [-118.965, 49.9031], [-118.9348, 49.9144], [-118.9097, 49.9009], [-118.9072, 49.9288], [-118.8531, 49.9579], [-118.8095, 49.9526], [-118.8003, 49.9868], [-118.8193, 49.9999], [-118.8026, 50.0401], [-118.7172, 50.0612], [-118.6982, 50.0886], [-118.4766, 50.1149], [-118.3621, 50.1664], [-118.2914, 50.108]]]}, "properties": {"BasinName": "Kettle", "BasinID": 29, "DroughtLevel": 99, "Date_Modified": 1731004200000}}, {"type": "Feature", "geometry": {"type": "Polygon", "coordinates": [[[-120.532, 49.8912], [-120.4885, 49.8783], [-120.3442, 49.922], [-120.2296, 49.8891], [-120.209, 49.8537], [-120.2489, 49.8081], [-120.2106, 49.7952], [-120.1848, 49.7596], [-120.179, 49.7075], [-120.2035, 49.6782], [-120.1122, 49.6621], [-120.0419, 49.6246], [-120.0208, 49.5974], [-120.0388, 49.5796], [-120.0105, 49.5127], [-119.947, 49.5375], [-119.9207, 49.5264], [-119.9019, 49.4839], [-119.9143, 49.4479], [-119.9414, 49.4322], [-119.9273, 49.4125], [-119.7413, 49.3848], [-119.7245, 49.3447], [-119.7891, 49.2741], [-119.7065, 49.2367], [-119.6466, 49.2368], [-119.6781, 49.1104], [-119.5888, 49.0787], [-119.5143, 49.0011], [-120.8642, 49.0004], [-120.8152, 49.0306], [-120.8158, 49.0553], [-120.9028, 49.0935], [-120.984, 49.1001], [-120.8757, 49.1222], [-120.8709, 49.151], [-120.9032, 49.2016], [-120.8313, 49.2709], [-120.8987, 49.311], [-120.9457, 49.2656], [-120.9781, 49.2653], [-120.9871, 49.2945], [-121.0196, 49.2898], [-121.0164, 49.3129], [-121.0669, 49.3345], [-121.0577, 49.3675], [-121.1166, 49.388], [-121.0404, 49.4835], [-121.081, 49.5093], [-121.0414, 49.5342], [-121.0312, 49.5816], [-120.9569, 49.6382], [-120.9499, 49.7063], [-120.9091, 49.7335], [-120.9109, 49.7555], [-120.8356, 49.87], [-120.7024, 49.8862], [-120.5849, 49.9383], [-120.5451, 49.9249], [-120.532, 49.8912]]]}, "properties": {"BasinName": "Similkameen", "BasinID": 27, "DroughtLevel": 99, "Date_Modified": 1731004200000}}, {"type": "Feature", "geometry": {"type": "Polygon", "coordinates": [[[-119.1578, 50.4317], [-119.1476, 50.3796], [-119.0786, 50.3819], [-119.0113, 50.2984], [-119.0583, 50.2855], [-119.0382, 50.2529], [-119.0871, 50.2302], [-119.0659, 50.1923], [-119.0835, 50.1704], [-119.1563, 50.1598], [-119.1432, 50.126], [-119.1701, 50.0531], [-119.1167, 50.0374], [-118.8976, 50.0569], [-118.8022, 50.0182], [-118.8193, 49.9999], [-118.8019, 49.9664], [-118.9058, 49.9297], [-118.9097, 49.9009], [-118.9348, 49.9144], [-118.965, 49.9031], [-119.0718, 49.7933], [-119.1083, 49.7899], [-119.124, 49.8252], [-119.1596, 49.8286], [-119.1757, 49.7916], [-119.1509, 49.7454], [-119.2594, 49.7424], [-119.3758, 49.6787], [-119.3502, 49.6355], [-119.3399, 49.5583], [-119.3024, 49.5212], [-119.3096, 49.5022], [-119.2903, 49.5018], [-119.307, 49.4687], [-119.3765, 49.4399], [-119.3532, 49.4029], [-119.2634, 49.3823], [-119.2499, 49.3662], [-119.2623, 49.3478], [-119.2049, 49.3404], [-119.2077, 49.3227], [-119.1755, 49.309], [-119.2409, 49.2479], [-119.1816, 49.2187], [-119.1831, 49.2038], [-119.2203, 49.1954], [-119.2847, 49.1348], [-119.2732, 49.1008], [-119.2999, 49.0823], [-119.2103, 49.0564], [-119.1939, 49.0006], [-119.5143, 49.0011], [-119.5888, 49.0787], [-119.6781, 49.1104], [-119.6466, 49.2368], [-119.7065, 49.2367], [-119.7891, 49.2741], [-119.7245, 49.3447], [-119.7413, 49.3848], [-119.9273, 49.4125], [-119.9414, 49.4322], [-119.9143, 49.4479], [-119.9019, 49.4839], [-119.9192, 49.5248], [-119.9499, 49.537], [-120.0032, 49.5106], [-120.0252, 49.5243], [-120.0199, 49.5576], [-120.0388, 49.5796], [-120.0208, 49.5974], [-120.0406, 49.623], [-120.1122, 49.6621], [-120.2035, 49.6782], [-120.179, 49.7075], [-120.1848, 49.7596], [-120.2106, 49.7952], [-120.2489, 49.8081], [-120.209, 49.8537], [-120.09, 49.8432], [-120.0271, 49.8796], [-120.0035, 49.9175], [-119.8314, 49.9758], [-119.7197, 50.115], [-119.8092, 50.1574], [-119.8142, 50.1805], [-119.7077, 50.2691], [-119.7164, 50.2896], [-119.6925, 50.3198], [-119.7033, 50.3437], [-119.6409, 50.3848], [-119.6551, 50.4266], [-119.6375, 50.4454], [-119.5635, 50.4595], [-119.4554, 50.3998], [-119.3478, 50.4182], [-119.2919, 50.5181], [-119.2947, 50.6109], [-119.2679, 50.6236], [-119.2285, 50.5948], [-119.1578, 50.4317]]]}, "properties": {"BasinName": "Okanagan", "BasinID": 28, "DroughtLevel": 99, "Date_Modified": 1731004200000}}, {"type": "Feature", "geometry": {"type": "MultiPolygon", "coordinates": [[[[-125.0446, 48.9075], [-125.1164, 48.8888], [-125.0804, 48.9276], [-125.0452, 48.9339], [-125.0446, 48.9075]]], [[[-124.5248, 49.0595], [-124.5387, 48.9851], [-124.5183, 48.9916], [-124.5152, 48.9757], [-124.475, 48.9975], [-124.466, 48.9638], [-124.4416, 48.9608], [-124.4525, 48.9485], [-124.411, 48.9292], [-124.4532, 48.9245], [-124.4958, 48.8846], [-124.5251, 48.8955], [-124.5254, 48.8729], [-124.5672, 48.8579], [-124.5633, 48.8294], [-124.5967, 48.8432], [-124.6102, 48.8183], [-124.5916, 48.8293], [-124.585, 48.8056], [-124.4229, 48.788], [-124.4384, 48.7997], [-124.4106, 48.8042], [-124.3805, 48.7859], [-124.363, 48.768], [-124.3926, 48.7739], [-124.3861, 48.7561], [-124.4187, 48.7395], [-124.4299, 48.6982], [-124.4174, 48.6792], [-124.3769, 48.7043], [-124.3715, 48.7326], [-124.3376, 48.7348], [-124.3049, 48.7231], [-124.3086, 48.6818], [-124.2715, 48.6713], [-124.2263, 48.6157], [-124.1736, 48.5956], [-123.9483, 48.5818], [-123.9472, 48.5147], [-124.0263, 48.502], [-123.9698, 48.4846], [-123.9619, 48.4394], [-123.9917, 48.4516], [-124.0798, 48.4197], [-124.168, 48.4281], [-124.3251, 48.5055], [-124.4418, 48.51], [-124.4497, 48.5242], [-124.4192, 48.5589], [-124.4499, 48.5693], [-124.5416, 48.5406], [-124.8011, 48.623], [-124.815, 48.641], [-124.8016, 48.6644], [-124.7035, 48.7484], [-124.6776, 48.7892], [-124.6904, 48.802], [-124.7257, 48.7996], [-124.8045, 48.7126], [-124.8847, 48.6684], [-125.0802, 48.7249], [-125.1276, 48.7675], [-125.1708, 48.7603], [-125.1693, 48.7949], [-125.0382, 48.8661], [-124.9821, 48.923], [-124.8659, 48.966], [-124.8241, 49.0123], [-124.8014, 49.087], [-124.766, 49.0864], [-124.648, 49.0088], [-124.6038, 49.0181], [-124.6342, 49.0761], [-124.593, 49.0478], [-124.5749, 49.0867], [-124.5638, 49.06], [-124.5529, 49.1136], [-124.5248, 49.0595]]], [[[-125.953, 49.1463], [-125.9923, 49.1516], [-126.0071, 49.2019], [-125.9465, 49.1849], [-125.953, 49.1463]]], [[[-125.7732, 49.2013], [-125.7923, 49.124], [-125.844, 49.1519], [-125.823, 49.1764], [-125.8362, 49.1927], [-125.8943, 49.1744], [-125.9147, 49.1959], [-125.8755, 49.2268], [-125.8064, 49.2279], [-125.7732, 49.2013]]], [[[-126.0643, 49.2468], [-126.1612, 49.2473], [-126.2188, 49.296], [-126.2203, 49.3299], [-126.1951, 49.3599], [-126.1138, 49.3501], [-126.0611, 49.2824], [-126.0643, 49.2468]]], [[[-126.0563, 49.3874], [-126.0965, 49.3791], [-126.1075, 49.3925], [-126.0861, 49.4058], [-126.0563, 49.3874]]], [[[-126.4738, 49.6456], [-126.5173, 49.609], [-126.5585, 49.6194], [-126.4994, 49.6691], [-126.4738, 49.6456]]], [[[-126.6902, 49.8249], [-126.6154, 49.6166], [-126.6606, 49.5717], [-126.8065, 49.6004], [-126.8786, 49.6749], [-126.9413, 49.7065], [-126.9399, 49.7224], [-126.7753, 49.7986], [-126.812, 49.8067], [-126.8804, 49.7785], [-126.939, 49.798], [-126.9368, 49.8201], [-126.8021, 49.8546], [-126.6902, 49.8249]]], [[[-127.267, 49.9839], [-127.2983, 49.9783], [-127.3048, 50.0087], [-127.2699, 50.0135], [-127.267, 49.9839]]], [[[-127.2153, 50.0061], [-127.2445, 50.0189], [-127.2315, 50.0351], [-127.1941, 50.0234], [-127.2153, 50.0061]]], [[[-127.2088, 50.0646], [-127.2451, 50.0612], [-127.2394, 50.0788], [-127.2088, 50.0646]]], [[[-126.2919, 50.5186], [-126.4085, 50.4957], [-126.6039, 50.5224], [-126.342, 50.5669], [-126.2919, 50.5186]]], [[[-126.7178, 50.5774], [-126.7274, 50.5604], [-126.7933, 50.5837], [-126.7178, 50.5774]]], [[[-126.6386, 50.5876], [-126.5567, 50.5735], [-126.6178, 50.56], [-126.646, 50.5715], [-126.6386, 50.5876]]], [[[-126.2098, 50.543], [-126.2602, 50.5526], [-126.2999, 50.5852], [-126.296, 50.6019], [-126.2098, 50.543]]], [[[-126.3873, 50.6167], [-126.3783, 50.6025], [-126.3967, 50.5885], [-126.4554, 50.572], [-126.5277, 50.6106], [-126.3873, 50.6167]]], [[[-126.8566, 50.6429], [-126.8362, 50.6229], [-126.8583, 50.6133], [-127.1156, 50.6252], [-127.1345, 50.6573], [-127.0695, 50.6667], [-126.8566, 50.6429]]], [[[-128.5617, 50.7702], [-128.6185, 50.7745], [-128.5741, 50.797], [-128.5522, 50.7933], [-128.5617, 50.7702]]], [[[-128.6425, 50.797], [-128.6652, 50.7846], [-128.6856, 50.8065], [-128.6425, 50.797]]], [[[-127.4811, 50.7204], [-127.4137, 50.7309], [-127.3883, 50.6952], [-127.2045, 50.6014], [-127.1371, 50.6079], [-127.0853, 50.5836], [-126.9472, 50.5684], [-126.572, 50.4641], [-125.9709, 50.4008], [-125.974, 50.3803], [-125.9444, 50.3548], [-125.9726, 50.3204], [-125.9656, 50.2873], [-125.9272, 50.2272], [-125.9713, 50.192], [-125.9519, 50.1955], [-125.9441, 50.1518], [-125.9077, 50.1336], [-125.9642, 50.1071], [-125.8889, 50.1118], [-125.8811, 50.0929], [-125.8954, 50.0749], [-125.9474, 50.0824], [-125.9223, 50.0609], [-125.948, 50.0457], [-125.9282, 50.041], [-125.9341, 50.0162], [-125.9078, 50.0155], [-125.9357, 49.9859], [-125.9083, 49.9454], [-125.919, 49.9282], [-125.8627, 49.8632], [-125.8798, 49.85], [-125.8398, 49.8729], [-125.8071, 49.8486], [-125.846, 49.8379], [-125.8125, 49.7652], [-125.8475, 49.7075], [-125.8178, 49.7036], [-125.7695, 49.6491], [-125.7353, 49.6484], [-125.7313, 49.6202], [-125.7113, 49.6297], [-125.6974, 49.6147], [-125.7687, 49.5669], [-125.729, 49.5574], [-125.7593, 49.5454], [-125.7354, 49.5339], [-125.75, 49.5141], [-125.6069, 49.5152], [-125.5724, 49.4965], [-125.559, 49.478], [-125.5844, 49.4519], [-125.5538, 49.4409], [-125.606, 49.412], [-125.5244, 49.3518], [-125.526, 49.3317], [-125.4864, 49.3156], [-125.3718, 49.309], [-125.3455, 49.2778], [-125.2971, 49.2703], [-125.2851, 49.2854], [-125.1975, 49.2725], [-125.2048, 49.2526], [-125.1518, 49.2624], [-125.1688, 49.2467], [-125.1414, 49.2357], [-125.1212, 49.2571], [-125.0729, 49.2566], [-125.0544, 49.2467], [-125.0737, 49.2233], [-125.0087, 49.2324], [-124.975, 49.2122], [-124.9164, 49.2148], [-124.9617, 49.203], [-124.938, 49.1776], [-124.9861, 49.1756], [-124.9501, 49.1539], [-124.9594, 49.1403], [-124.8696, 49.1044], [-124.8986, 49.1013], [-124.8592, 49.0681], [-124.8657, 49.0324], [-124.9179, 48.9921], [-124.9842, 48.9886], [-124.9837, 48.9584], [-125.0158, 48.9514], [-125.0425, 48.9821], [-125.1099, 48.9687], [-125.1528, 48.994], [-125.1341, 49.0326], [-125.1701, 49.0564], [-125.194, 49.0463], [-125.194, 48.9951], [-125.233, 48.942], [-125.2861, 48.958], [-125.2793, 49.0116], [-125.2955, 49.025], [-125.3809, 48.9977], [-125.3883, 48.9704], [-125.4681, 48.9183], [-125.5707, 48.9418], [-125.6753, 48.9931], [-125.7532, 49.0575], [-125.8568, 49.0634], [-125.9114, 49.113], [-125.8768, 49.1385], [-125.8483, 49.1141], [-125.7265, 49.082], [-125.6203, 49.1741], [-125.6496, 49.1888], [-125.7431, 49.1316], [-125.7228, 49.2111], [-125.7723, 49.2435], [-125.7661, 49.2934], [-125.7832, 49.318], [-125.812, 49.3176], [-125.8522, 49.2483], [-125.907, 49.2655], [-125.9422, 49.2226], [-125.9848, 49.2211], [-126.0076, 49.2706], [-125.9001, 49.3577], [-125.9004, 49.3939], [-125.9193, 49.4027], [-126.0071, 49.3166], [-126.0406, 49.3432], [-126.0084, 49.4041], [-126.0252, 49.4174], [-126.0869, 49.4246], [-126.1608, 49.393], [-126.2098, 49.4026], [-126.2288, 49.4362], [-126.2707, 49.4406], [-126.2539, 49.3564], [-126.2896, 49.3496], [-126.3868, 49.3997], [-126.3786, 49.4428], [-126.4138, 49.4534], [-126.4582, 49.4147], [-126.4516, 49.3748], [-126.5169, 49.365], [-126.5594, 49.4652], [-126.5304, 49.5717], [-126.4539, 49.6218], [-126.2721, 49.6166], [-126.0719, 49.6424], [-126.0775, 49.6634], [-126.319, 49.6481], [-126.4234, 49.6633], [-126.4645, 49.6911], [-126.3817, 49.7587], [-126.4609, 49.7789], [-126.4793, 49.7725], [-126.4838, 49.7247], [-126.5028, 49.7084], [-126.5616, 49.6972], [-126.6371, 49.7937], [-126.6506, 49.9083], [-126.6788, 49.91], [-126.7266, 49.8642], [-126.835, 49.9529], [-126.8556, 49.9418], [-126.822, 49.892], [-126.8395, 49.8741], [-126.8975, 49.8824], [-126.8993, 49.9474], [-126.9331, 49.9624], [-126.9658, 49.9411], [-126.9327, 49.864], [-126.984, 49.8785], [-127.0219, 49.8321], [-127.1444, 49.8596], [-127.2122, 49.9242], [-127.225, 49.9738], [-127.1528, 50.0034], [-127.1447, 50.0218], [-127.1716, 50.0529], [-127.0984, 50.0829], [-127.0761, 50.1199], [-127.1993, 50.0952], [-127.2298, 50.1094], [-127.244, 50.1431], [-127.3127, 50.1629], [-127.2712, 50.0809], [-127.2816, 50.0616], [-127.3744, 50.0262], [-127.4728, 50.0973], [-127.4849, 50.1318], [-127.4461, 50.1633], [-127.4659, 50.1755], [-127.6089, 50.1042], [-127.6333, 50.1147], [-127.6308, 50.1565], [-127.6572, 50.1624], [-127.7914, 50.0879], [-127.8726, 50.101], [-127.8706, 50.1465], [-127.7522, 50.225], [-127.84, 50.2689], [-127.8072, 50.3004], [-127.9627, 50.3312], [-127.9733, 50.3565], [-127.9219, 50.4457], [-127.6213, 50.4752], [-127.5685, 50.4535], [-127.4851, 50.3765], [-127.4698, 50.3938], [-127.4785, 50.4139], [-127.5695, 50.4959], [-127.5711, 50.5323], [-127.4453, 50.5834], [-127.8896, 50.6313], [-127.977, 50.66], [-128.0115, 50.6418], [-127.9755, 50.6176], [-127.5816, 50.5578], [-127.6176, 50.533], [-127.8917, 50.4665], [-127.9889, 50.4758], [-128.022, 50.5207], [-128.0532, 50.433], [-128.311, 50.6119], [-128.2878, 50.644], [-128.3567, 50.6753], [-128.3934, 50.7658], [-128.1041, 50.8388], [-127.9079, 50.863], [-127.489, 50.7604], [-127.4811, 50.7204]]], [[[-127.6549, 50.8666], [-127.6396, 50.8427], [-127.6848, 50.8382], [-127.8218, 50.8805], [-127.7126, 50.8965], [-127.6549, 50.8666]]], [[[-127.868, 50.9009], [-127.9413, 50.8998], [-127.9617, 50.9257], [-127.8574, 50.9302], [-127.8481, 50.9199], [-127.868, 50.9009]]]]}, "properties": {"BasinName": "West Vancouver Island", "BasinID": 20, "DroughtLevel": 99, "Date_Modified": 1731004200000}}, {"type": "Feature", "geometry": {"type": "MultiPolygon", "coordinates": [[[[-126.6121, 50.6876], [-126.6316, 50.675], [-126.6628, 50.697], [-126.6337, 50.709], [-126.6121, 50.6876]]], [[[-126.6469, 50.7315], [-126.6849, 50.726], [-126.6979, 50.7447], [-126.6514, 50.7474], [-126.6469, 50.7315]]], [[[-126.2503, 50.6908], [-126.2844, 50.656], [-126.3603, 50.6454], [-126.4557, 50.6684], [-126.4909, 50.6349], [-126.5352, 50.637], [-126.5668, 50.6704], [-126.5279, 50.7206], [-126.3395, 50.8028], [-126.2977, 50.8037], [-126.1902, 50.7595], [-126.1945, 50.7253], [-126.2503, 50.6908]]], [[[-126.5958, 50.8207], [-126.5663, 50.7865], [-126.5815, 50.7794], [-126.6493, 50.7945], [-126.7712, 50.7694], [-126.8898, 50.8074], [-126.6831, 50.8369], [-126.5958, 50.8207]]], [[[-126.7665, 50.8485], [-126.8766, 50.845], [-126.8481, 50.8685], [-126.7778, 50.8755], [-126.7466, 50.8573], [-126.7665, 50.8485]]], [[[-127.5357, 51.0574], [-127.5672, 51.0442], [-127.5894, 51.0655], [-127.5502, 51.0737], [-127.5205, 51.0647], [-127.5357, 51.0574]]], [[[-127.4851, 51.2704], [-127.5827, 51.2787], [-127.5857, 51.299], [-127.4642, 51.2992], [-127.4533, 51.2835], [-127.4851, 51.2704]]], [[[-127.6434, 51.4524], [-127.6711, 51.4622], [-127.6355, 51.4748], [-127.6261, 51.4644], [-127.6434, 51.4524]]], [[[-127.7044, 51.4816], [-127.7419, 51.4918], [-127.701, 51.4985], [-127.7044, 51.4816]]], [[[-127.5588, 51.5351], [-127.6061, 51.4871], [-127.6536, 51.5015], [-127.5891, 51.5478], [-127.5588, 51.5351]]], [[[-128.0743, 51.6221], [-127.9924, 51.6276], [-127.9131, 51.5892], [-127.8941, 51.5686], [-127.8943, 51.4902], [-127.8661, 51.422], [-127.9282, 51.4076], [-127.9579, 51.4399], [-128.0294, 51.444], [-128.0701, 51.4745], [-128.1272, 51.6247], [-128.1254, 51.643], [-128.0935, 51.6564], [-128.0743, 51.6221]]], [[[-127.9749, 51.6632], [-128.0482, 51.6687], [-127.9848, 51.6911], [-127.9749, 51.6632]]], [[[-128.0717, 51.7349], [-128.1161, 51.7249], [-128.0881, 51.7526], [-128.0717, 51.7349]]], [[[-127.9901, 51.7343], [-128.0329, 51.741], [-127.9879, 51.7626], [-127.9901, 51.7343]]], [[[-128.419, 51.9327], [-128.4565, 51.925], [-128.4428, 51.9714], [-128.3993, 51.9693], [-128.419, 51.9327]]], [[[-127.9785, 52.0427], [-127.9478, 52.0202], [-127.944, 51.9783], [-127.9696, 51.8828], [-128.0338, 51.7896], [-128.0886, 51.7839], [-128.0982, 51.7942], [-128.0766, 51.8254], [-128.0931, 51.8431], [-128.1793, 51.8437], [-128.1935, 51.8622], [-128.1326, 52.0216], [-127.9785, 52.0427]]], [[[-128.3136, 52.0848], [-128.3652, 52.082], [-128.3426, 52.102], [-128.3136, 52.0848]]], [[[-127.9566, 52.074], [-128.0373, 52.0732], [-128.091, 52.1033], [-127.9193, 52.1402], [-127.8952, 52.1211], [-127.9216, 52.0844], [-127.9566, 52.074]]], [[[-128.1862, 52.0005], [-128.2063, 51.9914], [-128.2215, 52.0075], [-128.21, 52.0667], [-128.2503, 52.1094], [-128.2143, 52.1459], [-128.1298, 52.1583], [-128.1363, 52.097], [-128.1862, 52.0005]]], [[[-128.2739, 52.1345], [-128.3087, 52.1338], [-128.2859, 52.1775], [-128.2083, 52.1973], [-128.2739, 52.1345]]], [[[-128.4231, 52.1362], [-128.4633, 52.1414], [-128.4649, 52.1566], [-128.4159, 52.2098], [-128.3925, 52.2122], [-128.4004, 52.1462], [-128.4231, 52.1362]]], [[[-128.3162, 52.1824], [-128.365, 52.1866], [-128.3282, 52.2155], [-128.2821, 52.2142], [-128.2738, 52.2054], [-128.3162, 52.1824]]], [[[-127.9328, 52.1785], [-128.0241, 52.1683], [-128.036, 52.2014], [-127.9396, 52.2645], [-127.9012, 52.1995], [-127.9328, 52.1785]]], [[[-128.0714, 52.2084], [-128.1634, 52.2211], [-128.0298, 52.2802], [-128.0094, 52.2757], [-128.0156, 52.2616], [-128.0714, 52.2084]]], [[[-128.3904, 52.3116], [-128.446, 52.3055], [-128.4232, 52.3255], [-128.3904, 52.3116]]], [[[-128.1562, 52.2611], [-128.1891, 52.2789], [-128.181, 52.2975], [-128.0895, 52.3948], [-128.0727, 52.3122], [-128.1562, 52.2611]]], [[[-127.6249, 52.1044], [-127.7381, 51.955], [-127.8659, 51.9353], [-127.8806, 52.0027], [-127.8581, 52.04], [-127.867, 52.0703], [-127.8129, 52.0737], [-127.8324, 52.1257], [-127.7578, 52.193], [-127.4504, 52.2921], [-127.3827, 52.3644], [-127.2487, 52.4065], [-127.2018, 52.3307], [-127.2483, 52.2699], [-127.6249, 52.1044]]], [[[-128.6243, 52.3066], [-128.6731, 52.2632], [-128.7251, 52.2939], [-128.7643, 52.3747], [-128.7512, 52.4348], [-128.7353, 52.4485], [-128.645, 52.4356], [-128.6243, 52.3066]]], [[[-128.3718, 52.3597], [-128.4388, 52.3554], [-128.444, 52.3812], [-128.3843, 52.4301], [-128.2813, 52.451], [-128.3718, 52.3597]]], [[[-128.3001, 52.4877], [-128.3994, 52.4563], [-128.417, 52.4915], [-128.3944, 52.5153], [-128.3001, 52.4877]]], [[[-128.5146, 52.5831], [-128.472, 52.4442], [-128.5408, 52.4215], [-128.5962, 52.459], [-128.7936, 52.4888], [-128.7953, 52.514], [-128.7689, 52.5235], [-128.6851, 52.5141], [-128.7282, 52.562], [-128.676, 52.5787], [-128.5902, 52.5739], [-128.5562, 52.6196], [-128.5213, 52.6103], [-128.5146, 52.5831]]], [[[-128.2965, 52.5382], [-128.3134, 52.5185], [-128.3993, 52.5373], [-128.419, 52.5579], [-128.434, 52.6276], [-128.4009, 52.671], [-128.4215, 52.7466], [-128.3492, 52.7663], [-128.303, 52.6366], [-128.2965, 52.5382]]], [[[-128.1426, 52.768], [-128.1434, 52.7382], [-128.2082, 52.6562], [-128.2289, 52.5997], [-128.2601, 52.5984], [-128.253, 52.6523], [-128.3102, 52.7426], [-128.2958, 52.7614], [-128.2089, 52.7625], [-128.1732, 52.7967], [-128.1426, 52.768]]], [[[-128.4804, 52.6624], [-128.5019, 52.6509], [-128.5147, 52.6641], [-128.5221, 52.7327], [-128.4884, 52.8395], [-128.4642, 52.8145], [-128.4804, 52.6624]]], [[[-127.0176, 53.3038], [-126.9789, 53.27], [-127.0289, 53.2363], [-127.0448, 53.2022], [-126.9927, 53.1515], [-126.9935, 53.1326], [-127.0376, 53.1175], [-127.0155, 53.0731], [-126.8876, 53.083], [-126.8664, 53.1081], [-126.84, 53.1064], [-126.7871, 52.9963], [-126.7077, 52.9865], [-126.6365, 53.018], [-126.6142, 52.9955], [-126.6358, 52.9762], [-126.586, 52.9691], [-126.4795, 53.0317], [-126.4497, 53.0879], [-126.4606, 53.106], [-126.3849, 53.1072], [-126.3582, 53.0894], [-126.291, 53.1036], [-126.2387, 53.1523], [-126.2545, 53.1734], [-126.1592, 53.1956], [-125.8894, 53.205], [-125.8628, 53.1211], [-125.814, 53.0897], [-125.8085, 53.0648], [-125.7723, 53.0671], [-125.7739, 52.9163], [-125.6543, 52.9163], [-125.5667, 52.9575], [-125.3099, 52.7662], [-125.3273, 52.7455], [-125.3015, 52.7227], [-125.2471, 52.7125], [-125.104, 52.7437], [-125.0343, 52.7142], [-124.9568, 52.726], [-124.9188, 52.6922], [-124.8074, 52.6899], [-124.8838, 52.6198], [-124.8668, 52.561], [-124.8103, 52.5226], [-124.8495, 52.4887], [-124.7063, 52.4163], [-124.8124, 52.3764], [-124.8224, 52.3428], [-124.8968, 52.3339], [-124.8531, 52.2928], [-124.7673, 52.2629], [-124.7293, 52.1982], [-124.8634, 52.1592], [-124.9996, 52.2046], [-125.054, 52.1758], [-124.9675, 52.1038], [-124.8804, 52.0616], [-124.8795, 52.0395], [-124.7881, 52.039], [-124.7105, 52.0152], [-124.7083, 51.9194], [-124.8077, 51.8379], [-124.7895, 51.7963], [-124.85, 51.7925], [-124.9314, 51.7415], [-125.1039, 51.7426], [-125.1001, 51.7045], [-125.1217, 51.6643], [-125.2678, 51.6036], [-125.2406, 51.571], [-125.2516, 51.5461], [-125.2338, 51.5248], [-125.2737, 51.509], [-125.2854, 51.4699], [-125.3269, 51.4614], [-125.3302, 51.4272], [-125.3212, 51.4021], [-125.2526, 51.3873], [-125.2174, 51.346], [-125.2904, 51.3106], [-125.3449, 51.2415], [-125.2678, 51.1933], [-125.2991, 51.1756], [-125.2982, 51.1247], [-125.2356, 51.065], [-125.3402, 51.0384], [-125.2619, 51.003], [-125.2375, 50.9617], [-125.1981, 50.9571], [-125.233, 50.9203], [-125.2299, 50.8736], [-125.1759, 50.8749], [-125.1781, 50.8465], [-125.1443, 50.8319], [-125.2207, 50.7895], [-125.3297, 50.6715], [-125.3553, 50.6713], [-125.3621, 50.6484], [-125.4413, 50.6049], [-125.4183, 50.5552], [-125.4416, 50.5458], [-125.3939, 50.4698], [-125.5337, 50.4614], [-125.4891, 50.6408], [-125.4367, 50.6869], [-125.4742, 50.7031], [-125.5335, 50.6509], [-125.5931, 50.497], [-125.6537, 50.4287], [-125.7194, 50.4392], [-125.7622, 50.4764], [-125.7625, 50.5166], [-125.7805, 50.5201], [-125.9401, 50.466], [-126.2582, 50.4859], [-126.2498, 50.5081], [-126.1801, 50.5185], [-126.1653, 50.5582], [-125.9389, 50.6161], [-125.9789, 50.6276], [-126.1928, 50.5873], [-126.2533, 50.6051], [-126.2569, 50.6308], [-126.1365, 50.6316], [-125.9946, 50.6607], [-125.927, 50.6451], [-125.7249, 50.6635], [-125.6875, 50.6875], [-125.619, 50.7833], [-125.6439, 50.8458], [-125.5438, 50.8677], [-125.4991, 50.8978], [-125.5442, 51.0361], [-125.6063, 51.0923], [-125.6265, 51.0472], [-125.5563, 50.9229], [-125.6742, 50.8568], [-125.6613, 50.794], [-125.7137, 50.719], [-125.9344, 50.6791], [-126.0485, 50.6924], [-126.1307, 50.6605], [-126.1506, 50.6807], [-126.1188, 50.7434], [-126.0135, 50.7695], [-126.0575, 50.7893], [-126.1421, 50.7817], [-126.1767, 50.8045], [-126.1433, 50.8332], [-126.1587, 50.855], [-126.4395, 50.8129], [-126.5411, 50.828], [-126.5603, 50.8503], [-126.4917, 50.9126], [-126.4102, 50.8924], [-126.2208, 50.8993], [-126.1636, 50.911], [-126.1599, 50.9354], [-126.4159, 50.9348], [-126.4489, 50.9447], [-126.5001, 51.0218], [-126.5219, 51.0258], [-126.5422, 50.9996], [-126.5229, 50.956], [-126.5371, 50.9299], [-126.6662, 50.8775], [-126.7614, 50.9026], [-126.7636, 50.9192], [-126.7092, 50.9342], [-126.7705, 50.9517], [-126.7577, 50.9793], [-126.7701, 50.9866], [-126.9238, 50.906], [-127.1676, 50.9213], [-127.0776, 50.8889], [-126.9196, 50.8803], [-126.9088, 50.8608], [-126.931, 50.8512], [-127.0423, 50.8276], [-127.3737, 50.9281], [-127.4742, 50.9818], [-127.494, 51.0177], [-127.4631, 51.0559], [-127.3216, 51.0185], [-126.8092, 51.0524], [-126.6776, 51.0109], [-126.6643, 51.0272], [-126.7285, 51.0727], [-126.6672, 51.119], [-126.6539, 51.1391], [-126.6694, 51.157], [-126.7906, 51.0841], [-127.3259, 51.0442], [-127.4674, 51.0953], [-127.4758, 51.108], [-127.457, 51.1146], [-127.0577, 51.09], [-126.9988, 51.0931], [-126.9783, 51.1119], [-126.9932, 51.1183], [-127.1813, 51.1457], [-127.5564, 51.1495], [-127.5923, 51.1445], [-127.562, 51.1143], [-127.5754, 51.1017], [-127.6534, 51.0953], [-127.6881, 51.1337], [-127.7748, 51.171], [-127.7831, 51.1974], [-127.7488, 51.235], [-127.6464, 51.256], [-127.5212, 51.2381], [-127.4201, 51.2466], [-127.2105, 51.297], [-127.1786, 51.31], [-127.1779, 51.3336], [-127.3061, 51.3102], [-127.4835, 51.3274], [-127.5207, 51.3514], [-127.7537, 51.333], [-127.7556, 51.3695], [-127.7003, 51.3911], [-127.6499, 51.3837], [-127.5685, 51.4457], [-127.4858, 51.4164], [-127.2724, 51.4115], [-127.2826, 51.4333], [-127.3222, 51.4428], [-127.474, 51.4518], [-127.5294, 51.4889], [-127.4938, 51.5775], [-127.4552, 51.6145], [-127.2889, 51.6629], [-127.2887, 51.6766], [-127.343, 51.6986], [-127.4034, 51.6717], [-127.4171, 51.6903], [-127.3319, 51.8254], [-127.3254, 51.853], [-127.357, 51.8635], [-127.3863, 51.8123], [-127.5046, 51.7104], [-127.652, 51.6996], [-127.6073, 51.6782], [-127.4509, 51.6687], [-127.5489, 51.6382], [-127.6019, 51.5687], [-127.7534, 51.5248], [-127.7671, 51.5571], [-127.7014, 51.5746], [-127.6994, 51.5929], [-127.7172, 51.6159], [-127.7864, 51.609], [-127.8487, 51.6769], [-127.8681, 51.7837], [-127.8477, 51.8712], [-127.7699, 51.9105], [-127.6641, 51.9262], [-127.631, 51.973], [-127.6127, 52.0773], [-127.5069, 52.1317], [-127.4621, 52.1141], [-127.5921, 52.0688], [-127.586, 52.0416], [-127.3457, 52.0841], [-127.4217, 52.136], [-127.4075, 52.176], [-127.1207, 52.2942], [-126.983, 52.265], [-126.9192, 52.1836], [-126.7837, 52.1031], [-126.6688, 51.9634], [-126.6391, 51.9617], [-126.6325, 51.9756], [-126.6853, 52.0529], [-126.7682, 52.1317], [-126.8556, 52.1798], [-126.9272, 52.284], [-126.8933, 52.3169], [-126.7307, 52.3668], [-126.7953, 52.3811], [-126.9968, 52.3188], [-127.0454, 52.3198], [-127.1362, 52.3357], [-127.1705, 52.3804], [-127.1574, 52.4221], [-127.1982, 52.4491], [-127.1837, 52.5068], [-127.0477, 52.5998], [-126.9693, 52.6263], [-126.9003, 52.6845], [-126.9239, 52.7915], [-127.0133, 52.8611], [-127.0544, 52.8707], [-126.9708, 52.7583], [-126.998, 52.6614], [-127.2002, 52.5597], [-127.253, 52.4636], [-127.3051, 52.4262], [-127.363, 52.4161], [-127.5599, 52.5597], [-127.5925, 52.5602], [-127.5661, 52.5145], [-127.4089, 52.3964], [-127.4717, 52.3395], [-127.6949, 52.2561], [-127.7073, 52.2695], [-127.6725, 52.3423], [-127.7313, 52.3297], [-127.8238, 52.209], [-127.8517, 52.2012], [-127.8859, 52.2619], [-127.8801, 52.307], [-127.8286, 52.3172], [-127.8158, 52.3414], [-127.8737, 52.4409], [-127.8155, 52.4612], [-127.7577, 52.4303], [-127.7497, 52.4528], [-127.8338, 52.498], [-127.9103, 52.4732], [-127.9191, 52.3523], [-127.9643, 52.3148], [-127.9942, 52.316], [-128.0282, 52.3673], [-128.0411, 52.4493], [-127.96, 52.4952], [-127.9767, 52.5129], [-128.0348, 52.5144], [-128.076, 52.4999], [-128.1064, 52.44], [-128.1457, 52.4202], [-128.2363, 52.2778], [-128.2793, 52.2487], [-128.3132, 52.2504], [-128.3305, 52.2857], [-128.2708, 52.372], [-128.2267, 52.3935], [-128.2051, 52.4524], [-128.2264, 52.5631], [-128.159, 52.642], [-128.1414, 52.6916], [-128.082, 52.7282], [-127.877, 52.7088], [-127.8391, 52.7201], [-128.1046, 52.7793], [-128.1131, 52.8394], [-128.0357, 52.8881], [-128.0491, 52.8952], [-128.1341, 52.8853], [-128.2069, 52.8046], [-128.2642, 52.7863], [-128.4256, 52.8321], [-128.3917, 52.8727], [-128.4237, 52.9], [-128.3793, 52.9363], [-128.277, 52.9109], [-128.2196, 52.9508], [-128.151, 52.9683], [-128.1892, 52.984], [-128.1617, 53.0168], [-128.2017, 53.0537], [-128.1459, 53.0685], [-128.0875, 53.0242], [-127.9979, 53.0279], [-127.9279, 52.9045], [-127.8816, 52.8805], [-127.8486, 52.8879], [-127.8621, 52.8718], [-127.7958, 52.8485], [-127.8141, 52.8237], [-127.7946, 52.8155], [-127.7944, 52.7772], [-127.7597, 52.7566], [-127.6895, 52.7903], [-127.6068, 52.7814], [-127.5996, 52.7599], [-127.6249, 52.735], [-127.5807, 52.7209], [-127.5679, 52.6917], [-127.4683, 52.6846], [-127.4658, 52.7091], [-127.3669, 52.7521], [-127.3804, 52.7747], [-127.3549, 52.8069], [-127.3155, 52.7972], [-127.2901, 52.8172], [-127.2276, 52.8191], [-127.2151, 52.8532], [-127.3, 52.9044], [-127.2864, 52.9371], [-127.2449, 52.9553], [-127.2632, 52.9822], [-127.2375, 53.003], [-127.2529, 53.0412], [-127.2891, 53.071], [-127.4421, 53.0842], [-127.4517, 53.1004], [-127.4336, 53.1216], [-127.4741, 53.1222], [-127.4773, 53.1421], [-127.4084, 53.1598], [-127.4015, 53.1864], [-127.357, 53.1755], [-127.357, 53.2245], [-127.31, 53.2054], [-127.2785, 53.2741], [-127.2011, 53.2457], [-127.1514, 53.2706], [-127.1071, 53.2291], [-127.0767, 53.24], [-127.0686, 53.2854], [-127.0176, 53.3038]]]]}, "properties": {"BasinName": "Central Coast", "BasinID": 14, "DroughtLevel": 99, "Date_Modified": 1731004200000}}, {"type": "Feature", "geometry": {"type": "Polygon", "coordinates": [[[-116.2493, 51.3194], [-116.3174, 51.3026], [-116.2541, 51.2351], [-116.3522, 51.2026], [-116.3456, 51.1792], [-116.2978, 51.1841], [-116.2681, 51.1471], [-116.2901, 51.0865], [-116.3214, 51.0613], [-116.4004, 51.0701], [-116.4264, 51.0366], [-116.3114, 50.9483], [-116.2641, 50.9343], [-116.0337, 50.7843], [-116.0183, 50.736], [-115.9569, 50.7054], [-115.9055, 50.639], [-115.9037, 50.6107], [-115.8623, 50.5754], [-115.8532, 50.5112], [-115.7832, 50.4895], [-115.7851, 50.1885], [-115.813, 50.1558], [-115.874, 50.1385], [-115.9531, 50.1933], [-116.0361, 50.1579], [-116.0742, 50.1714], [-116.0668, 50.2103], [-116.2431, 50.2108], [-116.3375, 50.1475], [-116.4629, 50.1123], [-116.454, 50.1431], [-116.5092, 50.1743], [-116.5492, 50.2254], [-116.5434, 50.3085], [-116.621, 50.317], [-116.6376, 50.4012], [-116.6869, 50.4541], [-116.6707, 50.5476], [-116.6381, 50.6003], [-116.5806, 50.6371], [-116.7406, 50.6836], [-116.8186, 50.7642], [-117.0219, 50.8247], [-117.0855, 50.9011], [-117.081, 50.9328], [-117.0447, 50.9469], [-117.0492, 50.9626], [-117.1704, 50.988], [-117.1365, 51.0172], [-117.1425, 51.0344], [-117.2112, 51.0513], [-117.3328, 51.0166], [-117.4283, 51.1606], [-117.4105, 51.196], [-117.4267, 51.2129], [-117.5871, 51.2024], [-117.6788, 51.1436], [-117.6709, 51.1179], [-117.7194, 51.0855], [-117.6953, 51.0742], [-117.6945, 51.0537], [-117.7859, 51.0431], [-117.9017, 51.0003], [-117.9796, 50.9305], [-118.0356, 50.9307], [-118.1235, 50.9816], [-118.3422, 51.0256], [-118.3488, 51.0521], [-118.4217, 51.0507], [-118.4987, 51.1018], [-118.4988, 51.162], [-118.5633, 51.2003], [-118.5199, 51.2665], [-118.5432, 51.2937], [-118.6179, 51.3186], [-118.5849, 51.3784], [-118.6345, 51.4649], [-118.704, 51.4735], [-118.7179, 51.4877], [-118.7037, 51.5018], [-118.7268, 51.5185], [-118.8277, 51.5538], [-118.8077, 51.5941], [-118.8219, 51.6345], [-118.9364, 51.6967], [-118.8826, 51.7697], [-118.8867, 51.7852], [-118.975, 51.8087], [-118.9457, 51.8329], [-118.9783, 51.8717], [-118.9604, 51.8909], [-118.9764, 51.9323], [-118.9102, 51.9182], [-118.8894, 51.9475], [-118.967, 51.9816], [-118.9383, 52.0316], [-118.8446, 52.0574], [-118.8769, 52.1362], [-118.856, 52.1573], [-118.7549, 52.1839], [-118.6824, 52.1492], [-118.5963, 52.1906], [-118.519, 52.1773], [-118.4577, 52.2022], [-118.3401, 52.1989], [-118.2962, 52.2509], [-118.2538, 52.2687], [-118.3002, 52.3305], [-118.2499, 52.3507], [-118.2187, 52.3958], [-118.1745, 52.3768], [-118.0901, 52.4518], [-117.9202, 52.4894], [-117.9005, 52.4553], [-117.8213, 52.4103], [-117.697, 52.3908], [-117.6742, 52.367], [-117.6712, 52.3431], [-117.7518, 52.3037], [-117.7718, 52.2595], [-117.7523, 52.2273], [-117.6812, 52.2023], [-117.6209, 52.1431], [-117.4185, 52.1446], [-117.3446, 52.1205], [-117.2108, 51.9994], [-117.0291, 51.8929], [-116.864, 51.7232], [-116.8218, 51.7125], [-116.6639, 51.772], [-116.6255, 51.7696], [-116.4503, 51.5791], [-116.3111, 51.4653], [-116.2493, 51.3194]]]}, "properties": {"BasinName": "Upper Columbia", "BasinID": 18, "DroughtLevel": 99, "Date_Modified": 1731004200000}}, {"type": "Feature", "geometry": {"type": "Polygon", "coordinates": [[[-120.358, 50.697], [-120.3936, 50.7498], [-120.3813, 50.8], [-120.4761, 50.8225], [-120.4466, 50.8498], [-120.4549, 50.8772], [-120.4274, 50.9315], [-120.444, 50.9538], [-120.5254, 50.975], [-120.4801, 50.9996], [-120.4552, 50.9938], [-120.4543, 51.0522], [-120.4185, 51.0646], [-120.4576, 51.1117], [-120.3904, 51.158], [-120.4075, 51.1854], [-120.3693, 51.2301], [-120.383, 51.2505], [-120.3174, 51.2618], [-120.3699, 51.3158], [-120.3896, 51.3798], [-120.4523, 51.391], [-120.4779, 51.4108], [-120.4718, 51.4291], [-120.5152, 51.4152], [-120.6156, 51.4813], [-120.6702, 51.4414], [-120.7182, 51.4366], [-120.7201, 51.4523], [-120.7493, 51.4567], [-120.7347, 51.48], [-120.7731, 51.4646], [-120.9027, 51.4896], [-120.9823, 51.478], [-120.9977, 51.4987], [-120.9843, 51.5071], [-121.0486, 51.5229], [-121.1023, 51.5189], [-121.1168, 51.4948], [-121.1771, 51.5144], [-121.2483, 51.4997], [-121.2833, 51.5107], [-121.2785, 51.5328], [-121.3077, 51.5373], [-121.3038, 51.5525], [-121.3844, 51.5459], [-121.398, 51.5801], [-121.4512, 51.5674], [-121.4915, 51.5906], [-121.5506, 51.5829], [-121.5731, 51.6159], [-121.5053, 51.6682], [-121.3411, 51.6889], [-121.15, 51.7944], [-121.1166, 51.7829], [-121.1022, 51.8171], [-121.1308, 51.8656], [-121.2651, 51.9154], [-121.2956, 51.9504], [-121.4764, 51.9988], [-121.4906, 52.0134], [-121.469, 52.0337], [-121.4757, 52.0802], [-121.4092, 52.0782], [-121.2487, 52.1218], [-121.1961, 52.1037], [-120.9006, 52.084], [-120.818, 52.1334], [-120.6966, 52.1074], [-120.6175, 52.0242], [-120.5921, 52.0221], [-120.6032, 52.049], [-120.5757, 52.0715], [-120.6139, 52.1069], [-120.6308, 52.1604], [-120.6169, 52.1702], [-120.4821, 52.1695], [-120.4054, 52.1416], [-120.3859, 52.168], [-120.3939, 52.1929], [-120.4779, 52.2666], [-120.4735, 52.3119], [-120.5219, 52.3389], [-120.5126, 52.3867], [-120.4537, 52.4225], [-120.5408, 52.4675], [-120.5104, 52.4949], [-120.3537, 52.5315], [-120.2876, 52.5874], [-120.2851, 52.6139], [-120.2425, 52.6261], [-120.2821, 52.6588], [-120.2605, 52.6839], [-120.2656, 52.7175], [-120.2885, 52.7319], [-120.2755, 52.7611], [-120.3413, 52.7818], [-120.3093, 52.8006], [-120.3141, 52.8494], [-120.2868, 52.8641], [-120.1148, 52.866], [-120.0408, 52.8168], [-120.0127, 52.7537], [-119.9641, 52.7187], [-119.9111, 52.7204], [-119.871, 52.6866], [-119.7692, 52.6594], [-119.7472, 52.6826], [-119.7104, 52.6759], [-119.6174, 52.7051], [-119.5776, 52.6517], [-119.5426, 52.6644], [-119.5292, 52.6289], [-119.3644, 52.6555], [-119.3777, 52.6157], [-119.354, 52.5864], [-119.2969, 52.6035], [-119.1937, 52.599], [-119.1837, 52.6397], [-119.1062, 52.6731], [-119.0346, 52.5943], [-119.0039, 52.6011], [-118.9273, 52.5682], [-118.9382, 52.5479], [-118.8851, 52.4788], [-118.9373, 52.4533], [-118.9452, 52.4338], [-118.9239, 52.4193], [-118.9376, 52.3736], [-118.9192, 52.3488], [-118.7877, 52.3058], [-118.8976, 52.239], [-118.8388, 52.2333], [-118.8521, 52.2103], [-118.807, 52.1796], [-118.8742, 52.146], [-118.8618, 52.1023], [-118.878, 52.0969], [-119.0053, 52.0952], [-119.0436, 52.121], [-119.1026, 52.068], [-119.1604, 52.088], [-119.1715, 52.071], [-119.1038, 52.0042], [-119.1463, 51.9219], [-119.2107, 51.8894], [-119.2256, 51.8519], [-119.2014, 51.7964], [-119.277, 51.7455], [-119.2336, 51.7123], [-119.2378, 51.6749], [-119.2883, 51.6532], [-119.3441, 51.5979], [-119.4327, 51.5743], [-119.5592, 51.6036], [-119.5579, 51.5874], [-119.5968, 51.5736], [-119.5966, 51.5272], [-119.6554, 51.5009], [-119.644, 51.4663], [-119.5537, 51.4282], [-119.5384, 51.4005], [-119.5468, 51.3404], [-119.5774, 51.2969], [-119.6167, 51.273], [-119.7022, 51.2626], [-119.7224, 51.2137], [-119.7505, 51.1959], [-119.9085, 51.1957], [-119.9911, 51.1126], [-119.9625, 51.0757], [-119.8416, 51.0736], [-119.8019, 51.0563], [-119.8468, 50.9545], [-119.8241, 50.8977], [-119.8401, 50.871], [-119.8141, 50.8557], [-119.8804, 50.831], [-119.893, 50.8156], [-119.8785, 50.7848], [-119.9655, 50.7183], [-120.1542, 50.6924], [-120.2404, 50.7113], [-120.358, 50.697]]]}, "properties": {"BasinName": "North Thompson", "BasinID": 16, "DroughtLevel": 99, "Date_Modified": 1731004200000}}, {"type": "Feature", "geometry": {"type": "MultiPolygon", "coordinates": [[[[-131.0143, 51.947], [-131.0367, 51.9402], [-131.0828, 51.9846], [-131.0757, 52.0218], [-131.1198, 52.0832], [-131.0664, 52.1266], [-130.9722, 52.0708], [-131.0052, 52.0456], [-131.0411, 52.0455], [-131.0028, 51.996], [-131.0143, 51.947]]], [[[-131.2797, 52.3238], [-131.3144, 52.3283], [-131.3414, 52.3603], [-131.3413, 52.4009], [-131.2961, 52.4147], [-131.2477, 52.4034], [-131.2797, 52.3238]]], [[[-131.3507, 52.5353], [-131.4029, 52.5248], [-131.4087, 52.5428], [-131.3507, 52.5353]]], [[[-131.463, 52.7002], [-131.4333, 52.6693], [-131.447, 52.6069], [-131.4898, 52.6001], [-131.5556, 52.627], [-131.5815, 52.6045], [-131.5789, 52.577], [-131.6337, 52.6], [-131.7056, 52.6855], [-131.682, 52.7072], [-131.5755, 52.6862], [-131.5362, 52.7059], [-131.463, 52.7002]]], [[[-131.7458, 52.7103], [-131.7714, 52.7185], [-131.7393, 52.7292], [-131.7285, 52.7192], [-131.7458, 52.7103]]], [[[-131.6332, 52.7367], [-131.7072, 52.7461], [-131.6252, 52.7542], [-131.6159, 52.7456], [-131.6332, 52.7367]]], [[[-131.689, 52.8165], [-131.7516, 52.812], [-131.7935, 52.8321], [-131.7168, 52.8361], [-131.689, 52.8165]]], [[[-132.2526, 52.9573], [-132.3145, 52.9548], [-132.3396, 52.9714], [-132.2542, 52.9772], [-132.2306, 52.9682], [-132.2526, 52.9573]]], [[[-131.671, 52.8685], [-131.8072, 52.8696], [-131.9165, 53.0039], [-131.892, 53.0218], [-131.7962, 53.0148], [-131.6493, 52.9607], [-131.6251, 52.9071], [-131.671, 52.8685]]], [[[-132.4967, 53.0908], [-132.5226, 53.0865], [-132.6002, 53.1374], [-132.4346, 53.1181], [-132.4197, 53.1076], [-132.4354, 53.0971], [-132.4967, 53.0908]]], [[[-132.0848, 53.1784], [-132.1068, 53.186], [-132.0879, 53.2059], [-132.0515, 53.204], [-132.0848, 53.1784]]], [[[-131.6981, 53.1272], [-131.6945, 53.1082], [-131.6193, 53.0766], [-131.62, 53.0335], [-131.6422, 53.0227], [-131.8816, 53.0526], [-131.9479, 53.0262], [-131.955, 53.0049], [-131.9148, 52.9248], [-131.9227, 52.9012], [-131.8708, 52.8565], [-131.8635, 52.794], [-131.7286, 52.7722], [-131.8023, 52.7409], [-131.8004, 52.7048], [-131.7126, 52.6298], [-131.6731, 52.5619], [-131.643, 52.5495], [-131.635, 52.514], [-131.4912, 52.4857], [-131.4802, 52.4535], [-131.4226, 52.4337], [-131.3349, 52.2756], [-131.2579, 52.2371], [-131.2378, 52.2431], [-131.2332, 52.2733], [-131.1847, 52.2965], [-131.1023, 52.2683], [-131.0879, 52.2577], [-131.0995, 52.2025], [-131.0294, 52.2079], [-131.0158, 52.1728], [-131.1207, 52.1597], [-131.1433, 52.1468], [-131.1391, 52.108], [-131.1539, 52.1001], [-131.245, 52.1997], [-131.2733, 52.1763], [-131.2301, 52.1226], [-131.2511, 52.1081], [-131.2956, 52.1411], [-131.3145, 52.1904], [-131.3542, 52.1968], [-131.3785, 52.179], [-131.5888, 52.3492], [-131.5908, 52.3667], [-131.5331, 52.3999], [-131.6533, 52.4313], [-131.6713, 52.4669], [-131.7454, 52.4861], [-131.8987, 52.5817], [-131.9118, 52.6153], [-132.0841, 52.7055], [-132.0846, 52.7277], [-132.0574, 52.7367], [-131.9443, 52.7412], [-132.068, 52.8389], [-132.1007, 52.838], [-132.0963, 52.7599], [-132.1424, 52.7434], [-132.2501, 52.8105], [-132.2579, 52.8484], [-132.3434, 52.9041], [-132.327, 52.9293], [-132.1617, 52.9488], [-132.1317, 52.9649], [-132.1419, 52.9833], [-132.4922, 53.0165], [-132.512, 53.0373], [-132.3039, 53.1235], [-132.1787, 53.1183], [-132.04, 53.1471], [-131.9956, 53.1811], [-131.827, 53.2357], [-131.7884, 53.2223], [-131.772, 53.1451], [-131.6981, 53.1272]]], [[[-132.1766, 53.727], [-132.2125, 53.7313], [-132.1732, 53.7797], [-132.1492, 53.7707], [-132.1766, 53.727]]], [[[-132.8757, 54.1278], [-132.8424, 54.1142], [-132.6273, 54.1172], [-132.5894, 54.0414], [-132.5924, 54.0195], [-132.6565, 53.9775], [-132.6503, 53.9448], [-132.5949, 53.9545], [-132.5006, 54.0374], [-132.3611, 54.0843], [-132.2715, 54.0701], [-132.1481, 53.9273], [-132.1355, 53.8542], [-132.239, 53.7702], [-132.4453, 53.6944], [-132.6257, 53.6696], [-132.6006, 53.6446], [-132.524, 53.6506], [-132.4967, 53.6326], [-132.4186, 53.6494], [-132.4081, 53.6247], [-132.4996, 53.5861], [-132.497, 53.5562], [-132.4795, 53.553], [-132.3967, 53.5963], [-132.3012, 53.616], [-132.3108, 53.6491], [-132.2821, 53.6605], [-132.1958, 53.6454], [-132.1309, 53.7142], [-132.0839, 53.8888], [-132.1577, 54.0222], [-131.9657, 54.0254], [-131.8291, 54.0496], [-131.7029, 54.1271], [-131.6631, 54.1321], [-131.6582, 54.0276], [-131.7021, 53.9514], [-131.8518, 53.7868], [-131.8931, 53.6437], [-131.9148, 53.6228], [-131.9446, 53.4759], [-131.9026, 53.3696], [-131.9676, 53.2456], [-132.004, 53.229], [-132.121, 53.2358], [-132.237, 53.2078], [-132.312, 53.2106], [-132.3088, 53.1954], [-132.2504, 53.1799], [-132.1518, 53.1927], [-132.1408, 53.1642], [-132.1708, 53.1482], [-132.3128, 53.159], [-132.4293, 53.1407], [-132.5342, 53.1519], [-132.6043, 53.2264], [-132.7153, 53.2515], [-132.5649, 53.3104], [-132.7262, 53.3069], [-132.7362, 53.3462], [-132.7206, 53.3567], [-132.5382, 53.3542], [-132.4594, 53.2932], [-132.4237, 53.2891], [-132.4034, 53.3137], [-132.5785, 53.4142], [-132.7424, 53.4428], [-132.7387, 53.467], [-132.7587, 53.4755], [-132.8603, 53.4673], [-132.9846, 53.5574], [-132.9721, 53.5708], [-132.8785, 53.553], [-132.8596, 53.5669], [-133.0152, 53.6507], [-133.0084, 53.6721], [-132.9685, 53.6738], [-132.9617, 53.6891], [-133.0243, 53.7402], [-133.0687, 53.7513], [-133.0932, 53.8118], [-133.1469, 53.873], [-133.0598, 54.0039], [-133.0689, 54.0874], [-133.053, 54.1645], [-132.9314, 54.1573], [-132.8757, 54.1278]]], [[[-132.9775, 54.1969], [-133.0392, 54.2012], [-133.0552, 54.23], [-132.9767, 54.2388], [-132.9546, 54.2289], [-132.9775, 54.1969]]]]}, "properties": {"BasinName": "Haida Gwaii", "BasinID": 32, "DroughtLevel": 99, "Date_Modified": 1731004200000}}, {"type": "Feature", "geometry": {"type": "MultiPolygon", "coordinates": [[[[-128.9093, 52.5242], [-128.9086, 52.4967], [-128.9678, 52.4474], [-128.9879, 52.458], [-128.9795, 52.5027], [-129.0778, 52.5066], [-129.2671, 52.7318], [-129.2717, 52.7959], [-129.1374, 52.7334], [-128.9684, 52.608], [-128.9093, 52.5242]]], [[[-129.3155, 52.7938], [-129.3473, 52.7861], [-129.3558, 52.8308], [-129.3119, 52.833], [-129.3155, 52.7938]]], [[[-129.5638, 52.9461], [-129.6214, 52.9409], [-129.7011, 52.9836], [-129.6736, 52.9957], [-129.5929, 52.9815], [-129.5638, 52.9461]]], [[[-129.5319, 52.9998], [-129.5863, 53.0079], [-129.5797, 53.0243], [-129.536, 53.0303], [-129.5218, 53.0195], [-129.5319, 52.9998]]], [[[-129.6411, 53.0457], [-129.7162, 53.0541], [-129.7601, 53.094], [-129.7516, 53.1151], [-129.698, 53.1148], [-129.6221, 53.0827], [-129.6208, 53.0551], [-129.6411, 53.0457]]], [[[-129.3156, 52.9591], [-129.3394, 52.9466], [-129.3981, 52.9589], [-129.471, 53.0481], [-129.4702, 53.0703], [-129.5248, 53.0883], [-129.5206, 53.1138], [-129.5553, 53.1251], [-129.5714, 53.1573], [-129.5021, 53.1646], [-129.4106, 53.1101], [-129.2954, 53.0084], [-129.3156, 52.9591]]], [[[-129.3214, 53.2362], [-129.364, 53.2288], [-129.3816, 53.2463], [-129.3303, 53.2549], [-129.3214, 53.2362]]], [[[-127.2563, 53.2689], [-127.2571, 53.2693], [-127.2562, 53.27], [-127.2563, 53.2689]]], [[[-128.5772, 53.0356], [-128.5453, 52.9083], [-128.5518, 52.8308], [-128.5932, 52.6242], [-128.6136, 52.6149], [-128.7366, 52.6143], [-128.7217, 52.6593], [-128.7453, 52.734], [-128.6238, 52.9082], [-128.6377, 52.9528], [-128.6727, 52.9383], [-128.6793, 52.8844], [-128.7261, 52.8518], [-128.795, 52.738], [-128.7898, 52.6725], [-128.8792, 52.6402], [-128.9412, 52.6536], [-129.1257, 52.8013], [-129.1116, 52.86], [-129.0103, 52.9006], [-128.9627, 52.9357], [-128.9454, 52.9816], [-128.9784, 52.9817], [-129.0979, 52.8928], [-129.1803, 52.9327], [-129.1643, 53.0161], [-129.0815, 53.0858], [-129.0402, 53.2041], [-129.0762, 53.2369], [-129.0448, 53.272], [-128.9144, 53.251], [-128.6635, 53.1239], [-128.5772, 53.0356]]], [[[-127.2552, 53.2715], [-127.2555, 53.2722], [-127.255, 53.2736], [-127.2552, 53.2715]]], [[[-127.2555, 53.2744], [-127.2586, 53.2754], [-127.2565, 53.2749], [-127.2555, 53.2744]]], [[[-129.169, 53.084], [-129.2513, 53.0702], [-129.3054, 53.1044], [-129.3217, 53.1603], [-129.2774, 53.2421], [-129.2766, 53.2943], [-129.2272, 53.2982], [-129.1851, 53.2595], [-129.1529, 53.1874], [-129.1631, 53.1578], [-129.1457, 53.1004], [-129.169, 53.084]]], [[[-129.3631, 53.2909], [-129.3872, 53.2883], [-129.4288, 53.3691], [-129.3483, 53.3522], [-129.3419, 53.3126], [-129.3631, 53.2909]]], [[[-129.2243, 53.345], [-129.2473, 53.3447], [-129.2586, 53.3726], [-129.2189, 53.3729], [-129.2243, 53.345]]], [[[-128.9363, 53.3366], [-128.9276, 53.3079], [-128.9434, 53.3003], [-129.0367, 53.3206], [-129.1279, 53.302], [-129.1416, 53.319], [-129.009, 53.4997], [-128.9845, 53.4886], [-128.9363, 53.3366]]], [[[-129.9382, 53.4635], [-129.9664, 53.455], [-129.9999, 53.507], [-129.9282, 53.4832], [-129.9382, 53.4635]]], [[[-130.1533, 53.5147], [-129.9566, 53.4065], [-129.7882, 53.2459], [-129.766, 53.198], [-129.7744, 53.1768], [-129.9723, 53.1678], [-130.1733, 53.3202], [-130.4147, 53.4416], [-130.3835, 53.4795], [-130.3972, 53.4925], [-130.4534, 53.4816], [-130.4742, 53.5142], [-130.5475, 53.529], [-130.5198, 53.596], [-130.4293, 53.6036], [-130.1533, 53.5147]]], [[[-128.8742, 53.5555], [-128.9881, 53.549], [-129.0819, 53.4858], [-129.0863, 53.4403], [-129.1518, 53.3791], [-129.1797, 53.387], [-129.1575, 53.4846], [-129.1684, 53.5585], [-129.1432, 53.6133], [-128.8623, 53.681], [-128.8476, 53.6662], [-128.9074, 53.5955], [-128.8742, 53.5555]]], [[[-128.923, 53.7014], [-129.0502, 53.6742], [-129.0343, 53.7018], [-128.9564, 53.7313], [-128.8926, 53.728], [-128.923, 53.7014]]], [[[-128.8269, 53.7193], [-128.8649, 53.7238], [-128.8361, 53.7419], [-128.8269, 53.7193]]], [[[-130.3391, 53.7341], [-130.3832, 53.7338], [-130.3525, 53.7533], [-130.3391, 53.7341]]], [[[-130.0997, 53.5607], [-130.135, 53.5557], [-130.316, 53.6055], [-130.3291, 53.6309], [-130.3685, 53.6425], [-130.3764, 53.6758], [-130.321, 53.7104], [-130.3002, 53.7585], [-130.246, 53.7524], [-130.2137, 53.6957], [-130.1528, 53.6699], [-130.0997, 53.5607]]], [[[-130.4085, 53.7547], [-130.4428, 53.7419], [-130.4676, 53.759], [-130.4349, 53.7731], [-130.4085, 53.7547]]], [[[-130.548, 53.7735], [-130.6015, 53.7757], [-130.6293, 53.8017], [-130.5358, 53.8103], [-130.5202, 53.7859], [-130.548, 53.7735]]], [[[-128.7223, 53.8196], [-128.7714, 53.8083], [-128.7453, 53.8393], [-128.7151, 53.836], [-128.7223, 53.8196]]], [[[-129.9688, 53.7636], [-129.4741, 53.4006], [-129.4661, 53.3795], [-129.4981, 53.3219], [-129.4791, 53.2869], [-129.5442, 53.2852], [-129.5156, 53.1976], [-129.5408, 53.1864], [-129.5854, 53.2041], [-129.6536, 53.2712], [-129.6266, 53.2971], [-129.6717, 53.3086], [-129.6921, 53.3352], [-129.7512, 53.3275], [-129.7926, 53.3645], [-129.8382, 53.3698], [-129.8531, 53.3843], [-129.8381, 53.4219], [-129.8844, 53.4571], [-129.8729, 53.5015], [-129.9346, 53.5612], [-130.04, 53.5586], [-130.0497, 53.5711], [-130.0122, 53.6131], [-130.0836, 53.6491], [-130.0885, 53.6896], [-130.1703, 53.7158], [-130.2174, 53.7931], [-130.2808, 53.808], [-130.2765, 53.8298], [-130.2024, 53.8793], [-130.1083, 53.8514], [-129.9688, 53.7636]]], [[[-130.606, 53.8792], [-130.6329, 53.8692], [-130.6439, 53.8955], [-130.6147, 53.9002], [-130.606, 53.8792]]], [[[-130.1607, 53.9791], [-130.1863, 53.9678], [-130.2121, 53.9826], [-130.206, 54.0513], [-130.1663, 54.0397], [-130.1607, 53.9791]]], [[[-130.3132, 54.01], [-130.2756, 53.9874], [-130.2548, 53.9386], [-130.3863, 53.8174], [-130.4795, 53.8313], [-130.3981, 53.9383], [-130.4044, 53.9602], [-130.4427, 53.948], [-130.458, 53.9141], [-130.5111, 53.8802], [-130.5407, 53.8792], [-130.5884, 53.9141], [-130.6762, 53.9097], [-130.6919, 53.8795], [-130.6397, 53.8404], [-130.6534, 53.821], [-130.7469, 53.8508], [-130.7376, 53.9029], [-130.6678, 53.9979], [-130.6203, 53.9953], [-130.4205, 54.0754], [-130.3884, 54.0711], [-130.3132, 54.01]]], [[[-130.5763, 54.0602], [-130.6297, 54.0586], [-130.6496, 54.0836], [-130.6092, 54.0845], [-130.5763, 54.0602]]], [[[-130.2, 54.1039], [-130.2206, 54.0943], [-130.2753, 54.1167], [-130.2582, 54.1653], [-130.2079, 54.1535], [-130.2, 54.1039]]], [[[-130.6891, 54.1074], [-130.7488, 54.1116], [-130.7912, 54.1667], [-130.6665, 54.128], [-130.6891, 54.1074]]], [[[-130.3964, 54.2399], [-130.4187, 54.2317], [-130.4413, 54.2497], [-130.4473, 54.2939], [-130.4107, 54.2791], [-130.3964, 54.2399]]], [[[-130.2922, 54.2295], [-130.3461, 54.2381], [-130.3313, 54.292], [-130.3089, 54.3002], [-130.2741, 54.2806], [-130.2922, 54.2295]]], [[[-130.7379, 54.3448], [-130.7617, 54.3441], [-130.7687, 54.3698], [-130.7155, 54.3753], [-130.7379, 54.3448]]], [[[-130.7411, 54.4085], [-130.7731, 54.4027], [-130.7912, 54.4224], [-130.7573, 54.4329], [-130.7411, 54.4085]]], [[[-130.838, 54.4335], [-130.8578, 54.4323], [-130.8434, 54.464], [-130.7817, 54.4746], [-130.838, 54.4335]]], [[[-131.0469, 54.5856], [-131.0826, 54.5702], [-131.1077, 54.5833], [-131.0711, 54.601], [-131.0469, 54.5856]]], [[[-130.8425, 54.6004], [-130.7609, 54.5899], [-130.7624, 54.5528], [-130.8432, 54.4925], [-130.9226, 54.463], [-130.9471, 54.5109], [-130.9281, 54.589], [-130.8425, 54.6004]]], [[[-130.2956, 54.6989], [-130.3553, 54.6895], [-130.3464, 54.717], [-130.2322, 54.7763], [-130.2196, 54.7647], [-130.2415, 54.7265], [-130.2956, 54.6989]]], [[[-130.4814, 54.7671], [-130.4513, 54.7234], [-130.4808, 54.6924], [-130.5866, 54.6963], [-130.622, 54.7321], [-130.6131, 54.7496], [-130.5325, 54.7465], [-130.5195, 54.7796], [-130.4814, 54.7671]]], [[[-130.371, 54.7687], [-130.4254, 54.7672], [-130.4434, 54.8032], [-130.341, 54.8544], [-130.1878, 54.9984], [-130.152, 54.9163], [-130.2036, 54.8634], [-130.371, 54.7687]]], [[[-129.7422, 55.3635], [-129.7793, 55.3586], [-129.7629, 55.4026], [-129.736, 55.4039], [-129.7422, 55.3635]]], [[[-128.9191, 57.1181], [-128.7251, 57.0371], [-128.7149, 56.9931], [-128.668, 56.9621], [-128.6827, 56.9483], [-128.6615, 56.9151], [-128.6921, 56.9], [-128.6865, 56.876], [-128.6345, 56.8784], [-128.5993, 56.8478], [-128.4955, 56.8396], [-128.4634, 56.8099], [-128.4649, 56.7876], [-128.4215, 56.7574], [-128.3363, 56.7375], [-128.2709, 56.7492], [-128.2244, 56.7302], [-128.2005, 56.7454], [-128.1898, 56.7185], [-128.1461, 56.7029], [-128.1853, 56.6476], [-128.1151, 56.6338], [-128.098, 56.6467], [-128.1175, 56.6631], [-128.0865, 56.6732], [-128.0151, 56.6433], [-127.9967, 56.601], [-127.9059, 56.6187], [-127.8807, 56.5729], [-127.8179, 56.5394], [-127.8312, 56.5264], [-127.92, 56.5403], [-127.9869, 56.5207], [-127.9775, 56.4522], [-128.0589, 56.412], [-128.1013, 56.4065], [-128.1579, 56.4525], [-128.281, 56.4069], [-128.2248, 56.3632], [-128.1235, 56.3529], [-128.0935, 56.3121], [-128.2091, 56.3049], [-128.219, 56.281], [-128.2966, 56.239], [-128.2696, 56.2138], [-128.3026, 56.21], [-128.3069, 56.1688], [-128.2663, 56.1066], [-128.3045, 56.1078], [-128.3388, 56.0841], [-128.4638, 56.1059], [-128.5509, 56.0766], [-128.5511, 56.0592], [-128.638, 56.0128], [-128.653, 55.9489], [-128.7173, 55.95], [-128.6993, 55.9298], [-128.7261, 55.9291], [-128.729, 55.8906], [-128.7109, 55.8783], [-128.7389, 55.89], [-128.7641, 55.8777], [-128.7537, 55.8615], [-128.796, 55.8643], [-128.6206, 55.72], [-128.4903, 55.7094], [-128.3913, 55.6655], [-128.3821, 55.6417], [-128.3113, 55.6031], [-128.2408, 55.581], [-128.1581, 55.4983], [-128.1789, 55.4995], [-128.1717, 55.4807], [-128.1434, 55.4681], [-128.2278, 55.4176], [-128.3909, 55.3869], [-128.3931, 55.3584], [-128.3528, 55.3534], [-128.3978, 55.2812], [-128.3583, 55.2681], [-128.3634, 55.2434], [-128.3982, 55.2336], [-128.358, 55.1982], [-128.3991, 55.1873], [-128.3834, 55.145], [-128.4617, 55.1438], [-128.563, 55.0876], [-128.6801, 54.9307], [-128.652, 54.9186], [-128.6597, 54.8824], [-128.6211, 54.8656], [-128.6235, 54.8083], [-128.5622, 54.761], [-128.5871, 54.72], [-128.5726, 54.6864], [-128.5151, 54.6364], [-128.5514, 54.6235], [-128.5107, 54.5916], [-128.5194, 54.5614], [-128.5737, 54.5675], [-128.5882, 54.55], [-128.5582, 54.5143], [-128.5153, 54.525], [-128.5156, 54.5106], [-128.449, 54.5094], [-128.3998, 54.4395], [-128.2779, 54.4037], [-128.1969, 54.4112], [-128.1588, 54.3782], [-128.1005, 54.3717], [-128.1301, 54.3215], [-128.1147, 54.3114], [-128.1371, 54.2973], [-128.0761, 54.2715], [-128.0661, 54.2328], [-128.0011, 54.2273], [-127.9769, 54.2036], [-128.0213, 54.1292], [-127.9895, 54.1144], [-128.0025, 54.0669], [-128.0638, 54.0714], [-128.068, 54.0515], [-128.034, 54.0431], [-128.0392, 54.0117], [-128.0139, 54.0032], [-128.0445, 53.9972], [-128.066, 53.9013], [-128.0028, 53.8883], [-128.0102, 53.8569], [-127.9015, 53.7861], [-127.9116, 53.7688], [-127.8931, 53.7441], [-127.8187, 53.7288], [-127.8118, 53.708], [-127.837, 53.7015], [-127.8084, 53.6834], [-127.8221, 53.662], [-127.7808, 53.6609], [-127.7992, 53.6372], [-127.7582, 53.6301], [-127.7445, 53.6067], [-127.78, 53.5524], [-127.6809, 53.5495], [-127.6664, 53.5269], [-127.6175, 53.5633], [-127.605, 53.5411], [-127.5528, 53.5251], [-127.572, 53.5061], [-127.5298, 53.4643], [-127.5395, 53.4379], [-127.4875, 53.461], [-127.4825, 53.4852], [-127.4364, 53.4909], [-127.406, 53.4379], [-127.3719, 53.4249], [-127.366, 53.36], [-127.2549, 53.2957], [-127.2867, 53.2688], [-127.2796, 53.2463], [-127.31, 53.2054], [-127.3577, 53.2241], [-127.357, 53.1755], [-127.4015, 53.1864], [-127.4084, 53.1598], [-127.4781, 53.1342], [-127.4336, 53.1216], [-127.4517, 53.1004], [-127.4411, 53.0838], [-127.2891, 53.071], [-127.2529, 53.0412], [-127.2375, 53.003], [-127.2632, 52.9822], [-127.2449, 52.9553], [-127.2864, 52.9371], [-127.3, 52.9044], [-127.2154, 52.8543], [-127.218, 52.8252], [-127.2901, 52.8172], [-127.3155, 52.7972], [-127.3549, 52.8069], [-127.3804, 52.7747], [-127.3669, 52.7521], [-127.4658, 52.7091], [-127.4683, 52.6846], [-127.5679, 52.6917], [-127.5807, 52.7209], [-127.6249, 52.735], [-127.5996, 52.7599], [-127.6068, 52.7814], [-127.6895, 52.7903], [-127.7597, 52.7566], [-127.7944, 52.7772], [-127.7946, 52.8155], [-127.8141, 52.8237], [-127.7958, 52.8485], [-127.8621, 52.8718], [-127.8486, 52.8879], [-127.8816, 52.8805], [-127.9279, 52.9045], [-127.9979, 53.0279], [-128.0875, 53.0242], [-128.1459, 53.0685], [-128.2017, 53.0537], [-128.1617, 53.0168], [-128.1892, 52.984], [-128.151, 52.9683], [-128.2196, 52.9508], [-128.277, 52.9109], [-128.3793, 52.9363], [-128.4228, 52.9021], [-128.4169, 52.8795], [-128.3917, 52.8727], [-128.4321, 52.8372], [-128.4533, 52.8539], [-128.5352, 53.0702], [-128.5912, 53.1277], [-128.7542, 53.2028], [-128.8676, 53.2875], [-128.8709, 53.4215], [-128.9253, 53.446], [-128.9612, 53.4987], [-128.812, 53.5198], [-128.7583, 53.4792], [-128.5352, 53.3811], [-128.4951, 53.3773], [-128.3109, 53.4396], [-128.1504, 53.4142], [-128.1079, 53.3874], [-128.0771, 53.3349], [-128.0185, 53.3256], [-127.909, 53.227], [-127.844, 53.2277], [-127.9015, 53.3083], [-128.0626, 53.4089], [-128.0956, 53.4568], [-128.3382, 53.4677], [-128.4263, 53.439], [-128.5339, 53.437], [-128.6824, 53.49], [-128.7864, 53.5746], [-128.8014, 53.6368], [-128.7667, 53.7026], [-128.785, 53.7579], [-128.6914, 53.7886], [-128.6766, 53.8176], [-128.54, 53.7917], [-128.4775, 53.7995], [-128.6513, 53.8462], [-128.6734, 53.8684], [-128.6005, 53.991], [-128.6152, 54.0057], [-128.6683, 53.9913], [-128.7039, 53.9293], [-128.8059, 53.836], [-128.9074, 53.7964], [-128.9395, 53.815], [-128.9506, 53.8528], [-128.9904, 53.8488], [-128.986, 53.7607], [-129.0914, 53.7752], [-129.0877, 53.7148], [-129.2177, 53.6305], [-129.2665, 53.6191], [-129.2734, 53.6026], [-129.2226, 53.5291], [-129.2655, 53.4059], [-129.3116, 53.3654], [-129.68, 53.612], [-129.7156, 53.6793], [-130.0227, 53.8444], [-130.074, 53.9163], [-130.0554, 54.1002], [-129.8191, 54.1657], [-129.6116, 54.1438], [-129.5855, 54.1551], [-129.5894, 54.1818], [-129.8138, 54.2097], [-130.0554, 54.1425], [-130.1379, 54.1427], [-130.2567, 54.1961], [-130.2408, 54.2201], [-130.1889, 54.233], [-130.2498, 54.3096], [-130.2429, 54.3485], [-130.2643, 54.3751], [-130.3135, 54.3692], [-130.3253, 54.3447], [-130.3897, 54.3111], [-130.4662, 54.3598], [-130.4658, 54.4045], [-130.4207, 54.4432], [-130.4264, 54.4938], [-130.4114, 54.5154], [-130.4468, 54.5773], [-130.4293, 54.5998], [-130.2767, 54.5098], [-130.1848, 54.414], [-130.0891, 54.3599], [-130.0596, 54.3061], [-129.9785, 54.2912], [-130.0696, 54.4033], [-130.067, 54.4204], [-130.005, 54.4467], [-130.0039, 54.4652], [-130.0449, 54.4746], [-130.1371, 54.4212], [-130.3173, 54.5961], [-130.3373, 54.6535], [-130.2696, 54.6781], [-130.1566, 54.6704], [-130.0125, 54.581], [-129.9122, 54.5747], [-129.9259, 54.604], [-129.9956, 54.6173], [-130.0646, 54.6853], [-130.1743, 54.7225], [-130.1394, 54.7875], [-130.0543, 54.8321], [-130.0731, 54.8496], [-130.1404, 54.8275], [-130.158, 54.8374], [-130.0358, 54.9355], [-129.9972, 54.9453], [-129.8983, 54.9118], [-129.8202, 54.9436], [-129.6363, 54.958], [-129.6258, 54.9778], [-129.6412, 54.9825], [-129.7541, 54.9669], [-129.9266, 54.9743], [-129.9953, 55.0024], [-129.9919, 55.0318], [-129.7279, 55.2779], [-129.653, 55.3925], [-129.5124, 55.4131], [-129.4847, 55.4367], [-129.6159, 55.4437], [-129.7074, 55.42], [-129.7638, 55.5776], [-129.812, 55.5991], [-129.8306, 55.5604], [-129.7936, 55.4342], [-129.8252, 55.3748], [-129.8225, 55.3133], [-130.056, 54.9869], [-130.1013, 54.9767], [-130.1369, 55.0064], [-130.1514, 55.0558], [-130.087, 55.1656], [-129.9549, 55.2688], [-130.012, 55.3576], [-130.03, 55.4362], [-130.0791, 55.4976], [-130.1051, 55.5996], [-130.09, 55.6575], [-130.1226, 55.7492], [-129.9735, 55.9143], [-130.0464, 56.08], [-130.104, 56.1228], [-130.3106, 56.1163], [-130.3989, 56.137], [-130.4282, 56.1466], [-130.4524, 56.2052], [-130.4346, 56.2283], [-130.4573, 56.2355], [-130.2896, 56.2737], [-130.2491, 56.368], [-130.1177, 56.4637], [-130.1149, 56.4989], [-130.1514, 56.5587], [-130.1463, 56.6007], [-130.0491, 56.6273], [-130.1225, 56.6588], [-130.1597, 56.7034], [-130.2405, 56.7171], [-130.2523, 56.739], [-130.0074, 56.7885], [-129.9315, 56.8263], [-129.8679, 56.7991], [-129.8896, 56.8608], [-129.868, 56.8868], [-129.8941, 56.9117], [-129.8768, 56.9539], [-129.9011, 56.9927], [-129.8247, 57.0162], [-129.8323, 57.0596], [-129.729, 57.1009], [-129.6565, 57.1636], [-129.4811, 57.154], [-129.4816, 57.0961], [-129.3986, 57.0719], [-129.3115, 57.0867], [-129.2436, 57.0691], [-129.2309, 57.1101], [-129.1456, 57.1232], [-129.1247, 57.1411], [-129.1235, 57.1749], [-129.0866, 57.1912], [-129.0057, 57.1805], [-128.9878, 57.1521], [-128.9191, 57.1181]]]]}, "properties": {"BasinName": "Skeena-Nass", "BasinID": 10, "DroughtLevel": 99, "Date_Modified": 1731004200000}}, {"type": "Feature", "geometry": {"type": "Polygon", "coordinates": [[[-121.0076, 50.6782], [-120.8861, 50.6491], [-120.8959, 50.6327], [-120.8775, 50.5912], [-120.8368, 50.5817], [-120.8493, 50.5758], [-120.8307, 50.5422], [-120.7981, 50.542], [-120.7895, 50.5711], [-120.725, 50.589], [-120.6568, 50.5554], [-120.5215, 50.5602], [-120.5005, 50.5131], [-120.4387, 50.5173], [-120.4079, 50.4936], [-120.3825, 50.4226], [-120.3469, 50.4091], [-120.2134, 50.4102], [-120.1975, 50.443], [-120.0909, 50.4237], [-120.1024, 50.4016], [-120.0491, 50.3346], [-120.0291, 50.2626], [-119.994, 50.2413], [-119.9475, 50.2282], [-119.866, 50.2618], [-119.7099, 50.2661], [-119.8159, 50.1699], [-119.7197, 50.115], [-119.8359, 49.9715], [-120.0035, 49.9175], [-120.0271, 49.8796], [-120.09, 49.8432], [-120.209, 49.8537], [-120.24, 49.8978], [-120.2924, 49.8967], [-120.3327, 49.9217], [-120.5068, 49.88], [-120.5451, 49.9249], [-120.5849, 49.9383], [-120.7024, 49.8862], [-120.8356, 49.87], [-120.9108, 49.7555], [-120.9091, 49.7335], [-121.0186, 49.6383], [-121.1166, 49.6096], [-121.1557, 49.6185], [-121.1622, 49.6505], [-121.1205, 49.6766], [-121.1859, 49.7206], [-121.1849, 49.7505], [-121.212, 49.7744], [-121.1822, 49.8251], [-121.0712, 49.8608], [-121.1645, 49.8625], [-121.1414, 49.8911], [-121.2668, 49.8668], [-121.3206, 49.8989], [-121.2822, 49.9072], [-121.2836, 49.9555], [-121.2615, 49.9681], [-121.3164, 50.0203], [-121.325, 50.093], [-121.3016, 50.1164], [-121.3197, 50.1272], [-121.2847, 50.1628], [-121.3029, 50.2108], [-121.2853, 50.2616], [-121.3045, 50.2642], [-121.3002, 50.2898], [-121.3216, 50.3066], [-121.3045, 50.3591], [-121.3405, 50.3878], [-121.316, 50.4279], [-121.2623, 50.4335], [-121.1383, 50.3851], [-121.065, 50.3824], [-121.0444, 50.4269], [-121.0692, 50.4343], [-121.0676, 50.4642], [-121.084, 50.4719], [-121.0336, 50.4853], [-121.0438, 50.526], [-121.0083, 50.5652], [-121.0619, 50.5981], [-121.0429, 50.6125], [-121.045, 50.6594], [-121.0076, 50.6782]]]}, "properties": {"BasinName": "Nicola", "BasinID": 26, "DroughtLevel": 99, "Date_Modified": 1731004200000}}, {"type": "Feature", "geometry": {"type": "Polygon", "coordinates": [[[-119.0146, 52.1034], [-118.8618, 52.1023], [-118.8384, 52.0704], [-118.8626, 52.0454], [-118.9383, 52.0316], [-118.9643, 51.9925], [-118.9568, 51.972], [-118.8894, 51.9475], [-118.9102, 51.9182], [-118.9764, 51.9323], [-118.9604, 51.8909], [-118.9783, 51.8717], [-118.9457, 51.8329], [-118.975, 51.8087], [-118.8867, 51.7852], [-118.8826, 51.7697], [-118.9364, 51.6967], [-118.8219, 51.6345], [-118.8077, 51.5941], [-118.8277, 51.5538], [-118.7268, 51.5185], [-118.7037, 51.5018], [-118.7179, 51.4877], [-118.704, 51.4735], [-118.6345, 51.4649], [-118.5849, 51.3784], [-118.6179, 51.3186], [-118.5432, 51.2937], [-118.5199, 51.2665], [-118.5633, 51.2003], [-118.4988, 51.162], [-118.4987, 51.1018], [-118.4217, 51.0507], [-118.3376, 51.0435], [-118.3919, 50.9956], [-118.3204, 50.8957], [-118.2577, 50.8912], [-118.2835, 50.866], [-118.2427, 50.7667], [-118.2153, 50.7421], [-118.2181, 50.705], [-118.1764, 50.6775], [-118.1873, 50.6454], [-118.1636, 50.6213], [-118.194, 50.5886], [-118.1687, 50.5614], [-118.2097, 50.5448], [-118.2183, 50.5064], [-118.1832, 50.4752], [-118.2095, 50.4421], [-118.2588, 50.4339], [-118.2709, 50.3866], [-118.3318, 50.3554], [-118.3146, 50.3335], [-118.2594, 50.3339], [-118.2643, 50.2527], [-118.2348, 50.2181], [-118.2912, 50.1229], [-118.3621, 50.1664], [-118.4766, 50.1149], [-118.6982, 50.0886], [-118.7172, 50.0612], [-118.8037, 50.0397], [-118.8, 50.0169], [-118.9027, 50.0576], [-119.1167, 50.0374], [-119.1701, 50.0531], [-119.1432, 50.126], [-119.1563, 50.1598], [-119.0835, 50.1704], [-119.0659, 50.1923], [-119.0871, 50.2302], [-119.0382, 50.2529], [-119.0583, 50.2855], [-119.0113, 50.2984], [-119.0786, 50.3819], [-119.1352, 50.3733], [-119.1565, 50.3894], [-119.1584, 50.4462], [-119.1975, 50.4949], [-119.2285, 50.5948], [-119.2679, 50.6236], [-119.2946, 50.6109], [-119.2919, 50.5181], [-119.3478, 50.4182], [-119.4554, 50.3998], [-119.5635, 50.4595], [-119.6087, 50.4573], [-119.6551, 50.4266], [-119.6409, 50.3848], [-119.7032, 50.3436], [-119.6925, 50.3198], [-119.7164, 50.2896], [-119.7099, 50.2661], [-119.866, 50.2618], [-119.9475, 50.2282], [-120.0282, 50.2608], [-120.0491, 50.3346], [-120.1024, 50.4016], [-120.0909, 50.4237], [-120.1975, 50.443], [-120.2134, 50.4102], [-120.3211, 50.4016], [-120.3825, 50.4226], [-120.3792, 50.4486], [-120.4345, 50.5153], [-120.5057, 50.5171], [-120.5215, 50.5602], [-120.429, 50.6104], [-120.4144, 50.6416], [-120.3605, 50.6253], [-120.3704, 50.6419], [-120.3319, 50.6721], [-120.3438, 50.6913], [-120.2611, 50.7116], [-120.1542, 50.6924], [-119.9655, 50.7183], [-119.8875, 50.7741], [-119.8804, 50.831], [-119.8141, 50.8557], [-119.8401, 50.871], [-119.8241, 50.8977], [-119.8468, 50.9545], [-119.8019, 51.0563], [-119.8416, 51.0736], [-119.9625, 51.0757], [-119.9911, 51.1126], [-119.9085, 51.1957], [-119.7505, 51.1959], [-119.7224, 51.2137], [-119.7022, 51.2626], [-119.6167, 51.273], [-119.5774, 51.2969], [-119.5468, 51.3404], [-119.5384, 51.4005], [-119.5537, 51.4282], [-119.644, 51.4663], [-119.6479, 51.5118], [-119.5966, 51.5272], [-119.5968, 51.5736], [-119.5579, 51.5874], [-119.5592, 51.6036], [-119.4327, 51.5743], [-119.3441, 51.5979], [-119.2883, 51.6532], [-119.2378, 51.6749], [-119.2336, 51.7123], [-119.277, 51.7455], [-119.2014, 51.7964], [-119.2256, 51.8519], [-119.2107, 51.8894], [-119.1463, 51.9219], [-119.1038, 52.0042], [-119.1669, 52.08], [-119.1415, 52.0886], [-119.1137, 52.0652], [-119.0601, 52.1178], [-119.0256, 52.1205], [-119.0146, 52.1034]]]}, "properties": {"BasinName": "South Thompson", "BasinID": 17, "DroughtLevel": 99, "Date_Modified": 1731004200000}}, {"type": "Feature", "geometry": {"type": "MultiPolygon", "coordinates": [[[[-123.2708, 48.5922], [-123.286, 48.5705], [-123.3088, 48.6136], [-123.2708, 48.5922]]], [[[-123.2934, 48.6932], [-123.3309, 48.6906], [-123.3122, 48.7115], [-123.2934, 48.6932]]], [[[-123.0697, 48.751], [-123.153, 48.7452], [-123.1901, 48.7652], [-123.1573, 48.798], [-123.0725, 48.7744], [-123.0697, 48.751]]], [[[-123.2476, 48.747], [-123.2986, 48.7626], [-123.2908, 48.7986], [-123.2476, 48.747]]], [[[-123.3431, 48.8082], [-123.401, 48.8178], [-123.3836, 48.8289], [-123.3431, 48.8082]]], [[[-123.2288, 48.8146], [-123.289, 48.8272], [-123.2507, 48.8487], [-123.2288, 48.8146]]], [[[-123.3752, 48.7475], [-123.4379, 48.7443], [-123.4558, 48.703], [-123.5362, 48.7316], [-123.5217, 48.7736], [-123.5706, 48.844], [-123.5543, 48.8642], [-123.5795, 48.9216], [-123.4628, 48.8673], [-123.4506, 48.8506], [-123.4704, 48.8312], [-123.3915, 48.7853], [-123.3752, 48.7475]]], [[[-123.6184, 48.9242], [-123.6516, 48.9229], [-123.6535, 48.9448], [-123.6272, 48.9438], [-123.6184, 48.9242]]], [[[-123.3008, 48.859], [-123.3524, 48.8519], [-123.5345, 48.9492], [-123.5614, 48.9818], [-123.5315, 48.9876], [-123.3828, 48.9208], [-123.3008, 48.859]]], [[[-123.6634, 48.9735], [-123.692, 48.9699], [-123.6976, 48.985], [-123.6745, 48.9924], [-123.6634, 48.9735]]], [[[-123.6006, 49.0273], [-123.6249, 49.0214], [-123.6949, 49.1003], [-123.6604, 49.1001], [-123.6006, 49.0273]]], [[[-123.7277, 49.1329], [-123.8139, 49.1371], [-123.8386, 49.1893], [-123.7277, 49.1329]]], [[[-124.1612, 49.4369], [-124.3442, 49.4641], [-124.3594, 49.4951], [-124.212, 49.4769], [-124.1774, 49.4656], [-124.1612, 49.4369]]], [[[-124.6555, 49.5434], [-124.5949, 49.5179], [-124.6725, 49.4905], [-124.689, 49.5229], [-124.6555, 49.5434]]], [[[-124.7188, 49.4828], [-124.7478, 49.4826], [-124.8028, 49.5231], [-124.8232, 49.5788], [-124.7917, 49.5723], [-124.7188, 49.4828]]], [[[-125.2143, 50.249], [-125.1537, 50.1777], [-125.2001, 50.0918], [-125.1407, 50.0031], [-125.1511, 49.9846], [-125.3189, 50.136], [-125.3224, 50.1768], [-125.3706, 50.2446], [-125.3052, 50.2439], [-125.3835, 50.2773], [-125.2424, 50.3062], [-125.2143, 50.249]]], [[[-125.8039, 50.3747], [-125.7531, 50.3581], [-125.5788, 50.366], [-125.4452, 50.3152], [-125.3858, 50.2147], [-125.3679, 50.1158], [-125.3152, 50.08], [-125.1907, 49.9199], [-124.8807, 49.7001], [-124.8779, 49.6707], [-124.8964, 49.6607], [-124.9503, 49.6808], [-124.9708, 49.655], [-124.8443, 49.5017], [-124.7951, 49.4687], [-124.5836, 49.3798], [-124.3361, 49.3441], [-124.1525, 49.2852], [-124.0996, 49.2459], [-123.9466, 49.2221], [-123.9125, 49.158], [-123.8165, 49.1063], [-123.7383, 49.0244], [-123.7476, 48.9295], [-123.5836, 48.8155], [-123.592, 48.796], [-123.5731, 48.7627], [-123.6279, 48.7601], [-123.5136, 48.6508], [-123.5066, 48.6064], [-123.5419, 48.5352], [-123.5286, 48.5207], [-123.4712, 48.5579], [-123.4643, 48.6143], [-123.4333, 48.6374], [-123.4576, 48.6745], [-123.4017, 48.6792], [-123.3631, 48.5216], [-123.2972, 48.4848], [-123.2709, 48.4485], [-123.2783, 48.4237], [-123.3118, 48.3887], [-123.4563, 48.3983], [-123.5541, 48.2976], [-123.6214, 48.3168], [-123.6578, 48.2975], [-123.718, 48.3416], [-123.8443, 48.3527], [-124.0798, 48.4197], [-123.9917, 48.4516], [-123.9611, 48.4402], [-123.9698, 48.4846], [-124.0263, 48.502], [-123.9472, 48.5147], [-123.9469, 48.5808], [-124.1736, 48.5956], [-124.2263, 48.6157], [-124.2715, 48.6713], [-124.3086, 48.6818], [-124.3049, 48.7231], [-124.3376, 48.7348], [-124.3715, 48.7326], [-124.3769, 48.7043], [-124.4174, 48.6792], [-124.4299, 48.6982], [-124.4187, 48.7395], [-124.3861, 48.7561], [-124.3926, 48.7739], [-124.363, 48.768], [-124.3805, 48.7859], [-124.4106, 48.8042], [-124.4384, 48.7997], [-124.4229, 48.788], [-124.585, 48.8056], [-124.5916, 48.8293], [-124.6102, 48.8183], [-124.5967, 48.8432], [-124.5633, 48.8294], [-124.5672, 48.8579], [-124.5254, 48.8729], [-124.5251, 48.8955], [-124.4958, 48.8846], [-124.4532, 48.9245], [-124.411, 48.9292], [-124.4525, 48.9485], [-124.4416, 48.9608], [-124.466, 48.9638], [-124.475, 48.9975], [-124.5152, 48.9757], [-124.5183, 48.9916], [-124.5387, 48.9851], [-124.5235, 49.0543], [-124.5453, 49.1117], [-124.5622, 49.0614], [-124.5797, 49.0862], [-124.593, 49.0478], [-124.6342, 49.0761], [-124.6038, 49.0181], [-124.648, 49.0088], [-124.766, 49.0864], [-124.8015, 49.087], [-124.7893, 49.1716], [-124.8327, 49.2384], [-124.8294, 49.1562], [-124.866, 49.0654], [-124.8986, 49.1013], [-124.8711, 49.106], [-124.9594, 49.1403], [-124.9501, 49.1539], [-124.9861, 49.1756], [-124.938, 49.1776], [-124.9617, 49.203], [-124.9188, 49.2159], [-125.0765, 49.224], [-125.0544, 49.2486], [-125.0898, 49.2599], [-125.1414, 49.2357], [-125.1688, 49.2467], [-125.1518, 49.2624], [-125.2048, 49.2526], [-125.2003, 49.2731], [-125.3455, 49.2778], [-125.3718, 49.309], [-125.526, 49.3317], [-125.5244, 49.3518], [-125.606, 49.412], [-125.5538, 49.4409], [-125.5844, 49.4519], [-125.5633, 49.4895], [-125.6069, 49.5152], [-125.75, 49.5141], [-125.7354, 49.5339], [-125.7593, 49.5454], [-125.729, 49.5574], [-125.7687, 49.5669], [-125.6974, 49.6147], [-125.7113, 49.6297], [-125.7313, 49.6202], [-125.7353, 49.6484], [-125.7695, 49.6491], [-125.8178, 49.7036], [-125.8475, 49.7075], [-125.8125, 49.7652], [-125.846, 49.8379], [-125.8071, 49.8486], [-125.8398, 49.8729], [-125.8798, 49.85], [-125.8627, 49.8632], [-125.8882, 49.9039], [-125.911, 49.9029], [-125.9083, 49.9454], [-125.9357, 49.9859], [-125.9078, 50.0155], [-125.9341, 50.0162], [-125.9282, 50.041], [-125.948, 50.0457], [-125.9223, 50.0609], [-125.9469, 50.0842], [-125.8954, 50.0749], [-125.8811, 50.0929], [-125.8889, 50.1118], [-125.9642, 50.1071], [-125.9077, 50.1336], [-125.9441, 50.1518], [-125.9519, 50.1955], [-125.9713, 50.192], [-125.9272, 50.2272], [-125.9656, 50.2873], [-125.9726, 50.3204], [-125.9444, 50.3548], [-125.974, 50.3803], [-125.9709, 50.4008], [-125.8039, 50.3747]]], [[[-125.4989, 50.4096], [-125.6275, 50.3811], [-125.7453, 50.3778], [-125.7877, 50.3995], [-125.5373, 50.4432], [-125.5167, 50.4429], [-125.4989, 50.4096]]], [[[-125.1588, 50.3609], [-125.1485, 50.3262], [-125.1849, 50.3122], [-125.4008, 50.2984], [-125.4004, 50.3424], [-125.3135, 50.342], [-125.3287, 50.3889], [-125.2834, 50.4439], [-125.1603, 50.3854], [-125.1588, 50.3609]]], [[[-125.7761, 50.4315], [-125.7672, 50.4134], [-125.8048, 50.4045], [-125.926, 50.4132], [-125.9398, 50.4297], [-125.8017, 50.4516], [-125.7761, 50.4315]]], [[[-125.4513, 50.3486], [-125.4768, 50.3409], [-125.5431, 50.378], [-125.389, 50.4597], [-125.3248, 50.4426], [-125.342, 50.3954], [-125.4513, 50.3486]]]]}, "properties": {"BasinName": "East Vancouver Island", "BasinID": 22, "DroughtLevel": 99, "Date_Modified": 1731004200000}}, {"type": "Feature", "geometry": {"type": "Polygon", "coordinates": [[[-121.6055, 50.2293], [-121.7545, 50.1674], [-121.8982, 50.2056], [-121.9328, 50.1448], [-122.0194, 50.1233], [-122.2576, 50.1222], [-122.3183, 50.1855], [-122.2721, 50.2233], [-122.3601, 50.2336], [-122.3469, 50.2511], [-122.3737, 50.2624], [-122.3553, 50.2868], [-122.3638, 50.3176], [-122.4419, 50.3298], [-122.5004, 50.3836], [-122.5269, 50.3854], [-122.5226, 50.4164], [-122.4914, 50.4202], [-122.502, 50.444], [-122.4416, 50.4286], [-122.4096, 50.3974], [-122.3017, 50.4283], [-122.3046, 50.4637], [-122.2858, 50.4799], [-122.415, 50.5521], [-122.4571, 50.5628], [-122.4709, 50.549], [-122.5159, 50.5917], [-122.553, 50.5788], [-122.617, 50.601], [-122.6017, 50.6247], [-122.6298, 50.6391], [-122.6265, 50.6566], [-122.8322, 50.6475], [-122.8672, 50.6148], [-122.9394, 50.5948], [-122.9531, 50.5494], [-122.9999, 50.5763], [-123.0025, 50.6016], [-123.0407, 50.6024], [-123.033, 50.5898], [-123.0524, 50.5768], [-123.1101, 50.6192], [-123.1763, 50.6257], [-123.2201, 50.7083], [-123.2666, 50.7304], [-123.3202, 50.7247], [-123.3625, 50.7544], [-123.3682, 50.7959], [-123.4077, 50.7732], [-123.4594, 50.7989], [-123.4961, 50.7714], [-123.5257, 50.7921], [-123.6024, 50.7743], [-123.6556, 50.7972], [-123.7088, 50.7901], [-123.7676, 50.814], [-123.6662, 50.8587], [-123.7138, 50.9044], [-123.8719, 50.9452], [-124.0622, 50.9538], [-124.0983, 51.0107], [-124.2153, 51.0376], [-124.1639, 51.1133], [-124.2447, 51.1508], [-124.333, 51.1332], [-124.39, 51.1883], [-124.3457, 51.2449], [-124.3608, 51.2698], [-124.2995, 51.3021], [-124.2778, 51.4628], [-124.2426, 51.4981], [-124.2955, 51.5357], [-124.332, 51.6155], [-124.2992, 51.6814], [-124.3345, 51.713], [-124.3069, 51.7645], [-124.3263, 51.8197], [-124.4009, 51.8658], [-124.4752, 51.8699], [-124.5814, 51.8361], [-124.6464, 51.8553], [-124.6812, 51.8761], [-124.7109, 51.942], [-124.7105, 52.0152], [-124.7881, 52.039], [-124.8795, 52.0395], [-124.8804, 52.0616], [-124.9675, 52.1038], [-125.054, 52.1758], [-124.9996, 52.2046], [-124.8634, 52.1592], [-124.7293, 52.1982], [-124.7673, 52.2629], [-124.8531, 52.2928], [-124.8968, 52.3339], [-124.8224, 52.3428], [-124.8124, 52.3764], [-124.7063, 52.4163], [-124.8495, 52.4887], [-124.8103, 52.5226], [-124.8668, 52.561], [-124.8838, 52.6198], [-124.8074, 52.6899], [-124.9188, 52.6922], [-124.9568, 52.726], [-125.0343, 52.7142], [-125.104, 52.7437], [-125.2471, 52.7125], [-125.3015, 52.7227], [-125.3273, 52.7455], [-125.3099, 52.7662], [-125.4965, 52.9133], [-125.5975, 52.9506], [-125.5104, 53.0032], [-124.8872, 53.0046], [-124.8076, 53.0406], [-124.7862, 53.0693], [-124.6748, 53.0997], [-124.4591, 53.1148], [-124.2787, 53.1716], [-124.1544, 53.1773], [-124.1074, 53.2061], [-124.1105, 53.2677], [-124.2673, 53.2677], [-124.2673, 53.3136], [-124.3429, 53.3401], [-124.3431, 53.3674], [-124.295, 53.3772], [-124.295, 53.4266], [-124.2345, 53.4266], [-124.2344, 53.4459], [-124.0379, 53.4263], [-124.0014, 53.4394], [-123.9987, 53.4604], [-123.931, 53.4762], [-123.7969, 53.468], [-123.8041, 53.4551], [-123.7475, 53.4189], [-123.6189, 53.4267], [-123.619, 53.4105], [-123.4919, 53.4047], [-123.4926, 53.2403], [-123.3918, 53.2849], [-123.3367, 53.2717], [-123.2434, 53.3003], [-123.1429, 53.2874], [-123.0559, 53.3006], [-123.0129, 53.2764], [-122.9686, 53.2816], [-122.9659, 53.3012], [-122.8758, 53.3115], [-122.9601, 53.3154], [-122.9421, 53.3984], [-122.8933, 53.4129], [-122.8933, 53.4273], [-122.7626, 53.4273], [-122.7626, 53.3848], [-122.69, 53.3855], [-122.6901, 53.2875], [-122.7241, 53.2875], [-122.724, 53.215], [-122.6627, 53.215], [-122.6509, 53.1896], [-122.6385, 53.2078], [-122.5426, 53.1933], [-122.5425, 53.1643], [-122.6446, 53.1317], [-122.6106, 53.1195], [-122.5, 53.1745], [-122.4569, 53.1476], [-122.4176, 53.1623], [-122.3803, 53.1511], [-122.3802, 53.1825], [-122.3498, 53.1769], [-122.3739, 53.1936], [-122.3129, 53.1696], [-122.2517, 53.2111], [-122.1108, 53.2309], [-122.0878, 53.2909], [-122.0422, 53.3031], [-122.0608, 53.317], [-122.0646, 53.3851], [-122.0328, 53.4285], [-121.9451, 53.4139], [-121.93, 53.3792], [-121.9458, 53.296], [-121.9004, 53.3005], [-121.8536, 53.3536], [-121.8003, 53.3397], [-121.7866, 53.3258], [-121.8148, 53.3056], [-121.7653, 53.2695], [-121.7331, 53.3097], [-121.6768, 53.3247], [-121.1931, 53.3356], [-121.1173, 53.3636], [-121.1111, 53.3976], [-121.0474, 53.3968], [-121.011, 53.4274], [-120.9977, 53.3666], [-121.0146, 53.3281], [-120.9787, 53.3046], [-120.9786, 53.2772], [-120.9462, 53.2794], [-120.8854, 53.2262], [-120.8551, 53.2233], [-120.832, 53.1836], [-120.7497, 53.1649], [-120.7938, 53.1372], [-120.7123, 53.0832], [-120.7381, 53.0695], [-120.7115, 53.0148], [-120.6423, 52.9925], [-120.5693, 53.0066], [-120.5087, 52.9844], [-120.4451, 52.9931], [-120.4211, 52.9572], [-120.3761, 52.9634], [-120.3341, 52.9249], [-120.1637, 52.926], [-120.1939, 52.9173], [-120.1242, 52.8696], [-120.3062, 52.8593], [-120.3093, 52.8006], [-120.3413, 52.7818], [-120.2755, 52.7611], [-120.2885, 52.7319], [-120.2656, 52.7175], [-120.2605, 52.6839], [-120.2821, 52.6588], [-120.2425, 52.6261], [-120.2851, 52.6139], [-120.2876, 52.5874], [-120.3537, 52.5315], [-120.5104, 52.4949], [-120.5408, 52.4675], [-120.4537, 52.4225], [-120.5126, 52.3867], [-120.5219, 52.3389], [-120.4735, 52.3119], [-120.4779, 52.2666], [-120.3939, 52.1929], [-120.3859, 52.168], [-120.4054, 52.1416], [-120.4821, 52.1695], [-120.6169, 52.1702], [-120.6308, 52.1604], [-120.6139, 52.1069], [-120.5757, 52.0715], [-120.6032, 52.049], [-120.5921, 52.0221], [-120.6175, 52.0242], [-120.6966, 52.1074], [-120.818, 52.1334], [-120.9006, 52.084], [-121.1961, 52.1037], [-121.2487, 52.1218], [-121.4092, 52.0782], [-121.4757, 52.0802], [-121.469, 52.0337], [-121.4906, 52.0134], [-121.4764, 51.9988], [-121.2956, 51.9504], [-121.2651, 51.9154], [-121.1308, 51.8656], [-121.1022, 51.8171], [-121.1166, 51.7829], [-121.15, 51.7944], [-121.3411, 51.6889], [-121.4785, 51.6764], [-121.5647, 51.627], [-121.5685, 51.6028], [-121.6097, 51.5862], [-121.5713, 51.5603], [-121.5891, 51.5433], [-121.6121, 51.5608], [-121.5925, 51.5372], [-121.6207, 51.531], [-121.6307, 51.5049], [-121.5597, 51.4712], [-121.5824, 51.4375], [-121.5639, 51.4187], [-121.5897, 51.4059], [-121.5458, 51.394], [-121.5375, 51.3656], [-121.6019, 51.3322], [-121.7572, 51.3348], [-121.7386, 51.3163], [-121.7564, 51.3064], [-121.7276, 51.2745], [-121.7311, 51.2527], [-121.8427, 51.2334], [-121.861, 51.2444], [-121.8705, 51.2291], [-121.8371, 51.1959], [-121.8604, 51.1845], [-121.844, 51.1715], [-121.8638, 51.1364], [-121.839, 51.1145], [-121.779, 51.1179], [-121.7724, 51.0877], [-121.7431, 51.0773], [-121.7644, 50.994], [-121.6753, 50.9759], [-121.6466, 50.928], [-121.6901, 50.9115], [-121.6979, 50.867], [-121.6705, 50.8248], [-121.7345, 50.7769], [-121.7136, 50.7606], [-121.7371, 50.7528], [-121.7388, 50.7038], [-121.708, 50.6959], [-121.6883, 50.6596], [-121.7036, 50.6499], [-121.6871, 50.6301], [-121.7004, 50.6045], [-121.6617, 50.5619], [-121.5665, 50.5196], [-121.5618, 50.4992], [-121.5783, 50.4922], [-121.5455, 50.4792], [-121.5528, 50.4569], [-121.527, 50.4397], [-121.5759, 50.4167], [-121.5762, 50.3886], [-121.6, 50.3795], [-121.5671, 50.2697], [-121.5872, 50.2296], [-121.6055, 50.2293]]]}, "properties": {"BasinName": "Middle Fraser", "BasinID": 15, "DroughtLevel": 99, "Date_Modified": 1731004200000}}, {"type": "Feature", "geometry": {"type": "MultiPolygon", "coordinates": [[[[-123.4304, 49.3944], [-123.4973, 49.3838], [-123.4614, 49.4125], [-123.4304, 49.3944]]], [[[-123.9486, 49.4878], [-123.9449, 49.4616], [-123.9791, 49.4672], [-124.0205, 49.5036], [-123.9806, 49.5114], [-123.9486, 49.4878]]], [[[-123.3254, 49.4966], [-123.3167, 49.4458], [-123.3619, 49.4294], [-123.3718, 49.4532], [-123.4105, 49.4649], [-123.4455, 49.4304], [-123.4626, 49.4706], [-123.4371, 49.5251], [-123.3731, 49.5416], [-123.3254, 49.4966]]], [[[-123.2918, 49.5176], [-123.3167, 49.5128], [-123.326, 49.5561], [-123.2929, 49.5484], [-123.2918, 49.5176]]], [[[-124.1367, 49.492], [-124.1773, 49.4882], [-124.205, 49.5132], [-124.3048, 49.5336], [-124.4679, 49.6618], [-124.6314, 49.7293], [-124.6316, 49.7633], [-124.6061, 49.7755], [-124.3661, 49.7044], [-124.1447, 49.5252], [-124.1367, 49.492]]], [[[-124.081, 49.6901], [-124.0876, 49.6446], [-124.1567, 49.6567], [-124.2009, 49.6839], [-124.226, 49.7469], [-124.009, 49.7829], [-123.9906, 49.7719], [-124.0561, 49.7456], [-124.081, 49.6901]]], [[[-124.6253, 49.845], [-124.6721, 49.8373], [-124.6816, 49.8569], [-124.6536, 49.8661], [-124.6253, 49.845]]], [[[-124.7627, 49.9486], [-124.8081, 49.93], [-124.8675, 49.9399], [-124.7627, 49.9486]]], [[[-124.9338, 49.999], [-124.8839, 49.9912], [-124.9076, 49.9603], [-124.948, 49.9856], [-124.9338, 49.999]]], [[[-124.9253, 50.0173], [-124.9515, 50.0391], [-124.9291, 50.0389], [-124.9253, 50.0173]]], [[[-125.0436, 50.0516], [-125.0732, 50.0743], [-125.0454, 50.0885], [-125.027, 50.0676], [-125.0436, 50.0516]]], [[[-124.8388, 50.0786], [-124.8607, 50.0856], [-124.84, 50.0927], [-124.8388, 50.0786]]], [[[-125.0566, 50.1627], [-125.0593, 50.1587], [-125.0701, 50.1683], [-125.0566, 50.1627]]], [[[-125.0322, 50.1792], [-125.036, 50.1834], [-125.0333, 50.1846], [-125.0322, 50.1792]]], [[[-125.0102, 50.1828], [-125.0237, 50.1822], [-125.0179, 50.1975], [-125.0102, 50.1828]]], [[[-125.0257, 50.1924], [-125.0311, 50.1957], [-125.0256, 50.2029], [-125.0257, 50.1924]]], [[[-124.9039, 50.1312], [-124.9189, 50.1222], [-124.8785, 50.0597], [-124.9516, 50.0485], [-124.9884, 50.0107], [-125.0003, 50.0316], [-124.9857, 50.0705], [-125.0915, 50.1254], [-125.0647, 50.1214], [-124.9919, 50.1717], [-124.9763, 50.1944], [-125.0037, 50.2171], [-125.0002, 50.2401], [-124.9297, 50.1851], [-124.8933, 50.1392], [-124.9039, 50.1312]]], [[[-124.2178, 50.3947], [-124.2048, 50.3693], [-124.1307, 50.3443], [-124.0829, 50.3675], [-123.965, 50.34], [-123.9108, 50.3593], [-123.8628, 50.339], [-123.8695, 50.3114], [-123.8265, 50.3096], [-123.8359, 50.2847], [-123.6948, 50.2313], [-123.7033, 50.2074], [-123.5817, 50.1718], [-123.6397, 50.0003], [-123.6296, 49.9724], [-123.5967, 49.9598], [-123.6183, 49.9298], [-123.5493, 49.9188], [-123.5827, 49.8566], [-123.5487, 49.8389], [-123.5435, 49.8776], [-123.4809, 49.9107], [-123.4379, 49.9009], [-123.3607, 49.9399], [-123.3089, 49.9292], [-123.3217, 49.8902], [-123.3557, 49.8656], [-123.2927, 49.7755], [-123.3194, 49.7469], [-123.3137, 49.7113], [-123.2506, 49.6638], [-123.2604, 49.5919], [-123.4903, 49.5167], [-123.4662, 49.448], [-123.5233, 49.3822], [-123.9453, 49.4991], [-124.0615, 49.6126], [-124.07, 49.6705], [-124.0135, 49.7516], [-123.9595, 49.7645], [-123.8981, 49.7358], [-123.8055, 49.5476], [-123.7744, 49.5256], [-123.7616, 49.5315], [-123.7937, 49.6043], [-123.556, 49.678], [-123.8061, 49.6252], [-123.8218, 49.6323], [-123.834, 49.6965], [-123.9445, 49.7768], [-123.8781, 49.8394], [-123.8678, 49.8802], [-123.8861, 49.908], [-123.8685, 49.9196], [-123.9472, 49.9258], [-123.9766, 49.9756], [-123.9597, 49.9972], [-123.787, 50.0506], [-123.7479, 50.0863], [-123.817, 50.1431], [-123.9814, 50.2126], [-123.9792, 50.1911], [-123.8042, 50.0933], [-123.8461, 50.0567], [-124.0105, 49.9947], [-123.9769, 49.9192], [-123.9037, 49.8765], [-123.932, 49.8216], [-123.968, 49.8042], [-124.0005, 49.812], [-124.037, 49.9299], [-124.072, 49.8671], [-124.0446, 49.86], [-124.041, 49.8371], [-124.084, 49.8371], [-124.081, 49.7997], [-124.2652, 49.7504], [-124.4519, 49.7691], [-124.5081, 49.7962], [-124.5353, 49.8498], [-124.7803, 49.9933], [-124.8432, 50.0637], [-124.7253, 50.1451], [-124.631, 50.1701], [-124.6102, 50.198], [-124.6128, 50.236], [-124.542, 50.2197], [-124.5196, 50.2542], [-124.4044, 50.2829], [-124.2552, 50.4146], [-124.2178, 50.3947]]]]}, "properties": {"BasinName": "Sunshine Coast", "BasinID": 23, "DroughtLevel": 99, "Date_Modified": 1731004200000}}, {"type": "Feature", "geometry": {"type": "Polygon", "coordinates": [[[-121.5909, 50.2295], [-121.521, 50.2266], [-121.4543, 50.1868], [-121.4282, 50.1628], [-121.4338, 50.1474], [-121.3016, 50.1164], [-121.325, 50.093], [-121.3164, 50.0203], [-121.2615, 49.9681], [-121.2836, 49.9555], [-121.2743, 49.9175], [-121.3122, 49.8921], [-121.2668, 49.8668], [-121.1414, 49.8911], [-121.1645, 49.8625], [-121.0712, 49.8608], [-121.1822, 49.8251], [-121.212, 49.7744], [-121.1849, 49.7505], [-121.1859, 49.7206], [-121.1205, 49.6766], [-121.1622, 49.6505], [-121.1557, 49.6185], [-121.1166, 49.6096], [-121.0327, 49.6329], [-120.9518, 49.6947], [-120.9569, 49.6382], [-121.0312, 49.5816], [-121.0414, 49.5342], [-121.081, 49.5093], [-121.0404, 49.4835], [-121.1166, 49.388], [-121.0577, 49.3675], [-121.0669, 49.3345], [-121.0164, 49.3129], [-121.0196, 49.2898], [-120.9871, 49.2945], [-120.9781, 49.2653], [-120.9457, 49.2656], [-120.9095, 49.3087], [-120.8489, 49.2944], [-120.8303, 49.2602], [-120.9032, 49.2016], [-120.8709, 49.151], [-120.8757, 49.1222], [-120.9858, 49.1045], [-120.8489, 49.0754], [-120.807, 49.04], [-120.8642, 49.0004], [-121.5772, 49.0004], [-121.6138, 49.0576], [-121.5988, 49.0858], [-121.623, 49.1105], [-121.6035, 49.1248], [-121.6645, 49.1081], [-121.762, 49.1112], [-121.7641, 49.1277], [-121.6862, 49.1882], [-121.7514, 49.2105], [-121.6954, 49.2567], [-121.68, 49.3018], [-121.6286, 49.3312], [-121.5947, 49.382], [-121.5401, 49.4], [-121.5521, 49.4556], [-121.5845, 49.4544], [-121.6182, 49.5147], [-121.6644, 49.516], [-121.7249, 49.5478], [-121.7683, 49.5326], [-121.8212, 49.5751], [-121.9176, 49.5955], [-122.0039, 49.5653], [-122.0903, 49.584], [-122.0948, 49.6075], [-122.2429, 49.591], [-122.3007, 49.6185], [-122.2758, 49.6574], [-122.2942, 49.6787], [-122.3085, 49.657], [-122.3505, 49.6571], [-122.3458, 49.6209], [-122.4, 49.6299], [-122.4658, 49.6573], [-122.4765, 49.6971], [-122.4443, 49.7172], [-122.5403, 49.7001], [-122.5624, 49.7095], [-122.5658, 49.7387], [-122.6536, 49.7302], [-122.6803, 49.7605], [-122.6263, 49.7645], [-122.6484, 49.7816], [-122.644, 49.8071], [-122.6745, 49.794], [-122.7, 49.8119], [-122.6708, 49.8283], [-122.6888, 49.8358], [-122.6763, 49.8548], [-122.6396, 49.8621], [-122.7448, 49.8883], [-122.7574, 49.9271], [-122.8176, 49.8987], [-122.8265, 49.9195], [-122.8497, 49.9211], [-122.8697, 49.8962], [-122.919, 49.9082], [-122.9562, 49.8926], [-122.9666, 49.8597], [-123.0212, 49.8467], [-123.1088, 49.8694], [-123.1966, 49.8651], [-123.2545, 49.9076], [-123.3607, 49.9399], [-123.4379, 49.9009], [-123.4824, 49.9102], [-123.5435, 49.8776], [-123.5487, 49.8389], [-123.5739, 49.8449], [-123.5839, 49.8636], [-123.5493, 49.9188], [-123.6183, 49.9298], [-123.5967, 49.9598], [-123.6296, 49.9724], [-123.6397, 50.0003], [-123.5817, 50.1718], [-123.7033, 50.2074], [-123.6948, 50.2313], [-123.8359, 50.2847], [-123.8265, 50.3096], [-123.8736, 50.3143], [-123.8628, 50.339], [-123.9108, 50.3593], [-123.9244, 50.4023], [-123.9643, 50.4026], [-123.9402, 50.4396], [-123.9558, 50.4709], [-124.0113, 50.4914], [-123.9262, 50.5299], [-123.8388, 50.5283], [-123.8036, 50.5076], [-123.7361, 50.5256], [-123.7467, 50.579], [-123.7796, 50.5955], [-123.7317, 50.6967], [-123.784, 50.7438], [-123.7621, 50.7703], [-123.7676, 50.814], [-123.6047, 50.7744], [-123.5458, 50.7933], [-123.4961, 50.7714], [-123.4594, 50.7989], [-123.4077, 50.7732], [-123.3682, 50.7959], [-123.3625, 50.7544], [-123.3202, 50.7247], [-123.2666, 50.7304], [-123.2201, 50.7083], [-123.1763, 50.6257], [-123.1101, 50.6192], [-123.0524, 50.5768], [-123.033, 50.5898], [-123.0407, 50.6024], [-123.0025, 50.6016], [-122.9999, 50.5763], [-122.9531, 50.5494], [-122.9394, 50.5948], [-122.8672, 50.6148], [-122.8322, 50.6475], [-122.6265, 50.6566], [-122.6298, 50.6391], [-122.6017, 50.6247], [-122.6196, 50.6036], [-122.6051, 50.595], [-122.5394, 50.5779], [-122.5167, 50.5919], [-122.4709, 50.549], [-122.4571, 50.5628], [-122.3345, 50.52], [-122.2835, 50.4751], [-122.3046, 50.4637], [-122.3017, 50.4283], [-122.4096, 50.3974], [-122.4416, 50.4286], [-122.502, 50.444], [-122.4914, 50.4202], [-122.5226, 50.4164], [-122.5269, 50.3854], [-122.5004, 50.3836], [-122.4419, 50.3298], [-122.3704, 50.3166], [-122.3553, 50.2868], [-122.3737, 50.2624], [-122.347, 50.2512], [-122.3592, 50.2328], [-122.2727, 50.224], [-122.3183, 50.1855], [-122.2576, 50.1222], [-122.0194, 50.1233], [-121.9328, 50.1448], [-121.8982, 50.2056], [-121.7545, 50.1674], [-121.5909, 50.2295]]]}, "properties": {"BasinName": "Eastern Pacific Range", "BasinID": 25, "DroughtLevel": 99, "Date_Modified": 1731004200000}}, {"type": "Feature", "geometry": {"type": "MultiPolygon", "coordinates": [[[[-125.0328, 50.2059], [-125.0438, 50.1844], [-125.0855, 50.1984], [-125.077, 50.1737], [-125.1284, 50.1287], [-125.15, 50.1381], [-125.0792, 50.2958], [-125.0219, 50.2596], [-125.0417, 50.2433], [-125.0328, 50.2059]]], [[[-124.7826, 50.2848], [-124.8105, 50.2642], [-124.8218, 50.2225], [-124.7614, 50.1901], [-124.7506, 50.1586], [-124.8286, 50.107], [-124.9831, 50.2469], [-124.9273, 50.3004], [-124.7826, 50.2848]]], [[[-124.7826, 50.2848], [-124.7435, 50.3079], [-124.677, 50.281], [-124.6474, 50.2401], [-124.6539, 50.1938], [-124.7221, 50.1607], [-124.7626, 50.2153], [-124.8099, 50.2344], [-124.7826, 50.2848]]], [[[-124.9748, 50.2913], [-124.9991, 50.2761], [-125.0359, 50.2954], [-124.9997, 50.3259], [-124.9688, 50.317], [-124.9748, 50.2913]]], [[[-125.1112, 50.2462], [-125.1444, 50.2264], [-125.2114, 50.2977], [-125.1236, 50.3284], [-125.0892, 50.2943], [-125.1112, 50.2462]]], [[[-125.0851, 50.3786], [-125.1435, 50.3663], [-125.1501, 50.4017], [-125.1202, 50.4199], [-125.0851, 50.3786]]], [[[-124.5985, 51.8371], [-124.4752, 51.8699], [-124.4009, 51.8658], [-124.3559, 51.8504], [-124.3158, 51.8021], [-124.3069, 51.7645], [-124.3345, 51.713], [-124.2992, 51.6814], [-124.332, 51.6155], [-124.2955, 51.5357], [-124.2426, 51.4981], [-124.2778, 51.4628], [-124.2995, 51.3021], [-124.3608, 51.2698], [-124.3457, 51.2449], [-124.39, 51.1883], [-124.3613, 51.1464], [-124.3233, 51.1322], [-124.2447, 51.1508], [-124.1639, 51.1133], [-124.2153, 51.0376], [-124.0983, 51.0107], [-124.0622, 50.9538], [-123.8719, 50.9452], [-123.7138, 50.9044], [-123.6679, 50.8687], [-123.774, 50.798], [-123.7621, 50.7703], [-123.784, 50.7438], [-123.7317, 50.6967], [-123.7796, 50.5955], [-123.7467, 50.579], [-123.7361, 50.5256], [-123.8036, 50.5076], [-123.8388, 50.5283], [-123.9262, 50.5299], [-124.006, 50.5043], [-124.0102, 50.4907], [-123.9558, 50.4709], [-123.9402, 50.4396], [-123.9643, 50.4026], [-123.9244, 50.4023], [-123.9122, 50.3575], [-123.965, 50.34], [-124.0829, 50.3675], [-124.1334, 50.3448], [-124.2048, 50.3693], [-124.205, 50.3939], [-124.248, 50.4172], [-124.4297, 50.2683], [-124.5196, 50.2542], [-124.5475, 50.2182], [-124.6128, 50.236], [-124.6156, 50.2764], [-124.7346, 50.3254], [-124.645, 50.4014], [-124.5323, 50.3988], [-124.39, 50.4505], [-124.3626, 50.4885], [-124.3805, 50.4958], [-124.4125, 50.4668], [-124.54, 50.4226], [-124.6699, 50.4214], [-124.7123, 50.3646], [-124.8548, 50.3048], [-124.9629, 50.3435], [-124.9421, 50.3694], [-124.9807, 50.44], [-125.0115, 50.4434], [-124.9682, 50.3768], [-124.9977, 50.3431], [-125.0317, 50.3435], [-125.0337, 50.3203], [-125.0768, 50.3239], [-125.0916, 50.3469], [-125.0507, 50.3789], [-125.0507, 50.4781], [-124.9665, 50.5056], [-124.8645, 50.5813], [-124.8451, 50.6466], [-124.8533, 50.7201], [-124.8994, 50.7698], [-124.7981, 50.8902], [-124.8404, 50.9166], [-124.8805, 50.8693], [-124.9719, 50.8148], [-124.9699, 50.764], [-124.9177, 50.7105], [-124.9377, 50.6164], [-125.0157, 50.5128], [-125.0983, 50.4819], [-125.1104, 50.4302], [-125.1696, 50.4083], [-125.2184, 50.4237], [-125.2438, 50.4586], [-125.2079, 50.4953], [-125.2259, 50.5027], [-125.3261, 50.4676], [-125.3493, 50.5401], [-125.3849, 50.5359], [-125.3938, 50.4749], [-125.4255, 50.5089], [-125.4416, 50.5458], [-125.4183, 50.5552], [-125.4413, 50.6049], [-125.3621, 50.6484], [-125.3553, 50.6713], [-125.3297, 50.6715], [-125.2207, 50.7895], [-125.1445, 50.8302], [-125.147, 50.8448], [-125.1781, 50.8465], [-125.1759, 50.8749], [-125.2299, 50.8736], [-125.233, 50.9203], [-125.1981, 50.9571], [-125.2375, 50.9617], [-125.2619, 51.003], [-125.3402, 51.0384], [-125.2356, 51.065], [-125.2982, 51.1247], [-125.2991, 51.1756], [-125.2678, 51.1933], [-125.3449, 51.2415], [-125.2904, 51.3106], [-125.2174, 51.346], [-125.2526, 51.3873], [-125.3212, 51.4021], [-125.3302, 51.4272], [-125.3269, 51.4614], [-125.2854, 51.4699], [-125.2737, 51.509], [-125.2338, 51.5248], [-125.2516, 51.5461], [-125.2406, 51.571], [-125.2678, 51.6036], [-125.1217, 51.6643], [-125.1001, 51.7045], [-125.1039, 51.7426], [-124.9314, 51.7415], [-124.85, 51.7925], [-124.7895, 51.7963], [-124.8077, 51.8379], [-124.7134, 51.9106], [-124.7109, 51.942], [-124.6812, 51.8761], [-124.5985, 51.8371]]]]}, "properties": {"BasinName": "Central Pacific Range", "BasinID": 24, "DroughtLevel": 99, "Date_Modified": 1731004200000}}, {"type": "Feature", "geometry": {"type": "MultiPolygon", "coordinates": [[[[-123.3149, 49.4203], [-123.3351, 49.3808], [-123.3221, 49.3782], [-123.3607, 49.3378], [-123.4329, 49.3416], [-123.4318, 49.3696], [-123.3877, 49.4029], [-123.3149, 49.4203]]], [[[-122.8628, 49.4329], [-122.8708, 49.4327], [-122.8741, 49.4485], [-122.8628, 49.4329]]], [[[-122.7567, 49.9268], [-122.7448, 49.8883], [-122.6396, 49.8621], [-122.6763, 49.8548], [-122.6888, 49.8358], [-122.6708, 49.8283], [-122.7, 49.8119], [-122.6745, 49.794], [-122.644, 49.8071], [-122.6484, 49.7816], [-122.6263, 49.7645], [-122.6803, 49.7605], [-122.6536, 49.7302], [-122.5658, 49.7387], [-122.5624, 49.7095], [-122.5403, 49.7001], [-122.4443, 49.7172], [-122.4765, 49.6971], [-122.4658, 49.6573], [-122.4, 49.6299], [-122.3458, 49.6209], [-122.3505, 49.6571], [-122.3085, 49.657], [-122.2942, 49.6787], [-122.2758, 49.6574], [-122.3007, 49.6185], [-122.2429, 49.591], [-122.0948, 49.6075], [-122.0903, 49.584], [-122.0039, 49.5653], [-121.9176, 49.5955], [-121.8212, 49.5751], [-121.7683, 49.5326], [-121.7249, 49.5478], [-121.6644, 49.516], [-121.6163, 49.5134], [-121.5845, 49.4544], [-121.5521, 49.4556], [-121.5401, 49.4], [-121.5947, 49.382], [-121.6286, 49.3312], [-121.68, 49.3018], [-121.6954, 49.2567], [-121.7514, 49.2105], [-121.6862, 49.1882], [-121.7641, 49.1277], [-121.762, 49.1112], [-121.6645, 49.1081], [-121.6035, 49.1248], [-121.623, 49.1105], [-121.5988, 49.0858], [-121.6138, 49.0576], [-121.5771, 49], [-122.7585, 49.0021], [-122.8747, 49.0289], [-122.8877, 49.058], [-122.8402, 49.0674], [-122.869, 49.0589], [-122.8526, 49.0831], [-122.8927, 49.0913], [-123.0448, 49.0478], [-123.0557, 49.0288], [-123.0345, 49.0021], [-123.0901, 49.0021], [-123.1024, 49.0246], [-123.1294, 49.0075], [-123.0975, 49.0337], [-123.1208, 49.0508], [-123.1635, 49.0165], [-123.1243, 49.0521], [-123.1556, 49.0634], [-123.1468, 49.0732], [-123.178, 49.0849], [-123.199, 49.1222], [-123.2024, 49.2161], [-123.2663, 49.2055], [-123.2145, 49.2173], [-123.2349, 49.2313], [-123.1995, 49.223], [-123.2623, 49.2709], [-123.1031, 49.2732], [-123.1322, 49.2735], [-123.1585, 49.2999], [-123.1421, 49.3157], [-123.104, 49.2868], [-122.8364, 49.2824], [-122.876, 49.3025], [-122.918, 49.2944], [-122.9314, 49.3181], [-122.8881, 49.3366], [-122.8544, 49.4379], [-122.8864, 49.4704], [-122.8806, 49.3824], [-122.9492, 49.3288], [-122.9378, 49.3233], [-122.956, 49.3005], [-123.1148, 49.308], [-123.2104, 49.3404], [-123.266, 49.331], [-123.2883, 49.365], [-123.2379, 49.4116], [-123.2638, 49.5183], [-123.2185, 49.6046], [-123.222, 49.6533], [-123.1572, 49.6865], [-123.2506, 49.6638], [-123.3137, 49.7113], [-123.3194, 49.7469], [-123.2927, 49.7755], [-123.3557, 49.8656], [-123.3062, 49.9266], [-123.1966, 49.8651], [-123.1088, 49.8694], [-123.0212, 49.8467], [-122.9666, 49.8597], [-122.9562, 49.8926], [-122.919, 49.9082], [-122.8697, 49.8962], [-122.8497, 49.9211], [-122.8265, 49.9195], [-122.8176, 49.8987], [-122.7567, 49.9268]]]]}, "properties": {"BasinName": "Lower Mainland", "BasinID": 33, "DroughtLevel": 99, "Date_Modified": 1731004200000}}, {"type": "Feature", "geometry": {"type": "Polygon", "coordinates": [[[-121.5646, 51.6049], [-121.5506, 51.5829], [-121.4915, 51.5906], [-121.4548, 51.5677], [-121.398, 51.5801], [-121.3844, 51.5459], [-121.3038, 51.5525], [-121.3077, 51.5373], [-121.2785, 51.5328], [-121.2833, 51.5107], [-121.2483, 51.4997], [-121.1771, 51.5144], [-121.1168, 51.4948], [-121.1023, 51.5189], [-121.0486, 51.5229], [-120.9843, 51.5071], [-120.9977, 51.4987], [-120.9823, 51.478], [-120.9027, 51.4896], [-120.7731, 51.4646], [-120.7347, 51.48], [-120.7493, 51.4567], [-120.7161, 51.4365], [-120.6702, 51.4414], [-120.6156, 51.4813], [-120.5152, 51.4152], [-120.4718, 51.4291], [-120.4779, 51.4108], [-120.4523, 51.391], [-120.3943, 51.384], [-120.3699, 51.3158], [-120.3174, 51.2618], [-120.383, 51.2505], [-120.3693, 51.2301], [-120.4075, 51.1854], [-120.3904, 51.158], [-120.4576, 51.1117], [-120.4185, 51.0646], [-120.4543, 51.0522], [-120.4552, 50.9938], [-120.4801, 50.9996], [-120.5254, 50.975], [-120.444, 50.9538], [-120.4274, 50.9315], [-120.4549, 50.8772], [-120.4466, 50.8498], [-120.4761, 50.8225], [-120.3806, 50.7991], [-120.3972, 50.7783], [-120.3838, 50.7231], [-120.3318, 50.6738], [-120.3704, 50.6419], [-120.3605, 50.6253], [-120.4144, 50.6416], [-120.4721, 50.5845], [-120.5683, 50.5495], [-120.6007, 50.5645], [-120.6579, 50.5556], [-120.725, 50.589], [-120.7895, 50.5711], [-120.7932, 50.5444], [-120.8203, 50.5397], [-120.8421, 50.5871], [-120.8775, 50.5912], [-120.8959, 50.6327], [-120.8861, 50.6491], [-121.0135, 50.6779], [-121.045, 50.6594], [-121.0429, 50.6125], [-121.0624, 50.5951], [-121.0084, 50.5675], [-121.0438, 50.526], [-121.0334, 50.4856], [-121.084, 50.4719], [-121.0676, 50.4642], [-121.0692, 50.4343], [-121.0444, 50.4269], [-121.065, 50.3824], [-121.1383, 50.3851], [-121.26, 50.4334], [-121.316, 50.4279], [-121.3374, 50.3999], [-121.3325, 50.3708], [-121.3003, 50.3446], [-121.3216, 50.3066], [-121.3002, 50.2898], [-121.3045, 50.2642], [-121.2853, 50.2616], [-121.3029, 50.2108], [-121.2848, 50.1797], [-121.2954, 50.1382], [-121.3203, 50.1223], [-121.4338, 50.1474], [-121.4282, 50.1628], [-121.4992, 50.218], [-121.5826, 50.2346], [-121.5671, 50.2697], [-121.6, 50.3795], [-121.5762, 50.3886], [-121.5759, 50.4167], [-121.527, 50.4397], [-121.5528, 50.4569], [-121.5455, 50.4792], [-121.5783, 50.4922], [-121.5618, 50.4992], [-121.5665, 50.5196], [-121.6617, 50.5619], [-121.7004, 50.6045], [-121.6871, 50.6301], [-121.7036, 50.6499], [-121.6883, 50.6596], [-121.708, 50.6959], [-121.7388, 50.7038], [-121.7371, 50.7528], [-121.7136, 50.7606], [-121.7345, 50.7769], [-121.6705, 50.8248], [-121.6979, 50.867], [-121.6901, 50.9115], [-121.6466, 50.928], [-121.6753, 50.9759], [-121.7644, 50.994], [-121.7431, 51.0773], [-121.7724, 51.0877], [-121.779, 51.1179], [-121.839, 51.1145], [-121.8638, 51.1364], [-121.844, 51.1715], [-121.8604, 51.1845], [-121.8371, 51.1959], [-121.8705, 51.229], [-121.861, 51.2444], [-121.8427, 51.2334], [-121.7311, 51.2527], [-121.7276, 51.2745], [-121.7564, 51.3064], [-121.7386, 51.3163], [-121.7572, 51.3348], [-121.6019, 51.3322], [-121.5375, 51.3656], [-121.5458, 51.394], [-121.5897, 51.4059], [-121.5639, 51.4187], [-121.5824, 51.4375], [-121.5597, 51.4712], [-121.6307, 51.5049], [-121.6207, 51.531], [-121.5925, 51.5372], [-121.6121, 51.5608], [-121.5888, 51.5433], [-121.5699, 51.5653], [-121.6097, 51.5862], [-121.5646, 51.6049]]]}, "properties": {"BasinName": "Lower Thompson", "BasinID": 34, "DroughtLevel": 99, "Date_Modified": 1731004200000}}]}