{"type": "FeatureCollection", "features": [{"type": "Feature", "id": "WHSE_WATER_MANAGEMENT.GW_WATER_WELLS_WRBC_SVW.fid-29e471e6_19f63eee063_2036", "geometry": {"type": "Point", "coordinates": [-120.25447, 56.27655]}, "geometry_name": "GEOMETRY", "properties": {"GW_WW_SYSID": 57221, "WELL_TAG_NUMBER": 57369, "IDENTIFICATION_PLATE_NUMBER": null, "STREET_ADDRESS": null, "CITY": null, "LEGAL_LOT": null, "LEGAL_PLAN": null, "LEGAL_DISTRICT_LOT": null, "LEGAL_PID": null, "WELL_LOCATION_DESCRIPTION": null, "COORDINATE_ACQUISITION_CODE": "E", "WELL_STATUS": "New", "WELL_CLASS": "Water Supply", "WELL_SUBCLASS": "Not Applicable", "INTENDED_WATER_USE": "Private Domestic", "WELL_DETAILS_URL": "https://apps.nrs.gov.bc.ca/gwells/well/57369", "LICENCE_STATUS": "Unlicensed", "AQUIFER_ID": 933, "PERSON_RESPONSIBLE": " ", "COMPANY_OF_PERSON_RESPONSIBLE": "Anderson Air Drilling", "FINISHED_WELL_DEPTH": 210, "TOTAL_DEPTH_DRILLED": 210, "BEDROCK_DEPTH": 183, "YIELD": 0, "YIELD_ESTIMATION_DURATION": null, "ARTESIAN_COND": "N", "ARTESIAN_FLOW": null, "ARTESIAN_PRESSURE": null, "STATIC_WATER_LEVEL": 179.5, "DIAMETER": 4.5, "FINAL_CASING_STICK_UP": null, "GROUND_ELEVATION": null, "GROUND_ELEVATION_METHOD": "UNKNOWN", "SURFACE_SEAL_DEPTH": null, "SURFACE_SEAL_THICKNESS": null, "SURFACE_SEAL_METHOD": null, "SCREEN_INTAKE_METHOD": null, "WATER_SUPPLY_SYSTEM_NAME": null, "WATER_SUPPLY_SYSTEM_WELL_NAME": null, "CONSTRUCTION_START_DATE": "1987-08-06Z", "CONSTRUCTION_END_DATE": "1987-08-06Z", "ALTERATION_START_DATE": null, "ALTERATION_END_DATE": null, "DECOMMISSION_START_DATE": null, "DECOMMISSION_END_DATE": null, "DECOMMISSION_REASON": null, "OBSERVATION_WELL_NUMBER": null, "OBSERVATION_WELL_STATUS": null, "EMS_ID": null, "AQUIFER_MATERIAL": "Bedrock", "OBJECTID": 122518571, "SE_ANNO_CAD_DATA": null}}, {"type": "Feature", "id": "WHSE_WATER_MANAGEMENT.GW_WATER_WELLS_WRBC_SVW.fid-29e471e6_19f63eee063_2037", "geometry": {"type": "Point", "coordinates": [-120.1146, 56.2992]}, "geometry_name": "GEOMETRY", "properties": {"GW_WW_SYSID": 110200, "WELL_TAG_NUMBER": 114831, "IDENTIFICATION_PLATE_NUMBER": 50001, "STREET_ADDRESS": "Clayhurst Road", "CITY": "Goodlow", "LEGAL_LOT": null, "LEGAL_PLAN": null, "LEGAL_DISTRICT_LOT": null, "LEGAL_PID": 14324041, "WELL_LOCATION_DESCRIPTION": "located in an inactive phase of the Fritz Sand and Gravel pit; E 1/2 OF SEC. 22-84-14, W6M", "COORDINATE_ACQUISITION_CODE": "H", "WELL_STATUS": "New", "WELL_CLASS": "Water Supply", "WELL_SUBCLASS": "Not Applicable", "INTENDED_WATER_USE": "Commercial and Industrial", "WELL_DETAILS_URL": "https://apps.nrs.gov.bc.ca/gwells/well/114831", "LICENCE_STATUS": "Licensed", "AQUIFER_ID": null, "PERSON_RESPONSIBLE": " ", "COMPANY_OF_PERSON_RESPONSIBLE": null, "FINISHED_WELL_DEPTH": 13, "TOTAL_DEPTH_DRILLED": 13, "BEDROCK_DEPTH": null, "YIELD": null, "YIELD_ESTIMATION_DURATION": null, "ARTESIAN_COND": "N", "ARTESIAN_FLOW": null, "ARTESIAN_PRESSURE": null, "STATIC_WATER_LEVEL": null, "DIAMETER": null, "FINAL_CASING_STICK_UP": 27, "GROUND_ELEVATION": 2309, "GROUND_ELEVATION_METHOD": "UNKNOWN", "SURFACE_SEAL_DEPTH": null, "SURFACE_SEAL_THICKNESS": null, "SURFACE_SEAL_METHOD": null, "SCREEN_INTAKE_METHOD": null, "WATER_SUPPLY_SYSTEM_NAME": null, "WATER_SUPPLY_SYSTEM_WELL_NAME": null, "CONSTRUCTION_START_DATE": "2017-08-30Z", "CONSTRUCTION_END_DATE": "2017-08-30Z", "ALTERATION_START_DATE": null, "ALTERATION_END_DATE": null, "DECOMMISSION_START_DATE": null, "DECOMMISSION_END_DATE": null, "DECOMMISSION_REASON": null, "OBSERVATION_WELL_NUMBER": null, "OBSERVATION_WELL_STATUS": null, "EMS_ID": null, "AQUIFER_MATERIAL": "Unknown", "OBJECTID": 122571550, "SE_ANNO_CAD_DATA": null}}, {"type": "Feature", "id": "WHSE_WATER_MANAGEMENT.GW_WATER_WELLS_WRBC_SVW.fid-29e471e6_19f63eee063_2038", "geometry": {"type": "Point", "coordinates": [-120.16422, 56.30598]}, "geometry_name": "GEOMETRY", "properties": {"GW_WW_SYSID": 4961, "WELL_TAG_NUMBER": 4969, "IDENTIFICATION_PLATE_NUMBER": null, "STREET_ADDRESS": "213 Road", "CITY": "Goodlow", "LEGAL_LOT": null, "LEGAL_PLAN": null, "LEGAL_DISTRICT_LOT": null, "LEGAL_PID": null, "WELL_LOCATION_DESCRIPTION": "Northeast Natural Resource Region", "COORDINATE_ACQUISITION_CODE": "E", "WELL_STATUS": "New", "WELL_CLASS": "Water Supply", "WELL_SUBCLASS": null, "INTENDED_WATER_USE": "Private Domestic", "WELL_DETAILS_URL": "https://apps.nrs.gov.bc.ca/gwells/well/4969", "LICENCE_STATUS": "Unlicensed", "AQUIFER_ID": null, "PERSON_RESPONSIBLE": " ", "COMPANY_OF_PERSON_RESPONSIBLE": "Unknown", "FINISHED_WELL_DEPTH": 10, "TOTAL_DEPTH_DRILLED": null, "BEDROCK_DEPTH": null, "YIELD": 0, "YIELD_ESTIMATION_DURATION": null, "ARTESIAN_COND": "N", "ARTESIAN_FLOW": null, "ARTESIAN_PRESSURE": null, "STATIC_WATER_LEVEL": 8, "DIAMETER": null, "FINAL_CASING_STICK_UP": null, "GROUND_ELEVATION": null, "GROUND_ELEVATION_METHOD": "UNKNOWN", "SURFACE_SEAL_DEPTH": null, "SURFACE_SEAL_THICKNESS": null, "SURFACE_SEAL_METHOD": null, "SCREEN_INTAKE_METHOD": null, "WATER_SUPPLY_SYSTEM_NAME": null, "WATER_SUPPLY_SYSTEM_WELL_NAME": null, "CONSTRUCTION_START_DATE": "1950-01-01Z", "CONSTRUCTION_END_DATE": "1950-01-01Z", "ALTERATION_START_DATE": null, "ALTERATION_END_DATE": null, "DECOMMISSION_START_DATE": null, "DECOMMISSION_END_DATE": null, "DECOMMISSION_REASON": null, "OBSERVATION_WELL_NUMBER": null, "OBSERVATION_WELL_STATUS": null, "EMS_ID": null, "AQUIFER_MATERIAL": "Unconsolidated", "OBJECTID": 122466311, "SE_ANNO_CAD_DATA": null}}, {"type": "Feature", "id": "WHSE_WATER_MANAGEMENT.GW_WATER_WELLS_WRBC_SVW.fid-29e471e6_19f63eee063_2039", "geometry": {"type": "Point", "coordinates": [-120.123994, 56.319474]}, "geometry_name": "GEOMETRY", "properties": {"GW_WW_SYSID": 39023, "WELL_TAG_NUMBER": 39107, "IDENTIFICATION_PLATE_NUMBER": null, "STREET_ADDRESS": " ", "CITY": "GOODLOW", "LEGAL_LOT": " ", "LEGAL_PLAN": " ", "LEGAL_DISTRICT_LOT": " ", "LEGAL_PID": null, "WELL_LOCATION_DESCRIPTION": " ", "COORDINATE_ACQUISITION_CODE": "E", "WELL_STATUS": "New", "WELL_CLASS": "Unknown", "WELL_SUBCLASS": null, "INTENDED_WATER_USE": "Unknown Well Use", "WELL_DETAILS_URL": "https://apps.nrs.gov.bc.ca/gwells/well/39107", "LICENCE_STATUS": "Unlicensed", "AQUIFER_ID": 636, "PERSON_RESPONSIBLE": " ", "COMPANY_OF_PERSON_RESPONSIBLE": "Cliff Baker Drilling", "FINISHED_WELL_DEPTH": 210, "TOTAL_DEPTH_DRILLED": null, "BEDROCK_DEPTH": null, "YIELD": 0, "YIELD_ESTIMATION_DURATION": null, "ARTESIAN_COND": "N", "ARTESIAN_FLOW": null, "ARTESIAN_PRESSURE": null, "STATIC_WATER_LEVEL": null, "DIAMETER": null, "FINAL_CASING_STICK_UP": null, "GROUND_ELEVATION": null, "GROUND_ELEVATION_METHOD": "UNKNOWN", "SURFACE_SEAL_DEPTH": null, "SURFACE_SEAL_THICKNESS": null, "SURFACE_SEAL_METHOD": null, "SCREEN_INTAKE_METHOD": null, "WATER_SUPPLY_SYSTEM_NAME": null, "WATER_SUPPLY_SYSTEM_WELL_NAME": null, "CONSTRUCTION_START_DATE": "1978-01-01Z", "CONSTRUCTION_END_DATE": "1978-01-01Z", "ALTERATION_START_DATE": null, "ALTERATION_END_DATE": null, "DECOMMISSION_START_DATE": null, "DECOMMISSION_END_DATE": null, "DECOMMISSION_REASON": null, "OBSERVATION_WELL_NUMBER": null, "OBSERVATION_WELL_STATUS": null, "EMS_ID": null, "AQUIFER_MATERIAL": "Unconsolidated", "OBJECTID": 122500373, "SE_ANNO_CAD_DATA": null}}, {"type": "Feature", "id": "WHSE_WATER_MANAGEMENT.GW_WATER_WELLS_WRBC_SVW.fid-29e471e6_19f63eee063_203a", "geometry": {"type": "Point", "coordinates": [-120.10786, 56.31935]}, "geometry_name": "GEOMETRY", "properties": {"GW_WW_SYSID": 4908, "WELL_TAG_NUMBER": 4916, "IDENTIFICATION_PLATE_NUMBER": null, "STREET_ADDRESS": " ", "CITY": " ", "LEGAL_LOT": " ", "LEGAL_PLAN": " ", "LEGAL_DISTRICT_LOT": " ", "LEGAL_PID": null, "WELL_LOCATION_DESCRIPTION": " ", "COORDINATE_ACQUISITION_CODE": "E", "WELL_STATUS": "New", "WELL_CLASS": "Unknown", "WELL_SUBCLASS": null, "INTENDED_WATER_USE": "Unknown Well Use", "WELL_DETAILS_URL": "https://apps.nrs.gov.bc.ca/gwells/well/4916", "LICENCE_STATUS": "Unlicensed", "AQUIFER_ID": 636, "PERSON_RESPONSIBLE": " ", "COMPANY_OF_PERSON_RESPONSIBLE": "Unknown", "FINISHED_WELL_DEPTH": 11, "TOTAL_DEPTH_DRILLED": null, "BEDROCK_DEPTH": null, "YIELD": null, "YIELD_ESTIMATION_DURATION": null, "ARTESIAN_COND": "N", "ARTESIAN_FLOW": null, "ARTESIAN_PRESSURE": null, "STATIC_WATER_LEVEL": 2, "DIAMETER": null, "FINAL_CASING_STICK_UP": null, "GROUND_ELEVATION": null, "GROUND_ELEVATION_METHOD": "UNKNOWN", "SURFACE_SEAL_DEPTH": null, "SURFACE_SEAL_THICKNESS": null, "SURFACE_SEAL_METHOD": null, "SCREEN_INTAKE_METHOD": null, "WATER_SUPPLY_SYSTEM_NAME": null, "WATER_SUPPLY_SYSTEM_WELL_NAME": null, "CONSTRUCTION_START_DATE": "1950-01-01Z", "CONSTRUCTION_END_DATE": "1950-01-01Z", "ALTERATION_START_DATE": null, "ALTERATION_END_DATE": null, "DECOMMISSION_START_DATE": null, "DECOMMISSION_END_DATE": null, "DECOMMISSION_REASON": null, "OBSERVATION_WELL_NUMBER": null, "OBSERVATION_WELL_STATUS": null, "EMS_ID": null, "AQUIFER_MATERIAL": "Unconsolidated", "OBJECTID": 122466258, "SE_ANNO_CAD_DATA": null}}, {"type": "Feature", "id": "WHSE_WATER_MANAGEMENT.GW_WATER_WELLS_WRBC_SVW.fid-29e471e6_19f63eee063_203b", "geometry": {"type": "Point", "coordinates": [-120.12552, 56.320265]}, "geometry_name": "GEOMETRY", "properties": {"GW_WW_SYSID": 98644, "WELL_TAG_NUMBER": 102772, "IDENTIFICATION_PLATE_NUMBER": null, "STREET_ADDRESS": " ", "CITY": " ", "LEGAL_LOT": " ", "LEGAL_PLAN": " ", "LEGAL_DISTRICT_LOT": " ", "LEGAL_PID": 14560925, "WELL_LOCATION_DESCRIPTION": "NOT PROVIDED. SW 1/4-34-84-14-W6.", "COORDINATE_ACQUISITION_CODE": "J", "WELL_STATUS": "New", "WELL_CLASS": "Water Supply", "WELL_SUBCLASS": "Not Applicable", "INTENDED_WATER_USE": "Private Domestic", "WELL_DETAILS_URL": "https://apps.nrs.gov.bc.ca/gwells/well/102772", "LICENCE_STATUS": "Unlicensed", "AQUIFER_ID": 636, "PERSON_RESPONSIBLE": " ", "COMPANY_OF_PERSON_RESPONSIBLE": null, "FINISHED_WELL_DEPTH": 284, "TOTAL_DEPTH_DRILLED": 289, "BEDROCK_DEPTH": 285, "YIELD": 35, "YIELD_ESTIMATION_DURATION": null, "ARTESIAN_COND": "Y", "ARTESIAN_FLOW": 20, "ARTESIAN_PRESSURE": 20, "STATIC_WATER_LEVEL": null, "DIAMETER": 6.63, "FINAL_CASING_STICK_UP": 24, "GROUND_ELEVATION": null, "GROUND_ELEVATION_METHOD": "UNKNOWN", "SURFACE_SEAL_DEPTH": null, "SURFACE_SEAL_THICKNESS": null, "SURFACE_SEAL_METHOD": null, "SCREEN_INTAKE_METHOD": null, "WATER_SUPPLY_SYSTEM_NAME": null, "WATER_SUPPLY_SYSTEM_WELL_NAME": null, "CONSTRUCTION_START_DATE": "1997-07-22Z", "CONSTRUCTION_END_DATE": "1997-07-22Z", "ALTERATION_START_DATE": null, "ALTERATION_END_DATE": null, "DECOMMISSION_START_DATE": null, "DECOMMISSION_END_DATE": null, "DECOMMISSION_REASON": null, "OBSERVATION_WELL_NUMBER": null, "OBSERVATION_WELL_STATUS": null, "EMS_ID": null, "AQUIFER_MATERIAL": "Unconsolidated", "OBJECTID": 122559994, "SE_ANNO_CAD_DATA": null}}, {"type": "Feature", "id": "WHSE_WATER_MANAGEMENT.GW_WATER_WELLS_WRBC_SVW.fid-29e471e6_19f63eee063_203c", "geometry": {"type": "Point", "coordinates": [-120.221456, 56.331839]}, "geometry_name": "GEOMETRY", "properties": {"GW_WW_SYSID": 22090, "WELL_TAG_NUMBER": 22131, "IDENTIFICATION_PLATE_NUMBER": null, "STREET_ADDRESS": " ", "CITY": "GOODLOW", "LEGAL_LOT": " ", "LEGAL_PLAN": " ", "LEGAL_DISTRICT_LOT": " ", "LEGAL_PID": null, "WELL_LOCATION_DESCRIPTION": "DRILLED BY OWNER", "COORDINATE_ACQUISITION_CODE": "E", "WELL_STATUS": "New", "WELL_CLASS": "Water Supply", "WELL_SUBCLASS": null, "INTENDED_WATER_USE": "Private Domestic", "WELL_DETAILS_URL": "https://apps.nrs.gov.bc.ca/gwells/well/22131", "LICENCE_STATUS": "Unlicensed", "AQUIFER_ID": null, "PERSON_RESPONSIBLE": " ", "COMPANY_OF_PERSON_RESPONSIBLE": "Unknown", "FINISHED_WELL_DEPTH": 8, "TOTAL_DEPTH_DRILLED": null, "BEDROCK_DEPTH": 4, "YIELD": 0, "YIELD_ESTIMATION_DURATION": null, "ARTESIAN_COND": "N", "ARTESIAN_FLOW": null, "ARTESIAN_PRESSURE": null, "STATIC_WATER_LEVEL": 3, "DIAMETER": null, "FINAL_CASING_STICK_UP": null, "GROUND_ELEVATION": null, "GROUND_ELEVATION_METHOD": "UNKNOWN", "SURFACE_SEAL_DEPTH": null, "SURFACE_SEAL_THICKNESS": null, "SURFACE_SEAL_METHOD": null, "SCREEN_INTAKE_METHOD": null, "WATER_SUPPLY_SYSTEM_NAME": null, "WATER_SUPPLY_SYSTEM_WELL_NAME": null, "CONSTRUCTION_START_DATE": "1969-01-01Z", "CONSTRUCTION_END_DATE": "1969-01-01Z", "ALTERATION_START_DATE": null, "ALTERATION_END_DATE": null, "DECOMMISSION_START_DATE": null, "DECOMMISSION_END_DATE": null, "DECOMMISSION_REASON": null, "OBSERVATION_WELL_NUMBER": null, "OBSERVATION_WELL_STATUS": null, "EMS_ID": null, "AQUIFER_MATERIAL": "Bedrock", "OBJECTID": 122483440, "SE_ANNO_CAD_DATA": null}}, {"type": "Feature", "id": "WHSE_WATER_MANAGEMENT.GW_WATER_WELLS_WRBC_SVW.fid-29e471e6_19f63eee063_203d", "geometry": {"type": "Point", "coordinates": [-120.198861, 56.33106]}, "geometry_name": "GEOMETRY", "properties": {"GW_WW_SYSID": 98549, "WELL_TAG_NUMBER": 102674, "IDENTIFICATION_PLATE_NUMBER": null, "STREET_ADDRESS": " ", "CITY": " ", "LEGAL_LOT": " ", "LEGAL_PLAN": " ", "LEGAL_DISTRICT_LOT": " ", "LEGAL_PID": 15969533, "WELL_LOCATION_DESCRIPTION": "NE 31-84-14 CECIL LAKE - GOODLOW", "COORDINATE_ACQUISITION_CODE": "J", "WELL_STATUS": "New", "WELL_CLASS": "Water Supply", "WELL_SUBCLASS": "Not Applicable", "INTENDED_WATER_USE": "Private Domestic", "WELL_DETAILS_URL": "https://apps.nrs.gov.bc.ca/gwells/well/102674", "LICENCE_STATUS": "Unlicensed", "AQUIFER_ID": 933, "PERSON_RESPONSIBLE": " ", "COMPANY_OF_PERSON_RESPONSIBLE": "Anderson Water Wells", "FINISHED_WELL_DEPTH": null, "TOTAL_DEPTH_DRILLED": null, "BEDROCK_DEPTH": null, "YIELD": null, "YIELD_ESTIMATION_DURATION": null, "ARTESIAN_COND": "N", "ARTESIAN_FLOW": null, "ARTESIAN_PRESSURE": null, "STATIC_WATER_LEVEL": null, "DIAMETER": 6.12, "FINAL_CASING_STICK_UP": 24, "GROUND_ELEVATION": null, "GROUND_ELEVATION_METHOD": "UNKNOWN", "SURFACE_SEAL_DEPTH": null, "SURFACE_SEAL_THICKNESS": null, "SURFACE_SEAL_METHOD": null, "SCREEN_INTAKE_METHOD": null, "WATER_SUPPLY_SYSTEM_NAME": null, "WATER_SUPPLY_SYSTEM_WELL_NAME": null, "CONSTRUCTION_START_DATE": "2001-03-16Z", "CONSTRUCTION_END_DATE": "2001-03-16Z", "ALTERATION_START_DATE": null, "ALTERATION_END_DATE": null, "DECOMMISSION_START_DATE": null, "DECOMMISSION_END_DATE": null, "DECOMMISSION_REASON": null, "OBSERVATION_WELL_NUMBER": null, "OBSERVATION_WELL_STATUS": null, "EMS_ID": null, "AQUIFER_MATERIAL": "Unknown", "OBJECTID": 122559899, "SE_ANNO_CAD_DATA": null}}, {"type": "Feature", "id": "WHSE_WATER_MANAGEMENT.GW_WATER_WELLS_WRBC_SVW.fid-29e471e6_19f63eee063_203e", "geometry": {"type": "Point", "coordinates": [-120.146312, 56.331874]}, "geometry_name": "GEOMETRY", "properties": {"GW_WW_SYSID": 40693, "WELL_TAG_NUMBER": 40779, "IDENTIFICATION_PLATE_NUMBER": null, "STREET_ADDRESS": " ", "CITY": "GOODLOW", "LEGAL_LOT": " ", "LEGAL_PLAN": " ", "LEGAL_DISTRICT_LOT": " ", "LEGAL_PID": null, "WELL_LOCATION_DESCRIPTION": " ", "COORDINATE_ACQUISITION_CODE": "E", "WELL_STATUS": "New", "WELL_CLASS": "Water Supply", "WELL_SUBCLASS": null, "INTENDED_WATER_USE": "Private Domestic", "WELL_DETAILS_URL": "https://apps.nrs.gov.bc.ca/gwells/well/40779", "LICENCE_STATUS": "Unlicensed", "AQUIFER_ID": 636, "PERSON_RESPONSIBLE": " ", "COMPANY_OF_PERSON_RESPONSIBLE": "I . & M.  Drilling", "FINISHED_WELL_DEPTH": 145, "TOTAL_DEPTH_DRILLED": null, "BEDROCK_DEPTH": null, "YIELD": 5, "YIELD_ESTIMATION_DURATION": null, "ARTESIAN_COND": "N", "ARTESIAN_FLOW": null, "ARTESIAN_PRESSURE": null, "STATIC_WATER_LEVEL": 40, "DIAMETER": null, "FINAL_CASING_STICK_UP": null, "GROUND_ELEVATION": null, "GROUND_ELEVATION_METHOD": "UNKNOWN", "SURFACE_SEAL_DEPTH": null, "SURFACE_SEAL_THICKNESS": null, "SURFACE_SEAL_METHOD": null, "SCREEN_INTAKE_METHOD": null, "WATER_SUPPLY_SYSTEM_NAME": null, "WATER_SUPPLY_SYSTEM_WELL_NAME": null, "CONSTRUCTION_START_DATE": "1978-10-03Z", "CONSTRUCTION_END_DATE": "1978-10-03Z", "ALTERATION_START_DATE": null, "ALTERATION_END_DATE": null, "DECOMMISSION_START_DATE": null, "DECOMMISSION_END_DATE": null, "DECOMMISSION_REASON": null, "OBSERVATION_WELL_NUMBER": null, "OBSERVATION_WELL_STATUS": null, "EMS_ID": null, "AQUIFER_MATERIAL": "Unconsolidated", "OBJECTID": 122502043, "SE_ANNO_CAD_DATA": null}}, {"type": "Feature", "id": "WHSE_WATER_MANAGEMENT.GW_WATER_WELLS_WRBC_SVW.fid-29e471e6_19f63eee063_203f", "geometry": {"type": "Point", "coordinates": [-120.143415, 56.331888]}, "geometry_name": "GEOMETRY", "properties": {"GW_WW_SYSID": 42560, "WELL_TAG_NUMBER": 42654, "IDENTIFICATION_PLATE_NUMBER": null, "STREET_ADDRESS": " ", "CITY": "GOODLOW", "LEGAL_LOT": " ", "LEGAL_PLAN": " ", "LEGAL_DISTRICT_LOT": " ", "LEGAL_PID": null, "WELL_LOCATION_DESCRIPTION": " ", "COORDINATE_ACQUISITION_CODE": "E", "WELL_STATUS": "New", "WELL_CLASS": "Water Supply", "WELL_SUBCLASS": null, "INTENDED_WATER_USE": "Private Domestic", "WELL_DETAILS_URL": "https://apps.nrs.gov.bc.ca/gwells/well/42654", "LICENCE_STATUS": "Unlicensed", "AQUIFER_ID": 636, "PERSON_RESPONSIBLE": " ", "COMPANY_OF_PERSON_RESPONSIBLE": "I . & M.  Drilling", "FINISHED_WELL_DEPTH": 150, "TOTAL_DEPTH_DRILLED": null, "BEDROCK_DEPTH": null, "YIELD": 0, "YIELD_ESTIMATION_DURATION": null, "ARTESIAN_COND": "N", "ARTESIAN_FLOW": null, "ARTESIAN_PRESSURE": null, "STATIC_WATER_LEVEL": null, "DIAMETER": null, "FINAL_CASING_STICK_UP": null, "GROUND_ELEVATION": null, "GROUND_ELEVATION_METHOD": "UNKNOWN", "SURFACE_SEAL_DEPTH": null, "SURFACE_SEAL_THICKNESS": null, "SURFACE_SEAL_METHOD": null, "SCREEN_INTAKE_METHOD": null, "WATER_SUPPLY_SYSTEM_NAME": null, "WATER_SUPPLY_SYSTEM_WELL_NAME": null, "CONSTRUCTION_START_DATE": "1979-06-24Z", "CONSTRUCTION_END_DATE": "1979-06-24Z", "ALTERATION_START_DATE": null, "ALTERATION_END_DATE": null, "DECOMMISSION_START_DATE": null, "DECOMMISSION_END_DATE": null, "DECOMMISSION_REASON": null, "OBSERVATION_WELL_NUMBER": null, "OBSERVATION_WELL_STATUS": null, "EMS_ID": null, "AQUIFER_MATERIAL": "Unconsolidated", "OBJECTID": 122503910, "SE_ANNO_CAD_DATA": null}}, {"type": "Feature", "id": "WHSE_WATER_MANAGEMENT.GW_WATER_WELLS_WRBC_SVW.fid-29e471e6_19f63eee063_2040", "geometry": {"type": "Point", "coordinates": [-120.111067, 56.332144]}, "geometry_name": "GEOMETRY", "properties": {"GW_WW_SYSID": 40581, "WELL_TAG_NUMBER": 40667, "IDENTIFICATION_PLATE_NUMBER": null, "STREET_ADDRESS": " ", "CITY": "GOODLOW", "LEGAL_LOT": " ", "LEGAL_PLAN": " ", "LEGAL_DISTRICT_LOT": " ", "LEGAL_PID": null, "WELL_LOCATION_DESCRIPTION": " ", "COORDINATE_ACQUISITION_CODE": "E", "WELL_STATUS": "New", "WELL_CLASS": "Water Supply", "WELL_SUBCLASS": null, "INTENDED_WATER_USE": "Private Domestic", "WELL_DETAILS_URL": "https://apps.nrs.gov.bc.ca/gwells/well/40667", "LICENCE_STATUS": "Unlicensed", "AQUIFER_ID": 636, "PERSON_RESPONSIBLE": " ", "COMPANY_OF_PERSON_RESPONSIBLE": "I . & M.  Drilling", "FINISHED_WELL_DEPTH": 178, "TOTAL_DEPTH_DRILLED": null, "BEDROCK_DEPTH": null, "YIELD": 42, "YIELD_ESTIMATION_DURATION": null, "ARTESIAN_COND": "N", "ARTESIAN_FLOW": null, "ARTESIAN_PRESSURE": null, "STATIC_WATER_LEVEL": null, "DIAMETER": null, "FINAL_CASING_STICK_UP": null, "GROUND_ELEVATION": null, "GROUND_ELEVATION_METHOD": "UNKNOWN", "SURFACE_SEAL_DEPTH": null, "SURFACE_SEAL_THICKNESS": null, "SURFACE_SEAL_METHOD": null, "SCREEN_INTAKE_METHOD": null, "WATER_SUPPLY_SYSTEM_NAME": null, "WATER_SUPPLY_SYSTEM_WELL_NAME": null, "CONSTRUCTION_START_DATE": "1978-09-23Z", "CONSTRUCTION_END_DATE": "1978-09-23Z", "ALTERATION_START_DATE": null, "ALTERATION_END_DATE": null, "DECOMMISSION_START_DATE": null, "DECOMMISSION_END_DATE": null, "DECOMMISSION_REASON": null, "OBSERVATION_WELL_NUMBER": null, "OBSERVATION_WELL_STATUS": null, "EMS_ID": null, "AQUIFER_MATERIAL": "Unconsolidated", "OBJECTID": 122501931, "SE_ANNO_CAD_DATA": null}}, {"type": "Feature", "id": "WHSE_WATER_MANAGEMENT.GW_WATER_WELLS_WRBC_SVW.fid-29e471e6_19f63eee063_2041", "geometry": {"type": "Point", "coordinates": [-120.1677, 56.3376]}, "geometry_name": "GEOMETRY", "properties": {"GW_WW_SYSID": 116289, "WELL_TAG_NUMBER": 121199, "IDENTIFICATION_PLATE_NUMBER": 45581, "STREET_ADDRESS": "CECIL LAKE ROAD", "CITY": "GOODLOW", "LEGAL_LOT": null, "LEGAL_PLAN": null, "LEGAL_DISTRICT_LOT": null, "LEGAL_PID": 5020468, "WELL_LOCATION_DESCRIPTION": "SE, 5, 85, 14, W6", "COORDINATE_ACQUISITION_CODE": "H", "WELL_STATUS": "New", "WELL_CLASS": "Water Supply", "WELL_SUBCLASS": "Not Applicable", "INTENDED_WATER_USE": "Private Domestic", "WELL_DETAILS_URL": "https://apps.nrs.gov.bc.ca/gwells/well/121199", "LICENCE_STATUS": "Unlicensed", "AQUIFER_ID": null, "PERSON_RESPONSIBLE": "Bruce Haynes", "COMPANY_OF_PERSON_RESPONSIBLE": "Anderson Water Services Ltd.", "FINISHED_WELL_DEPTH": 315, "TOTAL_DEPTH_DRILLED": 315, "BEDROCK_DEPTH": 210, "YIELD": 20, "YIELD_ESTIMATION_DURATION": 1, "ARTESIAN_COND": "N", "ARTESIAN_FLOW": null, "ARTESIAN_PRESSURE": null, "STATIC_WATER_LEVEL": null, "DIAMETER": 6.625, "FINAL_CASING_STICK_UP": 24, "GROUND_ELEVATION": null, "GROUND_ELEVATION_METHOD": null, "SURFACE_SEAL_DEPTH": 60, "SURFACE_SEAL_THICKNESS": null, "SURFACE_SEAL_METHOD": "POURED", "SCREEN_INTAKE_METHOD": null, "WATER_SUPPLY_SYSTEM_NAME": null, "WATER_SUPPLY_SYSTEM_WELL_NAME": null, "CONSTRUCTION_START_DATE": "2020-08-06Z", "CONSTRUCTION_END_DATE": "2020-08-07Z", "ALTERATION_START_DATE": null, "ALTERATION_END_DATE": null, "DECOMMISSION_START_DATE": null, "DECOMMISSION_END_DATE": null, "DECOMMISSION_REASON": null, "OBSERVATION_WELL_NUMBER": null, "OBSERVATION_WELL_STATUS": null, "EMS_ID": null, "AQUIFER_MATERIAL": null, "OBJECTID": 122577639, "SE_ANNO_CAD_DATA": null}}, {"type": "Feature", "id": "WHSE_WATER_MANAGEMENT.GW_WATER_WELLS_WRBC_SVW.fid-29e471e6_19f63eee063_2042", "geometry": {"type": "Point", "coordinates": [-120.095377, 56.339732]}, "geometry_name": "GEOMETRY", "properties": {"GW_WW_SYSID": 63160, "WELL_TAG_NUMBER": 63409, "IDENTIFICATION_PLATE_NUMBER": null, "STREET_ADDRESS": " ", "CITY": "BOUNDARY LAKE", "LEGAL_LOT": " ", "LEGAL_PLAN": "14260", "LEGAL_DISTRICT_LOT": " ", "LEGAL_PID": null, "WELL_LOCATION_DESCRIPTION": " ", "COORDINATE_ACQUISITION_CODE": "G", "WELL_STATUS": "New", "WELL_CLASS": "Unknown", "WELL_SUBCLASS": null, "INTENDED_WATER_USE": "Not Applicable", "WELL_DETAILS_URL": "https://apps.nrs.gov.bc.ca/gwells/well/63409", "LICENCE_STATUS": "Unlicensed", "AQUIFER_ID": null, "PERSON_RESPONSIBLE": " ", "COMPANY_OF_PERSON_RESPONSIBLE": "Cliff Baker Drilling", "FINISHED_WELL_DEPTH": 240, "TOTAL_DEPTH_DRILLED": null, "BEDROCK_DEPTH": null, "YIELD": 0, "YIELD_ESTIMATION_DURATION": null, "ARTESIAN_COND": "N", "ARTESIAN_FLOW": null, "ARTESIAN_PRESSURE": null, "STATIC_WATER_LEVEL": null, "DIAMETER": null, "FINAL_CASING_STICK_UP": null, "GROUND_ELEVATION": null, "GROUND_ELEVATION_METHOD": "UNKNOWN", "SURFACE_SEAL_DEPTH": null, "SURFACE_SEAL_THICKNESS": null, "SURFACE_SEAL_METHOD": null, "SCREEN_INTAKE_METHOD": null, "WATER_SUPPLY_SYSTEM_NAME": null, "WATER_SUPPLY_SYSTEM_WELL_NAME": null, "CONSTRUCTION_START_DATE": null, "CONSTRUCTION_END_DATE": null, "ALTERATION_START_DATE": null, "ALTERATION_END_DATE": null, "DECOMMISSION_START_DATE": null, "DECOMMISSION_END_DATE": null, "DECOMMISSION_REASON": null, "OBSERVATION_WELL_NUMBER": null, "OBSERVATION_WELL_STATUS": null, "EMS_ID": null, "AQUIFER_MATERIAL": "Unknown", "OBJECTID": 122524510, "SE_ANNO_CAD_DATA": null}}, {"type": "Feature", "id": "WHSE_WATER_MANAGEMENT.GW_WATER_WELLS_WRBC_SVW.fid-29e471e6_19f63eee063_2043", "geometry": {"type": "Point", "coordinates": [-120.092017, 56.339654]}, "geometry_name": "GEOMETRY", "properties": {"GW_WW_SYSID": 63161, "WELL_TAG_NUMBER": 63410, "IDENTIFICATION_PLATE_NUMBER": null, "STREET_ADDRESS": " ", "CITY": "BOUNDARY LAKE", "LEGAL_LOT": " ", "LEGAL_PLAN": "14260", "LEGAL_DISTRICT_LOT": " ", "LEGAL_PID": null, "WELL_LOCATION_DESCRIPTION": " ", "COORDINATE_ACQUISITION_CODE": "G", "WELL_STATUS": "New", "WELL_CLASS": "Unknown", "WELL_SUBCLASS": null, "INTENDED_WATER_USE": "Not Applicable", "WELL_DETAILS_URL": "https://apps.nrs.gov.bc.ca/gwells/well/63410", "LICENCE_STATUS": "Unlicensed", "AQUIFER_ID": null, "PERSON_RESPONSIBLE": " ", "COMPANY_OF_PERSON_RESPONSIBLE": "Cliff Baker Drilling", "FINISHED_WELL_DEPTH": 240, "TOTAL_DEPTH_DRILLED": null, "BEDROCK_DEPTH": null, "YIELD": 0, "YIELD_ESTIMATION_DURATION": null, "ARTESIAN_COND": "N", "ARTESIAN_FLOW": null, "ARTESIAN_PRESSURE": null, "STATIC_WATER_LEVEL": null, "DIAMETER": null, "FINAL_CASING_STICK_UP": null, "GROUND_ELEVATION": null, "GROUND_ELEVATION_METHOD": "UNKNOWN", "SURFACE_SEAL_DEPTH": null, "SURFACE_SEAL_THICKNESS": null, "SURFACE_SEAL_METHOD": null, "SCREEN_INTAKE_METHOD": null, "WATER_SUPPLY_SYSTEM_NAME": null, "WATER_SUPPLY_SYSTEM_WELL_NAME": null, "CONSTRUCTION_START_DATE": null, "CONSTRUCTION_END_DATE": null, "ALTERATION_START_DATE": null, "ALTERATION_END_DATE": null, "DECOMMISSION_START_DATE": null, "DECOMMISSION_END_DATE": null, "DECOMMISSION_REASON": null, "OBSERVATION_WELL_NUMBER": null, "OBSERVATION_WELL_STATUS": null, "EMS_ID": null, "AQUIFER_MATERIAL": "Unknown", "OBJECTID": 122524511, "SE_ANNO_CAD_DATA": null}}, {"type": "Feature", "id": "WHSE_WATER_MANAGEMENT.GW_WATER_WELLS_WRBC_SVW.fid-29e471e6_19f63eee063_2044", "geometry": {"type": "Point", "coordinates": [-120.27091, 56.361171]}, "geometry_name": "GEOMETRY", "properties": {"GW_WW_SYSID": 22093, "WELL_TAG_NUMBER": 22134, "IDENTIFICATION_PLATE_NUMBER": null, "STREET_ADDRESS": " ", "CITY": " ", "LEGAL_LOT": " ", "LEGAL_PLAN": " ", "LEGAL_DISTRICT_LOT": " ", "LEGAL_PID": null, "WELL_LOCATION_DESCRIPTION": " ", "COORDINATE_ACQUISITION_CODE": "E", "WELL_STATUS": "New", "WELL_CLASS": "Unknown", "WELL_SUBCLASS": null, "INTENDED_WATER_USE": "Unknown Well Use", "WELL_DETAILS_URL": "https://apps.nrs.gov.bc.ca/gwells/well/22134", "LICENCE_STATUS": "Unlicensed", "AQUIFER_ID": null, "PERSON_RESPONSIBLE": " ", "COMPANY_OF_PERSON_RESPONSIBLE": "Knight's Rat Hole Drilling", "FINISHED_WELL_DEPTH": 47, "TOTAL_DEPTH_DRILLED": null, "BEDROCK_DEPTH": null, "YIELD": 0, "YIELD_ESTIMATION_DURATION": null, "ARTESIAN_COND": "N", "ARTESIAN_FLOW": null, "ARTESIAN_PRESSURE": null, "STATIC_WATER_LEVEL": null, "DIAMETER": null, "FINAL_CASING_STICK_UP": null, "GROUND_ELEVATION": null, "GROUND_ELEVATION_METHOD": "UNKNOWN", "SURFACE_SEAL_DEPTH": null, "SURFACE_SEAL_THICKNESS": null, "SURFACE_SEAL_METHOD": null, "SCREEN_INTAKE_METHOD": null, "WATER_SUPPLY_SYSTEM_NAME": null, "WATER_SUPPLY_SYSTEM_WELL_NAME": null, "CONSTRUCTION_START_DATE": "1969-01-01Z", "CONSTRUCTION_END_DATE": "1969-01-01Z", "ALTERATION_START_DATE": null, "ALTERATION_END_DATE": null, "DECOMMISSION_START_DATE": null, "DECOMMISSION_END_DATE": null, "DECOMMISSION_REASON": null, "OBSERVATION_WELL_NUMBER": null, "OBSERVATION_WELL_STATUS": null, "EMS_ID": null, "AQUIFER_MATERIAL": "Unconsolidated", "OBJECTID": 122483443, "SE_ANNO_CAD_DATA": null}}, {"type": "Feature", "id": "WHSE_WATER_MANAGEMENT.GW_WATER_WELLS_WRBC_SVW.fid-29e471e6_19f63eee063_2045", "geometry": {"type": "Point", "coordinates": [-120.63657, 56.363626]}, "geometry_name": "GEOMETRY", "properties": {"GW_WW_SYSID": 4880, "WELL_TAG_NUMBER": 4888, "IDENTIFICATION_PLATE_NUMBER": null, "STREET_ADDRESS": " ", "CITY": " ", "LEGAL_LOT": " ", "LEGAL_PLAN": " ", "LEGAL_DISTRICT_LOT": " ", "LEGAL_PID": null, "WELL_LOCATION_DESCRIPTION": " ", "COORDINATE_ACQUISITION_CODE": "E", "WELL_STATUS": "New", "WELL_CLASS": "Water Supply", "WELL_SUBCLASS": null, "INTENDED_WATER_USE": "Private Domestic", "WELL_DETAILS_URL": "https://apps.nrs.gov.bc.ca/gwells/well/4888", "LICENCE_STATUS": "Unlicensed", "AQUIFER_ID": 933, "PERSON_RESPONSIBLE": " ", "COMPANY_OF_PERSON_RESPONSIBLE": "C. & M. Drilling", "FINISHED_WELL_DEPTH": 100, "TOTAL_DEPTH_DRILLED": null, "BEDROCK_DEPTH": 83, "YIELD": 2.5, "YIELD_ESTIMATION_DURATION": null, "ARTESIAN_COND": "N", "ARTESIAN_FLOW": null, "ARTESIAN_PRESSURE": null, "STATIC_WATER_LEVEL": 94, "DIAMETER": null, "FINAL_CASING_STICK_UP": null, "GROUND_ELEVATION": null, "GROUND_ELEVATION_METHOD": "UNKNOWN", "SURFACE_SEAL_DEPTH": null, "SURFACE_SEAL_THICKNESS": null, "SURFACE_SEAL_METHOD": null, "SCREEN_INTAKE_METHOD": null, "WATER_SUPPLY_SYSTEM_NAME": null, "WATER_SUPPLY_SYSTEM_WELL_NAME": null, "CONSTRUCTION_START_DATE": "1950-01-01Z", "CONSTRUCTION_END_DATE": "1950-01-01Z", "ALTERATION_START_DATE": null, "ALTERATION_END_DATE": null, "DECOMMISSION_START_DATE": null, "DECOMMISSION_END_DATE": null, "DECOMMISSION_REASON": null, "OBSERVATION_WELL_NUMBER": null, "OBSERVATION_WELL_STATUS": null, "EMS_ID": null, "AQUIFER_MATERIAL": "Bedrock", "OBJECTID": 122466230, "SE_ANNO_CAD_DATA": null}}, {"type": "Feature", "id": "WHSE_WATER_MANAGEMENT.GW_WATER_WELLS_WRBC_SVW.fid-29e471e6_19f63eee063_2046", "geometry": {"type": "Point", "coordinates": [-120.56937, 56.385316]}, "geometry_name": "GEOMETRY", "properties": {"GW_WW_SYSID": 81187, "WELL_TAG_NUMBER": 84742, "IDENTIFICATION_PLATE_NUMBER": null, "STREET_ADDRESS": " ", "CITY": "CECIL LAKE", "LEGAL_LOT": " ", "LEGAL_PLAN": " ", "LEGAL_DISTRICT_LOT": " ", "LEGAL_PID": null, "WELL_LOCATION_DESCRIPTION": "OFF SIPHON CREEK RD; 10-23-85-17 W6M", "COORDINATE_ACQUISITION_CODE": "E", "WELL_STATUS": "New", "WELL_CLASS": "Water Supply", "WELL_SUBCLASS": "Not Applicable", "INTENDED_WATER_USE": "Commercial and Industrial", "WELL_DETAILS_URL": "https://apps.nrs.gov.bc.ca/gwells/well/84742", "LICENCE_STATUS": "Unlicensed", "AQUIFER_ID": 933, "PERSON_RESPONSIBLE": " ", "COMPANY_OF_PERSON_RESPONSIBLE": "Clearwater Drilling", "FINISHED_WELL_DEPTH": 520, "TOTAL_DEPTH_DRILLED": 520, "BEDROCK_DEPTH": 230, "YIELD": 5, "YIELD_ESTIMATION_DURATION": null, "ARTESIAN_COND": "N", "ARTESIAN_FLOW": null, "ARTESIAN_PRESSURE": null, "STATIC_WATER_LEVEL": null, "DIAMETER": 6, "FINAL_CASING_STICK_UP": null, "GROUND_ELEVATION": null, "GROUND_ELEVATION_METHOD": "UNKNOWN", "SURFACE_SEAL_DEPTH": null, "SURFACE_SEAL_THICKNESS": null, "SURFACE_SEAL_METHOD": null, "SCREEN_INTAKE_METHOD": null, "WATER_SUPPLY_SYSTEM_NAME": null, "WATER_SUPPLY_SYSTEM_WELL_NAME": null, "CONSTRUCTION_START_DATE": "2003-06-07Z", "CONSTRUCTION_END_DATE": "2003-06-07Z", "ALTERATION_START_DATE": null, "ALTERATION_END_DATE": null, "DECOMMISSION_START_DATE": null, "DECOMMISSION_END_DATE": null, "DECOMMISSION_REASON": null, "OBSERVATION_WELL_NUMBER": null, "OBSERVATION_WELL_STATUS": null, "EMS_ID": null, "AQUIFER_MATERIAL": "Bedrock", "OBJECTID": 122542537, "SE_ANNO_CAD_DATA": null}}, {"type": "Feature", "id": "WHSE_WATER_MANAGEMENT.GW_WATER_WELLS_WRBC_SVW.fid-29e471e6_19f63eee063_2047", "geometry": {"type": "Point", "coordinates": [-120.683027, 56.397433]}, "geometry_name": "GEOMETRY", "properties": {"GW_WW_SYSID": 98779, "WELL_TAG_NUMBER": 102908, "IDENTIFICATION_PLATE_NUMBER": null, "STREET_ADDRESS": " ", "CITY": " ", "LEGAL_LOT": "5 & 6", "LEGAL_PLAN": " ", "LEGAL_DISTRICT_LOT": " ", "LEGAL_PID": 14551713, "WELL_LOCATION_DESCRIPTION": "PART OF SEC 30, W6M.", "COORDINATE_ACQUISITION_CODE": "G", "WELL_STATUS": "New", "WELL_CLASS": "Water Supply", "WELL_SUBCLASS": "Not Applicable", "INTENDED_WATER_USE": "Unknown Well Use", "WELL_DETAILS_URL": "https://apps.nrs.gov.bc.ca/gwells/well/102908", "LICENCE_STATUS": "Unlicensed", "AQUIFER_ID": null, "PERSON_RESPONSIBLE": " ", "COMPANY_OF_PERSON_RESPONSIBLE": null, "FINISHED_WELL_DEPTH": 760, "TOTAL_DEPTH_DRILLED": 760, "BEDROCK_DEPTH": null, "YIELD": null, "YIELD_ESTIMATION_DURATION": null, "ARTESIAN_COND": "N", "ARTESIAN_FLOW": null, "ARTESIAN_PRESSURE": null, "STATIC_WATER_LEVEL": null, "DIAMETER": 6, "FINAL_CASING_STICK_UP": 24, "GROUND_ELEVATION": null, "GROUND_ELEVATION_METHOD": "UNKNOWN", "SURFACE_SEAL_DEPTH": null, "SURFACE_SEAL_THICKNESS": null, "SURFACE_SEAL_METHOD": null, "SCREEN_INTAKE_METHOD": null, "WATER_SUPPLY_SYSTEM_NAME": null, "WATER_SUPPLY_SYSTEM_WELL_NAME": null, "CONSTRUCTION_START_DATE": "1997-02-20Z", "CONSTRUCTION_END_DATE": "1997-02-20Z", "ALTERATION_START_DATE": null, "ALTERATION_END_DATE": null, "DECOMMISSION_START_DATE": null, "DECOMMISSION_END_DATE": null, "DECOMMISSION_REASON": null, "OBSERVATION_WELL_NUMBER": null, "OBSERVATION_WELL_STATUS": null, "EMS_ID": null, "AQUIFER_MATERIAL": "Unknown", "OBJECTID": 122560129, "SE_ANNO_CAD_DATA": null}}, {"type": "Feature", "id": "WHSE_WATER_MANAGEMENT.GW_WATER_WELLS_WRBC_SVW.fid-29e471e6_19f63eee063_2048", "geometry": {"type": "Point", "coordinates": [-120.715083, 56.413099]}, "geometry_name": "GEOMETRY", "properties": {"GW_WW_SYSID": 50790, "WELL_TAG_NUMBER": 50905, "IDENTIFICATION_PLATE_NUMBER": null, "STREET_ADDRESS": " ", "CITY": "FORT ST JOHN", "LEGAL_LOT": " ", "LEGAL_PLAN": " ", "LEGAL_DISTRICT_LOT": " ", "LEGAL_PID": null, "WELL_LOCATION_DESCRIPTION": " ", "COORDINATE_ACQUISITION_CODE": "E", "WELL_STATUS": "New", "WELL_CLASS": "Unknown", "WELL_SUBCLASS": null, "INTENDED_WATER_USE": "Unknown Well Use", "WELL_DETAILS_URL": "https://apps.nrs.gov.bc.ca/gwells/well/50905", "LICENCE_STATUS": "Unlicensed", "AQUIFER_ID": null, "PERSON_RESPONSIBLE": " ", "COMPANY_OF_PERSON_RESPONSIBLE": "I . & M.  Drilling", "FINISHED_WELL_DEPTH": 310, "TOTAL_DEPTH_DRILLED": null, "BEDROCK_DEPTH": 228, "YIELD": null, "YIELD_ESTIMATION_DURATION": null, "ARTESIAN_COND": "N", "ARTESIAN_FLOW": null, "ARTESIAN_PRESSURE": null, "STATIC_WATER_LEVEL": null, "DIAMETER": null, "FINAL_CASING_STICK_UP": null, "GROUND_ELEVATION": null, "GROUND_ELEVATION_METHOD": "UNKNOWN", "SURFACE_SEAL_DEPTH": null, "SURFACE_SEAL_THICKNESS": null, "SURFACE_SEAL_METHOD": null, "SCREEN_INTAKE_METHOD": null, "WATER_SUPPLY_SYSTEM_NAME": null, "WATER_SUPPLY_SYSTEM_WELL_NAME": null, "CONSTRUCTION_START_DATE": "1982-09-02Z", "CONSTRUCTION_END_DATE": null, "ALTERATION_START_DATE": null, "ALTERATION_END_DATE": null, "DECOMMISSION_START_DATE": null, "DECOMMISSION_END_DATE": null, "DECOMMISSION_REASON": null, "OBSERVATION_WELL_NUMBER": null, "OBSERVATION_WELL_STATUS": null, "EMS_ID": null, "AQUIFER_MATERIAL": "Unconsolidated", "OBJECTID": 122512140, "SE_ANNO_CAD_DATA": null}}, {"type": "Feature", "id": "WHSE_WATER_MANAGEMENT.GW_WATER_WELLS_WRBC_SVW.fid-29e471e6_19f63eee063_2049", "geometry": {"type": "Point", "coordinates": [-120.55527, 56.41943]}, "geometry_name": "GEOMETRY", "properties": {"GW_WW_SYSID": 59925, "WELL_TAG_NUMBER": 60092, "IDENTIFICATION_PLATE_NUMBER": null, "STREET_ADDRESS": null, "CITY": "CECIEL LAKE", "LEGAL_LOT": "NW1/4", "LEGAL_PLAN": null, "LEGAL_DISTRICT_LOT": null, "LEGAL_PID": 12665100, "WELL_LOCATION_DESCRIPTION": "North 8 miles on the 184 Road from Cecil Lake, BC", "COORDINATE_ACQUISITION_CODE": "J", "WELL_STATUS": "New", "WELL_CLASS": "Water Supply", "WELL_SUBCLASS": "Not Applicable", "INTENDED_WATER_USE": "Private Domestic", "WELL_DETAILS_URL": "https://apps.nrs.gov.bc.ca/gwells/well/60092", "LICENCE_STATUS": "Unlicensed", "AQUIFER_ID": 933, "PERSON_RESPONSIBLE": " ", "COMPANY_OF_PERSON_RESPONSIBLE": "Anderson Air Drilling", "FINISHED_WELL_DEPTH": 65, "TOTAL_DEPTH_DRILLED": null, "BEDROCK_DEPTH": 17, "YIELD": 16, "YIELD_ESTIMATION_DURATION": null, "ARTESIAN_COND": "N", "ARTESIAN_FLOW": null, "ARTESIAN_PRESSURE": null, "STATIC_WATER_LEVEL": 22, "DIAMETER": 4.5, "FINAL_CASING_STICK_UP": 24, "GROUND_ELEVATION": null, "GROUND_ELEVATION_METHOD": "UNKNOWN", "SURFACE_SEAL_DEPTH": null, "SURFACE_SEAL_THICKNESS": null, "SURFACE_SEAL_METHOD": null, "SCREEN_INTAKE_METHOD": null, "WATER_SUPPLY_SYSTEM_NAME": null, "WATER_SUPPLY_SYSTEM_WELL_NAME": null, "CONSTRUCTION_START_DATE": "1992-07-31Z", "CONSTRUCTION_END_DATE": "1992-07-31Z", "ALTERATION_START_DATE": null, "ALTERATION_END_DATE": null, "DECOMMISSION_START_DATE": null, "DECOMMISSION_END_DATE": null, "DECOMMISSION_REASON": null, "OBSERVATION_WELL_NUMBER": null, "OBSERVATION_WELL_STATUS": null, "EMS_ID": null, "AQUIFER_MATERIAL": "Unknown", "OBJECTID": 122521275, "SE_ANNO_CAD_DATA": null}}, {"type": "Feature", "id": "WHSE_WATER_MANAGEMENT.GW_WATER_WELLS_WRBC_SVW.fid-29e471e6_19f63eee063_204a", "geometry": {"type": "Point", "coordinates": [-120.585799, 56.432633]}, "geometry_name": "GEOMETRY", "properties": {"GW_WW_SYSID": 45699, "WELL_TAG_NUMBER": 45801, "IDENTIFICATION_PLATE_NUMBER": null, "STREET_ADDRESS": "SIPHON CREEK", "CITY": "CECIL LAKE", "LEGAL_LOT": " ", "LEGAL_PLAN": " ", "LEGAL_DISTRICT_LOT": " ", "LEGAL_PID": null, "WELL_LOCATION_DESCRIPTION": " ", "COORDINATE_ACQUISITION_CODE": "E", "WELL_STATUS": "New", "WELL_CLASS": "Unknown", "WELL_SUBCLASS": null, "INTENDED_WATER_USE": "Unknown Well Use", "WELL_DETAILS_URL": "https://apps.nrs.gov.bc.ca/gwells/well/45801", "LICENCE_STATUS": "Unlicensed", "AQUIFER_ID": null, "PERSON_RESPONSIBLE": " ", "COMPANY_OF_PERSON_RESPONSIBLE": "I . & M.  Drilling", "FINISHED_WELL_DEPTH": 170, "TOTAL_DEPTH_DRILLED": null, "BEDROCK_DEPTH": null, "YIELD": null, "YIELD_ESTIMATION_DURATION": null, "ARTESIAN_COND": "N", "ARTESIAN_FLOW": null, "ARTESIAN_PRESSURE": null, "STATIC_WATER_LEVEL": null, "DIAMETER": null, "FINAL_CASING_STICK_UP": null, "GROUND_ELEVATION": null, "GROUND_ELEVATION_METHOD": "UNKNOWN", "SURFACE_SEAL_DEPTH": null, "SURFACE_SEAL_THICKNESS": null, "SURFACE_SEAL_METHOD": null, "SCREEN_INTAKE_METHOD": null, "WATER_SUPPLY_SYSTEM_NAME": null, "WATER_SUPPLY_SYSTEM_WELL_NAME": null, "CONSTRUCTION_START_DATE": "1980-08-11Z", "CONSTRUCTION_END_DATE": "1980-08-11Z", "ALTERATION_START_DATE": null, "ALTERATION_END_DATE": null, "DECOMMISSION_START_DATE": null, "DECOMMISSION_END_DATE": null, "DECOMMISSION_REASON": null, "OBSERVATION_WELL_NUMBER": null, "OBSERVATION_WELL_STATUS": null, "EMS_ID": null, "AQUIFER_MATERIAL": "Unconsolidated", "OBJECTID": 122507049, "SE_ANNO_CAD_DATA": null}}, {"type": "Feature", "id": "WHSE_WATER_MANAGEMENT.GW_WATER_WELLS_WRBC_SVW.fid-29e471e6_19f63eee063_204b", "geometry": {"type": "Point", "coordinates": [-120.584908, 56.433631]}, "geometry_name": "GEOMETRY", "properties": {"GW_WW_SYSID": 46289, "WELL_TAG_NUMBER": 46392, "IDENTIFICATION_PLATE_NUMBER": null, "STREET_ADDRESS": " ", "CITY": "CECIL LAKE", "LEGAL_LOT": " ", "LEGAL_PLAN": " ", "LEGAL_DISTRICT_LOT": " ", "LEGAL_PID": null, "WELL_LOCATION_DESCRIPTION": " ", "COORDINATE_ACQUISITION_CODE": "E", "WELL_STATUS": "New", "WELL_CLASS": "Water Supply", "WELL_SUBCLASS": null, "INTENDED_WATER_USE": "Private Domestic", "WELL_DETAILS_URL": "https://apps.nrs.gov.bc.ca/gwells/well/46392", "LICENCE_STATUS": "Unlicensed", "AQUIFER_ID": 933, "PERSON_RESPONSIBLE": " ", "COMPANY_OF_PERSON_RESPONSIBLE": "Bob's Water Drilling", "FINISHED_WELL_DEPTH": 189, "TOTAL_DEPTH_DRILLED": null, "BEDROCK_DEPTH": null, "YIELD": 5, "YIELD_ESTIMATION_DURATION": null, "ARTESIAN_COND": "N", "ARTESIAN_FLOW": null, "ARTESIAN_PRESSURE": null, "STATIC_WATER_LEVEL": 176, "DIAMETER": null, "FINAL_CASING_STICK_UP": null, "GROUND_ELEVATION": null, "GROUND_ELEVATION_METHOD": "UNKNOWN", "SURFACE_SEAL_DEPTH": null, "SURFACE_SEAL_THICKNESS": null, "SURFACE_SEAL_METHOD": null, "SCREEN_INTAKE_METHOD": null, "WATER_SUPPLY_SYSTEM_NAME": null, "WATER_SUPPLY_SYSTEM_WELL_NAME": null, "CONSTRUCTION_START_DATE": "1980-10-17Z", "CONSTRUCTION_END_DATE": "1980-10-17Z", "ALTERATION_START_DATE": null, "ALTERATION_END_DATE": null, "DECOMMISSION_START_DATE": null, "DECOMMISSION_END_DATE": null, "DECOMMISSION_REASON": null, "OBSERVATION_WELL_NUMBER": null, "OBSERVATION_WELL_STATUS": null, "EMS_ID": null, "AQUIFER_MATERIAL": "Unconsolidated", "OBJECTID": 122507639, "SE_ANNO_CAD_DATA": null}}, {"type": "Feature", "id": "WHSE_WATER_MANAGEMENT.GW_WATER_WELLS_WRBC_SVW.fid-29e471e6_19f63eee063_204c", "geometry": {"type": "Point", "coordinates": [-120.587465, 56.433995]}, "geometry_name": "GEOMETRY", "properties": {"GW_WW_SYSID": 45700, "WELL_TAG_NUMBER": 45802, "IDENTIFICATION_PLATE_NUMBER": null, "STREET_ADDRESS": "SIPHON CREEK", "CITY": "CECIL LAKE", "LEGAL_LOT": " ", "LEGAL_PLAN": " ", "LEGAL_DISTRICT_LOT": " ", "LEGAL_PID": null, "WELL_LOCATION_DESCRIPTION": " ", "COORDINATE_ACQUISITION_CODE": "E", "WELL_STATUS": "New", "WELL_CLASS": "Water Supply", "WELL_SUBCLASS": null, "INTENDED_WATER_USE": "Private Domestic", "WELL_DETAILS_URL": "https://apps.nrs.gov.bc.ca/gwells/well/45802", "LICENCE_STATUS": "Unlicensed", "AQUIFER_ID": 933, "PERSON_RESPONSIBLE": " ", "COMPANY_OF_PERSON_RESPONSIBLE": "I . & M.  Drilling", "FINISHED_WELL_DEPTH": 130, "TOTAL_DEPTH_DRILLED": null, "BEDROCK_DEPTH": null, "YIELD": 1.5, "YIELD_ESTIMATION_DURATION": null, "ARTESIAN_COND": "N", "ARTESIAN_FLOW": null, "ARTESIAN_PRESSURE": null, "STATIC_WATER_LEVEL": 23, "DIAMETER": null, "FINAL_CASING_STICK_UP": null, "GROUND_ELEVATION": null, "GROUND_ELEVATION_METHOD": "UNKNOWN", "SURFACE_SEAL_DEPTH": null, "SURFACE_SEAL_THICKNESS": null, "SURFACE_SEAL_METHOD": null, "SCREEN_INTAKE_METHOD": null, "WATER_SUPPLY_SYSTEM_NAME": null, "WATER_SUPPLY_SYSTEM_WELL_NAME": null, "CONSTRUCTION_START_DATE": "1980-08-11Z", "CONSTRUCTION_END_DATE": "1980-08-11Z", "ALTERATION_START_DATE": null, "ALTERATION_END_DATE": null, "DECOMMISSION_START_DATE": null, "DECOMMISSION_END_DATE": null, "DECOMMISSION_REASON": null, "OBSERVATION_WELL_NUMBER": null, "OBSERVATION_WELL_STATUS": null, "EMS_ID": null, "AQUIFER_MATERIAL": "Unconsolidated", "OBJECTID": 122507050, "SE_ANNO_CAD_DATA": null}}, {"type": "Feature", "id": "WHSE_WATER_MANAGEMENT.GW_WATER_WELLS_WRBC_SVW.fid-29e471e6_19f63eee063_204d", "geometry": {"type": "Point", "coordinates": [-120.578667, 56.434183]}, "geometry_name": "GEOMETRY", "properties": {"GW_WW_SYSID": 105554, "WELL_TAG_NUMBER": 109981, "IDENTIFICATION_PLATE_NUMBER": 38909, "STREET_ADDRESS": "SHEAF ROAD", "CITY": "CECIL LAKE", "LEGAL_LOT": " ", "LEGAL_PLAN": " ", "LEGAL_DISTRICT_LOT": " ", "LEGAL_PID": 14069547, "WELL_LOCATION_DESCRIPTION": "N 13 2 86 17 W6", "COORDINATE_ACQUISITION_CODE": "H", "WELL_STATUS": "New", "WELL_CLASS": "Water Supply", "WELL_SUBCLASS": "Not Applicable", "INTENDED_WATER_USE": "Water Supply System", "WELL_DETAILS_URL": "https://apps.nrs.gov.bc.ca/gwells/well/109981", "LICENCE_STATUS": "Unlicensed", "AQUIFER_ID": null, "PERSON_RESPONSIBLE": " ", "COMPANY_OF_PERSON_RESPONSIBLE": "Anderson Water Serv", "FINISHED_WELL_DEPTH": 340, "TOTAL_DEPTH_DRILLED": 340, "BEDROCK_DEPTH": 265, "YIELD": 20, "YIELD_ESTIMATION_DURATION": 1.5, "ARTESIAN_COND": "N", "ARTESIAN_FLOW": null, "ARTESIAN_PRESSURE": null, "STATIC_WATER_LEVEL": 276, "DIAMETER": 6.62, "FINAL_CASING_STICK_UP": 20, "GROUND_ELEVATION": 2272, "GROUND_ELEVATION_METHOD": "UNKNOWN", "SURFACE_SEAL_DEPTH": 60, "SURFACE_SEAL_THICKNESS": 1, "SURFACE_SEAL_METHOD": "POURED", "SCREEN_INTAKE_METHOD": "SCREEN", "WATER_SUPPLY_SYSTEM_NAME": null, "WATER_SUPPLY_SYSTEM_WELL_NAME": null, "CONSTRUCTION_START_DATE": "2014-10-16Z", "CONSTRUCTION_END_DATE": "2014-10-17Z", "ALTERATION_START_DATE": null, "ALTERATION_END_DATE": null, "DECOMMISSION_START_DATE": null, "DECOMMISSION_END_DATE": null, "DECOMMISSION_REASON": null, "OBSERVATION_WELL_NUMBER": null, "OBSERVATION_WELL_STATUS": null, "EMS_ID": null, "AQUIFER_MATERIAL": "Unknown", "OBJECTID": 122566904, "SE_ANNO_CAD_DATA": null}}, {"type": "Feature", "id": "WHSE_WATER_MANAGEMENT.GW_WATER_WELLS_WRBC_SVW.fid-29e471e6_19f63eee063_204e", "geometry": {"type": "Point", "coordinates": [-120.55638, 56.44159]}, "geometry_name": "GEOMETRY", "properties": {"GW_WW_SYSID": 107830, "WELL_TAG_NUMBER": 112326, "IDENTIFICATION_PLATE_NUMBER": 31945, "STREET_ADDRESS": "15293 N Siphon Creek Road", "CITY": "Cecil Lake Road", "LEGAL_LOT": null, "LEGAL_PLAN": null, "LEGAL_DISTRICT_LOT": null, "LEGAL_PID": 14551632, "WELL_LOCATION_DESCRIPTION": "Left side of house by shop", "COORDINATE_ACQUISITION_CODE": "H", "WELL_STATUS": "Alteration", "WELL_CLASS": "Water Supply", "WELL_SUBCLASS": "Not Applicable", "INTENDED_WATER_USE": "Water Supply System", "WELL_DETAILS_URL": "https://apps.nrs.gov.bc.ca/gwells/well/112326", "LICENCE_STATUS": "Unlicensed", "AQUIFER_ID": null, "PERSON_RESPONSIBLE": "William (Bill) Wiebe", "COMPANY_OF_PERSON_RESPONSIBLE": "Anderson Water Services Ltd.", "FINISHED_WELL_DEPTH": 604, "TOTAL_DEPTH_DRILLED": 509, "BEDROCK_DEPTH": 12, "YIELD": 1, "YIELD_ESTIMATION_DURATION": 0.5, "ARTESIAN_COND": "N", "ARTESIAN_FLOW": null, "ARTESIAN_PRESSURE": null, "STATIC_WATER_LEVEL": 442, "DIAMETER": 6.63, "FINAL_CASING_STICK_UP": 24, "GROUND_ELEVATION": null, "GROUND_ELEVATION_METHOD": "UNKNOWN", "SURFACE_SEAL_DEPTH": 30, "SURFACE_SEAL_THICKNESS": null, "SURFACE_SEAL_METHOD": "POURED", "SCREEN_INTAKE_METHOD": null, "WATER_SUPPLY_SYSTEM_NAME": null, "WATER_SUPPLY_SYSTEM_WELL_NAME": null, "CONSTRUCTION_START_DATE": "2016-08-15Z", "CONSTRUCTION_END_DATE": "2016-08-15Z", "ALTERATION_START_DATE": "2016-09-27Z", "ALTERATION_END_DATE": "2016-09-30Z", "DECOMMISSION_START_DATE": null, "DECOMMISSION_END_DATE": null, "DECOMMISSION_REASON": null, "OBSERVATION_WELL_NUMBER": null, "OBSERVATION_WELL_STATUS": null, "EMS_ID": null, "AQUIFER_MATERIAL": "Unknown", "OBJECTID": 122569180, "SE_ANNO_CAD_DATA": null}}, {"type": "Feature", "id": "WHSE_WATER_MANAGEMENT.GW_WATER_WELLS_WRBC_SVW.fid-29e471e6_19f63eee063_204f", "geometry": {"type": "Point", "coordinates": [-120.060678, 56.204167]}, "geometry_name": "GEOMETRY", "properties": {"GW_WW_SYSID": 46287, "WELL_TAG_NUMBER": 46390, "IDENTIFICATION_PLATE_NUMBER": null, "STREET_ADDRESS": " ", "CITY": "CLAYHURST", "LEGAL_LOT": "2", "LEGAL_PLAN": "30653", "LEGAL_DISTRICT_LOT": " ", "LEGAL_PID": null, "WELL_LOCATION_DESCRIPTION": " ", "COORDINATE_ACQUISITION_CODE": "E", "WELL_STATUS": "New", "WELL_CLASS": "Unknown", "WELL_SUBCLASS": null, "INTENDED_WATER_USE": "Unknown Well Use", "WELL_DETAILS_URL": "https://apps.nrs.gov.bc.ca/gwells/well/46390", "LICENCE_STATUS": "Unlicensed", "AQUIFER_ID": 690, "PERSON_RESPONSIBLE": " ", "COMPANY_OF_PERSON_RESPONSIBLE": "B. & W. Drilling", "FINISHED_WELL_DEPTH": 100, "TOTAL_DEPTH_DRILLED": null, "BEDROCK_DEPTH": null, "YIELD": 20, "YIELD_ESTIMATION_DURATION": null, "ARTESIAN_COND": "N", "ARTESIAN_FLOW": null, "ARTESIAN_PRESSURE": null, "STATIC_WATER_LEVEL": 40, "DIAMETER": null, "FINAL_CASING_STICK_UP": null, "GROUND_ELEVATION": null, "GROUND_ELEVATION_METHOD": "UNKNOWN", "SURFACE_SEAL_DEPTH": null, "SURFACE_SEAL_THICKNESS": null, "SURFACE_SEAL_METHOD": null, "SCREEN_INTAKE_METHOD": null, "WATER_SUPPLY_SYSTEM_NAME": null, "WATER_SUPPLY_SYSTEM_WELL_NAME": null, "CONSTRUCTION_START_DATE": "1980-10-17Z", "CONSTRUCTION_END_DATE": "1980-10-17Z", "ALTERATION_START_DATE": null, "ALTERATION_END_DATE": null, "DECOMMISSION_START_DATE": null, "DECOMMISSION_END_DATE": null, "DECOMMISSION_REASON": null, "OBSERVATION_WELL_NUMBER": null, "OBSERVATION_WELL_STATUS": null, "EMS_ID": null, "AQUIFER_MATERIAL": "Unconsolidated", "OBJECTID": 122507637, "SE_ANNO_CAD_DATA": null}}, {"type": "Feature", "id": "WHSE_WATER_MANAGEMENT.GW_WATER_WELLS_WRBC_SVW.fid-29e471e6_19f63eee063_2050", "geometry": {"type": "Point", "coordinates": [-120.054807, 56.206077]}, "geometry_name": "GEOMETRY", "properties": {"GW_WW_SYSID": 19032, "WELL_TAG_NUMBER": 19068, "IDENTIFICATION_PLATE_NUMBER": null, "STREET_ADDRESS": " ", "CITY": " ", "LEGAL_LOT": " ", "LEGAL_PLAN": " ", "LEGAL_DISTRICT_LOT": " ", "LEGAL_PID": null, "WELL_LOCATION_DESCRIPTION": " ", "COORDINATE_ACQUISITION_CODE": "E", "WELL_STATUS": "New", "WELL_CLASS": "Water Supply", "WELL_SUBCLASS": null, "INTENDED_WATER_USE": "Private Domestic", "WELL_DETAILS_URL": "https://apps.nrs.gov.bc.ca/gwells/well/19068", "LICENCE_STATUS": "Unlicensed", "AQUIFER_ID": 690, "PERSON_RESPONSIBLE": " ", "COMPANY_OF_PERSON_RESPONSIBLE": "Knight's Rat Hole Drilling", "FINISHED_WELL_DEPTH": 40, "TOTAL_DEPTH_DRILLED": null, "BEDROCK_DEPTH": null, "YIELD": 0, "YIELD_ESTIMATION_DURATION": null, "ARTESIAN_COND": "N", "ARTESIAN_FLOW": null, "ARTESIAN_PRESSURE": null, "STATIC_WATER_LEVEL": 20, "DIAMETER": null, "FINAL_CASING_STICK_UP": null, "GROUND_ELEVATION": null, "GROUND_ELEVATION_METHOD": "UNKNOWN", "SURFACE_SEAL_DEPTH": null, "SURFACE_SEAL_THICKNESS": null, "SURFACE_SEAL_METHOD": null, "SCREEN_INTAKE_METHOD": null, "WATER_SUPPLY_SYSTEM_NAME": null, "WATER_SUPPLY_SYSTEM_WELL_NAME": null, "CONSTRUCTION_START_DATE": "1965-01-01Z", "CONSTRUCTION_END_DATE": "1965-01-01Z", "ALTERATION_START_DATE": null, "ALTERATION_END_DATE": null, "DECOMMISSION_START_DATE": null, "DECOMMISSION_END_DATE": null, "DECOMMISSION_REASON": null, "OBSERVATION_WELL_NUMBER": null, "OBSERVATION_WELL_STATUS": null, "EMS_ID": null, "AQUIFER_MATERIAL": "Unconsolidated", "OBJECTID": 122480382, "SE_ANNO_CAD_DATA": null}}, {"type": "Feature", "id": "WHSE_WATER_MANAGEMENT.GW_WATER_WELLS_WRBC_SVW.fid-29e471e6_19f63eee063_2051", "geometry": {"type": "Point", "coordinates": [-120.289362, 56.221385]}, "geometry_name": "GEOMETRY", "properties": {"GW_WW_SYSID": 31729, "WELL_TAG_NUMBER": 31794, "IDENTIFICATION_PLATE_NUMBER": null, "STREET_ADDRESS": " ", "CITY": "TAYLOR", "LEGAL_LOT": " ", "LEGAL_PLAN": " ", "LEGAL_DISTRICT_LOT": " ", "LEGAL_PID": null, "WELL_LOCATION_DESCRIPTION": " ", "COORDINATE_ACQUISITION_CODE": "D", "WELL_STATUS": "New", "WELL_CLASS": "Unknown", "WELL_SUBCLASS": null, "INTENDED_WATER_USE": "Unknown Well Use", "WELL_DETAILS_URL": "https://apps.nrs.gov.bc.ca/gwells/well/31794", "LICENCE_STATUS": "Unlicensed", "AQUIFER_ID": null, "PERSON_RESPONSIBLE": " ", "COMPANY_OF_PERSON_RESPONSIBLE": "Cliff Baker Drilling", "FINISHED_WELL_DEPTH": 450, "TOTAL_DEPTH_DRILLED": null, "BEDROCK_DEPTH": 35, "YIELD": null, "YIELD_ESTIMATION_DURATION": null, "ARTESIAN_COND": "N", "ARTESIAN_FLOW": null, "ARTESIAN_PRESSURE": null, "STATIC_WATER_LEVEL": null, "DIAMETER": null, "FINAL_CASING_STICK_UP": null, "GROUND_ELEVATION": null, "GROUND_ELEVATION_METHOD": "UNKNOWN", "SURFACE_SEAL_DEPTH": null, "SURFACE_SEAL_THICKNESS": null, "SURFACE_SEAL_METHOD": null, "SCREEN_INTAKE_METHOD": null, "WATER_SUPPLY_SYSTEM_NAME": null, "WATER_SUPPLY_SYSTEM_WELL_NAME": null, "CONSTRUCTION_START_DATE": "1974-12-30Z", "CONSTRUCTION_END_DATE": "1974-12-30Z", "ALTERATION_START_DATE": null, "ALTERATION_END_DATE": null, "DECOMMISSION_START_DATE": null, "DECOMMISSION_END_DATE": null, "DECOMMISSION_REASON": null, "OBSERVATION_WELL_NUMBER": null, "OBSERVATION_WELL_STATUS": null, "EMS_ID": null, "AQUIFER_MATERIAL": "Bedrock", "OBJECTID": 122493079, "SE_ANNO_CAD_DATA": null}}, {"type": "Feature", "id": "WHSE_WATER_MANAGEMENT.GW_WATER_WELLS_WRBC_SVW.fid-29e471e6_19f63eee063_2052", "geometry": {"type": "Point", "coordinates": [-120.17204, 56.21616]}, "geometry_name": "GEOMETRY", "properties": {"GW_WW_SYSID": 20412, "WELL_TAG_NUMBER": 20452, "IDENTIFICATION_PLATE_NUMBER": null, "STREET_ADDRESS": null, "CITY": null, "LEGAL_LOT": null, "LEGAL_PLAN": null, "LEGAL_DISTRICT_LOT": null, "LEGAL_PID": null, "WELL_LOCATION_DESCRIPTION": null, "COORDINATE_ACQUISITION_CODE": "E", "WELL_STATUS": "Abandoned", "WELL_CLASS": "Unknown", "WELL_SUBCLASS": null, "INTENDED_WATER_USE": "Not Applicable", "WELL_DETAILS_URL": "https://apps.nrs.gov.bc.ca/gwells/well/20452", "LICENCE_STATUS": "Unlicensed", "AQUIFER_ID": 448, "PERSON_RESPONSIBLE": " ", "COMPANY_OF_PERSON_RESPONSIBLE": "Smith", "FINISHED_WELL_DEPTH": 148, "TOTAL_DEPTH_DRILLED": null, "BEDROCK_DEPTH": null, "YIELD": 0, "YIELD_ESTIMATION_DURATION": null, "ARTESIAN_COND": "N", "ARTESIAN_FLOW": null, "ARTESIAN_PRESSURE": null, "STATIC_WATER_LEVEL": null, "DIAMETER": null, "FINAL_CASING_STICK_UP": null, "GROUND_ELEVATION": null, "GROUND_ELEVATION_METHOD": "UNKNOWN", "SURFACE_SEAL_DEPTH": null, "SURFACE_SEAL_THICKNESS": null, "SURFACE_SEAL_METHOD": null, "SCREEN_INTAKE_METHOD": null, "WATER_SUPPLY_SYSTEM_NAME": null, "WATER_SUPPLY_SYSTEM_WELL_NAME": null, "CONSTRUCTION_START_DATE": "1967-01-01Z", "CONSTRUCTION_END_DATE": "1967-01-01Z", "ALTERATION_START_DATE": null, "ALTERATION_END_DATE": null, "DECOMMISSION_START_DATE": null, "DECOMMISSION_END_DATE": null, "DECOMMISSION_REASON": null, "OBSERVATION_WELL_NUMBER": null, "OBSERVATION_WELL_STATUS": null, "EMS_ID": null, "AQUIFER_MATERIAL": "Unconsolidated", "OBJECTID": 122481762, "SE_ANNO_CAD_DATA": null}}, {"type": "Feature", "id": "WHSE_WATER_MANAGEMENT.GW_WATER_WELLS_WRBC_SVW.fid-29e471e6_19f63eee063_2053", "geometry": {"type": "Point", "coordinates": [-120.184525, 56.217675]}, "geometry_name": "GEOMETRY", "properties": {"GW_WW_SYSID": 20406, "WELL_TAG_NUMBER": 20446, "IDENTIFICATION_PLATE_NUMBER": null, "STREET_ADDRESS": " ", "CITY": " ", "LEGAL_LOT": " ", "LEGAL_PLAN": " ", "LEGAL_DISTRICT_LOT": " ", "LEGAL_PID": null, "WELL_LOCATION_DESCRIPTION": " ", "COORDINATE_ACQUISITION_CODE": "E", "WELL_STATUS": "New", "WELL_CLASS": "Water Supply", "WELL_SUBCLASS": null, "INTENDED_WATER_USE": "Private Domestic", "WELL_DETAILS_URL": "https://apps.nrs.gov.bc.ca/gwells/well/20446", "LICENCE_STATUS": "Unlicensed", "AQUIFER_ID": 448, "PERSON_RESPONSIBLE": " ", "COMPANY_OF_PERSON_RESPONSIBLE": "Smith", "FINISHED_WELL_DEPTH": 130, "TOTAL_DEPTH_DRILLED": null, "BEDROCK_DEPTH": null, "YIELD": 0, "YIELD_ESTIMATION_DURATION": null, "ARTESIAN_COND": "N", "ARTESIAN_FLOW": null, "ARTESIAN_PRESSURE": null, "STATIC_WATER_LEVEL": null, "DIAMETER": null, "FINAL_CASING_STICK_UP": null, "GROUND_ELEVATION": null, "GROUND_ELEVATION_METHOD": "UNKNOWN", "SURFACE_SEAL_DEPTH": null, "SURFACE_SEAL_THICKNESS": null, "SURFACE_SEAL_METHOD": null, "SCREEN_INTAKE_METHOD": null, "WATER_SUPPLY_SYSTEM_NAME": null, "WATER_SUPPLY_SYSTEM_WELL_NAME": null, "CONSTRUCTION_START_DATE": "1967-01-01Z", "CONSTRUCTION_END_DATE": "1967-01-01Z", "ALTERATION_START_DATE": null, "ALTERATION_END_DATE": null, "DECOMMISSION_START_DATE": null, "DECOMMISSION_END_DATE": null, "DECOMMISSION_REASON": null, "OBSERVATION_WELL_NUMBER": null, "OBSERVATION_WELL_STATUS": null, "EMS_ID": null, "AQUIFER_MATERIAL": "Unconsolidated", "OBJECTID": 122481756, "SE_ANNO_CAD_DATA": null}}, {"type": "Feature", "id": "WHSE_WATER_MANAGEMENT.GW_WATER_WELLS_WRBC_SVW.fid-29e471e6_19f63eee063_2054", "geometry": {"type": "Point", "coordinates": [-120.181703, 56.217881]}, "geometry_name": "GEOMETRY", "properties": {"GW_WW_SYSID": 43548, "WELL_TAG_NUMBER": 43642, "IDENTIFICATION_PLATE_NUMBER": null, "STREET_ADDRESS": " ", "CITY": "FLAT ROCK", "LEGAL_LOT": " ", "LEGAL_PLAN": " ", "LEGAL_DISTRICT_LOT": " ", "LEGAL_PID": null, "WELL_LOCATION_DESCRIPTION": " ", "COORDINATE_ACQUISITION_CODE": "E", "WELL_STATUS": "New", "WELL_CLASS": "Unknown", "WELL_SUBCLASS": null, "INTENDED_WATER_USE": "Unknown Well Use", "WELL_DETAILS_URL": "https://apps.nrs.gov.bc.ca/gwells/well/43642", "LICENCE_STATUS": "Unlicensed", "AQUIFER_ID": 448, "PERSON_RESPONSIBLE": " ", "COMPANY_OF_PERSON_RESPONSIBLE": "I . & M.  Drilling", "FINISHED_WELL_DEPTH": 170, "TOTAL_DEPTH_DRILLED": null, "BEDROCK_DEPTH": 75, "YIELD": null, "YIELD_ESTIMATION_DURATION": null, "ARTESIAN_COND": "N", "ARTESIAN_FLOW": null, "ARTESIAN_PRESSURE": null, "STATIC_WATER_LEVEL": null, "DIAMETER": null, "FINAL_CASING_STICK_UP": null, "GROUND_ELEVATION": null, "GROUND_ELEVATION_METHOD": "UNKNOWN", "SURFACE_SEAL_DEPTH": null, "SURFACE_SEAL_THICKNESS": null, "SURFACE_SEAL_METHOD": null, "SCREEN_INTAKE_METHOD": null, "WATER_SUPPLY_SYSTEM_NAME": null, "WATER_SUPPLY_SYSTEM_WELL_NAME": null, "CONSTRUCTION_START_DATE": "1979-10-15Z", "CONSTRUCTION_END_DATE": "1979-10-15Z", "ALTERATION_START_DATE": null, "ALTERATION_END_DATE": null, "DECOMMISSION_START_DATE": null, "DECOMMISSION_END_DATE": null, "DECOMMISSION_REASON": null, "OBSERVATION_WELL_NUMBER": null, "OBSERVATION_WELL_STATUS": null, "EMS_ID": null, "AQUIFER_MATERIAL": "Unconsolidated", "OBJECTID": 122504898, "SE_ANNO_CAD_DATA": null}}, {"type": "Feature", "id": "WHSE_WATER_MANAGEMENT.GW_WATER_WELLS_WRBC_SVW.fid-29e471e6_19f63eee063_2055", "geometry": {"type": "Point", "coordinates": [-120.179122, 56.217876]}, "geometry_name": "GEOMETRY", "properties": {"GW_WW_SYSID": 43586, "WELL_TAG_NUMBER": 43680, "IDENTIFICATION_PLATE_NUMBER": null, "STREET_ADDRESS": " ", "CITY": "FLAT ROCK", "LEGAL_LOT": " ", "LEGAL_PLAN": " ", "LEGAL_DISTRICT_LOT": " ", "LEGAL_PID": null, "WELL_LOCATION_DESCRIPTION": " ", "COORDINATE_ACQUISITION_CODE": "E", "WELL_STATUS": "New", "WELL_CLASS": "Unknown", "WELL_SUBCLASS": null, "INTENDED_WATER_USE": "Unknown Well Use", "WELL_DETAILS_URL": "https://apps.nrs.gov.bc.ca/gwells/well/43680", "LICENCE_STATUS": "Unlicensed", "AQUIFER_ID": 448, "PERSON_RESPONSIBLE": " ", "COMPANY_OF_PERSON_RESPONSIBLE": "I . & M.  Drilling", "FINISHED_WELL_DEPTH": 202, "TOTAL_DEPTH_DRILLED": null, "BEDROCK_DEPTH": 60, "YIELD": null, "YIELD_ESTIMATION_DURATION": null, "ARTESIAN_COND": "N", "ARTESIAN_FLOW": null, "ARTESIAN_PRESSURE": null, "STATIC_WATER_LEVEL": null, "DIAMETER": null, "FINAL_CASING_STICK_UP": null, "GROUND_ELEVATION": null, "GROUND_ELEVATION_METHOD": "UNKNOWN", "SURFACE_SEAL_DEPTH": null, "SURFACE_SEAL_THICKNESS": null, "SURFACE_SEAL_METHOD": null, "SCREEN_INTAKE_METHOD": null, "WATER_SUPPLY_SYSTEM_NAME": null, "WATER_SUPPLY_SYSTEM_WELL_NAME": null, "CONSTRUCTION_START_DATE": "1979-10-19Z", "CONSTRUCTION_END_DATE": "1979-10-19Z", "ALTERATION_START_DATE": null, "ALTERATION_END_DATE": null, "DECOMMISSION_START_DATE": null, "DECOMMISSION_END_DATE": null, "DECOMMISSION_REASON": null, "OBSERVATION_WELL_NUMBER": null, "OBSERVATION_WELL_STATUS": null, "EMS_ID": null, "AQUIFER_MATERIAL": "Bedrock", "OBJECTID": 122504936, "SE_ANNO_CAD_DATA": null}}, {"type": "Feature", "id": "WHSE_WATER_MANAGEMENT.GW_WATER_WELLS_WRBC_SVW.fid-29e471e6_19f63eee063_2056", "geometry": {"type": "Point", "coordinates": [-120.164647, 56.217931]}, "geometry_name": "GEOMETRY", "properties": {"GW_WW_SYSID": 43530, "WELL_TAG_NUMBER": 43624, "IDENTIFICATION_PLATE_NUMBER": null, "STREET_ADDRESS": " ", "CITY": "FLAT ROCK", "LEGAL_LOT": " ", "LEGAL_PLAN": " ", "LEGAL_DISTRICT_LOT": " ", "LEGAL_PID": null, "WELL_LOCATION_DESCRIPTION": " ", "COORDINATE_ACQUISITION_CODE": "E", "WELL_STATUS": "New", "WELL_CLASS": "Unknown", "WELL_SUBCLASS": null, "INTENDED_WATER_USE": "Unknown Well Use", "WELL_DETAILS_URL": "https://apps.nrs.gov.bc.ca/gwells/well/43624", "LICENCE_STATUS": "Unlicensed", "AQUIFER_ID": 650, "PERSON_RESPONSIBLE": " ", "COMPANY_OF_PERSON_RESPONSIBLE": "I . & M.  Drilling", "FINISHED_WELL_DEPTH": 107, "TOTAL_DEPTH_DRILLED": null, "BEDROCK_DEPTH": null, "YIELD": 6, "YIELD_ESTIMATION_DURATION": null, "ARTESIAN_COND": "N", "ARTESIAN_FLOW": null, "ARTESIAN_PRESSURE": null, "STATIC_WATER_LEVEL": null, "DIAMETER": null, "FINAL_CASING_STICK_UP": null, "GROUND_ELEVATION": null, "GROUND_ELEVATION_METHOD": "UNKNOWN", "SURFACE_SEAL_DEPTH": null, "SURFACE_SEAL_THICKNESS": null, "SURFACE_SEAL_METHOD": null, "SCREEN_INTAKE_METHOD": null, "WATER_SUPPLY_SYSTEM_NAME": null, "WATER_SUPPLY_SYSTEM_WELL_NAME": null, "CONSTRUCTION_START_DATE": "1979-10-11Z", "CONSTRUCTION_END_DATE": "1979-10-11Z", "ALTERATION_START_DATE": null, "ALTERATION_END_DATE": null, "DECOMMISSION_START_DATE": null, "DECOMMISSION_END_DATE": null, "DECOMMISSION_REASON": null, "OBSERVATION_WELL_NUMBER": null, "OBSERVATION_WELL_STATUS": null, "EMS_ID": null, "AQUIFER_MATERIAL": "Unconsolidated", "OBJECTID": 122504880, "SE_ANNO_CAD_DATA": null}}, {"type": "Feature", "id": "WHSE_WATER_MANAGEMENT.GW_WATER_WELLS_WRBC_SVW.fid-29e471e6_19f63eee063_2057", "geometry": {"type": "Point", "coordinates": [-120.11174, 56.21655]}, "geometry_name": "GEOMETRY", "properties": {"GW_WW_SYSID": 46288, "WELL_TAG_NUMBER": 46391, "IDENTIFICATION_PLATE_NUMBER": 53623, "STREET_ADDRESS": null, "CITY": "CLAYHURST", "LEGAL_LOT": null, "LEGAL_PLAN": null, "LEGAL_DISTRICT_LOT": null, "LEGAL_PID": 14536153, "WELL_LOCATION_DESCRIPTION": "Behind house", "COORDINATE_ACQUISITION_CODE": "A", "WELL_STATUS": "New", "WELL_CLASS": "Water Supply", "WELL_SUBCLASS": null, "INTENDED_WATER_USE": "Water Supply System", "WELL_DETAILS_URL": "https://apps.nrs.gov.bc.ca/gwells/well/46391", "LICENCE_STATUS": "Unlicensed", "AQUIFER_ID": 448, "PERSON_RESPONSIBLE": " ", "COMPANY_OF_PERSON_RESPONSIBLE": "B. & W. Drilling", "FINISHED_WELL_DEPTH": 190, "TOTAL_DEPTH_DRILLED": null, "BEDROCK_DEPTH": 120, "YIELD": 15, "YIELD_ESTIMATION_DURATION": 2, "ARTESIAN_COND": "N", "ARTESIAN_FLOW": null, "ARTESIAN_PRESSURE": null, "STATIC_WATER_LEVEL": 60, "DIAMETER": 6, "FINAL_CASING_STICK_UP": 36, "GROUND_ELEVATION": null, "GROUND_ELEVATION_METHOD": "UNKNOWN", "SURFACE_SEAL_DEPTH": null, "SURFACE_SEAL_THICKNESS": null, "SURFACE_SEAL_METHOD": null, "SCREEN_INTAKE_METHOD": null, "WATER_SUPPLY_SYSTEM_NAME": null, "WATER_SUPPLY_SYSTEM_WELL_NAME": null, "CONSTRUCTION_START_DATE": "1980-10-17Z", "CONSTRUCTION_END_DATE": "1980-10-17Z", "ALTERATION_START_DATE": null, "ALTERATION_END_DATE": null, "DECOMMISSION_START_DATE": null, "DECOMMISSION_END_DATE": null, "DECOMMISSION_REASON": null, "OBSERVATION_WELL_NUMBER": null, "OBSERVATION_WELL_STATUS": null, "EMS_ID": null, "AQUIFER_MATERIAL": "Bedrock", "OBJECTID": 122507638, "SE_ANNO_CAD_DATA": null}}, {"type": "Feature", "id": "WHSE_WATER_MANAGEMENT.GW_WATER_WELLS_WRBC_SVW.fid-29e471e6_19f63eee063_2058", "geometry": {"type": "Point", "coordinates": [-120.108731, 56.216663]}, "geometry_name": "GEOMETRY", "properties": {"GW_WW_SYSID": 40509, "WELL_TAG_NUMBER": 40595, "IDENTIFICATION_PLATE_NUMBER": null, "STREET_ADDRESS": "GOODLOW STORE", "CITY": " ", "LEGAL_LOT": " ", "LEGAL_PLAN": " ", "LEGAL_DISTRICT_LOT": " ", "LEGAL_PID": null, "WELL_LOCATION_DESCRIPTION": " ", "COORDINATE_ACQUISITION_CODE": "E", "WELL_STATUS": "New", "WELL_CLASS": "Water Supply", "WELL_SUBCLASS": null, "INTENDED_WATER_USE": "Private Domestic", "WELL_DETAILS_URL": "https://apps.nrs.gov.bc.ca/gwells/well/40595", "LICENCE_STATUS": "Unlicensed", "AQUIFER_ID": 448, "PERSON_RESPONSIBLE": " ", "COMPANY_OF_PERSON_RESPONSIBLE": "I . & M.  Drilling", "FINISHED_WELL_DEPTH": 146, "TOTAL_DEPTH_DRILLED": null, "BEDROCK_DEPTH": 97, "YIELD": 5, "YIELD_ESTIMATION_DURATION": null, "ARTESIAN_COND": "N", "ARTESIAN_FLOW": null, "ARTESIAN_PRESSURE": null, "STATIC_WATER_LEVEL": null, "DIAMETER": null, "FINAL_CASING_STICK_UP": null, "GROUND_ELEVATION": null, "GROUND_ELEVATION_METHOD": "UNKNOWN", "SURFACE_SEAL_DEPTH": null, "SURFACE_SEAL_THICKNESS": null, "SURFACE_SEAL_METHOD": null, "SCREEN_INTAKE_METHOD": null, "WATER_SUPPLY_SYSTEM_NAME": null, "WATER_SUPPLY_SYSTEM_WELL_NAME": null, "CONSTRUCTION_START_DATE": "1978-09-08Z", "CONSTRUCTION_END_DATE": "1978-09-08Z", "ALTERATION_START_DATE": null, "ALTERATION_END_DATE": null, "DECOMMISSION_START_DATE": null, "DECOMMISSION_END_DATE": null, "DECOMMISSION_REASON": null, "OBSERVATION_WELL_NUMBER": null, "OBSERVATION_WELL_STATUS": null, "EMS_ID": null, "AQUIFER_MATERIAL": "Bedrock", "OBJECTID": 122501859, "SE_ANNO_CAD_DATA": null}}, {"type": "Feature", "id": "WHSE_WATER_MANAGEMENT.GW_WATER_WELLS_WRBC_SVW.fid-29e471e6_19f63eee063_2059", "geometry": {"type": "Point", "coordinates": [-120.113064, 56.219326]}, "geometry_name": "GEOMETRY", "properties": {"GW_WW_SYSID": 24414, "WELL_TAG_NUMBER": 24458, "IDENTIFICATION_PLATE_NUMBER": null, "STREET_ADDRESS": " ", "CITY": "CLAYHURST", "LEGAL_LOT": " ", "LEGAL_PLAN": " ", "LEGAL_DISTRICT_LOT": " ", "LEGAL_PID": null, "WELL_LOCATION_DESCRIPTION": " ", "COORDINATE_ACQUISITION_CODE": "E", "WELL_STATUS": "New", "WELL_CLASS": "Water Supply", "WELL_SUBCLASS": null, "INTENDED_WATER_USE": "Private Domestic", "WELL_DETAILS_URL": "https://apps.nrs.gov.bc.ca/gwells/well/24458", "LICENCE_STATUS": "Unlicensed", "AQUIFER_ID": 448, "PERSON_RESPONSIBLE": " ", "COMPANY_OF_PERSON_RESPONSIBLE": "Cliff Baker Drilling", "FINISHED_WELL_DEPTH": 155, "TOTAL_DEPTH_DRILLED": null, "BEDROCK_DEPTH": 120, "YIELD": 8, "YIELD_ESTIMATION_DURATION": null, "ARTESIAN_COND": "N", "ARTESIAN_FLOW": null, "ARTESIAN_PRESSURE": null, "STATIC_WATER_LEVEL": 90, "DIAMETER": null, "FINAL_CASING_STICK_UP": null, "GROUND_ELEVATION": null, "GROUND_ELEVATION_METHOD": "UNKNOWN", "SURFACE_SEAL_DEPTH": null, "SURFACE_SEAL_THICKNESS": null, "SURFACE_SEAL_METHOD": null, "SCREEN_INTAKE_METHOD": null, "WATER_SUPPLY_SYSTEM_NAME": null, "WATER_SUPPLY_SYSTEM_WELL_NAME": null, "CONSTRUCTION_START_DATE": "1971-01-01Z", "CONSTRUCTION_END_DATE": "1971-01-01Z", "ALTERATION_START_DATE": null, "ALTERATION_END_DATE": null, "DECOMMISSION_START_DATE": null, "DECOMMISSION_END_DATE": null, "DECOMMISSION_REASON": null, "OBSERVATION_WELL_NUMBER": null, "OBSERVATION_WELL_STATUS": null, "EMS_ID": null, "AQUIFER_MATERIAL": "Bedrock", "OBJECTID": 122485764, "SE_ANNO_CAD_DATA": null}}, {"type": "Feature", "id": "WHSE_WATER_MANAGEMENT.GW_WATER_WELLS_WRBC_SVW.fid-29e471e6_19f63eee063_205a", "geometry": {"type": "Point", "coordinates": [-120.057951, 56.217874]}, "geometry_name": "GEOMETRY", "properties": {"GW_WW_SYSID": 46274, "WELL_TAG_NUMBER": 46377, "IDENTIFICATION_PLATE_NUMBER": null, "STREET_ADDRESS": " ", "CITY": "CLAYHURST", "LEGAL_LOT": " ", "LEGAL_PLAN": " ", "LEGAL_DISTRICT_LOT": " ", "LEGAL_PID": null, "WELL_LOCATION_DESCRIPTION": " ", "COORDINATE_ACQUISITION_CODE": "A", "WELL_STATUS": "New", "WELL_CLASS": "Unknown", "WELL_SUBCLASS": null, "INTENDED_WATER_USE": "Unknown Well Use", "WELL_DETAILS_URL": "https://apps.nrs.gov.bc.ca/gwells/well/46377", "LICENCE_STATUS": "Unlicensed", "AQUIFER_ID": 690, "PERSON_RESPONSIBLE": " ", "COMPANY_OF_PERSON_RESPONSIBLE": "H. & W.  Aqua Drilling", "FINISHED_WELL_DEPTH": 120, "TOTAL_DEPTH_DRILLED": null, "BEDROCK_DEPTH": null, "YIELD": 20, "YIELD_ESTIMATION_DURATION": null, "ARTESIAN_COND": "N", "ARTESIAN_FLOW": null, "ARTESIAN_PRESSURE": null, "STATIC_WATER_LEVEL": 60, "DIAMETER": null, "FINAL_CASING_STICK_UP": null, "GROUND_ELEVATION": null, "GROUND_ELEVATION_METHOD": "UNKNOWN", "SURFACE_SEAL_DEPTH": null, "SURFACE_SEAL_THICKNESS": null, "SURFACE_SEAL_METHOD": null, "SCREEN_INTAKE_METHOD": null, "WATER_SUPPLY_SYSTEM_NAME": null, "WATER_SUPPLY_SYSTEM_WELL_NAME": null, "CONSTRUCTION_START_DATE": "1980-10-15Z", "CONSTRUCTION_END_DATE": "1980-10-15Z", "ALTERATION_START_DATE": null, "ALTERATION_END_DATE": null, "DECOMMISSION_START_DATE": null, "DECOMMISSION_END_DATE": null, "DECOMMISSION_REASON": null, "OBSERVATION_WELL_NUMBER": null, "OBSERVATION_WELL_STATUS": null, "EMS_ID": null, "AQUIFER_MATERIAL": "Unconsolidated", "OBJECTID": 122507624, "SE_ANNO_CAD_DATA": null}}, {"type": "Feature", "id": "WHSE_WATER_MANAGEMENT.GW_WATER_WELLS_WRBC_SVW.fid-29e471e6_19f63eee063_205b", "geometry": {"type": "Point", "coordinates": [-120.019382, 56.216554]}, "geometry_name": "GEOMETRY", "properties": {"GW_WW_SYSID": 40614, "WELL_TAG_NUMBER": 40700, "IDENTIFICATION_PLATE_NUMBER": null, "STREET_ADDRESS": " ", "CITY": "CLAYHURST", "LEGAL_LOT": " ", "LEGAL_PLAN": " ", "LEGAL_DISTRICT_LOT": " ", "LEGAL_PID": null, "WELL_LOCATION_DESCRIPTION": " ", "COORDINATE_ACQUISITION_CODE": "E", "WELL_STATUS": "New", "WELL_CLASS": "Unknown", "WELL_SUBCLASS": null, "INTENDED_WATER_USE": "Unknown Well Use", "WELL_DETAILS_URL": "https://apps.nrs.gov.bc.ca/gwells/well/40700", "LICENCE_STATUS": "Unlicensed", "AQUIFER_ID": 690, "PERSON_RESPONSIBLE": " ", "COMPANY_OF_PERSON_RESPONSIBLE": "I . & M.  Drilling", "FINISHED_WELL_DEPTH": 106, "TOTAL_DEPTH_DRILLED": null, "BEDROCK_DEPTH": null, "YIELD": 6, "YIELD_ESTIMATION_DURATION": null, "ARTESIAN_COND": "N", "ARTESIAN_FLOW": null, "ARTESIAN_PRESSURE": null, "STATIC_WATER_LEVEL": null, "DIAMETER": null, "FINAL_CASING_STICK_UP": null, "GROUND_ELEVATION": null, "GROUND_ELEVATION_METHOD": "UNKNOWN", "SURFACE_SEAL_DEPTH": null, "SURFACE_SEAL_THICKNESS": null, "SURFACE_SEAL_METHOD": null, "SCREEN_INTAKE_METHOD": null, "WATER_SUPPLY_SYSTEM_NAME": null, "WATER_SUPPLY_SYSTEM_WELL_NAME": null, "CONSTRUCTION_START_DATE": "1978-09-29Z", "CONSTRUCTION_END_DATE": "1978-09-29Z", "ALTERATION_START_DATE": null, "ALTERATION_END_DATE": null, "DECOMMISSION_START_DATE": null, "DECOMMISSION_END_DATE": null, "DECOMMISSION_REASON": null, "OBSERVATION_WELL_NUMBER": null, "OBSERVATION_WELL_STATUS": null, "EMS_ID": null, "AQUIFER_MATERIAL": "Unconsolidated", "OBJECTID": 122501964, "SE_ANNO_CAD_DATA": null}}, {"type": "Feature", "id": "WHSE_WATER_MANAGEMENT.GW_WATER_WELLS_WRBC_SVW.fid-29e471e6_19f63eee063_205c", "geometry": {"type": "Point", "coordinates": [-120.003183, 56.222365]}, "geometry_name": "GEOMETRY", "properties": {"GW_WW_SYSID": 46257, "WELL_TAG_NUMBER": 46360, "IDENTIFICATION_PLATE_NUMBER": null, "STREET_ADDRESS": " ", "CITY": "CLAYHURST", "LEGAL_LOT": " ", "LEGAL_PLAN": " ", "LEGAL_DISTRICT_LOT": " ", "LEGAL_PID": null, "WELL_LOCATION_DESCRIPTION": " ", "COORDINATE_ACQUISITION_CODE": "E", "WELL_STATUS": "New", "WELL_CLASS": "Unknown", "WELL_SUBCLASS": null, "INTENDED_WATER_USE": "Unknown Well Use", "WELL_DETAILS_URL": "https://apps.nrs.gov.bc.ca/gwells/well/46360", "LICENCE_STATUS": "Unlicensed", "AQUIFER_ID": 690, "PERSON_RESPONSIBLE": " ", "COMPANY_OF_PERSON_RESPONSIBLE": "B. & W. Drilling", "FINISHED_WELL_DEPTH": 180, "TOTAL_DEPTH_DRILLED": null, "BEDROCK_DEPTH": null, "YIELD": 10, "YIELD_ESTIMATION_DURATION": null, "ARTESIAN_COND": "N", "ARTESIAN_FLOW": null, "ARTESIAN_PRESSURE": null, "STATIC_WATER_LEVEL": 150, "DIAMETER": null, "FINAL_CASING_STICK_UP": null, "GROUND_ELEVATION": null, "GROUND_ELEVATION_METHOD": "UNKNOWN", "SURFACE_SEAL_DEPTH": null, "SURFACE_SEAL_THICKNESS": null, "SURFACE_SEAL_METHOD": null, "SCREEN_INTAKE_METHOD": null, "WATER_SUPPLY_SYSTEM_NAME": null, "WATER_SUPPLY_SYSTEM_WELL_NAME": null, "CONSTRUCTION_START_DATE": "1980-10-14Z", "CONSTRUCTION_END_DATE": "1980-10-14Z", "ALTERATION_START_DATE": null, "ALTERATION_END_DATE": null, "DECOMMISSION_START_DATE": null, "DECOMMISSION_END_DATE": null, "DECOMMISSION_REASON": null, "OBSERVATION_WELL_NUMBER": null, "OBSERVATION_WELL_STATUS": null, "EMS_ID": null, "AQUIFER_MATERIAL": "Unconsolidated", "OBJECTID": 122507607, "SE_ANNO_CAD_DATA": null}}, {"type": "Feature", "id": "WHSE_WATER_MANAGEMENT.GW_WATER_WELLS_WRBC_SVW.fid-29e471e6_19f63eee063_205d", "geometry": {"type": "Point", "coordinates": [-120.16532, 56.23109]}, "geometry_name": "GEOMETRY", "properties": {"GW_WW_SYSID": 4852, "WELL_TAG_NUMBER": 4860, "IDENTIFICATION_PLATE_NUMBER": null, "STREET_ADDRESS": "2000 240 Road", "CITY": "Clayhurst", "LEGAL_LOT": null, "LEGAL_PLAN": null, "LEGAL_DISTRICT_LOT": null, "LEGAL_PID": null, "WELL_LOCATION_DESCRIPTION": null, "COORDINATE_ACQUISITION_CODE": "D", "WELL_STATUS": "New", "WELL_CLASS": "Water Supply", "WELL_SUBCLASS": null, "INTENDED_WATER_USE": "Private Domestic", "WELL_DETAILS_URL": "https://apps.nrs.gov.bc.ca/gwells/well/4860", "LICENCE_STATUS": "Unlicensed", "AQUIFER_ID": null, "PERSON_RESPONSIBLE": " ", "COMPANY_OF_PERSON_RESPONSIBLE": "Unknown", "FINISHED_WELL_DEPTH": 2, "TOTAL_DEPTH_DRILLED": null, "BEDROCK_DEPTH": null, "YIELD": null, "YIELD_ESTIMATION_DURATION": null, "ARTESIAN_COND": "N", "ARTESIAN_FLOW": null, "ARTESIAN_PRESSURE": null, "STATIC_WATER_LEVEL": null, "DIAMETER": null, "FINAL_CASING_STICK_UP": null, "GROUND_ELEVATION": null, "GROUND_ELEVATION_METHOD": "UNKNOWN", "SURFACE_SEAL_DEPTH": null, "SURFACE_SEAL_THICKNESS": null, "SURFACE_SEAL_METHOD": null, "SCREEN_INTAKE_METHOD": null, "WATER_SUPPLY_SYSTEM_NAME": null, "WATER_SUPPLY_SYSTEM_WELL_NAME": null, "CONSTRUCTION_START_DATE": "1950-01-01Z", "CONSTRUCTION_END_DATE": "1950-01-01Z", "ALTERATION_START_DATE": null, "ALTERATION_END_DATE": null, "DECOMMISSION_START_DATE": null, "DECOMMISSION_END_DATE": null, "DECOMMISSION_REASON": null, "OBSERVATION_WELL_NUMBER": null, "OBSERVATION_WELL_STATUS": null, "EMS_ID": null, "AQUIFER_MATERIAL": "Unconsolidated", "OBJECTID": 122466202, "SE_ANNO_CAD_DATA": null}}, {"type": "Feature", "id": "WHSE_WATER_MANAGEMENT.GW_WATER_WELLS_WRBC_SVW.fid-29e471e6_19f63eee063_205e", "geometry": {"type": "Point", "coordinates": [-120.035741, 56.22867]}, "geometry_name": "GEOMETRY", "properties": {"GW_WW_SYSID": 48883, "WELL_TAG_NUMBER": 48996, "IDENTIFICATION_PLATE_NUMBER": null, "STREET_ADDRESS": "240 RD", "CITY": "CLAYHURST", "LEGAL_LOT": " ", "LEGAL_PLAN": " ", "LEGAL_DISTRICT_LOT": " ", "LEGAL_PID": null, "WELL_LOCATION_DESCRIPTION": " ", "COORDINATE_ACQUISITION_CODE": "E", "WELL_STATUS": "New", "WELL_CLASS": "Unknown", "WELL_SUBCLASS": null, "INTENDED_WATER_USE": "Unknown Well Use", "WELL_DETAILS_URL": "https://apps.nrs.gov.bc.ca/gwells/well/48996", "LICENCE_STATUS": "Unlicensed", "AQUIFER_ID": 448, "PERSON_RESPONSIBLE": " ", "COMPANY_OF_PERSON_RESPONSIBLE": "Cariboo Water Wells", "FINISHED_WELL_DEPTH": 320, "TOTAL_DEPTH_DRILLED": null, "BEDROCK_DEPTH": 165, "YIELD": 4, "YIELD_ESTIMATION_DURATION": null, "ARTESIAN_COND": "N", "ARTESIAN_FLOW": null, "ARTESIAN_PRESSURE": null, "STATIC_WATER_LEVEL": 140, "DIAMETER": null, "FINAL_CASING_STICK_UP": null, "GROUND_ELEVATION": null, "GROUND_ELEVATION_METHOD": "UNKNOWN", "SURFACE_SEAL_DEPTH": null, "SURFACE_SEAL_THICKNESS": null, "SURFACE_SEAL_METHOD": null, "SCREEN_INTAKE_METHOD": null, "WATER_SUPPLY_SYSTEM_NAME": null, "WATER_SUPPLY_SYSTEM_WELL_NAME": null, "CONSTRUCTION_START_DATE": "1981-09-01Z", "CONSTRUCTION_END_DATE": null, "ALTERATION_START_DATE": null, "ALTERATION_END_DATE": null, "DECOMMISSION_START_DATE": null, "DECOMMISSION_END_DATE": null, "DECOMMISSION_REASON": null, "OBSERVATION_WELL_NUMBER": null, "OBSERVATION_WELL_STATUS": null, "EMS_ID": null, "AQUIFER_MATERIAL": "Unconsolidated", "OBJECTID": 122510233, "SE_ANNO_CAD_DATA": null}}, {"type": "Feature", "id": "WHSE_WATER_MANAGEMENT.GW_WATER_WELLS_WRBC_SVW.fid-29e471e6_19f63eee063_205f", "geometry": {"type": "Point", "coordinates": [-120.226386, 56.274153]}, "geometry_name": "GEOMETRY", "properties": {"GW_WW_SYSID": 34127, "WELL_TAG_NUMBER": 34203, "IDENTIFICATION_PLATE_NUMBER": null, "STREET_ADDRESS": " ", "CITY": "FT ST JOHN", "LEGAL_LOT": " ", "LEGAL_PLAN": " ", "LEGAL_DISTRICT_LOT": " ", "LEGAL_PID": null, "WELL_LOCATION_DESCRIPTION": " ", "COORDINATE_ACQUISITION_CODE": "E", "WELL_STATUS": "New", "WELL_CLASS": "Unknown", "WELL_SUBCLASS": null, "INTENDED_WATER_USE": "Unknown Well Use", "WELL_DETAILS_URL": "https://apps.nrs.gov.bc.ca/gwells/well/34203", "LICENCE_STATUS": "Unlicensed", "AQUIFER_ID": null, "PERSON_RESPONSIBLE": " ", "COMPANY_OF_PERSON_RESPONSIBLE": "Cliff Baker Drilling", "FINISHED_WELL_DEPTH": 650, "TOTAL_DEPTH_DRILLED": null, "BEDROCK_DEPTH": 130, "YIELD": null, "YIELD_ESTIMATION_DURATION": null, "ARTESIAN_COND": "N", "ARTESIAN_FLOW": null, "ARTESIAN_PRESSURE": null, "STATIC_WATER_LEVEL": null, "DIAMETER": null, "FINAL_CASING_STICK_UP": null, "GROUND_ELEVATION": null, "GROUND_ELEVATION_METHOD": "UNKNOWN", "SURFACE_SEAL_DEPTH": null, "SURFACE_SEAL_THICKNESS": null, "SURFACE_SEAL_METHOD": null, "SCREEN_INTAKE_METHOD": null, "WATER_SUPPLY_SYSTEM_NAME": null, "WATER_SUPPLY_SYSTEM_WELL_NAME": null, "CONSTRUCTION_START_DATE": "1976-01-01Z", "CONSTRUCTION_END_DATE": "1976-01-01Z", "ALTERATION_START_DATE": null, "ALTERATION_END_DATE": null, "DECOMMISSION_START_DATE": null, "DECOMMISSION_END_DATE": null, "DECOMMISSION_REASON": null, "OBSERVATION_WELL_NUMBER": null, "OBSERVATION_WELL_STATUS": null, "EMS_ID": null, "AQUIFER_MATERIAL": "Bedrock", "OBJECTID": 122495477, "SE_ANNO_CAD_DATA": null}}, {"type": "Feature", "id": "WHSE_WATER_MANAGEMENT.GW_WATER_WELLS_WRBC_SVW.fid-29e471e6_19f63eee063_2060", "geometry": {"type": "Point", "coordinates": [-120.54102, 56.45908]}, "geometry_name": "GEOMETRY", "properties": {"GW_WW_SYSID": 98815, "WELL_TAG_NUMBER": 102944, "IDENTIFICATION_PLATE_NUMBER": null, "STREET_ADDRESS": "15414 243 Road", "CITY": "Cecil Lake", "LEGAL_LOT": "LS10", "LEGAL_PLAN": null, "LEGAL_DISTRICT_LOT": null, "LEGAL_PID": null, "WELL_LOCATION_DESCRIPTION": "NE 1/4\r\nBROCKHAM DRILLING", "COORDINATE_ACQUISITION_CODE": "J", "WELL_STATUS": "New", "WELL_CLASS": "Water Supply", "WELL_SUBCLASS": "Not Applicable", "INTENDED_WATER_USE": "Other", "WELL_DETAILS_URL": "https://apps.nrs.gov.bc.ca/gwells/well/102944", "LICENCE_STATUS": "Unlicensed", "AQUIFER_ID": 933, "PERSON_RESPONSIBLE": " ", "COMPANY_OF_PERSON_RESPONSIBLE": null, "FINISHED_WELL_DEPTH": 1216, "TOTAL_DEPTH_DRILLED": 1216, "BEDROCK_DEPTH": null, "YIELD": null, "YIELD_ESTIMATION_DURATION": null, "ARTESIAN_COND": "N", "ARTESIAN_FLOW": null, "ARTESIAN_PRESSURE": null, "STATIC_WATER_LEVEL": null, "DIAMETER": null, "FINAL_CASING_STICK_UP": null, "GROUND_ELEVATION": 2292, "GROUND_ELEVATION_METHOD": "UNKNOWN", "SURFACE_SEAL_DEPTH": null, "SURFACE_SEAL_THICKNESS": null, "SURFACE_SEAL_METHOD": null, "SCREEN_INTAKE_METHOD": null, "WATER_SUPPLY_SYSTEM_NAME": null, "WATER_SUPPLY_SYSTEM_WELL_NAME": null, "CONSTRUCTION_START_DATE": "1963-02-18Z", "CONSTRUCTION_END_DATE": "1978-10-18Z", "ALTERATION_START_DATE": null, "ALTERATION_END_DATE": null, "DECOMMISSION_START_DATE": null, "DECOMMISSION_END_DATE": null, "DECOMMISSION_REASON": null, "OBSERVATION_WELL_NUMBER": null, "OBSERVATION_WELL_STATUS": null, "EMS_ID": null, "AQUIFER_MATERIAL": "Bedrock", "OBJECTID": 122560165, "SE_ANNO_CAD_DATA": null}}, {"type": "Feature", "id": "WHSE_WATER_MANAGEMENT.GW_WATER_WELLS_WRBC_SVW.fid-29e471e6_19f63eee063_2061", "geometry": {"type": "Point", "coordinates": [-120.435333, 56.537133]}, "geometry_name": "GEOMETRY", "properties": {"GW_WW_SYSID": 108250, "WELL_TAG_NUMBER": 112782, "IDENTIFICATION_PLATE_NUMBER": null, "STREET_ADDRESS": " ", "CITY": " ", "LEGAL_LOT": " ", "LEGAL_PLAN": " ", "LEGAL_DISTRICT_LOT": " ", "LEGAL_PID": null, "WELL_LOCATION_DESCRIPTION": "NOT PROVIDED", "COORDINATE_ACQUISITION_CODE": "H", "WELL_STATUS": "Closure", "WELL_CLASS": "Water Supply", "WELL_SUBCLASS": null, "INTENDED_WATER_USE": "Other", "WELL_DETAILS_URL": "https://apps.nrs.gov.bc.ca/gwells/well/112782", "LICENCE_STATUS": "Unlicensed", "AQUIFER_ID": null, "PERSON_RESPONSIBLE": " ", "COMPANY_OF_PERSON_RESPONSIBLE": null, "FINISHED_WELL_DEPTH": 215, "TOTAL_DEPTH_DRILLED": 215, "BEDROCK_DEPTH": null, "YIELD": null, "YIELD_ESTIMATION_DURATION": null, "ARTESIAN_COND": "N", "ARTESIAN_FLOW": null, "ARTESIAN_PRESSURE": null, "STATIC_WATER_LEVEL": null, "DIAMETER": 5.13, "FINAL_CASING_STICK_UP": null, "GROUND_ELEVATION": null, "GROUND_ELEVATION_METHOD": "UNKNOWN", "SURFACE_SEAL_DEPTH": null, "SURFACE_SEAL_THICKNESS": null, "SURFACE_SEAL_METHOD": null, "SCREEN_INTAKE_METHOD": null, "WATER_SUPPLY_SYSTEM_NAME": null, "WATER_SUPPLY_SYSTEM_WELL_NAME": null, "CONSTRUCTION_START_DATE": "2016-03-21Z", "CONSTRUCTION_END_DATE": "2016-03-24Z", "ALTERATION_START_DATE": null, "ALTERATION_END_DATE": null, "DECOMMISSION_START_DATE": "2016-03-21Z", "DECOMMISSION_END_DATE": "2016-03-24Z", "DECOMMISSION_REASON": "LACK OF WATER, CAVING FORMATIONS", "OBSERVATION_WELL_NUMBER": null, "OBSERVATION_WELL_STATUS": null, "EMS_ID": null, "AQUIFER_MATERIAL": "Unknown", "OBJECTID": 122569600, "SE_ANNO_CAD_DATA": null}}, {"type": "Feature", "id": "WHSE_WATER_MANAGEMENT.GW_WATER_WELLS_WRBC_SVW.fid-29e471e6_19f63eee063_2062", "geometry": {"type": "Point", "coordinates": [-120.87149, 56.44047]}, "geometry_name": "GEOMETRY", "properties": {"GW_WW_SYSID": 73401, "WELL_TAG_NUMBER": 75590, "IDENTIFICATION_PLATE_NUMBER": null, "STREET_ADDRESS": " ", "CITY": "MONTNEY", "LEGAL_LOT": " ", "LEGAL_PLAN": " ", "LEGAL_DISTRICT_LOT": " ", "LEGAL_PID": null, "WELL_LOCATION_DESCRIPTION": " ", "COORDINATE_ACQUISITION_CODE": "E", "WELL_STATUS": "New", "WELL_CLASS": "Water Supply", "WELL_SUBCLASS": "Not Applicable", "INTENDED_WATER_USE": "Private Domestic", "WELL_DETAILS_URL": "https://apps.nrs.gov.bc.ca/gwells/well/75590", "LICENCE_STATUS": "Unlicensed", "AQUIFER_ID": 1270, "PERSON_RESPONSIBLE": " ", "COMPANY_OF_PERSON_RESPONSIBLE": "Jacob's Water Wells", "FINISHED_WELL_DEPTH": 262, "TOTAL_DEPTH_DRILLED": null, "BEDROCK_DEPTH": 24, "YIELD": 2, "YIELD_ESTIMATION_DURATION": null, "ARTESIAN_COND": "N", "ARTESIAN_FLOW": null, "ARTESIAN_PRESSURE": null, "STATIC_WATER_LEVEL": 175, "DIAMETER": null, "FINAL_CASING_STICK_UP": null, "GROUND_ELEVATION": null, "GROUND_ELEVATION_METHOD": "UNKNOWN", "SURFACE_SEAL_DEPTH": null, "SURFACE_SEAL_THICKNESS": null, "SURFACE_SEAL_METHOD": null, "SCREEN_INTAKE_METHOD": null, "WATER_SUPPLY_SYSTEM_NAME": null, "WATER_SUPPLY_SYSTEM_WELL_NAME": null, "CONSTRUCTION_START_DATE": "1998-06-12Z", "CONSTRUCTION_END_DATE": null, "ALTERATION_START_DATE": null, "ALTERATION_END_DATE": null, "DECOMMISSION_START_DATE": null, "DECOMMISSION_END_DATE": null, "DECOMMISSION_REASON": null, "OBSERVATION_WELL_NUMBER": null, "OBSERVATION_WELL_STATUS": null, "EMS_ID": null, "AQUIFER_MATERIAL": "Bedrock", "OBJECTID": 122534751, "SE_ANNO_CAD_DATA": null}}, {"type": "Feature", "id": "WHSE_WATER_MANAGEMENT.GW_WATER_WELLS_WRBC_SVW.fid-29e471e6_19f63eee063_2063", "geometry": {"type": "Point", "coordinates": [-120.76625, 56.43707]}, "geometry_name": "GEOMETRY", "properties": {"GW_WW_SYSID": 2839, "WELL_TAG_NUMBER": 2845, "IDENTIFICATION_PLATE_NUMBER": null, "STREET_ADDRESS": null, "CITY": null, "LEGAL_LOT": null, "LEGAL_PLAN": null, "LEGAL_DISTRICT_LOT": null, "LEGAL_PID": null, "WELL_LOCATION_DESCRIPTION": null, "COORDINATE_ACQUISITION_CODE": "E", "WELL_STATUS": "New", "WELL_CLASS": "Unknown", "WELL_SUBCLASS": null, "INTENDED_WATER_USE": "Not Applicable", "WELL_DETAILS_URL": "https://apps.nrs.gov.bc.ca/gwells/well/2845", "LICENCE_STATUS": "Unlicensed", "AQUIFER_ID": null, "PERSON_RESPONSIBLE": " ", "COMPANY_OF_PERSON_RESPONSIBLE": "Wilson, Earl", "FINISHED_WELL_DEPTH": 40, "TOTAL_DEPTH_DRILLED": null, "BEDROCK_DEPTH": null, "YIELD": 0, "YIELD_ESTIMATION_DURATION": null, "ARTESIAN_COND": "N", "ARTESIAN_FLOW": null, "ARTESIAN_PRESSURE": null, "STATIC_WATER_LEVEL": 23, "DIAMETER": null, "FINAL_CASING_STICK_UP": null, "GROUND_ELEVATION": null, "GROUND_ELEVATION_METHOD": "UNKNOWN", "SURFACE_SEAL_DEPTH": null, "SURFACE_SEAL_THICKNESS": null, "SURFACE_SEAL_METHOD": null, "SCREEN_INTAKE_METHOD": null, "WATER_SUPPLY_SYSTEM_NAME": null, "WATER_SUPPLY_SYSTEM_WELL_NAME": null, "CONSTRUCTION_START_DATE": "1947-01-01Z", "CONSTRUCTION_END_DATE": "1947-01-01Z", "ALTERATION_START_DATE": null, "ALTERATION_END_DATE": null, "DECOMMISSION_START_DATE": null, "DECOMMISSION_END_DATE": null, "DECOMMISSION_REASON": null, "OBSERVATION_WELL_NUMBER": null, "OBSERVATION_WELL_STATUS": null, "EMS_ID": null, "AQUIFER_MATERIAL": "Unconsolidated", "OBJECTID": 122464189, "SE_ANNO_CAD_DATA": null}}, {"type": "Feature", "id": "WHSE_WATER_MANAGEMENT.GW_WATER_WELLS_WRBC_SVW.fid-29e471e6_19f63eee063_2064", "geometry": {"type": "Point", "coordinates": [-120.763845, 56.437758]}, "geometry_name": "GEOMETRY", "properties": {"GW_WW_SYSID": 89685, "WELL_TAG_NUMBER": 93579, "IDENTIFICATION_PLATE_NUMBER": null, "STREET_ADDRESS": "ROAD 258", "CITY": "FORT ST JOHN", "LEGAL_LOT": " ", "LEGAL_PLAN": " ", "LEGAL_DISTRICT_LOT": " ", "LEGAL_PID": 14544636, "WELL_LOCATION_DESCRIPTION": " ", "COORDINATE_ACQUISITION_CODE": "J", "WELL_STATUS": "New", "WELL_CLASS": "Water Supply", "WELL_SUBCLASS": "Not Applicable", "INTENDED_WATER_USE": "Private Domestic", "WELL_DETAILS_URL": "https://apps.nrs.gov.bc.ca/gwells/well/93579", "LICENCE_STATUS": "Unlicensed", "AQUIFER_ID": 1269, "PERSON_RESPONSIBLE": " ", "COMPANY_OF_PERSON_RESPONSIBLE": "Jacob's Water Wells", "FINISHED_WELL_DEPTH": 213, "TOTAL_DEPTH_DRILLED": 213, "BEDROCK_DEPTH": 16, "YIELD": 20, "YIELD_ESTIMATION_DURATION": 0.5, "ARTESIAN_COND": "N", "ARTESIAN_FLOW": null, "ARTESIAN_PRESSURE": null, "STATIC_WATER_LEVEL": 27.5, "DIAMETER": 4.5, "FINAL_CASING_STICK_UP": 36, "GROUND_ELEVATION": null, "GROUND_ELEVATION_METHOD": "UNKNOWN", "SURFACE_SEAL_DEPTH": null, "SURFACE_SEAL_THICKNESS": null, "SURFACE_SEAL_METHOD": null, "SCREEN_INTAKE_METHOD": null, "WATER_SUPPLY_SYSTEM_NAME": null, "WATER_SUPPLY_SYSTEM_WELL_NAME": null, "CONSTRUCTION_START_DATE": "2005-10-20Z", "CONSTRUCTION_END_DATE": "2005-10-20Z", "ALTERATION_START_DATE": null, "ALTERATION_END_DATE": null, "DECOMMISSION_START_DATE": null, "DECOMMISSION_END_DATE": null, "DECOMMISSION_REASON": null, "OBSERVATION_WELL_NUMBER": null, "OBSERVATION_WELL_STATUS": null, "EMS_ID": null, "AQUIFER_MATERIAL": "Bedrock", "OBJECTID": 122551035, "SE_ANNO_CAD_DATA": null}}, {"type": "Feature", "id": "WHSE_WATER_MANAGEMENT.GW_WATER_WELLS_WRBC_SVW.fid-29e471e6_19f63eee063_2065", "geometry": {"type": "Point", "coordinates": [-120.85078, 56.444939]}, "geometry_name": "GEOMETRY", "properties": {"GW_WW_SYSID": 44967, "WELL_TAG_NUMBER": 45067, "IDENTIFICATION_PLATE_NUMBER": null, "STREET_ADDRESS": " ", "CITY": "NORTH PINE", "LEGAL_LOT": " ", "LEGAL_PLAN": " ", "LEGAL_DISTRICT_LOT": " ", "LEGAL_PID": null, "WELL_LOCATION_DESCRIPTION": " ", "COORDINATE_ACQUISITION_CODE": "A", "WELL_STATUS": "New", "WELL_CLASS": "Unknown", "WELL_SUBCLASS": null, "INTENDED_WATER_USE": "Unknown Well Use", "WELL_DETAILS_URL": "https://apps.nrs.gov.bc.ca/gwells/well/45067", "LICENCE_STATUS": "Unlicensed", "AQUIFER_ID": null, "PERSON_RESPONSIBLE": " ", "COMPANY_OF_PERSON_RESPONSIBLE": "Bob's Water Drilling", "FINISHED_WELL_DEPTH": 110, "TOTAL_DEPTH_DRILLED": null, "BEDROCK_DEPTH": null, "YIELD": null, "YIELD_ESTIMATION_DURATION": null, "ARTESIAN_COND": "N", "ARTESIAN_FLOW": null, "ARTESIAN_PRESSURE": null, "STATIC_WATER_LEVEL": null, "DIAMETER": null, "FINAL_CASING_STICK_UP": null, "GROUND_ELEVATION": null, "GROUND_ELEVATION_METHOD": "UNKNOWN", "SURFACE_SEAL_DEPTH": null, "SURFACE_SEAL_THICKNESS": null, "SURFACE_SEAL_METHOD": null, "SCREEN_INTAKE_METHOD": null, "WATER_SUPPLY_SYSTEM_NAME": null, "WATER_SUPPLY_SYSTEM_WELL_NAME": null, "CONSTRUCTION_START_DATE": "1980-05-17Z", "CONSTRUCTION_END_DATE": "1980-05-17Z", "ALTERATION_START_DATE": null, "ALTERATION_END_DATE": null, "DECOMMISSION_START_DATE": null, "DECOMMISSION_END_DATE": null, "DECOMMISSION_REASON": null, "OBSERVATION_WELL_NUMBER": null, "OBSERVATION_WELL_STATUS": null, "EMS_ID": null, "AQUIFER_MATERIAL": "Unconsolidated", "OBJECTID": 122506317, "SE_ANNO_CAD_DATA": null}}, {"type": "Feature", "id": "WHSE_WATER_MANAGEMENT.GW_WATER_WELLS_WRBC_SVW.fid-29e471e6_19f63eee063_2066", "geometry": {"type": "Point", "coordinates": [-120.8099, 56.44848]}, "geometry_name": "GEOMETRY", "properties": {"GW_WW_SYSID": 73328, "WELL_TAG_NUMBER": 75511, "IDENTIFICATION_PLATE_NUMBER": null, "STREET_ADDRESS": null, "CITY": "MONTNEY", "LEGAL_LOT": null, "LEGAL_PLAN": null, "LEGAL_DISTRICT_LOT": null, "LEGAL_PID": null, "WELL_LOCATION_DESCRIPTION": null, "COORDINATE_ACQUISITION_CODE": "E", "WELL_STATUS": "Abandoned", "WELL_CLASS": "Unknown", "WELL_SUBCLASS": null, "INTENDED_WATER_USE": "Not Applicable", "WELL_DETAILS_URL": "https://apps.nrs.gov.bc.ca/gwells/well/75511", "LICENCE_STATUS": "Unlicensed", "AQUIFER_ID": 1269, "PERSON_RESPONSIBLE": " ", "COMPANY_OF_PERSON_RESPONSIBLE": "Jacob's Water Wells", "FINISHED_WELL_DEPTH": 300, "TOTAL_DEPTH_DRILLED": null, "BEDROCK_DEPTH": 128, "YIELD": 0.15, "YIELD_ESTIMATION_DURATION": null, "ARTESIAN_COND": "N", "ARTESIAN_FLOW": null, "ARTESIAN_PRESSURE": null, "STATIC_WATER_LEVEL": null, "DIAMETER": null, "FINAL_CASING_STICK_UP": null, "GROUND_ELEVATION": null, "GROUND_ELEVATION_METHOD": "UNKNOWN", "SURFACE_SEAL_DEPTH": null, "SURFACE_SEAL_THICKNESS": null, "SURFACE_SEAL_METHOD": null, "SCREEN_INTAKE_METHOD": null, "WATER_SUPPLY_SYSTEM_NAME": null, "WATER_SUPPLY_SYSTEM_WELL_NAME": null, "CONSTRUCTION_START_DATE": "1996-06-17Z", "CONSTRUCTION_END_DATE": null, "ALTERATION_START_DATE": null, "ALTERATION_END_DATE": null, "DECOMMISSION_START_DATE": null, "DECOMMISSION_END_DATE": null, "DECOMMISSION_REASON": null, "OBSERVATION_WELL_NUMBER": null, "OBSERVATION_WELL_STATUS": null, "EMS_ID": null, "AQUIFER_MATERIAL": "Bedrock", "OBJECTID": 122534678, "SE_ANNO_CAD_DATA": null}}, {"type": "Feature", "id": "WHSE_WATER_MANAGEMENT.GW_WATER_WELLS_WRBC_SVW.fid-29e471e6_19f63eee063_2067", "geometry": {"type": "Point", "coordinates": [-120.76654, 56.4591]}, "geometry_name": "GEOMETRY", "properties": {"GW_WW_SYSID": 98854, "WELL_TAG_NUMBER": 102983, "IDENTIFICATION_PLATE_NUMBER": null, "STREET_ADDRESS": null, "CITY": null, "LEGAL_LOT": "LS12", "LEGAL_PLAN": null, "LEGAL_DISTRICT_LOT": null, "LEGAL_PID": null, "WELL_LOCATION_DESCRIPTION": "NW 1/4", "COORDINATE_ACQUISITION_CODE": "J", "WELL_STATUS": "Abandoned", "WELL_CLASS": "Water Supply", "WELL_SUBCLASS": "Not Applicable", "INTENDED_WATER_USE": "Unknown Well Use", "WELL_DETAILS_URL": "https://apps.nrs.gov.bc.ca/gwells/well/102983", "LICENCE_STATUS": "Unlicensed", "AQUIFER_ID": 1269, "PERSON_RESPONSIBLE": " ", "COMPANY_OF_PERSON_RESPONSIBLE": "Anderson Water Wells", "FINISHED_WELL_DEPTH": 566, "TOTAL_DEPTH_DRILLED": 566, "BEDROCK_DEPTH": null, "YIELD": null, "YIELD_ESTIMATION_DURATION": null, "ARTESIAN_COND": "N", "ARTESIAN_FLOW": null, "ARTESIAN_PRESSURE": null, "STATIC_WATER_LEVEL": null, "DIAMETER": null, "FINAL_CASING_STICK_UP": null, "GROUND_ELEVATION": 2224, "GROUND_ELEVATION_METHOD": "UNKNOWN", "SURFACE_SEAL_DEPTH": null, "SURFACE_SEAL_THICKNESS": null, "SURFACE_SEAL_METHOD": null, "SCREEN_INTAKE_METHOD": null, "WATER_SUPPLY_SYSTEM_NAME": null, "WATER_SUPPLY_SYSTEM_WELL_NAME": null, "CONSTRUCTION_START_DATE": "1996-06-25Z", "CONSTRUCTION_END_DATE": "1996-06-29Z", "ALTERATION_START_DATE": null, "ALTERATION_END_DATE": null, "DECOMMISSION_START_DATE": null, "DECOMMISSION_END_DATE": null, "DECOMMISSION_REASON": null, "OBSERVATION_WELL_NUMBER": null, "OBSERVATION_WELL_STATUS": null, "EMS_ID": null, "AQUIFER_MATERIAL": "Unknown", "OBJECTID": 122560204, "SE_ANNO_CAD_DATA": null}}, {"type": "Feature", "id": "WHSE_WATER_MANAGEMENT.GW_WATER_WELLS_WRBC_SVW.fid-29e471e6_19f63eee063_2068", "geometry": {"type": "Point", "coordinates": [-120.77091, 56.46344]}, "geometry_name": "GEOMETRY", "properties": {"GW_WW_SYSID": 60037, "WELL_TAG_NUMBER": 60205, "IDENTIFICATION_PLATE_NUMBER": null, "STREET_ADDRESS": null, "CITY": "NORTH PINE", "LEGAL_LOT": null, "LEGAL_PLAN": null, "LEGAL_DISTRICT_LOT": null, "LEGAL_PID": null, "WELL_LOCATION_DESCRIPTION": null, "COORDINATE_ACQUISITION_CODE": "E", "WELL_STATUS": "New", "WELL_CLASS": "Water Supply", "WELL_SUBCLASS": null, "INTENDED_WATER_USE": "Private Domestic", "WELL_DETAILS_URL": "https://apps.nrs.gov.bc.ca/gwells/well/60205", "LICENCE_STATUS": "Unlicensed", "AQUIFER_ID": 451, "PERSON_RESPONSIBLE": " ", "COMPANY_OF_PERSON_RESPONSIBLE": "Anderson Air Drilling", "FINISHED_WELL_DEPTH": 410, "TOTAL_DEPTH_DRILLED": null, "BEDROCK_DEPTH": 119, "YIELD": 12, "YIELD_ESTIMATION_DURATION": null, "ARTESIAN_COND": "N", "ARTESIAN_FLOW": null, "ARTESIAN_PRESSURE": null, "STATIC_WATER_LEVEL": 310, "DIAMETER": null, "FINAL_CASING_STICK_UP": null, "GROUND_ELEVATION": 2525, "GROUND_ELEVATION_METHOD": "UNKNOWN", "SURFACE_SEAL_DEPTH": null, "SURFACE_SEAL_THICKNESS": null, "SURFACE_SEAL_METHOD": null, "SCREEN_INTAKE_METHOD": null, "WATER_SUPPLY_SYSTEM_NAME": null, "WATER_SUPPLY_SYSTEM_WELL_NAME": null, "CONSTRUCTION_START_DATE": "1992-10-28Z", "CONSTRUCTION_END_DATE": null, "ALTERATION_START_DATE": null, "ALTERATION_END_DATE": null, "DECOMMISSION_START_DATE": null, "DECOMMISSION_END_DATE": null, "DECOMMISSION_REASON": null, "OBSERVATION_WELL_NUMBER": null, "OBSERVATION_WELL_STATUS": null, "EMS_ID": null, "AQUIFER_MATERIAL": "Bedrock", "OBJECTID": 122521387, "SE_ANNO_CAD_DATA": null}}, {"type": "Feature", "id": "WHSE_WATER_MANAGEMENT.GW_WATER_WELLS_WRBC_SVW.fid-29e471e6_19f63eee063_2069", "geometry": {"type": "Point", "coordinates": [-120.76651, 56.47801]}, "geometry_name": "GEOMETRY", "properties": {"GW_WW_SYSID": 98847, "WELL_TAG_NUMBER": 102976, "IDENTIFICATION_PLATE_NUMBER": null, "STREET_ADDRESS": null, "CITY": "OAK", "LEGAL_LOT": "LS13", "LEGAL_PLAN": "0", "LEGAL_DISTRICT_LOT": null, "LEGAL_PID": null, "WELL_LOCATION_DESCRIPTION": "NW 1/4\r\nSURF-HOLE REF CORNER NE 1/4 16-22-086-18W6\r\nDRILLER: AGRA", "COORDINATE_ACQUISITION_CODE": "J", "WELL_STATUS": "Closure", "WELL_CLASS": "Water Supply", "WELL_SUBCLASS": "Not Applicable", "INTENDED_WATER_USE": "Unknown Well Use", "WELL_DETAILS_URL": "https://apps.nrs.gov.bc.ca/gwells/well/102976", "LICENCE_STATUS": "Unlicensed", "AQUIFER_ID": 1269, "PERSON_RESPONSIBLE": " ", "COMPANY_OF_PERSON_RESPONSIBLE": null, "FINISHED_WELL_DEPTH": 555, "TOTAL_DEPTH_DRILLED": 555, "BEDROCK_DEPTH": null, "YIELD": 10, "YIELD_ESTIMATION_DURATION": null, "ARTESIAN_COND": "N", "ARTESIAN_FLOW": null, "ARTESIAN_PRESSURE": null, "STATIC_WATER_LEVEL": null, "DIAMETER": null, "FINAL_CASING_STICK_UP": null, "GROUND_ELEVATION": 2191, "GROUND_ELEVATION_METHOD": "UNKNOWN", "SURFACE_SEAL_DEPTH": null, "SURFACE_SEAL_THICKNESS": null, "SURFACE_SEAL_METHOD": null, "SCREEN_INTAKE_METHOD": null, "WATER_SUPPLY_SYSTEM_NAME": null, "WATER_SUPPLY_SYSTEM_WELL_NAME": null, "CONSTRUCTION_START_DATE": "1996-10-18Z", "CONSTRUCTION_END_DATE": "1996-10-19Z", "ALTERATION_START_DATE": null, "ALTERATION_END_DATE": null, "DECOMMISSION_START_DATE": "2013-10-08Z", "DECOMMISSION_END_DATE": "2013-10-08Z", "DECOMMISSION_REASON": "NO LONGER REQUIRED", "OBSERVATION_WELL_NUMBER": null, "OBSERVATION_WELL_STATUS": null, "EMS_ID": null, "AQUIFER_MATERIAL": "Unknown", "OBJECTID": 122560197, "SE_ANNO_CAD_DATA": null}}, {"type": "Feature", "id": "WHSE_WATER_MANAGEMENT.GW_WATER_WELLS_WRBC_SVW.fid-29e471e6_19f63eee063_206a", "geometry": {"type": "Point", "coordinates": [-120.76619, 56.47804]}, "geometry_name": "GEOMETRY", "properties": {"GW_WW_SYSID": 98852, "WELL_TAG_NUMBER": 102981, "IDENTIFICATION_PLATE_NUMBER": null, "STREET_ADDRESS": null, "CITY": null, "LEGAL_LOT": "LS13", "LEGAL_PLAN": null, "LEGAL_DISTRICT_LOT": null, "LEGAL_PID": null, "WELL_LOCATION_DESCRIPTION": "NW 1/4\r\nDRILLER: AGRA", "COORDINATE_ACQUISITION_CODE": "J", "WELL_STATUS": "New", "WELL_CLASS": "Water Supply", "WELL_SUBCLASS": "Not Applicable", "INTENDED_WATER_USE": "Unknown Well Use", "WELL_DETAILS_URL": "https://apps.nrs.gov.bc.ca/gwells/well/102981", "LICENCE_STATUS": "Unlicensed", "AQUIFER_ID": 451, "PERSON_RESPONSIBLE": " ", "COMPANY_OF_PERSON_RESPONSIBLE": null, "FINISHED_WELL_DEPTH": 555, "TOTAL_DEPTH_DRILLED": 555, "BEDROCK_DEPTH": null, "YIELD": null, "YIELD_ESTIMATION_DURATION": null, "ARTESIAN_COND": "N", "ARTESIAN_FLOW": null, "ARTESIAN_PRESSURE": null, "STATIC_WATER_LEVEL": null, "DIAMETER": null, "FINAL_CASING_STICK_UP": null, "GROUND_ELEVATION": 2192, "GROUND_ELEVATION_METHOD": "UNKNOWN", "SURFACE_SEAL_DEPTH": null, "SURFACE_SEAL_THICKNESS": null, "SURFACE_SEAL_METHOD": null, "SCREEN_INTAKE_METHOD": null, "WATER_SUPPLY_SYSTEM_NAME": null, "WATER_SUPPLY_SYSTEM_WELL_NAME": null, "CONSTRUCTION_START_DATE": "1996-10-24Z", "CONSTRUCTION_END_DATE": "1996-10-25Z", "ALTERATION_START_DATE": null, "ALTERATION_END_DATE": null, "DECOMMISSION_START_DATE": null, "DECOMMISSION_END_DATE": null, "DECOMMISSION_REASON": null, "OBSERVATION_WELL_NUMBER": null, "OBSERVATION_WELL_STATUS": null, "EMS_ID": null, "AQUIFER_MATERIAL": "Unknown", "OBJECTID": 122560202, "SE_ANNO_CAD_DATA": null}}, {"type": "Feature", "id": "WHSE_WATER_MANAGEMENT.GW_WATER_WELLS_WRBC_SVW.fid-29e471e6_19f63eee063_206b", "geometry": {"type": "Point", "coordinates": [-120.76703, 56.47819]}, "geometry_name": "GEOMETRY", "properties": {"GW_WW_SYSID": 98853, "WELL_TAG_NUMBER": 102982, "IDENTIFICATION_PLATE_NUMBER": null, "STREET_ADDRESS": null, "CITY": "OAK", "LEGAL_LOT": "LS13", "LEGAL_PLAN": null, "LEGAL_DISTRICT_LOT": null, "LEGAL_PID": null, "WELL_LOCATION_DESCRIPTION": "NW 1/4", "COORDINATE_ACQUISITION_CODE": "J", "WELL_STATUS": "Closure", "WELL_CLASS": "Water Supply", "WELL_SUBCLASS": "Not Applicable", "INTENDED_WATER_USE": "Unknown Well Use", "WELL_DETAILS_URL": "https://apps.nrs.gov.bc.ca/gwells/well/102982", "LICENCE_STATUS": "Unlicensed", "AQUIFER_ID": 1269, "PERSON_RESPONSIBLE": " ", "COMPANY_OF_PERSON_RESPONSIBLE": "Anderson Air Drilling", "FINISHED_WELL_DEPTH": 529, "TOTAL_DEPTH_DRILLED": 529, "BEDROCK_DEPTH": null, "YIELD": 13, "YIELD_ESTIMATION_DURATION": null, "ARTESIAN_COND": "N", "ARTESIAN_FLOW": null, "ARTESIAN_PRESSURE": null, "STATIC_WATER_LEVEL": null, "DIAMETER": null, "FINAL_CASING_STICK_UP": null, "GROUND_ELEVATION": 2191, "GROUND_ELEVATION_METHOD": "UNKNOWN", "SURFACE_SEAL_DEPTH": null, "SURFACE_SEAL_THICKNESS": null, "SURFACE_SEAL_METHOD": null, "SCREEN_INTAKE_METHOD": null, "WATER_SUPPLY_SYSTEM_NAME": null, "WATER_SUPPLY_SYSTEM_WELL_NAME": null, "CONSTRUCTION_START_DATE": "1997-11-19Z", "CONSTRUCTION_END_DATE": "1997-11-19Z", "ALTERATION_START_DATE": "2013-10-08Z", "ALTERATION_END_DATE": "2013-10-12Z", "DECOMMISSION_START_DATE": "2013-10-08Z", "DECOMMISSION_END_DATE": "2013-10-12Z", "DECOMMISSION_REASON": "NO LONGER REQUIRED", "OBSERVATION_WELL_NUMBER": null, "OBSERVATION_WELL_STATUS": null, "EMS_ID": null, "AQUIFER_MATERIAL": "Unknown", "OBJECTID": 122560203, "SE_ANNO_CAD_DATA": null}}, {"type": "Feature", "id": "WHSE_WATER_MANAGEMENT.GW_WATER_WELLS_WRBC_SVW.fid-29e471e6_19f63eee063_206c", "geometry": {"type": "Point", "coordinates": [-120.76699, 56.47891]}, "geometry_name": "GEOMETRY", "properties": {"GW_WW_SYSID": 105448, "WELL_TAG_NUMBER": 109871, "IDENTIFICATION_PLATE_NUMBER": 12132, "STREET_ADDRESS": "15574 259 ROAD", "CITY": "NORTH PINE", "LEGAL_LOT": null, "LEGAL_PLAN": null, "LEGAL_DISTRICT_LOT": null, "LEGAL_PID": 4076796, "WELL_LOCATION_DESCRIPTION": "THE NORTH WEST 1/4 OF, WEST OF THE 6TH MERIDIAN; 1 KM PAST HOUSE NORTH, NEAR 10-22-888 W6, NORTH OAK, DRILLER SKETCH LOCATES WELL NORTH OF 259 ROAD", "COORDINATE_ACQUISITION_CODE": "A", "WELL_STATUS": "New", "WELL_CLASS": "Water Supply", "WELL_SUBCLASS": "Not Applicable", "INTENDED_WATER_USE": "Private Domestic", "WELL_DETAILS_URL": "https://apps.nrs.gov.bc.ca/gwells/well/109871", "LICENCE_STATUS": "Licensed", "AQUIFER_ID": 1269, "PERSON_RESPONSIBLE": " ", "COMPANY_OF_PERSON_RESPONSIBLE": "Carbon Mountain Drilling", "FINISHED_WELL_DEPTH": 500, "TOTAL_DEPTH_DRILLED": 500, "BEDROCK_DEPTH": 150, "YIELD": 20, "YIELD_ESTIMATION_DURATION": null, "ARTESIAN_COND": "N", "ARTESIAN_FLOW": null, "ARTESIAN_PRESSURE": null, "STATIC_WATER_LEVEL": 190, "DIAMETER": 4.5, "FINAL_CASING_STICK_UP": 24, "GROUND_ELEVATION": null, "GROUND_ELEVATION_METHOD": "UNKNOWN", "SURFACE_SEAL_DEPTH": 20, "SURFACE_SEAL_THICKNESS": null, "SURFACE_SEAL_METHOD": null, "SCREEN_INTAKE_METHOD": "SCREEN", "WATER_SUPPLY_SYSTEM_NAME": "Rose Prairie Water Treatment & Dispensing Station", "WATER_SUPPLY_SYSTEM_WELL_NAME": "Water Well", "CONSTRUCTION_START_DATE": "2011-10-24Z", "CONSTRUCTION_END_DATE": "2011-10-24Z", "ALTERATION_START_DATE": null, "ALTERATION_END_DATE": null, "DECOMMISSION_START_DATE": null, "DECOMMISSION_END_DATE": null, "DECOMMISSION_REASON": null, "OBSERVATION_WELL_NUMBER": null, "OBSERVATION_WELL_STATUS": null, "EMS_ID": null, "AQUIFER_MATERIAL": "Bedrock", "OBJECTID": 122566798, "SE_ANNO_CAD_DATA": null}}, {"type": "Feature", "id": "WHSE_WATER_MANAGEMENT.GW_WATER_WELLS_WRBC_SVW.fid-29e471e6_19f63eee063_206d", "geometry": {"type": "Point", "coordinates": [-120.79805, 56.48079]}, "geometry_name": "GEOMETRY", "properties": {"GW_WW_SYSID": 98849, "WELL_TAG_NUMBER": 102978, "IDENTIFICATION_PLATE_NUMBER": null, "STREET_ADDRESS": null, "CITY": null, "LEGAL_LOT": "LS1", "LEGAL_PLAN": null, "LEGAL_DISTRICT_LOT": null, "LEGAL_PID": null, "WELL_LOCATION_DESCRIPTION": "SE 1/4\r\nDRILLER: AGRA", "COORDINATE_ACQUISITION_CODE": "J", "WELL_STATUS": "New", "WELL_CLASS": "Water Supply", "WELL_SUBCLASS": "Not Applicable", "INTENDED_WATER_USE": "Unknown Well Use", "WELL_DETAILS_URL": "https://apps.nrs.gov.bc.ca/gwells/well/102978", "LICENCE_STATUS": "Unlicensed", "AQUIFER_ID": 1269, "PERSON_RESPONSIBLE": " ", "COMPANY_OF_PERSON_RESPONSIBLE": null, "FINISHED_WELL_DEPTH": 660, "TOTAL_DEPTH_DRILLED": 660, "BEDROCK_DEPTH": null, "YIELD": null, "YIELD_ESTIMATION_DURATION": null, "ARTESIAN_COND": "N", "ARTESIAN_FLOW": null, "ARTESIAN_PRESSURE": null, "STATIC_WATER_LEVEL": null, "DIAMETER": null, "FINAL_CASING_STICK_UP": null, "GROUND_ELEVATION": 2301, "GROUND_ELEVATION_METHOD": "UNKNOWN", "SURFACE_SEAL_DEPTH": null, "SURFACE_SEAL_THICKNESS": null, "SURFACE_SEAL_METHOD": null, "SCREEN_INTAKE_METHOD": null, "WATER_SUPPLY_SYSTEM_NAME": null, "WATER_SUPPLY_SYSTEM_WELL_NAME": null, "CONSTRUCTION_START_DATE": "1996-09-30Z", "CONSTRUCTION_END_DATE": "1996-10-04Z", "ALTERATION_START_DATE": null, "ALTERATION_END_DATE": null, "DECOMMISSION_START_DATE": null, "DECOMMISSION_END_DATE": null, "DECOMMISSION_REASON": null, "OBSERVATION_WELL_NUMBER": null, "OBSERVATION_WELL_STATUS": null, "EMS_ID": null, "AQUIFER_MATERIAL": "Unknown", "OBJECTID": 122560199, "SE_ANNO_CAD_DATA": null}}, {"type": "Feature", "id": "WHSE_WATER_MANAGEMENT.GW_WATER_WELLS_WRBC_SVW.fid-29e471e6_19f63eee063_206e", "geometry": {"type": "Point", "coordinates": [-120.79126, 56.48566]}, "geometry_name": "GEOMETRY", "properties": {"GW_WW_SYSID": 98850, "WELL_TAG_NUMBER": 102979, "IDENTIFICATION_PLATE_NUMBER": null, "STREET_ADDRESS": null, "CITY": null, "LEGAL_LOT": "LS5", "LEGAL_PLAN": null, "LEGAL_DISTRICT_LOT": null, "LEGAL_PID": null, "WELL_LOCATION_DESCRIPTION": "NW 1/4", "COORDINATE_ACQUISITION_CODE": "J", "WELL_STATUS": "New", "WELL_CLASS": "Water Supply", "WELL_SUBCLASS": "Not Applicable", "INTENDED_WATER_USE": "Unknown Well Use", "WELL_DETAILS_URL": "https://apps.nrs.gov.bc.ca/gwells/well/102979", "LICENCE_STATUS": "Unlicensed", "AQUIFER_ID": 1269, "PERSON_RESPONSIBLE": " ", "COMPANY_OF_PERSON_RESPONSIBLE": "Anderson Water Wells", "FINISHED_WELL_DEPTH": 551, "TOTAL_DEPTH_DRILLED": 551, "BEDROCK_DEPTH": null, "YIELD": null, "YIELD_ESTIMATION_DURATION": null, "ARTESIAN_COND": "N", "ARTESIAN_FLOW": null, "ARTESIAN_PRESSURE": null, "STATIC_WATER_LEVEL": null, "DIAMETER": null, "FINAL_CASING_STICK_UP": null, "GROUND_ELEVATION": 2283, "GROUND_ELEVATION_METHOD": "UNKNOWN", "SURFACE_SEAL_DEPTH": null, "SURFACE_SEAL_THICKNESS": null, "SURFACE_SEAL_METHOD": null, "SCREEN_INTAKE_METHOD": null, "WATER_SUPPLY_SYSTEM_NAME": null, "WATER_SUPPLY_SYSTEM_WELL_NAME": null, "CONSTRUCTION_START_DATE": "1996-06-07Z", "CONSTRUCTION_END_DATE": "1996-06-08Z", "ALTERATION_START_DATE": null, "ALTERATION_END_DATE": null, "DECOMMISSION_START_DATE": null, "DECOMMISSION_END_DATE": null, "DECOMMISSION_REASON": null, "OBSERVATION_WELL_NUMBER": null, "OBSERVATION_WELL_STATUS": null, "EMS_ID": null, "AQUIFER_MATERIAL": "Unknown", "OBJECTID": 122560200, "SE_ANNO_CAD_DATA": null}}, {"type": "Feature", "id": "WHSE_WATER_MANAGEMENT.GW_WATER_WELLS_WRBC_SVW.fid-29e471e6_19f63eee063_206f", "geometry": {"type": "Point", "coordinates": [-120.79596, 56.48714]}, "geometry_name": "GEOMETRY", "properties": {"GW_WW_SYSID": 98851, "WELL_TAG_NUMBER": 102980, "IDENTIFICATION_PLATE_NUMBER": null, "STREET_ADDRESS": null, "CITY": null, "LEGAL_LOT": "LS9", "LEGAL_PLAN": null, "LEGAL_DISTRICT_LOT": null, "LEGAL_PID": null, "WELL_LOCATION_DESCRIPTION": "SE 1/4\r\nDRILLER: AGRA", "COORDINATE_ACQUISITION_CODE": "J", "WELL_STATUS": "New", "WELL_CLASS": "Water Supply", "WELL_SUBCLASS": "Not Applicable", "INTENDED_WATER_USE": "Unknown Well Use", "WELL_DETAILS_URL": "https://apps.nrs.gov.bc.ca/gwells/well/102980", "LICENCE_STATUS": "Unlicensed", "AQUIFER_ID": 1269, "PERSON_RESPONSIBLE": " ", "COMPANY_OF_PERSON_RESPONSIBLE": null, "FINISHED_WELL_DEPTH": 560, "TOTAL_DEPTH_DRILLED": 560, "BEDROCK_DEPTH": null, "YIELD": null, "YIELD_ESTIMATION_DURATION": null, "ARTESIAN_COND": "N", "ARTESIAN_FLOW": null, "ARTESIAN_PRESSURE": null, "STATIC_WATER_LEVEL": null, "DIAMETER": null, "FINAL_CASING_STICK_UP": null, "GROUND_ELEVATION": null, "GROUND_ELEVATION_METHOD": "UNKNOWN", "SURFACE_SEAL_DEPTH": null, "SURFACE_SEAL_THICKNESS": null, "SURFACE_SEAL_METHOD": null, "SCREEN_INTAKE_METHOD": null, "WATER_SUPPLY_SYSTEM_NAME": null, "WATER_SUPPLY_SYSTEM_WELL_NAME": null, "CONSTRUCTION_START_DATE": "1996-09-23Z", "CONSTRUCTION_END_DATE": "1996-09-25Z", "ALTERATION_START_DATE": null, "ALTERATION_END_DATE": null, "DECOMMISSION_START_DATE": null, "DECOMMISSION_END_DATE": null, "DECOMMISSION_REASON": null, "OBSERVATION_WELL_NUMBER": null, "OBSERVATION_WELL_STATUS": null, "EMS_ID": null, "AQUIFER_MATERIAL": "Unknown", "OBJECTID": 122560201, "SE_ANNO_CAD_DATA": null}}, {"type": "Feature", "id": "WHSE_WATER_MANAGEMENT.GW_WATER_WELLS_WRBC_SVW.fid-29e471e6_19f63eee063_2070", "geometry": {"type": "Point", "coordinates": [-120.76903, 56.49122]}, "geometry_name": "GEOMETRY", "properties": {"GW_WW_SYSID": 98848, "WELL_TAG_NUMBER": 102977, "IDENTIFICATION_PLATE_NUMBER": null, "STREET_ADDRESS": null, "CITY": "WEASEL", "LEGAL_LOT": "LS16", "LEGAL_PLAN": null, "LEGAL_DISTRICT_LOT": null, "LEGAL_PID": null, "WELL_LOCATION_DESCRIPTION": "NE 1/4\r\nDRILLER NOT SPECIFIED", "COORDINATE_ACQUISITION_CODE": "J", "WELL_STATUS": "New", "WELL_CLASS": "Water Supply", "WELL_SUBCLASS": "Not Applicable", "INTENDED_WATER_USE": "Unknown Well Use", "WELL_DETAILS_URL": "https://apps.nrs.gov.bc.ca/gwells/well/102977", "LICENCE_STATUS": "Unlicensed", "AQUIFER_ID": 1269, "PERSON_RESPONSIBLE": " ", "COMPANY_OF_PERSON_RESPONSIBLE": null, "FINISHED_WELL_DEPTH": 460, "TOTAL_DEPTH_DRILLED": 460, "BEDROCK_DEPTH": null, "YIELD": 88, "YIELD_ESTIMATION_DURATION": null, "ARTESIAN_COND": "N", "ARTESIAN_FLOW": null, "ARTESIAN_PRESSURE": null, "STATIC_WATER_LEVEL": null, "DIAMETER": null, "FINAL_CASING_STICK_UP": null, "GROUND_ELEVATION": 2164, "GROUND_ELEVATION_METHOD": "UNKNOWN", "SURFACE_SEAL_DEPTH": null, "SURFACE_SEAL_THICKNESS": null, "SURFACE_SEAL_METHOD": null, "SCREEN_INTAKE_METHOD": null, "WATER_SUPPLY_SYSTEM_NAME": null, "WATER_SUPPLY_SYSTEM_WELL_NAME": null, "CONSTRUCTION_START_DATE": "2000-10-31Z", "CONSTRUCTION_END_DATE": "2000-11-08Z", "ALTERATION_START_DATE": null, "ALTERATION_END_DATE": null, "DECOMMISSION_START_DATE": null, "DECOMMISSION_END_DATE": null, "DECOMMISSION_REASON": null, "OBSERVATION_WELL_NUMBER": null, "OBSERVATION_WELL_STATUS": null, "EMS_ID": null, "AQUIFER_MATERIAL": "Unknown", "OBJECTID": 122560198, "SE_ANNO_CAD_DATA": null}}, {"type": "Feature", "id": "WHSE_WATER_MANAGEMENT.GW_WATER_WELLS_WRBC_SVW.fid-29e471e6_19f63eee063_2071", "geometry": {"type": "Point", "coordinates": [-120.74325, 56.492062]}, "geometry_name": "GEOMETRY", "properties": {"GW_WW_SYSID": 22046, "WELL_TAG_NUMBER": 22087, "IDENTIFICATION_PLATE_NUMBER": null, "STREET_ADDRESS": " ", "CITY": " ", "LEGAL_LOT": " ", "LEGAL_PLAN": " ", "LEGAL_DISTRICT_LOT": " ", "LEGAL_PID": null, "WELL_LOCATION_DESCRIPTION": " ", "COORDINATE_ACQUISITION_CODE": "E", "WELL_STATUS": "New", "WELL_CLASS": "Unknown", "WELL_SUBCLASS": null, "INTENDED_WATER_USE": "Unknown Well Use", "WELL_DETAILS_URL": "https://apps.nrs.gov.bc.ca/gwells/well/22087", "LICENCE_STATUS": "Unlicensed", "AQUIFER_ID": null, "PERSON_RESPONSIBLE": " ", "COMPANY_OF_PERSON_RESPONSIBLE": "Siluch's Rat Hole Drilling", "FINISHED_WELL_DEPTH": 56, "TOTAL_DEPTH_DRILLED": null, "BEDROCK_DEPTH": null, "YIELD": null, "YIELD_ESTIMATION_DURATION": null, "ARTESIAN_COND": "N", "ARTESIAN_FLOW": null, "ARTESIAN_PRESSURE": null, "STATIC_WATER_LEVEL": null, "DIAMETER": null, "FINAL_CASING_STICK_UP": null, "GROUND_ELEVATION": null, "GROUND_ELEVATION_METHOD": "UNKNOWN", "SURFACE_SEAL_DEPTH": null, "SURFACE_SEAL_THICKNESS": null, "SURFACE_SEAL_METHOD": null, "SCREEN_INTAKE_METHOD": null, "WATER_SUPPLY_SYSTEM_NAME": null, "WATER_SUPPLY_SYSTEM_WELL_NAME": null, "CONSTRUCTION_START_DATE": "1969-01-01Z", "CONSTRUCTION_END_DATE": "1969-01-01Z", "ALTERATION_START_DATE": null, "ALTERATION_END_DATE": null, "DECOMMISSION_START_DATE": null, "DECOMMISSION_END_DATE": null, "DECOMMISSION_REASON": null, "OBSERVATION_WELL_NUMBER": null, "OBSERVATION_WELL_STATUS": null, "EMS_ID": null, "AQUIFER_MATERIAL": "Unconsolidated", "OBJECTID": 122483396, "SE_ANNO_CAD_DATA": null}}, {"type": "Feature", "id": "WHSE_WATER_MANAGEMENT.GW_WATER_WELLS_WRBC_SVW.fid-29e471e6_19f63eee063_2072", "geometry": {"type": "Point", "coordinates": [-120.73969, 56.49313]}, "geometry_name": "GEOMETRY", "properties": {"GW_WW_SYSID": 130307, "WELL_TAG_NUMBER": 136473, "IDENTIFICATION_PLATE_NUMBER": null, "STREET_ADDRESS": "6187 Feist Ave", "CITY": "Rose Prairie", "LEGAL_LOT": null, "LEGAL_PLAN": null, "LEGAL_DISTRICT_LOT": null, "LEGAL_PID": 14713047, "WELL_LOCATION_DESCRIPTION": null, "COORDINATE_ACQUISITION_CODE": "H", "WELL_STATUS": "New", "WELL_CLASS": "Water Supply", "WELL_SUBCLASS": "Not Applicable", "INTENDED_WATER_USE": "Private Domestic", "WELL_DETAILS_URL": "https://apps.nrs.gov.bc.ca/gwells/well/136473", "LICENCE_STATUS": "Unlicensed", "AQUIFER_ID": null, "PERSON_RESPONSIBLE": "Martin Peters", "COMPANY_OF_PERSON_RESPONSIBLE": null, "FINISHED_WELL_DEPTH": 660, "TOTAL_DEPTH_DRILLED": 660, "BEDROCK_DEPTH": 44, "YIELD": 0.2, "YIELD_ESTIMATION_DURATION": null, "ARTESIAN_COND": "N", "ARTESIAN_FLOW": null, "ARTESIAN_PRESSURE": null, "STATIC_WATER_LEVEL": 420, "DIAMETER": 6, "FINAL_CASING_STICK_UP": 24, "GROUND_ELEVATION": 2205, "GROUND_ELEVATION_METHOD": "GPS", "SURFACE_SEAL_DEPTH": 44, "SURFACE_SEAL_THICKNESS": 1, "SURFACE_SEAL_METHOD": null, "SCREEN_INTAKE_METHOD": null, "WATER_SUPPLY_SYSTEM_NAME": null, "WATER_SUPPLY_SYSTEM_WELL_NAME": null, "CONSTRUCTION_START_DATE": "2026-03-10Z", "CONSTRUCTION_END_DATE": "2026-04-02Z", "ALTERATION_START_DATE": null, "ALTERATION_END_DATE": null, "DECOMMISSION_START_DATE": null, "DECOMMISSION_END_DATE": null, "DECOMMISSION_REASON": null, "OBSERVATION_WELL_NUMBER": null, "OBSERVATION_WELL_STATUS": null, "EMS_ID": null, "AQUIFER_MATERIAL": null, "OBJECTID": 122591657, "SE_ANNO_CAD_DATA": null}}, {"type": "Feature", "id": "WHSE_WATER_MANAGEMENT.GW_WATER_WELLS_WRBC_SVW.fid-29e471e6_19f63eee063_2073", "geometry": {"type": "Point", "coordinates": [-120.81219, 56.505725]}, "geometry_name": "GEOMETRY", "properties": {"GW_WW_SYSID": 16282, "WELL_TAG_NUMBER": 16311, "IDENTIFICATION_PLATE_NUMBER": null, "STREET_ADDRESS": " ", "CITY": " ", "LEGAL_LOT": " ", "LEGAL_PLAN": " ", "LEGAL_DISTRICT_LOT": " ", "LEGAL_PID": null, "WELL_LOCATION_DESCRIPTION": " ", "COORDINATE_ACQUISITION_CODE": "E", "WELL_STATUS": "New", "WELL_CLASS": "Unknown", "WELL_SUBCLASS": null, "INTENDED_WATER_USE": "Unknown Well Use", "WELL_DETAILS_URL": "https://apps.nrs.gov.bc.ca/gwells/well/16311", "LICENCE_STATUS": "Unlicensed", "AQUIFER_ID": 1269, "PERSON_RESPONSIBLE": " ", "COMPANY_OF_PERSON_RESPONSIBLE": "Cliff Baker Drilling", "FINISHED_WELL_DEPTH": 330, "TOTAL_DEPTH_DRILLED": null, "BEDROCK_DEPTH": 240, "YIELD": null, "YIELD_ESTIMATION_DURATION": null, "ARTESIAN_COND": "N", "ARTESIAN_FLOW": null, "ARTESIAN_PRESSURE": null, "STATIC_WATER_LEVEL": null, "DIAMETER": null, "FINAL_CASING_STICK_UP": null, "GROUND_ELEVATION": null, "GROUND_ELEVATION_METHOD": "UNKNOWN", "SURFACE_SEAL_DEPTH": null, "SURFACE_SEAL_THICKNESS": null, "SURFACE_SEAL_METHOD": null, "SCREEN_INTAKE_METHOD": null, "WATER_SUPPLY_SYSTEM_NAME": null, "WATER_SUPPLY_SYSTEM_WELL_NAME": null, "CONSTRUCTION_START_DATE": "1960-01-01Z", "CONSTRUCTION_END_DATE": "1960-01-01Z", "ALTERATION_START_DATE": null, "ALTERATION_END_DATE": null, "DECOMMISSION_START_DATE": null, "DECOMMISSION_END_DATE": null, "DECOMMISSION_REASON": null, "OBSERVATION_WELL_NUMBER": null, "OBSERVATION_WELL_STATUS": null, "EMS_ID": null, "AQUIFER_MATERIAL": "Unconsolidated", "OBJECTID": 122477632, "SE_ANNO_CAD_DATA": null}}, {"type": "Feature", "id": "WHSE_WATER_MANAGEMENT.GW_WATER_WELLS_WRBC_SVW.fid-29e471e6_19f63eee063_2074", "geometry": {"type": "Point", "coordinates": [-120.864952, 56.511316]}, "geometry_name": "GEOMETRY", "properties": {"GW_WW_SYSID": 97509, "WELL_TAG_NUMBER": 101604, "IDENTIFICATION_PLATE_NUMBER": null, "STREET_ADDRESS": null, "CITY": null, "LEGAL_LOT": null, "LEGAL_PLAN": null, "LEGAL_DISTRICT_LOT": null, "LEGAL_PID": 14776286, "WELL_LOCATION_DESCRIPTION": "SOUTH EAST CORNER. SW 1/4. W6.", "COORDINATE_ACQUISITION_CODE": "J", "WELL_STATUS": "New", "WELL_CLASS": "Water Supply", "WELL_SUBCLASS": "Not Applicable", "INTENDED_WATER_USE": "Other", "WELL_DETAILS_URL": "https://apps.nrs.gov.bc.ca/gwells/well/101604", "LICENCE_STATUS": "Unlicensed", "AQUIFER_ID": 451, "PERSON_RESPONSIBLE": " ", "COMPANY_OF_PERSON_RESPONSIBLE": null, "FINISHED_WELL_DEPTH": 81, "TOTAL_DEPTH_DRILLED": 81, "BEDROCK_DEPTH": null, "YIELD": 3.5, "YIELD_ESTIMATION_DURATION": 2, "ARTESIAN_COND": "N", "ARTESIAN_FLOW": null, "ARTESIAN_PRESSURE": null, "STATIC_WATER_LEVEL": 34, "DIAMETER": 6.63, "FINAL_CASING_STICK_UP": 24, "GROUND_ELEVATION": null, "GROUND_ELEVATION_METHOD": "UNKNOWN", "SURFACE_SEAL_DEPTH": 18, "SURFACE_SEAL_THICKNESS": null, "SURFACE_SEAL_METHOD": null, "SCREEN_INTAKE_METHOD": null, "WATER_SUPPLY_SYSTEM_NAME": null, "WATER_SUPPLY_SYSTEM_WELL_NAME": null, "CONSTRUCTION_START_DATE": "2003-05-27Z", "CONSTRUCTION_END_DATE": "2003-05-27Z", "ALTERATION_START_DATE": null, "ALTERATION_END_DATE": null, "DECOMMISSION_START_DATE": null, "DECOMMISSION_END_DATE": null, "DECOMMISSION_REASON": null, "OBSERVATION_WELL_NUMBER": null, "OBSERVATION_WELL_STATUS": null, "EMS_ID": null, "AQUIFER_MATERIAL": "Unknown", "OBJECTID": 122558859, "SE_ANNO_CAD_DATA": null}}, {"type": "Feature", "id": "WHSE_WATER_MANAGEMENT.GW_WATER_WELLS_WRBC_SVW.fid-29e471e6_19f63eee063_2075", "geometry": {"type": "Point", "coordinates": [-120.790566, 56.508955]}, "geometry_name": "GEOMETRY", "properties": {"GW_WW_SYSID": 14975, "WELL_TAG_NUMBER": 15001, "IDENTIFICATION_PLATE_NUMBER": null, "STREET_ADDRESS": " ", "CITY": " ", "LEGAL_LOT": " ", "LEGAL_PLAN": " ", "LEGAL_DISTRICT_LOT": " ", "LEGAL_PID": null, "WELL_LOCATION_DESCRIPTION": " ", "COORDINATE_ACQUISITION_CODE": "E", "WELL_STATUS": "New", "WELL_CLASS": "Unknown", "WELL_SUBCLASS": null, "INTENDED_WATER_USE": "Unknown Well Use", "WELL_DETAILS_URL": "https://apps.nrs.gov.bc.ca/gwells/well/15001", "LICENCE_STATUS": "Unlicensed", "AQUIFER_ID": null, "PERSON_RESPONSIBLE": " ", "COMPANY_OF_PERSON_RESPONSIBLE": "Cliff Baker Drilling", "FINISHED_WELL_DEPTH": 100, "TOTAL_DEPTH_DRILLED": null, "BEDROCK_DEPTH": null, "YIELD": null, "YIELD_ESTIMATION_DURATION": null, "ARTESIAN_COND": "N", "ARTESIAN_FLOW": null, "ARTESIAN_PRESSURE": null, "STATIC_WATER_LEVEL": null, "DIAMETER": null, "FINAL_CASING_STICK_UP": null, "GROUND_ELEVATION": null, "GROUND_ELEVATION_METHOD": "UNKNOWN", "SURFACE_SEAL_DEPTH": null, "SURFACE_SEAL_THICKNESS": null, "SURFACE_SEAL_METHOD": null, "SCREEN_INTAKE_METHOD": null, "WATER_SUPPLY_SYSTEM_NAME": null, "WATER_SUPPLY_SYSTEM_WELL_NAME": null, "CONSTRUCTION_START_DATE": "1957-01-01Z", "CONSTRUCTION_END_DATE": "1957-01-01Z", "ALTERATION_START_DATE": null, "ALTERATION_END_DATE": null, "DECOMMISSION_START_DATE": null, "DECOMMISSION_END_DATE": null, "DECOMMISSION_REASON": null, "OBSERVATION_WELL_NUMBER": null, "OBSERVATION_WELL_STATUS": null, "EMS_ID": null, "AQUIFER_MATERIAL": "Unconsolidated", "OBJECTID": 122476325, "SE_ANNO_CAD_DATA": null}}, {"type": "Feature", "id": "WHSE_WATER_MANAGEMENT.GW_WATER_WELLS_WRBC_SVW.fid-29e471e6_19f63eee063_2076", "geometry": {"type": "Point", "coordinates": [-120.783429, 56.50872]}, "geometry_name": "GEOMETRY", "properties": {"GW_WW_SYSID": 100256, "WELL_TAG_NUMBER": 104426, "IDENTIFICATION_PLATE_NUMBER": null, "STREET_ADDRESS": "MILLIGAN CREEK ROAD", "CITY": "ROSE PRAIRIE", "LEGAL_LOT": "A", "LEGAL_PLAN": "2745", "LEGAL_DISTRICT_LOT": " ", "LEGAL_PID": 13792601, "WELL_LOCATION_DESCRIPTION": "ROSE PRAIRIE GOSPEL TABERNACLE. PETERSON'S CROSSING.", "COORDINATE_ACQUISITION_CODE": "J", "WELL_STATUS": "New", "WELL_CLASS": "Water Supply", "WELL_SUBCLASS": "Not Applicable", "INTENDED_WATER_USE": "Unknown Well Use", "WELL_DETAILS_URL": "https://apps.nrs.gov.bc.ca/gwells/well/104426", "LICENCE_STATUS": "Unlicensed", "AQUIFER_ID": null, "PERSON_RESPONSIBLE": " ", "COMPANY_OF_PERSON_RESPONSIBLE": "Anderson Water Wells", "FINISHED_WELL_DEPTH": 48, "TOTAL_DEPTH_DRILLED": 48, "BEDROCK_DEPTH": null, "YIELD": 22, "YIELD_ESTIMATION_DURATION": null, "ARTESIAN_COND": "N", "ARTESIAN_FLOW": null, "ARTESIAN_PRESSURE": null, "STATIC_WATER_LEVEL": 30.7, "DIAMETER": 6.63, "FINAL_CASING_STICK_UP": 12, "GROUND_ELEVATION": null, "GROUND_ELEVATION_METHOD": "UNKNOWN", "SURFACE_SEAL_DEPTH": null, "SURFACE_SEAL_THICKNESS": null, "SURFACE_SEAL_METHOD": null, "SCREEN_INTAKE_METHOD": null, "WATER_SUPPLY_SYSTEM_NAME": null, "WATER_SUPPLY_SYSTEM_WELL_NAME": null, "CONSTRUCTION_START_DATE": "1988-10-13Z", "CONSTRUCTION_END_DATE": "1988-10-13Z", "ALTERATION_START_DATE": null, "ALTERATION_END_DATE": null, "DECOMMISSION_START_DATE": null, "DECOMMISSION_END_DATE": null, "DECOMMISSION_REASON": null, "OBSERVATION_WELL_NUMBER": null, "OBSERVATION_WELL_STATUS": null, "EMS_ID": null, "AQUIFER_MATERIAL": "Unknown", "OBJECTID": 122561606, "SE_ANNO_CAD_DATA": null}}, {"type": "Feature", "id": "WHSE_WATER_MANAGEMENT.GW_WATER_WELLS_WRBC_SVW.fid-29e471e6_19f63eee063_2077", "geometry": {"type": "Point", "coordinates": [-120.819519, 56.512801]}, "geometry_name": "GEOMETRY", "properties": {"GW_WW_SYSID": 45608, "WELL_TAG_NUMBER": 45710, "IDENTIFICATION_PLATE_NUMBER": null, "STREET_ADDRESS": "ROSE PRAIRIE", "CITY": "FORT ST JOHN", "LEGAL_LOT": " ", "LEGAL_PLAN": " ", "LEGAL_DISTRICT_LOT": " ", "LEGAL_PID": null, "WELL_LOCATION_DESCRIPTION": " ", "COORDINATE_ACQUISITION_CODE": "D", "WELL_STATUS": "New", "WELL_CLASS": "Water Supply", "WELL_SUBCLASS": null, "INTENDED_WATER_USE": "Private Domestic", "WELL_DETAILS_URL": "https://apps.nrs.gov.bc.ca/gwells/well/45710", "LICENCE_STATUS": "Unlicensed", "AQUIFER_ID": 1269, "PERSON_RESPONSIBLE": " ", "COMPANY_OF_PERSON_RESPONSIBLE": "Cariboo Water Wells", "FINISHED_WELL_DEPTH": 200, "TOTAL_DEPTH_DRILLED": null, "BEDROCK_DEPTH": 48, "YIELD": 8, "YIELD_ESTIMATION_DURATION": null, "ARTESIAN_COND": "N", "ARTESIAN_FLOW": null, "ARTESIAN_PRESSURE": null, "STATIC_WATER_LEVEL": 30, "DIAMETER": null, "FINAL_CASING_STICK_UP": null, "GROUND_ELEVATION": null, "GROUND_ELEVATION_METHOD": "UNKNOWN", "SURFACE_SEAL_DEPTH": null, "SURFACE_SEAL_THICKNESS": null, "SURFACE_SEAL_METHOD": null, "SCREEN_INTAKE_METHOD": null, "WATER_SUPPLY_SYSTEM_NAME": null, "WATER_SUPPLY_SYSTEM_WELL_NAME": null, "CONSTRUCTION_START_DATE": "1980-08-01Z", "CONSTRUCTION_END_DATE": "1980-08-01Z", "ALTERATION_START_DATE": null, "ALTERATION_END_DATE": null, "DECOMMISSION_START_DATE": null, "DECOMMISSION_END_DATE": null, "DECOMMISSION_REASON": null, "OBSERVATION_WELL_NUMBER": null, "OBSERVATION_WELL_STATUS": null, "EMS_ID": null, "AQUIFER_MATERIAL": "Bedrock", "OBJECTID": 122506958, "SE_ANNO_CAD_DATA": null}}, {"type": "Feature", "id": "WHSE_WATER_MANAGEMENT.GW_WATER_WELLS_WRBC_SVW.fid-29e471e6_19f63eee063_2078", "geometry": {"type": "Point", "coordinates": [-120.816728, 56.517533]}, "geometry_name": "GEOMETRY", "properties": {"GW_WW_SYSID": 15288, "WELL_TAG_NUMBER": 15315, "IDENTIFICATION_PLATE_NUMBER": null, "STREET_ADDRESS": " ", "CITY": " ", "LEGAL_LOT": " ", "LEGAL_PLAN": " ", "LEGAL_DISTRICT_LOT": " ", "LEGAL_PID": null, "WELL_LOCATION_DESCRIPTION": " ", "COORDINATE_ACQUISITION_CODE": "E", "WELL_STATUS": "New", "WELL_CLASS": "Water Supply", "WELL_SUBCLASS": null, "INTENDED_WATER_USE": "Private Domestic", "WELL_DETAILS_URL": "https://apps.nrs.gov.bc.ca/gwells/well/15315", "LICENCE_STATUS": "Unlicensed", "AQUIFER_ID": 1269, "PERSON_RESPONSIBLE": " ", "COMPANY_OF_PERSON_RESPONSIBLE": "Cliff Baker Drilling", "FINISHED_WELL_DEPTH": 73, "TOTAL_DEPTH_DRILLED": null, "BEDROCK_DEPTH": 45, "YIELD": 0, "YIELD_ESTIMATION_DURATION": null, "ARTESIAN_COND": "N", "ARTESIAN_FLOW": null, "ARTESIAN_PRESSURE": null, "STATIC_WATER_LEVEL": 38, "DIAMETER": null, "FINAL_CASING_STICK_UP": null, "GROUND_ELEVATION": null, "GROUND_ELEVATION_METHOD": "UNKNOWN", "SURFACE_SEAL_DEPTH": null, "SURFACE_SEAL_THICKNESS": null, "SURFACE_SEAL_METHOD": null, "SCREEN_INTAKE_METHOD": null, "WATER_SUPPLY_SYSTEM_NAME": null, "WATER_SUPPLY_SYSTEM_WELL_NAME": null, "CONSTRUCTION_START_DATE": "1958-01-01Z", "CONSTRUCTION_END_DATE": "1958-01-01Z", "ALTERATION_START_DATE": null, "ALTERATION_END_DATE": null, "DECOMMISSION_START_DATE": null, "DECOMMISSION_END_DATE": null, "DECOMMISSION_REASON": null, "OBSERVATION_WELL_NUMBER": null, "OBSERVATION_WELL_STATUS": null, "EMS_ID": null, "AQUIFER_MATERIAL": "Bedrock", "OBJECTID": 122476638, "SE_ANNO_CAD_DATA": null}}, {"type": "Feature", "id": "WHSE_WATER_MANAGEMENT.GW_WATER_WELLS_WRBC_SVW.fid-29e471e6_19f63eee063_2079", "geometry": {"type": "Point", "coordinates": [-120.821517, 56.526136]}, "geometry_name": "GEOMETRY", "properties": {"GW_WW_SYSID": 74824, "WELL_TAG_NUMBER": 77466, "IDENTIFICATION_PLATE_NUMBER": null, "STREET_ADDRESS": " ", "CITY": "ROSE PRAIRIE", "LEGAL_LOT": " ", "LEGAL_PLAN": " ", "LEGAL_DISTRICT_LOT": " ", "LEGAL_PID": null, "WELL_LOCATION_DESCRIPTION": " ", "COORDINATE_ACQUISITION_CODE": "E", "WELL_STATUS": "New", "WELL_CLASS": "Water Supply", "WELL_SUBCLASS": null, "INTENDED_WATER_USE": "Private Domestic", "WELL_DETAILS_URL": "https://apps.nrs.gov.bc.ca/gwells/well/77466", "LICENCE_STATUS": "Unlicensed", "AQUIFER_ID": 451, "PERSON_RESPONSIBLE": " ", "COMPANY_OF_PERSON_RESPONSIBLE": "Unknown", "FINISHED_WELL_DEPTH": 300, "TOTAL_DEPTH_DRILLED": null, "BEDROCK_DEPTH": 140, "YIELD": 0, "YIELD_ESTIMATION_DURATION": null, "ARTESIAN_COND": "N", "ARTESIAN_FLOW": null, "ARTESIAN_PRESSURE": null, "STATIC_WATER_LEVEL": null, "DIAMETER": null, "FINAL_CASING_STICK_UP": null, "GROUND_ELEVATION": 2250, "GROUND_ELEVATION_METHOD": "UNKNOWN", "SURFACE_SEAL_DEPTH": null, "SURFACE_SEAL_THICKNESS": null, "SURFACE_SEAL_METHOD": null, "SCREEN_INTAKE_METHOD": null, "WATER_SUPPLY_SYSTEM_NAME": null, "WATER_SUPPLY_SYSTEM_WELL_NAME": null, "CONSTRUCTION_START_DATE": "1998-06-21Z", "CONSTRUCTION_END_DATE": null, "ALTERATION_START_DATE": null, "ALTERATION_END_DATE": null, "DECOMMISSION_START_DATE": null, "DECOMMISSION_END_DATE": null, "DECOMMISSION_REASON": null, "OBSERVATION_WELL_NUMBER": null, "OBSERVATION_WELL_STATUS": null, "EMS_ID": null, "AQUIFER_MATERIAL": "Bedrock", "OBJECTID": 122536174, "SE_ANNO_CAD_DATA": null}}, {"type": "Feature", "id": "WHSE_WATER_MANAGEMENT.GW_WATER_WELLS_WRBC_SVW.fid-29e471e6_19f63eee063_207a", "geometry": {"type": "Point", "coordinates": [-120.724907, 56.52817]}, "geometry_name": "GEOMETRY", "properties": {"GW_WW_SYSID": 16289, "WELL_TAG_NUMBER": 16318, "IDENTIFICATION_PLATE_NUMBER": null, "STREET_ADDRESS": null, "CITY": null, "LEGAL_LOT": null, "LEGAL_PLAN": null, "LEGAL_DISTRICT_LOT": null, "LEGAL_PID": null, "WELL_LOCATION_DESCRIPTION": null, "COORDINATE_ACQUISITION_CODE": "E", "WELL_STATUS": "New", "WELL_CLASS": "Unknown", "WELL_SUBCLASS": null, "INTENDED_WATER_USE": "Not Applicable", "WELL_DETAILS_URL": "https://apps.nrs.gov.bc.ca/gwells/well/16318", "LICENCE_STATUS": "Unlicensed", "AQUIFER_ID": 451, "PERSON_RESPONSIBLE": " ", "COMPANY_OF_PERSON_RESPONSIBLE": "Cliff Baker Drilling", "FINISHED_WELL_DEPTH": 250, "TOTAL_DEPTH_DRILLED": null, "BEDROCK_DEPTH": null, "YIELD": 0, "YIELD_ESTIMATION_DURATION": null, "ARTESIAN_COND": "N", "ARTESIAN_FLOW": null, "ARTESIAN_PRESSURE": null, "STATIC_WATER_LEVEL": null, "DIAMETER": null, "FINAL_CASING_STICK_UP": null, "GROUND_ELEVATION": null, "GROUND_ELEVATION_METHOD": "UNKNOWN", "SURFACE_SEAL_DEPTH": null, "SURFACE_SEAL_THICKNESS": null, "SURFACE_SEAL_METHOD": null, "SCREEN_INTAKE_METHOD": null, "WATER_SUPPLY_SYSTEM_NAME": null, "WATER_SUPPLY_SYSTEM_WELL_NAME": null, "CONSTRUCTION_START_DATE": "1960-01-01Z", "CONSTRUCTION_END_DATE": "1960-01-01Z", "ALTERATION_START_DATE": null, "ALTERATION_END_DATE": null, "DECOMMISSION_START_DATE": null, "DECOMMISSION_END_DATE": null, "DECOMMISSION_REASON": null, "OBSERVATION_WELL_NUMBER": null, "OBSERVATION_WELL_STATUS": null, "EMS_ID": null, "AQUIFER_MATERIAL": "Unconsolidated", "OBJECTID": 122477639, "SE_ANNO_CAD_DATA": null}}, {"type": "Feature", "id": "WHSE_WATER_MANAGEMENT.GW_WATER_WELLS_WRBC_SVW.fid-29e471e6_19f63eee063_207b", "geometry": {"type": "Point", "coordinates": [-120.84537, 56.53363]}, "geometry_name": "GEOMETRY", "properties": {"GW_WW_SYSID": 1060, "WELL_TAG_NUMBER": 1066, "IDENTIFICATION_PLATE_NUMBER": null, "STREET_ADDRESS": null, "CITY": "ROSE PRAIRIE", "LEGAL_LOT": "NW 1/4", "LEGAL_PLAN": null, "LEGAL_DISTRICT_LOT": null, "LEGAL_PID": 14534525, "WELL_LOCATION_DESCRIPTION": null, "COORDINATE_ACQUISITION_CODE": "J", "WELL_STATUS": "New", "WELL_CLASS": "Water Supply", "WELL_SUBCLASS": "Not Applicable", "INTENDED_WATER_USE": "Private Domestic", "WELL_DETAILS_URL": "https://apps.nrs.gov.bc.ca/gwells/well/1066", "LICENCE_STATUS": "Unlicensed", "AQUIFER_ID": null, "PERSON_RESPONSIBLE": " ", "COMPANY_OF_PERSON_RESPONSIBLE": "Anderson Water Wells", "FINISHED_WELL_DEPTH": 170, "TOTAL_DEPTH_DRILLED": null, "BEDROCK_DEPTH": null, "YIELD": 0, "YIELD_ESTIMATION_DURATION": null, "ARTESIAN_COND": "N", "ARTESIAN_FLOW": null, "ARTESIAN_PRESSURE": null, "STATIC_WATER_LEVEL": null, "DIAMETER": null, "FINAL_CASING_STICK_UP": null, "GROUND_ELEVATION": null, "GROUND_ELEVATION_METHOD": "UNKNOWN", "SURFACE_SEAL_DEPTH": null, "SURFACE_SEAL_THICKNESS": null, "SURFACE_SEAL_METHOD": null, "SCREEN_INTAKE_METHOD": null, "WATER_SUPPLY_SYSTEM_NAME": null, "WATER_SUPPLY_SYSTEM_WELL_NAME": null, "CONSTRUCTION_START_DATE": null, "CONSTRUCTION_END_DATE": null, "ALTERATION_START_DATE": null, "ALTERATION_END_DATE": null, "DECOMMISSION_START_DATE": null, "DECOMMISSION_END_DATE": null, "DECOMMISSION_REASON": null, "OBSERVATION_WELL_NUMBER": null, "OBSERVATION_WELL_STATUS": null, "EMS_ID": null, "AQUIFER_MATERIAL": "Unconsolidated", "OBJECTID": 122462410, "SE_ANNO_CAD_DATA": null}}, {"type": "Feature", "id": "WHSE_WATER_MANAGEMENT.GW_WATER_WELLS_WRBC_SVW.fid-29e471e6_19f63eee063_207c", "geometry": {"type": "Point", "coordinates": [-120.792367, 56.532766]}, "geometry_name": "GEOMETRY", "properties": {"GW_WW_SYSID": 15293, "WELL_TAG_NUMBER": 15320, "IDENTIFICATION_PLATE_NUMBER": null, "STREET_ADDRESS": " ", "CITY": " ", "LEGAL_LOT": " ", "LEGAL_PLAN": " ", "LEGAL_DISTRICT_LOT": " ", "LEGAL_PID": null, "WELL_LOCATION_DESCRIPTION": " ", "COORDINATE_ACQUISITION_CODE": "E", "WELL_STATUS": "New", "WELL_CLASS": "Unknown", "WELL_SUBCLASS": null, "INTENDED_WATER_USE": "Unknown Well Use", "WELL_DETAILS_URL": "https://apps.nrs.gov.bc.ca/gwells/well/15320", "LICENCE_STATUS": "Unlicensed", "AQUIFER_ID": null, "PERSON_RESPONSIBLE": " ", "COMPANY_OF_PERSON_RESPONSIBLE": "Cliff Baker Drilling", "FINISHED_WELL_DEPTH": 215, "TOTAL_DEPTH_DRILLED": null, "BEDROCK_DEPTH": null, "YIELD": null, "YIELD_ESTIMATION_DURATION": null, "ARTESIAN_COND": "N", "ARTESIAN_FLOW": null, "ARTESIAN_PRESSURE": null, "STATIC_WATER_LEVEL": null, "DIAMETER": null, "FINAL_CASING_STICK_UP": null, "GROUND_ELEVATION": null, "GROUND_ELEVATION_METHOD": "UNKNOWN", "SURFACE_SEAL_DEPTH": null, "SURFACE_SEAL_THICKNESS": null, "SURFACE_SEAL_METHOD": null, "SCREEN_INTAKE_METHOD": null, "WATER_SUPPLY_SYSTEM_NAME": null, "WATER_SUPPLY_SYSTEM_WELL_NAME": null, "CONSTRUCTION_START_DATE": "1958-01-01Z", "CONSTRUCTION_END_DATE": "1958-01-01Z", "ALTERATION_START_DATE": null, "ALTERATION_END_DATE": null, "DECOMMISSION_START_DATE": null, "DECOMMISSION_END_DATE": null, "DECOMMISSION_REASON": null, "OBSERVATION_WELL_NUMBER": null, "OBSERVATION_WELL_STATUS": null, "EMS_ID": null, "AQUIFER_MATERIAL": "Unconsolidated", "OBJECTID": 122476643, "SE_ANNO_CAD_DATA": null}}, {"type": "Feature", "id": "WHSE_WATER_MANAGEMENT.GW_WATER_WELLS_WRBC_SVW.fid-29e471e6_19f63eee063_207d", "geometry": {"type": "Point", "coordinates": [-120.847594, 56.537959]}, "geometry_name": "GEOMETRY", "properties": {"GW_WW_SYSID": 100533, "WELL_TAG_NUMBER": 104719, "IDENTIFICATION_PLATE_NUMBER": 22040, "STREET_ADDRESS": "10004 262 ROAD", "CITY": "ROSE PRAIRIE", "LEGAL_LOT": " ", "LEGAL_PLAN": " ", "LEGAL_DISTRICT_LOT": " ", "LEGAL_PID": null, "WELL_LOCATION_DESCRIPTION": "NOT PROVIDED", "COORDINATE_ACQUISITION_CODE": "H", "WELL_STATUS": "New", "WELL_CLASS": "Water Supply", "WELL_SUBCLASS": "Not Applicable", "INTENDED_WATER_USE": "Private Domestic", "WELL_DETAILS_URL": "https://apps.nrs.gov.bc.ca/gwells/well/104719", "LICENCE_STATUS": "Unlicensed", "AQUIFER_ID": 1269, "PERSON_RESPONSIBLE": " ", "COMPANY_OF_PERSON_RESPONSIBLE": "Jacob's Water Wells", "FINISHED_WELL_DEPTH": 102, "TOTAL_DEPTH_DRILLED": 102, "BEDROCK_DEPTH": 40, "YIELD": 30, "YIELD_ESTIMATION_DURATION": 0.5, "ARTESIAN_COND": "N", "ARTESIAN_FLOW": null, "ARTESIAN_PRESSURE": null, "STATIC_WATER_LEVEL": 69.2, "DIAMETER": 6, "FINAL_CASING_STICK_UP": 28, "GROUND_ELEVATION": 2315, "GROUND_ELEVATION_METHOD": "GPS", "SURFACE_SEAL_DEPTH": 26, "SURFACE_SEAL_THICKNESS": 1, "SURFACE_SEAL_METHOD": "POURED", "SCREEN_INTAKE_METHOD": "SCREEN", "WATER_SUPPLY_SYSTEM_NAME": null, "WATER_SUPPLY_SYSTEM_WELL_NAME": null, "CONSTRUCTION_START_DATE": "2011-06-07Z", "CONSTRUCTION_END_DATE": "2011-06-09Z", "ALTERATION_START_DATE": null, "ALTERATION_END_DATE": null, "DECOMMISSION_START_DATE": null, "DECOMMISSION_END_DATE": null, "DECOMMISSION_REASON": null, "OBSERVATION_WELL_NUMBER": null, "OBSERVATION_WELL_STATUS": null, "EMS_ID": null, "AQUIFER_MATERIAL": "Unknown", "OBJECTID": 122561883, "SE_ANNO_CAD_DATA": null}}, {"type": "Feature", "id": "WHSE_WATER_MANAGEMENT.GW_WATER_WELLS_WRBC_SVW.fid-29e471e6_19f63eee063_207e", "geometry": {"type": "Point", "coordinates": [-120.870596, 56.539928]}, "geometry_name": "GEOMETRY", "properties": {"GW_WW_SYSID": 62597, "WELL_TAG_NUMBER": 62804, "IDENTIFICATION_PLATE_NUMBER": null, "STREET_ADDRESS": "BOX 107 ROSE PRAIRIE V0C 2H0", "CITY": "FORT ST. JOHN", "LEGAL_LOT": " ", "LEGAL_PLAN": " ", "LEGAL_DISTRICT_LOT": " ", "LEGAL_PID": null, "WELL_LOCATION_DESCRIPTION": " ", "COORDINATE_ACQUISITION_CODE": "J", "WELL_STATUS": "New", "WELL_CLASS": "Water Supply", "WELL_SUBCLASS": "Not Applicable", "INTENDED_WATER_USE": "Private Domestic", "WELL_DETAILS_URL": "https://apps.nrs.gov.bc.ca/gwells/well/62804", "LICENCE_STATUS": "Unlicensed", "AQUIFER_ID": 1269, "PERSON_RESPONSIBLE": " ", "COMPANY_OF_PERSON_RESPONSIBLE": "Jacob's Water Wells", "FINISHED_WELL_DEPTH": 105, "TOTAL_DEPTH_DRILLED": null, "BEDROCK_DEPTH": 58, "YIELD": 14, "YIELD_ESTIMATION_DURATION": null, "ARTESIAN_COND": "N", "ARTESIAN_FLOW": null, "ARTESIAN_PRESSURE": null, "STATIC_WATER_LEVEL": 86, "DIAMETER": null, "FINAL_CASING_STICK_UP": null, "GROUND_ELEVATION": null, "GROUND_ELEVATION_METHOD": "UNKNOWN", "SURFACE_SEAL_DEPTH": null, "SURFACE_SEAL_THICKNESS": null, "SURFACE_SEAL_METHOD": null, "SCREEN_INTAKE_METHOD": null, "WATER_SUPPLY_SYSTEM_NAME": null, "WATER_SUPPLY_SYSTEM_WELL_NAME": null, "CONSTRUCTION_START_DATE": "1996-08-27Z", "CONSTRUCTION_END_DATE": null, "ALTERATION_START_DATE": null, "ALTERATION_END_DATE": null, "DECOMMISSION_START_DATE": null, "DECOMMISSION_END_DATE": null, "DECOMMISSION_REASON": null, "OBSERVATION_WELL_NUMBER": null, "OBSERVATION_WELL_STATUS": null, "EMS_ID": null, "AQUIFER_MATERIAL": "Bedrock", "OBJECTID": 122523947, "SE_ANNO_CAD_DATA": null}}, {"type": "Feature", "id": "WHSE_WATER_MANAGEMENT.GW_WATER_WELLS_WRBC_SVW.fid-29e471e6_19f63eee063_207f", "geometry": {"type": "Point", "coordinates": [-120.762441, 56.538863]}, "geometry_name": "GEOMETRY", "properties": {"GW_WW_SYSID": 2583, "WELL_TAG_NUMBER": 2589, "IDENTIFICATION_PLATE_NUMBER": null, "STREET_ADDRESS": " ", "CITY": " ", "LEGAL_LOT": " ", "LEGAL_PLAN": " ", "LEGAL_DISTRICT_LOT": " ", "LEGAL_PID": null, "WELL_LOCATION_DESCRIPTION": " ", "COORDINATE_ACQUISITION_CODE": "E", "WELL_STATUS": "New", "WELL_CLASS": "Unknown", "WELL_SUBCLASS": null, "INTENDED_WATER_USE": "Unknown Well Use", "WELL_DETAILS_URL": "https://apps.nrs.gov.bc.ca/gwells/well/2589", "LICENCE_STATUS": "Unlicensed", "AQUIFER_ID": 1269, "PERSON_RESPONSIBLE": " ", "COMPANY_OF_PERSON_RESPONSIBLE": "Wilson, Earl", "FINISHED_WELL_DEPTH": 67, "TOTAL_DEPTH_DRILLED": null, "BEDROCK_DEPTH": 11, "YIELD": 0, "YIELD_ESTIMATION_DURATION": null, "ARTESIAN_COND": "N", "ARTESIAN_FLOW": null, "ARTESIAN_PRESSURE": null, "STATIC_WATER_LEVEL": 60, "DIAMETER": null, "FINAL_CASING_STICK_UP": null, "GROUND_ELEVATION": null, "GROUND_ELEVATION_METHOD": "UNKNOWN", "SURFACE_SEAL_DEPTH": null, "SURFACE_SEAL_THICKNESS": null, "SURFACE_SEAL_METHOD": null, "SCREEN_INTAKE_METHOD": null, "WATER_SUPPLY_SYSTEM_NAME": null, "WATER_SUPPLY_SYSTEM_WELL_NAME": null, "CONSTRUCTION_START_DATE": "1946-01-01Z", "CONSTRUCTION_END_DATE": "1946-01-01Z", "ALTERATION_START_DATE": null, "ALTERATION_END_DATE": null, "DECOMMISSION_START_DATE": null, "DECOMMISSION_END_DATE": null, "DECOMMISSION_REASON": null, "OBSERVATION_WELL_NUMBER": null, "OBSERVATION_WELL_STATUS": null, "EMS_ID": null, "AQUIFER_MATERIAL": "Bedrock", "OBJECTID": 122463933, "SE_ANNO_CAD_DATA": null}}, {"type": "Feature", "id": "WHSE_WATER_MANAGEMENT.GW_WATER_WELLS_WRBC_SVW.fid-29e471e6_19f63eee063_2080", "geometry": {"type": "Point", "coordinates": [-120.77159, 56.548149]}, "geometry_name": "GEOMETRY", "properties": {"GW_WW_SYSID": 4913, "WELL_TAG_NUMBER": 4921, "IDENTIFICATION_PLATE_NUMBER": null, "STREET_ADDRESS": " ", "CITY": " ", "LEGAL_LOT": " ", "LEGAL_PLAN": " ", "LEGAL_DISTRICT_LOT": " ", "LEGAL_PID": null, "WELL_LOCATION_DESCRIPTION": " ", "COORDINATE_ACQUISITION_CODE": "E", "WELL_STATUS": "New", "WELL_CLASS": "Water Supply", "WELL_SUBCLASS": null, "INTENDED_WATER_USE": "Private Domestic", "WELL_DETAILS_URL": "https://apps.nrs.gov.bc.ca/gwells/well/4921", "LICENCE_STATUS": "Unlicensed", "AQUIFER_ID": 1269, "PERSON_RESPONSIBLE": " ", "COMPANY_OF_PERSON_RESPONSIBLE": "Cliff Baker Drilling", "FINISHED_WELL_DEPTH": 160, "TOTAL_DEPTH_DRILLED": null, "BEDROCK_DEPTH": 20, "YIELD": 0, "YIELD_ESTIMATION_DURATION": null, "ARTESIAN_COND": "N", "ARTESIAN_FLOW": null, "ARTESIAN_PRESSURE": null, "STATIC_WATER_LEVEL": 125, "DIAMETER": null, "FINAL_CASING_STICK_UP": null, "GROUND_ELEVATION": null, "GROUND_ELEVATION_METHOD": "UNKNOWN", "SURFACE_SEAL_DEPTH": null, "SURFACE_SEAL_THICKNESS": null, "SURFACE_SEAL_METHOD": null, "SCREEN_INTAKE_METHOD": null, "WATER_SUPPLY_SYSTEM_NAME": null, "WATER_SUPPLY_SYSTEM_WELL_NAME": null, "CONSTRUCTION_START_DATE": "1950-01-01Z", "CONSTRUCTION_END_DATE": "1950-01-01Z", "ALTERATION_START_DATE": null, "ALTERATION_END_DATE": null, "DECOMMISSION_START_DATE": null, "DECOMMISSION_END_DATE": null, "DECOMMISSION_REASON": null, "OBSERVATION_WELL_NUMBER": null, "OBSERVATION_WELL_STATUS": null, "EMS_ID": null, "AQUIFER_MATERIAL": "Bedrock", "OBJECTID": 122466263, "SE_ANNO_CAD_DATA": null}}, {"type": "Feature", "id": "WHSE_WATER_MANAGEMENT.GW_WATER_WELLS_WRBC_SVW.fid-29e471e6_19f63eee063_2081", "geometry": {"type": "Point", "coordinates": [-120.73707, 56.55142]}, "geometry_name": "GEOMETRY", "properties": {"GW_WW_SYSID": 4950, "WELL_TAG_NUMBER": 4958, "IDENTIFICATION_PLATE_NUMBER": null, "STREET_ADDRESS": null, "CITY": null, "LEGAL_LOT": null, "LEGAL_PLAN": null, "LEGAL_DISTRICT_LOT": null, "LEGAL_PID": null, "WELL_LOCATION_DESCRIPTION": null, "COORDINATE_ACQUISITION_CODE": "A", "WELL_STATUS": "New", "WELL_CLASS": "Unknown", "WELL_SUBCLASS": null, "INTENDED_WATER_USE": "Not Applicable", "WELL_DETAILS_URL": "https://apps.nrs.gov.bc.ca/gwells/well/4958", "LICENCE_STATUS": "Unlicensed", "AQUIFER_ID": null, "PERSON_RESPONSIBLE": " ", "COMPANY_OF_PERSON_RESPONSIBLE": "Wilson, Earl", "FINISHED_WELL_DEPTH": 80, "TOTAL_DEPTH_DRILLED": null, "BEDROCK_DEPTH": null, "YIELD": null, "YIELD_ESTIMATION_DURATION": null, "ARTESIAN_COND": "N", "ARTESIAN_FLOW": null, "ARTESIAN_PRESSURE": null, "STATIC_WATER_LEVEL": null, "DIAMETER": null, "FINAL_CASING_STICK_UP": null, "GROUND_ELEVATION": null, "GROUND_ELEVATION_METHOD": "UNKNOWN", "SURFACE_SEAL_DEPTH": null, "SURFACE_SEAL_THICKNESS": null, "SURFACE_SEAL_METHOD": null, "SCREEN_INTAKE_METHOD": null, "WATER_SUPPLY_SYSTEM_NAME": null, "WATER_SUPPLY_SYSTEM_WELL_NAME": null, "CONSTRUCTION_START_DATE": "1950-01-01Z", "CONSTRUCTION_END_DATE": "1950-01-01Z", "ALTERATION_START_DATE": null, "ALTERATION_END_DATE": null, "DECOMMISSION_START_DATE": null, "DECOMMISSION_END_DATE": null, "DECOMMISSION_REASON": null, "OBSERVATION_WELL_NUMBER": null, "OBSERVATION_WELL_STATUS": null, "EMS_ID": null, "AQUIFER_MATERIAL": "Unconsolidated", "OBJECTID": 122466300, "SE_ANNO_CAD_DATA": null}}, {"type": "Feature", "id": "WHSE_WATER_MANAGEMENT.GW_WATER_WELLS_WRBC_SVW.fid-29e471e6_19f63eee063_2082", "geometry": {"type": "Point", "coordinates": [-120.70555, 56.55072]}, "geometry_name": "GEOMETRY", "properties": {"GW_WW_SYSID": 57451, "WELL_TAG_NUMBER": 57599, "IDENTIFICATION_PLATE_NUMBER": null, "STREET_ADDRESS": "MILLIGAN CREEK ROAD", "CITY": "PETTERSONS CROSSING", "LEGAL_LOT": "NE 1/4", "LEGAL_PLAN": null, "LEGAL_DISTRICT_LOT": null, "LEGAL_PID": null, "WELL_LOCATION_DESCRIPTION": "Construction report indicates that the section is 28 but I believe that to be a mistake. NE1/4-28-87-17 was never owned by Volz and does not match the description of the well location. I believe the driller miswrote 18 as 28.", "COORDINATE_ACQUISITION_CODE": "E", "WELL_STATUS": "New", "WELL_CLASS": "Water Supply", "WELL_SUBCLASS": "Not Applicable", "INTENDED_WATER_USE": "Private Domestic", "WELL_DETAILS_URL": "https://apps.nrs.gov.bc.ca/gwells/well/57599", "LICENCE_STATUS": "Unlicensed", "AQUIFER_ID": 931, "PERSON_RESPONSIBLE": " ", "COMPANY_OF_PERSON_RESPONSIBLE": "Anderson Water Wells", "FINISHED_WELL_DEPTH": 93, "TOTAL_DEPTH_DRILLED": null, "BEDROCK_DEPTH": 65, "YIELD": 7.5, "YIELD_ESTIMATION_DURATION": null, "ARTESIAN_COND": "N", "ARTESIAN_FLOW": null, "ARTESIAN_PRESSURE": null, "STATIC_WATER_LEVEL": 41.5, "DIAMETER": 4.5, "FINAL_CASING_STICK_UP": 24, "GROUND_ELEVATION": null, "GROUND_ELEVATION_METHOD": "UNKNOWN", "SURFACE_SEAL_DEPTH": null, "SURFACE_SEAL_THICKNESS": null, "SURFACE_SEAL_METHOD": null, "SCREEN_INTAKE_METHOD": "SCREEN", "WATER_SUPPLY_SYSTEM_NAME": null, "WATER_SUPPLY_SYSTEM_WELL_NAME": null, "CONSTRUCTION_START_DATE": "1987-10-18Z", "CONSTRUCTION_END_DATE": "1987-10-18Z", "ALTERATION_START_DATE": null, "ALTERATION_END_DATE": null, "DECOMMISSION_START_DATE": null, "DECOMMISSION_END_DATE": null, "DECOMMISSION_REASON": null, "OBSERVATION_WELL_NUMBER": null, "OBSERVATION_WELL_STATUS": null, "EMS_ID": null, "AQUIFER_MATERIAL": "Unconsolidated", "OBJECTID": 122518801, "SE_ANNO_CAD_DATA": null}}, {"type": "Feature", "id": "WHSE_WATER_MANAGEMENT.GW_WATER_WELLS_WRBC_SVW.fid-29e471e6_19f63eee063_2083", "geometry": {"type": "Point", "coordinates": [-120.787351, 56.558262]}, "geometry_name": "GEOMETRY", "properties": {"GW_WW_SYSID": 2927, "WELL_TAG_NUMBER": 2933, "IDENTIFICATION_PLATE_NUMBER": null, "STREET_ADDRESS": " ", "CITY": " ", "LEGAL_LOT": " ", "LEGAL_PLAN": " ", "LEGAL_DISTRICT_LOT": " ", "LEGAL_PID": null, "WELL_LOCATION_DESCRIPTION": " ", "COORDINATE_ACQUISITION_CODE": "E", "WELL_STATUS": "New", "WELL_CLASS": "Unknown", "WELL_SUBCLASS": null, "INTENDED_WATER_USE": "Unknown Well Use", "WELL_DETAILS_URL": "https://apps.nrs.gov.bc.ca/gwells/well/2933", "LICENCE_STATUS": "Unlicensed", "AQUIFER_ID": 1269, "PERSON_RESPONSIBLE": " ", "COMPANY_OF_PERSON_RESPONSIBLE": "Wilson, Earl", "FINISHED_WELL_DEPTH": 40, "TOTAL_DEPTH_DRILLED": null, "BEDROCK_DEPTH": 11, "YIELD": 0, "YIELD_ESTIMATION_DURATION": null, "ARTESIAN_COND": "N", "ARTESIAN_FLOW": null, "ARTESIAN_PRESSURE": null, "STATIC_WATER_LEVEL": 23, "DIAMETER": null, "FINAL_CASING_STICK_UP": null, "GROUND_ELEVATION": null, "GROUND_ELEVATION_METHOD": "UNKNOWN", "SURFACE_SEAL_DEPTH": null, "SURFACE_SEAL_THICKNESS": null, "SURFACE_SEAL_METHOD": null, "SCREEN_INTAKE_METHOD": null, "WATER_SUPPLY_SYSTEM_NAME": null, "WATER_SUPPLY_SYSTEM_WELL_NAME": null, "CONSTRUCTION_START_DATE": "1948-01-01Z", "CONSTRUCTION_END_DATE": "1948-01-01Z", "ALTERATION_START_DATE": null, "ALTERATION_END_DATE": null, "DECOMMISSION_START_DATE": null, "DECOMMISSION_END_DATE": null, "DECOMMISSION_REASON": null, "OBSERVATION_WELL_NUMBER": null, "OBSERVATION_WELL_STATUS": null, "EMS_ID": null, "AQUIFER_MATERIAL": "Bedrock", "OBJECTID": 122464277, "SE_ANNO_CAD_DATA": null}}, {"type": "Feature", "id": "WHSE_WATER_MANAGEMENT.GW_WATER_WELLS_WRBC_SVW.fid-29e471e6_19f63eee063_2084", "geometry": {"type": "Point", "coordinates": [-120.984256, 56.465583]}, "geometry_name": "GEOMETRY", "properties": {"GW_WW_SYSID": 87733, "WELL_TAG_NUMBER": 91573, "IDENTIFICATION_PLATE_NUMBER": 14625, "STREET_ADDRESS": "15595 PRESPATOU ROAD", "CITY": "MONTNEY", "LEGAL_LOT": " ", "LEGAL_PLAN": " ", "LEGAL_DISTRICT_LOT": " ", "LEGAL_PID": null, "WELL_LOCATION_DESCRIPTION": "NOT PROVIDED", "COORDINATE_ACQUISITION_CODE": "H", "WELL_STATUS": "New", "WELL_CLASS": "Water Supply", "WELL_SUBCLASS": "Not Applicable", "INTENDED_WATER_USE": "Private Domestic", "WELL_DETAILS_URL": "https://apps.nrs.gov.bc.ca/gwells/well/91573", "LICENCE_STATUS": "Unlicensed", "AQUIFER_ID": 1270, "PERSON_RESPONSIBLE": " ", "COMPANY_OF_PERSON_RESPONSIBLE": "Jacob's Water Wells", "FINISHED_WELL_DEPTH": 73, "TOTAL_DEPTH_DRILLED": 73, "BEDROCK_DEPTH": 55, "YIELD": 20, "YIELD_ESTIMATION_DURATION": 0.5, "ARTESIAN_COND": "N", "ARTESIAN_FLOW": null, "ARTESIAN_PRESSURE": null, "STATIC_WATER_LEVEL": 23, "DIAMETER": 6, "FINAL_CASING_STICK_UP": 24, "GROUND_ELEVATION": 2316, "GROUND_ELEVATION_METHOD": "GPS", "SURFACE_SEAL_DEPTH": 25, "SURFACE_SEAL_THICKNESS": 1, "SURFACE_SEAL_METHOD": "POURED", "SCREEN_INTAKE_METHOD": null, "WATER_SUPPLY_SYSTEM_NAME": null, "WATER_SUPPLY_SYSTEM_WELL_NAME": null, "CONSTRUCTION_START_DATE": "2007-08-03Z", "CONSTRUCTION_END_DATE": "2007-08-07Z", "ALTERATION_START_DATE": null, "ALTERATION_END_DATE": null, "DECOMMISSION_START_DATE": null, "DECOMMISSION_END_DATE": null, "DECOMMISSION_REASON": null, "OBSERVATION_WELL_NUMBER": null, "OBSERVATION_WELL_STATUS": null, "EMS_ID": null, "AQUIFER_MATERIAL": "Unknown", "OBJECTID": 122549083, "SE_ANNO_CAD_DATA": null}}, {"type": "Feature", "id": "WHSE_WATER_MANAGEMENT.GW_WATER_WELLS_WRBC_SVW.fid-29e471e6_19f63eee063_2085", "geometry": {"type": "Point", "coordinates": [-120.984257, 56.465574]}, "geometry_name": "GEOMETRY", "properties": {"GW_WW_SYSID": 100547, "WELL_TAG_NUMBER": 104734, "IDENTIFICATION_PLATE_NUMBER": 22039, "STREET_ADDRESS": "15595 PRESPATOU ROAD", "CITY": "MONTNEY", "LEGAL_LOT": " ", "LEGAL_PLAN": " ", "LEGAL_DISTRICT_LOT": " ", "LEGAL_PID": null, "WELL_LOCATION_DESCRIPTION": "8 FT S OF WELL #14625", "COORDINATE_ACQUISITION_CODE": "H", "WELL_STATUS": "New", "WELL_CLASS": "Water Supply", "WELL_SUBCLASS": "Not Applicable", "INTENDED_WATER_USE": "Private Domestic", "WELL_DETAILS_URL": "https://apps.nrs.gov.bc.ca/gwells/well/104734", "LICENCE_STATUS": "Licensed", "AQUIFER_ID": 1270, "PERSON_RESPONSIBLE": " ", "COMPANY_OF_PERSON_RESPONSIBLE": "Jacob's Water Wells", "FINISHED_WELL_DEPTH": 150, "TOTAL_DEPTH_DRILLED": 150, "BEDROCK_DEPTH": 73, "YIELD": 14, "YIELD_ESTIMATION_DURATION": 0.5, "ARTESIAN_COND": "N", "ARTESIAN_FLOW": null, "ARTESIAN_PRESSURE": null, "STATIC_WATER_LEVEL": 55.5, "DIAMETER": 6, "FINAL_CASING_STICK_UP": 22, "GROUND_ELEVATION": 2315, "GROUND_ELEVATION_METHOD": "GPS", "SURFACE_SEAL_DEPTH": 23, "SURFACE_SEAL_THICKNESS": 1, "SURFACE_SEAL_METHOD": "POURED", "SCREEN_INTAKE_METHOD": "SCREEN", "WATER_SUPPLY_SYSTEM_NAME": null, "WATER_SUPPLY_SYSTEM_WELL_NAME": null, "CONSTRUCTION_START_DATE": "2011-05-16Z", "CONSTRUCTION_END_DATE": "2011-06-01Z", "ALTERATION_START_DATE": null, "ALTERATION_END_DATE": null, "DECOMMISSION_START_DATE": null, "DECOMMISSION_END_DATE": null, "DECOMMISSION_REASON": null, "OBSERVATION_WELL_NUMBER": null, "OBSERVATION_WELL_STATUS": null, "EMS_ID": null, "AQUIFER_MATERIAL": "Unknown", "OBJECTID": 122561897, "SE_ANNO_CAD_DATA": null}}, {"type": "Feature", "id": "WHSE_WATER_MANAGEMENT.GW_WATER_WELLS_WRBC_SVW.fid-29e471e6_19f63eee063_2086", "geometry": {"type": "Point", "coordinates": [-120.976501, 56.458798]}, "geometry_name": "GEOMETRY", "properties": {"GW_WW_SYSID": 15291, "WELL_TAG_NUMBER": 15318, "IDENTIFICATION_PLATE_NUMBER": null, "STREET_ADDRESS": " ", "CITY": " ", "LEGAL_LOT": " ", "LEGAL_PLAN": " ", "LEGAL_DISTRICT_LOT": " ", "LEGAL_PID": null, "WELL_LOCATION_DESCRIPTION": " ", "COORDINATE_ACQUISITION_CODE": "E", "WELL_STATUS": "New", "WELL_CLASS": "Water Supply", "WELL_SUBCLASS": null, "INTENDED_WATER_USE": "Private Domestic", "WELL_DETAILS_URL": "https://apps.nrs.gov.bc.ca/gwells/well/15318", "LICENCE_STATUS": "Unlicensed", "AQUIFER_ID": 1270, "PERSON_RESPONSIBLE": " ", "COMPANY_OF_PERSON_RESPONSIBLE": "Cliff Baker Drilling", "FINISHED_WELL_DEPTH": 175, "TOTAL_DEPTH_DRILLED": null, "BEDROCK_DEPTH": 120, "YIELD": 0, "YIELD_ESTIMATION_DURATION": null, "ARTESIAN_COND": "N", "ARTESIAN_FLOW": null, "ARTESIAN_PRESSURE": null, "STATIC_WATER_LEVEL": 115, "DIAMETER": null, "FINAL_CASING_STICK_UP": null, "GROUND_ELEVATION": null, "GROUND_ELEVATION_METHOD": "UNKNOWN", "SURFACE_SEAL_DEPTH": null, "SURFACE_SEAL_THICKNESS": null, "SURFACE_SEAL_METHOD": null, "SCREEN_INTAKE_METHOD": null, "WATER_SUPPLY_SYSTEM_NAME": null, "WATER_SUPPLY_SYSTEM_WELL_NAME": null, "CONSTRUCTION_START_DATE": "1958-01-01Z", "CONSTRUCTION_END_DATE": "1958-01-01Z", "ALTERATION_START_DATE": null, "ALTERATION_END_DATE": null, "DECOMMISSION_START_DATE": null, "DECOMMISSION_END_DATE": null, "DECOMMISSION_REASON": null, "OBSERVATION_WELL_NUMBER": null, "OBSERVATION_WELL_STATUS": null, "EMS_ID": null, "AQUIFER_MATERIAL": "Bedrock", "OBJECTID": 122476641, "SE_ANNO_CAD_DATA": null}}, {"type": "Feature", "id": "WHSE_WATER_MANAGEMENT.GW_WATER_WELLS_WRBC_SVW.fid-29e471e6_19f63eee063_2087", "geometry": {"type": "Point", "coordinates": [-120.973762, 56.448347]}, "geometry_name": "GEOMETRY", "properties": {"GW_WW_SYSID": 26633, "WELL_TAG_NUMBER": 26683, "IDENTIFICATION_PLATE_NUMBER": null, "STREET_ADDRESS": " ", "CITY": " ", "LEGAL_LOT": " ", "LEGAL_PLAN": " ", "LEGAL_DISTRICT_LOT": " ", "LEGAL_PID": null, "WELL_LOCATION_DESCRIPTION": " ", "COORDINATE_ACQUISITION_CODE": "E", "WELL_STATUS": "New", "WELL_CLASS": "Water Supply", "WELL_SUBCLASS": null, "INTENDED_WATER_USE": "Private Domestic", "WELL_DETAILS_URL": "https://apps.nrs.gov.bc.ca/gwells/well/26683", "LICENCE_STATUS": "Unlicensed", "AQUIFER_ID": 1270, "PERSON_RESPONSIBLE": " ", "COMPANY_OF_PERSON_RESPONSIBLE": "Cliff Baker Drilling", "FINISHED_WELL_DEPTH": 370, "TOTAL_DEPTH_DRILLED": null, "BEDROCK_DEPTH": 30, "YIELD": 6, "YIELD_ESTIMATION_DURATION": null, "ARTESIAN_COND": "N", "ARTESIAN_FLOW": null, "ARTESIAN_PRESSURE": null, "STATIC_WATER_LEVEL": 160, "DIAMETER": null, "FINAL_CASING_STICK_UP": null, "GROUND_ELEVATION": null, "GROUND_ELEVATION_METHOD": "UNKNOWN", "SURFACE_SEAL_DEPTH": null, "SURFACE_SEAL_THICKNESS": null, "SURFACE_SEAL_METHOD": null, "SCREEN_INTAKE_METHOD": null, "WATER_SUPPLY_SYSTEM_NAME": null, "WATER_SUPPLY_SYSTEM_WELL_NAME": null, "CONSTRUCTION_START_DATE": "1972-08-01Z", "CONSTRUCTION_END_DATE": "1972-08-01Z", "ALTERATION_START_DATE": null, "ALTERATION_END_DATE": null, "DECOMMISSION_START_DATE": null, "DECOMMISSION_END_DATE": null, "DECOMMISSION_REASON": null, "OBSERVATION_WELL_NUMBER": null, "OBSERVATION_WELL_STATUS": null, "EMS_ID": null, "AQUIFER_MATERIAL": "Bedrock", "OBJECTID": 122487983, "SE_ANNO_CAD_DATA": null}}, {"type": "Feature", "id": "WHSE_WATER_MANAGEMENT.GW_WATER_WELLS_WRBC_SVW.fid-29e471e6_19f63eee063_2088", "geometry": {"type": "Point", "coordinates": [-120.950008, 56.447732]}, "geometry_name": "GEOMETRY", "properties": {"GW_WW_SYSID": 2245, "WELL_TAG_NUMBER": 2251, "IDENTIFICATION_PLATE_NUMBER": null, "STREET_ADDRESS": " ", "CITY": " ", "LEGAL_LOT": " ", "LEGAL_PLAN": " ", "LEGAL_DISTRICT_LOT": " ", "LEGAL_PID": null, "WELL_LOCATION_DESCRIPTION": " ", "COORDINATE_ACQUISITION_CODE": "E", "WELL_STATUS": "New", "WELL_CLASS": "Water Supply", "WELL_SUBCLASS": null, "INTENDED_WATER_USE": "Private Domestic", "WELL_DETAILS_URL": "https://apps.nrs.gov.bc.ca/gwells/well/2251", "LICENCE_STATUS": "Unlicensed", "AQUIFER_ID": 1270, "PERSON_RESPONSIBLE": " ", "COMPANY_OF_PERSON_RESPONSIBLE": "Unknown", "FINISHED_WELL_DEPTH": 10, "TOTAL_DEPTH_DRILLED": null, "BEDROCK_DEPTH": 9, "YIELD": 0, "YIELD_ESTIMATION_DURATION": null, "ARTESIAN_COND": "N", "ARTESIAN_FLOW": null, "ARTESIAN_PRESSURE": null, "STATIC_WATER_LEVEL": null, "DIAMETER": null, "FINAL_CASING_STICK_UP": null, "GROUND_ELEVATION": null, "GROUND_ELEVATION_METHOD": "UNKNOWN", "SURFACE_SEAL_DEPTH": null, "SURFACE_SEAL_THICKNESS": null, "SURFACE_SEAL_METHOD": null, "SCREEN_INTAKE_METHOD": null, "WATER_SUPPLY_SYSTEM_NAME": null, "WATER_SUPPLY_SYSTEM_WELL_NAME": null, "CONSTRUCTION_START_DATE": "1943-01-01Z", "CONSTRUCTION_END_DATE": "1943-01-01Z", "ALTERATION_START_DATE": null, "ALTERATION_END_DATE": null, "DECOMMISSION_START_DATE": null, "DECOMMISSION_END_DATE": null, "DECOMMISSION_REASON": null, "OBSERVATION_WELL_NUMBER": null, "OBSERVATION_WELL_STATUS": null, "EMS_ID": null, "AQUIFER_MATERIAL": "Bedrock", "OBJECTID": 122463595, "SE_ANNO_CAD_DATA": null}}, {"type": "Feature", "id": "WHSE_WATER_MANAGEMENT.GW_WATER_WELLS_WRBC_SVW.fid-29e471e6_19f63eee063_2089", "geometry": {"type": "Point", "coordinates": [-120.948262, 56.450327]}, "geometry_name": "GEOMETRY", "properties": {"GW_WW_SYSID": 14976, "WELL_TAG_NUMBER": 15002, "IDENTIFICATION_PLATE_NUMBER": null, "STREET_ADDRESS": " ", "CITY": " ", "LEGAL_LOT": " ", "LEGAL_PLAN": " ", "LEGAL_DISTRICT_LOT": " ", "LEGAL_PID": null, "WELL_LOCATION_DESCRIPTION": " ", "COORDINATE_ACQUISITION_CODE": "E", "WELL_STATUS": "New", "WELL_CLASS": "Water Supply", "WELL_SUBCLASS": null, "INTENDED_WATER_USE": "Private Domestic", "WELL_DETAILS_URL": "https://apps.nrs.gov.bc.ca/gwells/well/15002", "LICENCE_STATUS": "Unlicensed", "AQUIFER_ID": null, "PERSON_RESPONSIBLE": " ", "COMPANY_OF_PERSON_RESPONSIBLE": "Unknown", "FINISHED_WELL_DEPTH": 160, "TOTAL_DEPTH_DRILLED": null, "BEDROCK_DEPTH": null, "YIELD": 0, "YIELD_ESTIMATION_DURATION": null, "ARTESIAN_COND": "N", "ARTESIAN_FLOW": null, "ARTESIAN_PRESSURE": null, "STATIC_WATER_LEVEL": 60, "DIAMETER": null, "FINAL_CASING_STICK_UP": null, "GROUND_ELEVATION": null, "GROUND_ELEVATION_METHOD": "UNKNOWN", "SURFACE_SEAL_DEPTH": null, "SURFACE_SEAL_THICKNESS": null, "SURFACE_SEAL_METHOD": null, "SCREEN_INTAKE_METHOD": null, "WATER_SUPPLY_SYSTEM_NAME": null, "WATER_SUPPLY_SYSTEM_WELL_NAME": null, "CONSTRUCTION_START_DATE": "1957-01-01Z", "CONSTRUCTION_END_DATE": "1957-01-01Z", "ALTERATION_START_DATE": null, "ALTERATION_END_DATE": null, "DECOMMISSION_START_DATE": null, "DECOMMISSION_END_DATE": null, "DECOMMISSION_REASON": null, "OBSERVATION_WELL_NUMBER": null, "OBSERVATION_WELL_STATUS": null, "EMS_ID": null, "AQUIFER_MATERIAL": "Unconsolidated", "OBJECTID": 122476326, "SE_ANNO_CAD_DATA": null}}, {"type": "Feature", "id": "WHSE_WATER_MANAGEMENT.GW_WATER_WELLS_WRBC_SVW.fid-29e471e6_19f63eee063_208a", "geometry": {"type": "Point", "coordinates": [-120.94193, 56.45903]}, "geometry_name": "GEOMETRY", "properties": {"GW_WW_SYSID": 98863, "WELL_TAG_NUMBER": 102992, "IDENTIFICATION_PLATE_NUMBER": null, "STREET_ADDRESS": "273 Road", "CITY": "Montney", "LEGAL_LOT": "LS11", "LEGAL_PLAN": null, "LEGAL_DISTRICT_LOT": null, "LEGAL_PID": null, "WELL_LOCATION_DESCRIPTION": "NE 1/4\r\nSURF-HOLE REF CORNER NW 13-16-086-19W6\r\nDRILLER: CARIBOO 1", "COORDINATE_ACQUISITION_CODE": "J", "WELL_STATUS": "New", "WELL_CLASS": "Water Supply", "WELL_SUBCLASS": "Not Applicable", "INTENDED_WATER_USE": "Unknown Well Use", "WELL_DETAILS_URL": "https://apps.nrs.gov.bc.ca/gwells/well/102992", "LICENCE_STATUS": "Unlicensed", "AQUIFER_ID": null, "PERSON_RESPONSIBLE": " ", "COMPANY_OF_PERSON_RESPONSIBLE": "Cariboo Water Wells", "FINISHED_WELL_DEPTH": 442, "TOTAL_DEPTH_DRILLED": 442, "BEDROCK_DEPTH": null, "YIELD": 8, "YIELD_ESTIMATION_DURATION": null, "ARTESIAN_COND": "N", "ARTESIAN_FLOW": null, "ARTESIAN_PRESSURE": null, "STATIC_WATER_LEVEL": null, "DIAMETER": null, "FINAL_CASING_STICK_UP": null, "GROUND_ELEVATION": 2362, "GROUND_ELEVATION_METHOD": "UNKNOWN", "SURFACE_SEAL_DEPTH": null, "SURFACE_SEAL_THICKNESS": null, "SURFACE_SEAL_METHOD": null, "SCREEN_INTAKE_METHOD": null, "WATER_SUPPLY_SYSTEM_NAME": null, "WATER_SUPPLY_SYSTEM_WELL_NAME": null, "CONSTRUCTION_START_DATE": "2009-07-16Z", "CONSTRUCTION_END_DATE": "2009-07-18Z", "ALTERATION_START_DATE": null, "ALTERATION_END_DATE": null, "DECOMMISSION_START_DATE": null, "DECOMMISSION_END_DATE": null, "DECOMMISSION_REASON": null, "OBSERVATION_WELL_NUMBER": null, "OBSERVATION_WELL_STATUS": null, "EMS_ID": null, "AQUIFER_MATERIAL": "Unknown", "OBJECTID": 122560213, "SE_ANNO_CAD_DATA": null}}, {"type": "Feature", "id": "WHSE_WATER_MANAGEMENT.GW_WATER_WELLS_WRBC_SVW.fid-29e471e6_19f63eee063_208b", "geometry": {"type": "Point", "coordinates": [-120.941844, 56.459172]}, "geometry_name": "GEOMETRY", "properties": {"GW_WW_SYSID": 100912, "WELL_TAG_NUMBER": 105113, "IDENTIFICATION_PLATE_NUMBER": 27646, "STREET_ADDRESS": " ", "CITY": "MONTNEY", "LEGAL_LOT": " ", "LEGAL_PLAN": " ", "LEGAL_DISTRICT_LOT": " ", "LEGAL_PID": null, "WELL_LOCATION_DESCRIPTION": "A-11-16-86-19-W6", "COORDINATE_ACQUISITION_CODE": "H", "WELL_STATUS": "New", "WELL_CLASS": "Water Supply", "WELL_SUBCLASS": "Not Applicable", "INTENDED_WATER_USE": "Commercial and Industrial", "WELL_DETAILS_URL": "https://apps.nrs.gov.bc.ca/gwells/well/105113", "LICENCE_STATUS": "Unlicensed", "AQUIFER_ID": 1270, "PERSON_RESPONSIBLE": " ", "COMPANY_OF_PERSON_RESPONSIBLE": "Cariboo Water Wells", "FINISHED_WELL_DEPTH": 442, "TOTAL_DEPTH_DRILLED": 442, "BEDROCK_DEPTH": 202, "YIELD": 50, "YIELD_ESTIMATION_DURATION": 6, "ARTESIAN_COND": "N", "ARTESIAN_FLOW": null, "ARTESIAN_PRESSURE": null, "STATIC_WATER_LEVEL": 95, "DIAMETER": 6.6, "FINAL_CASING_STICK_UP": 30, "GROUND_ELEVATION": 2236, "GROUND_ELEVATION_METHOD": "GPS", "SURFACE_SEAL_DEPTH": 16, "SURFACE_SEAL_THICKNESS": null, "SURFACE_SEAL_METHOD": "POURED", "SCREEN_INTAKE_METHOD": null, "WATER_SUPPLY_SYSTEM_NAME": null, "WATER_SUPPLY_SYSTEM_WELL_NAME": null, "CONSTRUCTION_START_DATE": "2009-07-16Z", "CONSTRUCTION_END_DATE": "2009-07-16Z", "ALTERATION_START_DATE": null, "ALTERATION_END_DATE": null, "DECOMMISSION_START_DATE": null, "DECOMMISSION_END_DATE": null, "DECOMMISSION_REASON": null, "OBSERVATION_WELL_NUMBER": null, "OBSERVATION_WELL_STATUS": null, "EMS_ID": null, "AQUIFER_MATERIAL": "Unknown", "OBJECTID": 122562262, "SE_ANNO_CAD_DATA": null}}, {"type": "Feature", "id": "WHSE_WATER_MANAGEMENT.GW_WATER_WELLS_WRBC_SVW.fid-29e471e6_19f63eee063_208c", "geometry": {"type": "Point", "coordinates": [-120.931668, 56.447823]}, "geometry_name": "GEOMETRY", "properties": {"GW_WW_SYSID": 98475, "WELL_TAG_NUMBER": 102600, "IDENTIFICATION_PLATE_NUMBER": 22098, "STREET_ADDRESS": "12536 NORTHERN VALLEY AVENUE", "CITY": "MONTNEY", "LEGAL_LOT": "1", "LEGAL_PLAN": " ", "LEGAL_DISTRICT_LOT": " ", "LEGAL_PID": 27347443, "WELL_LOCATION_DESCRIPTION": "NOT PROVIDED", "COORDINATE_ACQUISITION_CODE": "H", "WELL_STATUS": "New", "WELL_CLASS": "Water Supply", "WELL_SUBCLASS": "Not Applicable", "INTENDED_WATER_USE": "Unknown Well Use", "WELL_DETAILS_URL": "https://apps.nrs.gov.bc.ca/gwells/well/102600", "LICENCE_STATUS": "Unlicensed", "AQUIFER_ID": 1270, "PERSON_RESPONSIBLE": " ", "COMPANY_OF_PERSON_RESPONSIBLE": "Jacob's Water Wells", "FINISHED_WELL_DEPTH": 232, "TOTAL_DEPTH_DRILLED": 232, "BEDROCK_DEPTH": null, "YIELD": 220, "YIELD_ESTIMATION_DURATION": 0.5, "ARTESIAN_COND": "N", "ARTESIAN_FLOW": null, "ARTESIAN_PRESSURE": null, "STATIC_WATER_LEVEL": 89, "DIAMETER": 6, "FINAL_CASING_STICK_UP": 28, "GROUND_ELEVATION": 2227, "GROUND_ELEVATION_METHOD": "GPS", "SURFACE_SEAL_DEPTH": 30, "SURFACE_SEAL_THICKNESS": 1, "SURFACE_SEAL_METHOD": "POURED", "SCREEN_INTAKE_METHOD": "SCREEN", "WATER_SUPPLY_SYSTEM_NAME": null, "WATER_SUPPLY_SYSTEM_WELL_NAME": null, "CONSTRUCTION_START_DATE": "2010-07-03Z", "CONSTRUCTION_END_DATE": "2010-07-17Z", "ALTERATION_START_DATE": null, "ALTERATION_END_DATE": null, "DECOMMISSION_START_DATE": null, "DECOMMISSION_END_DATE": null, "DECOMMISSION_REASON": null, "OBSERVATION_WELL_NUMBER": null, "OBSERVATION_WELL_STATUS": null, "EMS_ID": null, "AQUIFER_MATERIAL": "Unknown", "OBJECTID": 122559825, "SE_ANNO_CAD_DATA": null}}, {"type": "Feature", "id": "WHSE_WATER_MANAGEMENT.GW_WATER_WELLS_WRBC_SVW.fid-29e471e6_19f63eee063_208d", "geometry": {"type": "Point", "coordinates": [-120.9297, 56.44821]}, "geometry_name": "GEOMETRY", "properties": {"GW_WW_SYSID": 128185, "WELL_TAG_NUMBER": 133557, "IDENTIFICATION_PLATE_NUMBER": 65634, "STREET_ADDRESS": "12526 Northern Valley Ave", "CITY": "Montney", "LEGAL_LOT": null, "LEGAL_PLAN": null, "LEGAL_DISTRICT_LOT": null, "LEGAL_PID": 27347451, "WELL_LOCATION_DESCRIPTION": null, "COORDINATE_ACQUISITION_CODE": "H", "WELL_STATUS": "New", "WELL_CLASS": "Water Supply", "WELL_SUBCLASS": "Not Applicable", "INTENDED_WATER_USE": "Private Domestic", "WELL_DETAILS_URL": "https://apps.nrs.gov.bc.ca/gwells/well/133557", "LICENCE_STATUS": "Unlicensed", "AQUIFER_ID": null, "PERSON_RESPONSIBLE": "Martin Peters", "COMPANY_OF_PERSON_RESPONSIBLE": null, "FINISHED_WELL_DEPTH": 300, "TOTAL_DEPTH_DRILLED": 300, "BEDROCK_DEPTH": 267, "YIELD": 40, "YIELD_ESTIMATION_DURATION": 1, "ARTESIAN_COND": "N", "ARTESIAN_FLOW": null, "ARTESIAN_PRESSURE": null, "STATIC_WATER_LEVEL": 114.9, "DIAMETER": 6, "FINAL_CASING_STICK_UP": 32, "GROUND_ELEVATION": 2225, "GROUND_ELEVATION_METHOD": "GPS", "SURFACE_SEAL_DEPTH": 25, "SURFACE_SEAL_THICKNESS": 1, "SURFACE_SEAL_METHOD": "POURED", "SCREEN_INTAKE_METHOD": "SCREEN", "WATER_SUPPLY_SYSTEM_NAME": null, "WATER_SUPPLY_SYSTEM_WELL_NAME": null, "CONSTRUCTION_START_DATE": "2025-04-03Z", "CONSTRUCTION_END_DATE": "2025-04-07Z", "ALTERATION_START_DATE": null, "ALTERATION_END_DATE": null, "DECOMMISSION_START_DATE": null, "DECOMMISSION_END_DATE": null, "DECOMMISSION_REASON": null, "OBSERVATION_WELL_NUMBER": null, "OBSERVATION_WELL_STATUS": null, "EMS_ID": null, "AQUIFER_MATERIAL": null, "OBJECTID": 122589535, "SE_ANNO_CAD_DATA": null}}, {"type": "Feature", "id": "WHSE_WATER_MANAGEMENT.GW_WATER_WELLS_WRBC_SVW.fid-29e471e6_19f63eee063_208e", "geometry": {"type": "Point", "coordinates": [-120.9296, 56.44722]}, "geometry_name": "GEOMETRY", "properties": {"GW_WW_SYSID": 128186, "WELL_TAG_NUMBER": 133558, "IDENTIFICATION_PLATE_NUMBER": 65633, "STREET_ADDRESS": "12527 Northern Valley Ave", "CITY": "Montney", "LEGAL_LOT": null, "LEGAL_PLAN": null, "LEGAL_DISTRICT_LOT": null, "LEGAL_PID": 27347486, "WELL_LOCATION_DESCRIPTION": null, "COORDINATE_ACQUISITION_CODE": "H", "WELL_STATUS": "New", "WELL_CLASS": "Water Supply", "WELL_SUBCLASS": "Not Applicable", "INTENDED_WATER_USE": "Private Domestic", "WELL_DETAILS_URL": "https://apps.nrs.gov.bc.ca/gwells/well/133558", "LICENCE_STATUS": "Unlicensed", "AQUIFER_ID": null, "PERSON_RESPONSIBLE": "Martin Peters", "COMPANY_OF_PERSON_RESPONSIBLE": null, "FINISHED_WELL_DEPTH": 301, "TOTAL_DEPTH_DRILLED": 301, "BEDROCK_DEPTH": 264, "YIELD": 40, "YIELD_ESTIMATION_DURATION": 1, "ARTESIAN_COND": "N", "ARTESIAN_FLOW": null, "ARTESIAN_PRESSURE": null, "STATIC_WATER_LEVEL": 110.1, "DIAMETER": 6, "FINAL_CASING_STICK_UP": 24, "GROUND_ELEVATION": 2275, "GROUND_ELEVATION_METHOD": "GPS", "SURFACE_SEAL_DEPTH": 25, "SURFACE_SEAL_THICKNESS": 1, "SURFACE_SEAL_METHOD": "POURED", "SCREEN_INTAKE_METHOD": "SCREEN", "WATER_SUPPLY_SYSTEM_NAME": null, "WATER_SUPPLY_SYSTEM_WELL_NAME": null, "CONSTRUCTION_START_DATE": "2025-03-31Z", "CONSTRUCTION_END_DATE": "2025-04-03Z", "ALTERATION_START_DATE": null, "ALTERATION_END_DATE": null, "DECOMMISSION_START_DATE": null, "DECOMMISSION_END_DATE": null, "DECOMMISSION_REASON": null, "OBSERVATION_WELL_NUMBER": null, "OBSERVATION_WELL_STATUS": null, "EMS_ID": null, "AQUIFER_MATERIAL": null, "OBJECTID": 122589536, "SE_ANNO_CAD_DATA": null}}, {"type": "Feature", "id": "WHSE_WATER_MANAGEMENT.GW_WATER_WELLS_WRBC_SVW.fid-29e471e6_19f63eee063_208f", "geometry": {"type": "Point", "coordinates": [-120.928248, 56.447155]}, "geometry_name": "GEOMETRY", "properties": {"GW_WW_SYSID": 94341, "WELL_TAG_NUMBER": 98363, "IDENTIFICATION_PLATE_NUMBER": 22014, "STREET_ADDRESS": "12517 NORTHERN VALLEY AVENUE", "CITY": "MONTNEY", "LEGAL_LOT": "4", "LEGAL_PLAN": "BCP 34217", "LEGAL_DISTRICT_LOT": " ", "LEGAL_PID": 27347478, "WELL_LOCATION_DESCRIPTION": "NOT PROVIDED", "COORDINATE_ACQUISITION_CODE": "H", "WELL_STATUS": "New", "WELL_CLASS": "Water Supply", "WELL_SUBCLASS": "Not Applicable", "INTENDED_WATER_USE": "Private Domestic", "WELL_DETAILS_URL": "https://apps.nrs.gov.bc.ca/gwells/well/98363", "LICENCE_STATUS": "Unlicensed", "AQUIFER_ID": 1270, "PERSON_RESPONSIBLE": " ", "COMPANY_OF_PERSON_RESPONSIBLE": "Jacob's Water Wells", "FINISHED_WELL_DEPTH": 290, "TOTAL_DEPTH_DRILLED": 290, "BEDROCK_DEPTH": 276, "YIELD": 20, "YIELD_ESTIMATION_DURATION": 0.5, "ARTESIAN_COND": "N", "ARTESIAN_FLOW": null, "ARTESIAN_PRESSURE": null, "STATIC_WATER_LEVEL": 120, "DIAMETER": 6, "FINAL_CASING_STICK_UP": 30, "GROUND_ELEVATION": 2235, "GROUND_ELEVATION_METHOD": "GPS", "SURFACE_SEAL_DEPTH": 26, "SURFACE_SEAL_THICKNESS": 1, "SURFACE_SEAL_METHOD": "POURED", "SCREEN_INTAKE_METHOD": null, "WATER_SUPPLY_SYSTEM_NAME": null, "WATER_SUPPLY_SYSTEM_WELL_NAME": null, "CONSTRUCTION_START_DATE": "2008-02-22Z", "CONSTRUCTION_END_DATE": "2008-03-18Z", "ALTERATION_START_DATE": null, "ALTERATION_END_DATE": null, "DECOMMISSION_START_DATE": null, "DECOMMISSION_END_DATE": null, "DECOMMISSION_REASON": null, "OBSERVATION_WELL_NUMBER": null, "OBSERVATION_WELL_STATUS": null, "EMS_ID": null, "AQUIFER_MATERIAL": "Bedrock", "OBJECTID": 122555691, "SE_ANNO_CAD_DATA": null}}, {"type": "Feature", "id": "WHSE_WATER_MANAGEMENT.GW_WATER_WELLS_WRBC_SVW.fid-29e471e6_19f63eee063_2090", "geometry": {"type": "Point", "coordinates": [-120.92745, 56.45082]}, "geometry_name": "GEOMETRY", "properties": {"GW_WW_SYSID": 123614, "WELL_TAG_NUMBER": 128811, "IDENTIFICATION_PLATE_NUMBER": 65381, "STREET_ADDRESS": null, "CITY": null, "LEGAL_LOT": null, "LEGAL_PLAN": null, "LEGAL_DISTRICT_LOT": null, "LEGAL_PID": 14599562, "WELL_LOCATION_DESCRIPTION": "The well is in the north end of the property (see map)", "COORDINATE_ACQUISITION_CODE": "H", "WELL_STATUS": "New", "WELL_CLASS": "Water Supply", "WELL_SUBCLASS": "Not Applicable", "INTENDED_WATER_USE": "Private Domestic", "WELL_DETAILS_URL": "https://apps.nrs.gov.bc.ca/gwells/well/128811", "LICENCE_STATUS": "Unlicensed", "AQUIFER_ID": null, "PERSON_RESPONSIBLE": " ", "COMPANY_OF_PERSON_RESPONSIBLE": null, "FINISHED_WELL_DEPTH": 169, "TOTAL_DEPTH_DRILLED": null, "BEDROCK_DEPTH": null, "YIELD": null, "YIELD_ESTIMATION_DURATION": null, "ARTESIAN_COND": "N", "ARTESIAN_FLOW": null, "ARTESIAN_PRESSURE": null, "STATIC_WATER_LEVEL": null, "DIAMETER": 4, "FINAL_CASING_STICK_UP": 36, "GROUND_ELEVATION": null, "GROUND_ELEVATION_METHOD": null, "SURFACE_SEAL_DEPTH": null, "SURFACE_SEAL_THICKNESS": null, "SURFACE_SEAL_METHOD": null, "SCREEN_INTAKE_METHOD": null, "WATER_SUPPLY_SYSTEM_NAME": null, "WATER_SUPPLY_SYSTEM_WELL_NAME": null, "CONSTRUCTION_START_DATE": "1961-01-01Z", "CONSTRUCTION_END_DATE": "1961-01-01Z", "ALTERATION_START_DATE": null, "ALTERATION_END_DATE": null, "DECOMMISSION_START_DATE": null, "DECOMMISSION_END_DATE": null, "DECOMMISSION_REASON": null, "OBSERVATION_WELL_NUMBER": null, "OBSERVATION_WELL_STATUS": null, "EMS_ID": null, "AQUIFER_MATERIAL": null, "OBJECTID": 122584964, "SE_ANNO_CAD_DATA": null}}, {"type": "Feature", "id": "WHSE_WATER_MANAGEMENT.GW_WATER_WELLS_WRBC_SVW.fid-29e471e6_19f63eee063_2091", "geometry": {"type": "Point", "coordinates": [-120.927058, 56.450236]}, "geometry_name": "GEOMETRY", "properties": {"GW_WW_SYSID": 15289, "WELL_TAG_NUMBER": 15316, "IDENTIFICATION_PLATE_NUMBER": null, "STREET_ADDRESS": " ", "CITY": " ", "LEGAL_LOT": " ", "LEGAL_PLAN": " ", "LEGAL_DISTRICT_LOT": " ", "LEGAL_PID": null, "WELL_LOCATION_DESCRIPTION": " ", "COORDINATE_ACQUISITION_CODE": "E", "WELL_STATUS": "New", "WELL_CLASS": "Water Supply", "WELL_SUBCLASS": null, "INTENDED_WATER_USE": "Private Domestic", "WELL_DETAILS_URL": "https://apps.nrs.gov.bc.ca/gwells/well/15316", "LICENCE_STATUS": "Unlicensed", "AQUIFER_ID": 1270, "PERSON_RESPONSIBLE": " ", "COMPANY_OF_PERSON_RESPONSIBLE": "Cliff Baker Drilling", "FINISHED_WELL_DEPTH": 210, "TOTAL_DEPTH_DRILLED": null, "BEDROCK_DEPTH": 180, "YIELD": null, "YIELD_ESTIMATION_DURATION": null, "ARTESIAN_COND": "N", "ARTESIAN_FLOW": null, "ARTESIAN_PRESSURE": null, "STATIC_WATER_LEVEL": 130, "DIAMETER": null, "FINAL_CASING_STICK_UP": null, "GROUND_ELEVATION": null, "GROUND_ELEVATION_METHOD": "UNKNOWN", "SURFACE_SEAL_DEPTH": null, "SURFACE_SEAL_THICKNESS": null, "SURFACE_SEAL_METHOD": null, "SCREEN_INTAKE_METHOD": null, "WATER_SUPPLY_SYSTEM_NAME": null, "WATER_SUPPLY_SYSTEM_WELL_NAME": null, "CONSTRUCTION_START_DATE": "1958-01-01Z", "CONSTRUCTION_END_DATE": "1958-01-01Z", "ALTERATION_START_DATE": null, "ALTERATION_END_DATE": null, "DECOMMISSION_START_DATE": null, "DECOMMISSION_END_DATE": null, "DECOMMISSION_REASON": null, "OBSERVATION_WELL_NUMBER": null, "OBSERVATION_WELL_STATUS": null, "EMS_ID": null, "AQUIFER_MATERIAL": "Bedrock", "OBJECTID": 122476639, "SE_ANNO_CAD_DATA": null}}, {"type": "Feature", "id": "WHSE_WATER_MANAGEMENT.GW_WATER_WELLS_WRBC_SVW.fid-29e471e6_19f63eee063_2092", "geometry": {"type": "Point", "coordinates": [-120.923703, 56.45195]}, "geometry_name": "GEOMETRY", "properties": {"GW_WW_SYSID": 98373, "WELL_TAG_NUMBER": 102497, "IDENTIFICATION_PLATE_NUMBER": 22026, "STREET_ADDRESS": "15420 657 ROAD", "CITY": "MONTNEY", "LEGAL_LOT": null, "LEGAL_PLAN": null, "LEGAL_DISTRICT_LOT": null, "LEGAL_PID": null, "WELL_LOCATION_DESCRIPTION": "NOT PROVIDED", "COORDINATE_ACQUISITION_CODE": "H", "WELL_STATUS": "New", "WELL_CLASS": "Water Supply", "WELL_SUBCLASS": "Not Applicable", "INTENDED_WATER_USE": "Private Domestic", "WELL_DETAILS_URL": "https://apps.nrs.gov.bc.ca/gwells/well/102497", "LICENCE_STATUS": "Unlicensed", "AQUIFER_ID": null, "PERSON_RESPONSIBLE": " ", "COMPANY_OF_PERSON_RESPONSIBLE": "Jacob's Water Wells", "FINISHED_WELL_DEPTH": 240, "TOTAL_DEPTH_DRILLED": 240, "BEDROCK_DEPTH": 166, "YIELD": 11, "YIELD_ESTIMATION_DURATION": 0.5, "ARTESIAN_COND": "N", "ARTESIAN_FLOW": null, "ARTESIAN_PRESSURE": null, "STATIC_WATER_LEVEL": 195, "DIAMETER": 6, "FINAL_CASING_STICK_UP": 18, "GROUND_ELEVATION": 2300, "GROUND_ELEVATION_METHOD": "GPS", "SURFACE_SEAL_DEPTH": 25, "SURFACE_SEAL_THICKNESS": 1, "SURFACE_SEAL_METHOD": "POURED", "SCREEN_INTAKE_METHOD": null, "WATER_SUPPLY_SYSTEM_NAME": null, "WATER_SUPPLY_SYSTEM_WELL_NAME": null, "CONSTRUCTION_START_DATE": "2009-05-12Z", "CONSTRUCTION_END_DATE": "2009-05-22Z", "ALTERATION_START_DATE": null, "ALTERATION_END_DATE": null, "DECOMMISSION_START_DATE": null, "DECOMMISSION_END_DATE": null, "DECOMMISSION_REASON": null, "OBSERVATION_WELL_NUMBER": null, "OBSERVATION_WELL_STATUS": null, "EMS_ID": null, "AQUIFER_MATERIAL": "Unknown", "OBJECTID": 122559723, "SE_ANNO_CAD_DATA": null}}, {"type": "Feature", "id": "WHSE_WATER_MANAGEMENT.GW_WATER_WELLS_WRBC_SVW.fid-29e471e6_19f63eee063_2093", "geometry": {"type": "Point", "coordinates": [-120.923172, 56.453352]}, "geometry_name": "GEOMETRY", "properties": {"GW_WW_SYSID": 96481, "WELL_TAG_NUMBER": 100550, "IDENTIFICATION_PLATE_NUMBER": null, "STREET_ADDRESS": null, "CITY": null, "LEGAL_LOT": null, "LEGAL_PLAN": null, "LEGAL_DISTRICT_LOT": null, "LEGAL_PID": 6605281, "WELL_LOCATION_DESCRIPTION": "LOT4 SEC 15 TWP 86 RANGE 19 WEST OF THE 6TH MERIDIAN. 200 METERS NORTH ON RD 657 TO LEFT.", "COORDINATE_ACQUISITION_CODE": "J", "WELL_STATUS": "New", "WELL_CLASS": "Water Supply", "WELL_SUBCLASS": "Not Applicable", "INTENDED_WATER_USE": "Private Domestic", "WELL_DETAILS_URL": "https://apps.nrs.gov.bc.ca/gwells/well/100550", "LICENCE_STATUS": "Unlicensed", "AQUIFER_ID": 1270, "PERSON_RESPONSIBLE": " ", "COMPANY_OF_PERSON_RESPONSIBLE": "Unknown", "FINISHED_WELL_DEPTH": 160, "TOTAL_DEPTH_DRILLED": 160, "BEDROCK_DEPTH": null, "YIELD": 5, "YIELD_ESTIMATION_DURATION": null, "ARTESIAN_COND": "N", "ARTESIAN_FLOW": null, "ARTESIAN_PRESSURE": null, "STATIC_WATER_LEVEL": 110, "DIAMETER": 6, "FINAL_CASING_STICK_UP": null, "GROUND_ELEVATION": null, "GROUND_ELEVATION_METHOD": "UNKNOWN", "SURFACE_SEAL_DEPTH": null, "SURFACE_SEAL_THICKNESS": null, "SURFACE_SEAL_METHOD": null, "SCREEN_INTAKE_METHOD": null, "WATER_SUPPLY_SYSTEM_NAME": null, "WATER_SUPPLY_SYSTEM_WELL_NAME": null, "CONSTRUCTION_START_DATE": "1994-11-06Z", "CONSTRUCTION_END_DATE": "1994-11-06Z", "ALTERATION_START_DATE": null, "ALTERATION_END_DATE": null, "DECOMMISSION_START_DATE": null, "DECOMMISSION_END_DATE": null, "DECOMMISSION_REASON": null, "OBSERVATION_WELL_NUMBER": null, "OBSERVATION_WELL_STATUS": null, "EMS_ID": null, "AQUIFER_MATERIAL": "Unknown", "OBJECTID": 122557831, "SE_ANNO_CAD_DATA": null}}, {"type": "Feature", "id": "WHSE_WATER_MANAGEMENT.GW_WATER_WELLS_WRBC_SVW.fid-29e471e6_19f63eee063_2094", "geometry": {"type": "Point", "coordinates": [-120.922739, 56.450586]}, "geometry_name": "GEOMETRY", "properties": {"GW_WW_SYSID": 17797, "WELL_TAG_NUMBER": 17827, "IDENTIFICATION_PLATE_NUMBER": null, "STREET_ADDRESS": " ", "CITY": " ", "LEGAL_LOT": " ", "LEGAL_PLAN": " ", "LEGAL_DISTRICT_LOT": " ", "LEGAL_PID": null, "WELL_LOCATION_DESCRIPTION": " ", "COORDINATE_ACQUISITION_CODE": "D", "WELL_STATUS": "New", "WELL_CLASS": "Unknown", "WELL_SUBCLASS": null, "INTENDED_WATER_USE": "Unknown Well Use", "WELL_DETAILS_URL": "https://apps.nrs.gov.bc.ca/gwells/well/17827", "LICENCE_STATUS": "Unlicensed", "AQUIFER_ID": 1270, "PERSON_RESPONSIBLE": " ", "COMPANY_OF_PERSON_RESPONSIBLE": "Cliff Baker Drilling", "FINISHED_WELL_DEPTH": 170, "TOTAL_DEPTH_DRILLED": null, "BEDROCK_DEPTH": 70, "YIELD": 0, "YIELD_ESTIMATION_DURATION": null, "ARTESIAN_COND": "N", "ARTESIAN_FLOW": null, "ARTESIAN_PRESSURE": null, "STATIC_WATER_LEVEL": 100, "DIAMETER": null, "FINAL_CASING_STICK_UP": null, "GROUND_ELEVATION": null, "GROUND_ELEVATION_METHOD": "UNKNOWN", "SURFACE_SEAL_DEPTH": null, "SURFACE_SEAL_THICKNESS": null, "SURFACE_SEAL_METHOD": null, "SCREEN_INTAKE_METHOD": null, "WATER_SUPPLY_SYSTEM_NAME": null, "WATER_SUPPLY_SYSTEM_WELL_NAME": null, "CONSTRUCTION_START_DATE": "1963-01-01Z", "CONSTRUCTION_END_DATE": "1963-01-01Z", "ALTERATION_START_DATE": null, "ALTERATION_END_DATE": null, "DECOMMISSION_START_DATE": null, "DECOMMISSION_END_DATE": null, "DECOMMISSION_REASON": null, "OBSERVATION_WELL_NUMBER": null, "OBSERVATION_WELL_STATUS": null, "EMS_ID": null, "AQUIFER_MATERIAL": "Bedrock", "OBJECTID": 122479147, "SE_ANNO_CAD_DATA": null}}, {"type": "Feature", "id": "WHSE_WATER_MANAGEMENT.GW_WATER_WELLS_WRBC_SVW.fid-29e471e6_19f63eee063_2095", "geometry": {"type": "Point", "coordinates": [-120.92193, 56.45375]}, "geometry_name": "GEOMETRY", "properties": {"GW_WW_SYSID": 128122, "WELL_TAG_NUMBER": 133489, "IDENTIFICATION_PLATE_NUMBER": 65642, "STREET_ADDRESS": "15445 Bell Subdiv", "CITY": "Montney", "LEGAL_LOT": null, "LEGAL_PLAN": null, "LEGAL_DISTRICT_LOT": null, "LEGAL_PID": 6523056, "WELL_LOCATION_DESCRIPTION": null, "COORDINATE_ACQUISITION_CODE": "H", "WELL_STATUS": "New", "WELL_CLASS": "Water Supply", "WELL_SUBCLASS": "Not Applicable", "INTENDED_WATER_USE": "Private Domestic", "WELL_DETAILS_URL": "https://apps.nrs.gov.bc.ca/gwells/well/133489", "LICENCE_STATUS": "Unlicensed", "AQUIFER_ID": null, "PERSON_RESPONSIBLE": "Martin Peters", "COMPANY_OF_PERSON_RESPONSIBLE": null, "FINISHED_WELL_DEPTH": 200, "TOTAL_DEPTH_DRILLED": 200, "BEDROCK_DEPTH": 162, "YIELD": 18, "YIELD_ESTIMATION_DURATION": 2, "ARTESIAN_COND": "N", "ARTESIAN_FLOW": null, "ARTESIAN_PRESSURE": null, "STATIC_WATER_LEVEL": 133.2, "DIAMETER": 6, "FINAL_CASING_STICK_UP": 24, "GROUND_ELEVATION": 2395, "GROUND_ELEVATION_METHOD": "GPS", "SURFACE_SEAL_DEPTH": 27, "SURFACE_SEAL_THICKNESS": 1, "SURFACE_SEAL_METHOD": "POURED", "SCREEN_INTAKE_METHOD": "SCREEN", "WATER_SUPPLY_SYSTEM_NAME": null, "WATER_SUPPLY_SYSTEM_WELL_NAME": null, "CONSTRUCTION_START_DATE": "2025-05-13Z", "CONSTRUCTION_END_DATE": "2025-05-19Z", "ALTERATION_START_DATE": null, "ALTERATION_END_DATE": null, "DECOMMISSION_START_DATE": null, "DECOMMISSION_END_DATE": null, "DECOMMISSION_REASON": null, "OBSERVATION_WELL_NUMBER": null, "OBSERVATION_WELL_STATUS": null, "EMS_ID": null, "AQUIFER_MATERIAL": null, "OBJECTID": 122589472, "SE_ANNO_CAD_DATA": null}}, {"type": "Feature", "id": "WHSE_WATER_MANAGEMENT.GW_WATER_WELLS_WRBC_SVW.fid-29e471e6_19f63eee063_2096", "geometry": {"type": "Point", "coordinates": [-120.92084, 56.45305]}, "geometry_name": "GEOMETRY", "properties": {"GW_WW_SYSID": 100177, "WELL_TAG_NUMBER": 104346, "IDENTIFICATION_PLATE_NUMBER": null, "STREET_ADDRESS": "911-15445 BELL SUBDIVISION", "CITY": null, "LEGAL_LOT": "6/7/8", "LEGAL_PLAN": "27341", "LEGAL_DISTRICT_LOT": null, "LEGAL_PID": null, "WELL_LOCATION_DESCRIPTION": "NOT PROVIDED", "COORDINATE_ACQUISITION_CODE": "G", "WELL_STATUS": "New", "WELL_CLASS": "Water Supply", "WELL_SUBCLASS": "Not Applicable", "INTENDED_WATER_USE": "Private Domestic", "WELL_DETAILS_URL": "https://apps.nrs.gov.bc.ca/gwells/well/104346", "LICENCE_STATUS": "Unlicensed", "AQUIFER_ID": null, "PERSON_RESPONSIBLE": " ", "COMPANY_OF_PERSON_RESPONSIBLE": "Jacob's Water Wells", "FINISHED_WELL_DEPTH": 243, "TOTAL_DEPTH_DRILLED": 243, "BEDROCK_DEPTH": null, "YIELD": null, "YIELD_ESTIMATION_DURATION": null, "ARTESIAN_COND": "N", "ARTESIAN_FLOW": null, "ARTESIAN_PRESSURE": null, "STATIC_WATER_LEVEL": null, "DIAMETER": null, "FINAL_CASING_STICK_UP": null, "GROUND_ELEVATION": null, "GROUND_ELEVATION_METHOD": "UNKNOWN", "SURFACE_SEAL_DEPTH": null, "SURFACE_SEAL_THICKNESS": null, "SURFACE_SEAL_METHOD": null, "SCREEN_INTAKE_METHOD": null, "WATER_SUPPLY_SYSTEM_NAME": null, "WATER_SUPPLY_SYSTEM_WELL_NAME": null, "CONSTRUCTION_START_DATE": "2005-06-03Z", "CONSTRUCTION_END_DATE": "2005-06-03Z", "ALTERATION_START_DATE": null, "ALTERATION_END_DATE": null, "DECOMMISSION_START_DATE": null, "DECOMMISSION_END_DATE": null, "DECOMMISSION_REASON": null, "OBSERVATION_WELL_NUMBER": null, "OBSERVATION_WELL_STATUS": null, "EMS_ID": null, "AQUIFER_MATERIAL": "Unknown", "OBJECTID": 122561527, "SE_ANNO_CAD_DATA": null}}, {"type": "Feature", "id": "WHSE_WATER_MANAGEMENT.GW_WATER_WELLS_WRBC_SVW.fid-29e471e6_19f63eee063_2097", "geometry": {"type": "Point", "coordinates": [-120.914281, 56.446795]}, "geometry_name": "GEOMETRY", "properties": {"GW_WW_SYSID": 25255, "WELL_TAG_NUMBER": 25301, "IDENTIFICATION_PLATE_NUMBER": null, "STREET_ADDRESS": "MONTNEY SCHOOL YARD", "CITY": "MONTNEY", "LEGAL_LOT": " ", "LEGAL_PLAN": " ", "LEGAL_DISTRICT_LOT": " ", "LEGAL_PID": null, "WELL_LOCATION_DESCRIPTION": " ", "COORDINATE_ACQUISITION_CODE": "E", "WELL_STATUS": "Abandoned", "WELL_CLASS": "Unknown", "WELL_SUBCLASS": null, "INTENDED_WATER_USE": "Not Applicable", "WELL_DETAILS_URL": "https://apps.nrs.gov.bc.ca/gwells/well/25301", "LICENCE_STATUS": "Unlicensed", "AQUIFER_ID": null, "PERSON_RESPONSIBLE": " ", "COMPANY_OF_PERSON_RESPONSIBLE": "Cliff Baker Drilling", "FINISHED_WELL_DEPTH": 593, "TOTAL_DEPTH_DRILLED": null, "BEDROCK_DEPTH": null, "YIELD": 0, "YIELD_ESTIMATION_DURATION": null, "ARTESIAN_COND": "N", "ARTESIAN_FLOW": null, "ARTESIAN_PRESSURE": null, "STATIC_WATER_LEVEL": 300, "DIAMETER": null, "FINAL_CASING_STICK_UP": null, "GROUND_ELEVATION": 2425, "GROUND_ELEVATION_METHOD": "UNKNOWN", "SURFACE_SEAL_DEPTH": null, "SURFACE_SEAL_THICKNESS": null, "SURFACE_SEAL_METHOD": null, "SCREEN_INTAKE_METHOD": null, "WATER_SUPPLY_SYSTEM_NAME": null, "WATER_SUPPLY_SYSTEM_WELL_NAME": null, "CONSTRUCTION_START_DATE": "1971-08-28Z", "CONSTRUCTION_END_DATE": "1971-08-28Z", "ALTERATION_START_DATE": null, "ALTERATION_END_DATE": null, "DECOMMISSION_START_DATE": null, "DECOMMISSION_END_DATE": null, "DECOMMISSION_REASON": null, "OBSERVATION_WELL_NUMBER": null, "OBSERVATION_WELL_STATUS": null, "EMS_ID": null, "AQUIFER_MATERIAL": "Unconsolidated", "OBJECTID": 122486605, "SE_ANNO_CAD_DATA": null}}, {"type": "Feature", "id": "WHSE_WATER_MANAGEMENT.GW_WATER_WELLS_WRBC_SVW.fid-29e471e6_19f63eee063_2098", "geometry": {"type": "Point", "coordinates": [-120.91409, 56.448203]}, "geometry_name": "GEOMETRY", "properties": {"GW_WW_SYSID": 25094, "WELL_TAG_NUMBER": 25140, "IDENTIFICATION_PLATE_NUMBER": null, "STREET_ADDRESS": "MONTNEY SCHOOL YARD", "CITY": "MONTNEY", "LEGAL_LOT": " ", "LEGAL_PLAN": " ", "LEGAL_DISTRICT_LOT": " ", "LEGAL_PID": null, "WELL_LOCATION_DESCRIPTION": " ", "COORDINATE_ACQUISITION_CODE": "E", "WELL_STATUS": "Abandoned", "WELL_CLASS": "Unknown", "WELL_SUBCLASS": null, "INTENDED_WATER_USE": "Not Applicable", "WELL_DETAILS_URL": "https://apps.nrs.gov.bc.ca/gwells/well/25140", "LICENCE_STATUS": "Unlicensed", "AQUIFER_ID": 1270, "PERSON_RESPONSIBLE": " ", "COMPANY_OF_PERSON_RESPONSIBLE": "Cliff Baker Drilling", "FINISHED_WELL_DEPTH": 584, "TOTAL_DEPTH_DRILLED": null, "BEDROCK_DEPTH": 25, "YIELD": 2.4, "YIELD_ESTIMATION_DURATION": null, "ARTESIAN_COND": "N", "ARTESIAN_FLOW": null, "ARTESIAN_PRESSURE": null, "STATIC_WATER_LEVEL": 314, "DIAMETER": null, "FINAL_CASING_STICK_UP": null, "GROUND_ELEVATION": 2425, "GROUND_ELEVATION_METHOD": "UNKNOWN", "SURFACE_SEAL_DEPTH": null, "SURFACE_SEAL_THICKNESS": null, "SURFACE_SEAL_METHOD": null, "SCREEN_INTAKE_METHOD": null, "WATER_SUPPLY_SYSTEM_NAME": null, "WATER_SUPPLY_SYSTEM_WELL_NAME": null, "CONSTRUCTION_START_DATE": "1971-07-30Z", "CONSTRUCTION_END_DATE": "1971-07-30Z", "ALTERATION_START_DATE": null, "ALTERATION_END_DATE": null, "DECOMMISSION_START_DATE": null, "DECOMMISSION_END_DATE": null, "DECOMMISSION_REASON": null, "OBSERVATION_WELL_NUMBER": null, "OBSERVATION_WELL_STATUS": null, "EMS_ID": null, "AQUIFER_MATERIAL": "Bedrock", "OBJECTID": 122486444, "SE_ANNO_CAD_DATA": null}}, {"type": "Feature", "id": "WHSE_WATER_MANAGEMENT.GW_WATER_WELLS_WRBC_SVW.fid-29e471e6_19f63eee063_2099", "geometry": {"type": "Point", "coordinates": [-120.982223, 56.496571]}, "geometry_name": "GEOMETRY", "properties": {"GW_WW_SYSID": 98610, "WELL_TAG_NUMBER": 102738, "IDENTIFICATION_PLATE_NUMBER": null, "STREET_ADDRESS": null, "CITY": null, "LEGAL_LOT": null, "LEGAL_PLAN": null, "LEGAL_DISTRICT_LOT": null, "LEGAL_PID": 3693341, "WELL_LOCATION_DESCRIPTION": "SE 1/4, W6M, ROAD 193, 2 MILES W & 3 MILES N OF MONTNEY", "COORDINATE_ACQUISITION_CODE": "J", "WELL_STATUS": "New", "WELL_CLASS": "Water Supply", "WELL_SUBCLASS": "Not Applicable", "INTENDED_WATER_USE": "Private Domestic", "WELL_DETAILS_URL": "https://apps.nrs.gov.bc.ca/gwells/well/102738", "LICENCE_STATUS": "Unlicensed", "AQUIFER_ID": 451, "PERSON_RESPONSIBLE": " ", "COMPANY_OF_PERSON_RESPONSIBLE": null, "FINISHED_WELL_DEPTH": 304, "TOTAL_DEPTH_DRILLED": 304, "BEDROCK_DEPTH": 24, "YIELD": 1, "YIELD_ESTIMATION_DURATION": null, "ARTESIAN_COND": "N", "ARTESIAN_FLOW": null, "ARTESIAN_PRESSURE": null, "STATIC_WATER_LEVEL": null, "DIAMETER": 6.63, "FINAL_CASING_STICK_UP": 24, "GROUND_ELEVATION": null, "GROUND_ELEVATION_METHOD": "UNKNOWN", "SURFACE_SEAL_DEPTH": null, "SURFACE_SEAL_THICKNESS": null, "SURFACE_SEAL_METHOD": null, "SCREEN_INTAKE_METHOD": null, "WATER_SUPPLY_SYSTEM_NAME": null, "WATER_SUPPLY_SYSTEM_WELL_NAME": null, "CONSTRUCTION_START_DATE": "1993-03-08Z", "CONSTRUCTION_END_DATE": "1993-03-08Z", "ALTERATION_START_DATE": null, "ALTERATION_END_DATE": null, "DECOMMISSION_START_DATE": null, "DECOMMISSION_END_DATE": null, "DECOMMISSION_REASON": null, "OBSERVATION_WELL_NUMBER": null, "OBSERVATION_WELL_STATUS": null, "EMS_ID": null, "AQUIFER_MATERIAL": "Bedrock", "OBJECTID": 122559960, "SE_ANNO_CAD_DATA": null}}, {"type": "Feature", "id": "WHSE_WATER_MANAGEMENT.GW_WATER_WELLS_WRBC_SVW.fid-29e471e6_19f63eee063_209a", "geometry": {"type": "Point", "coordinates": [-120.98005, 56.498217]}, "geometry_name": "GEOMETRY", "properties": {"GW_WW_SYSID": 104987, "WELL_TAG_NUMBER": 109403, "IDENTIFICATION_PLATE_NUMBER": 22062, "STREET_ADDRESS": "16057 PRESPATAU ROAD", "CITY": "MONTNEY", "LEGAL_LOT": " ", "LEGAL_PLAN": " ", "LEGAL_DISTRICT_LOT": " ", "LEGAL_PID": null, "WELL_LOCATION_DESCRIPTION": "WELL DESCRIPTION NOT PROVIDED", "COORDINATE_ACQUISITION_CODE": "H", "WELL_STATUS": "New", "WELL_CLASS": "Water Supply", "WELL_SUBCLASS": "Not Applicable", "INTENDED_WATER_USE": "Private Domestic", "WELL_DETAILS_URL": "https://apps.nrs.gov.bc.ca/gwells/well/109403", "LICENCE_STATUS": "Unlicensed", "AQUIFER_ID": 1270, "PERSON_RESPONSIBLE": " ", "COMPANY_OF_PERSON_RESPONSIBLE": "Jacob's Water Wells", "FINISHED_WELL_DEPTH": 224, "TOTAL_DEPTH_DRILLED": 400, "BEDROCK_DEPTH": 67, "YIELD": 2, "YIELD_ESTIMATION_DURATION": 1, "ARTESIAN_COND": "N", "ARTESIAN_FLOW": null, "ARTESIAN_PRESSURE": null, "STATIC_WATER_LEVEL": 185.7, "DIAMETER": 6, "FINAL_CASING_STICK_UP": 24, "GROUND_ELEVATION": 2520, "GROUND_ELEVATION_METHOD": "GPS", "SURFACE_SEAL_DEPTH": 25, "SURFACE_SEAL_THICKNESS": 1, "SURFACE_SEAL_METHOD": "POURED", "SCREEN_INTAKE_METHOD": "SCREEN", "WATER_SUPPLY_SYSTEM_NAME": null, "WATER_SUPPLY_SYSTEM_WELL_NAME": null, "CONSTRUCTION_START_DATE": "2013-07-29Z", "CONSTRUCTION_END_DATE": "2013-08-19Z", "ALTERATION_START_DATE": null, "ALTERATION_END_DATE": null, "DECOMMISSION_START_DATE": null, "DECOMMISSION_END_DATE": null, "DECOMMISSION_REASON": null, "OBSERVATION_WELL_NUMBER": null, "OBSERVATION_WELL_STATUS": null, "EMS_ID": null, "AQUIFER_MATERIAL": "Unknown", "OBJECTID": 122566337, "SE_ANNO_CAD_DATA": null}}, {"type": "Feature", "id": "WHSE_WATER_MANAGEMENT.GW_WATER_WELLS_WRBC_SVW.fid-29e471e6_19f63eee063_209b", "geometry": {"type": "Point", "coordinates": [-120.977098, 56.496703]}, "geometry_name": "GEOMETRY", "properties": {"GW_WW_SYSID": 104576, "WELL_TAG_NUMBER": 108979, "IDENTIFICATION_PLATE_NUMBER": null, "STREET_ADDRESS": "16024 PRESPATOU ROAD", "CITY": "MONTNEY", "LEGAL_LOT": " ", "LEGAL_PLAN": " ", "LEGAL_DISTRICT_LOT": " ", "LEGAL_PID": null, "WELL_LOCATION_DESCRIPTION": " ", "COORDINATE_ACQUISITION_CODE": "H", "WELL_STATUS": "Alteration", "WELL_CLASS": "Water Supply", "WELL_SUBCLASS": "Not Applicable", "INTENDED_WATER_USE": "Private Domestic", "WELL_DETAILS_URL": "https://apps.nrs.gov.bc.ca/gwells/well/108979", "LICENCE_STATUS": "Unlicensed", "AQUIFER_ID": 1270, "PERSON_RESPONSIBLE": " ", "COMPANY_OF_PERSON_RESPONSIBLE": "Jacob's Water Wells", "FINISHED_WELL_DEPTH": 170, "TOTAL_DEPTH_DRILLED": 170, "BEDROCK_DEPTH": null, "YIELD": 30, "YIELD_ESTIMATION_DURATION": 50, "ARTESIAN_COND": "N", "ARTESIAN_FLOW": null, "ARTESIAN_PRESSURE": null, "STATIC_WATER_LEVEL": 145.5, "DIAMETER": 6, "FINAL_CASING_STICK_UP": 24, "GROUND_ELEVATION": 2520, "GROUND_ELEVATION_METHOD": "UNKNOWN", "SURFACE_SEAL_DEPTH": null, "SURFACE_SEAL_THICKNESS": null, "SURFACE_SEAL_METHOD": null, "SCREEN_INTAKE_METHOD": "SCREEN", "WATER_SUPPLY_SYSTEM_NAME": null, "WATER_SUPPLY_SYSTEM_WELL_NAME": null, "CONSTRUCTION_START_DATE": null, "CONSTRUCTION_END_DATE": null, "ALTERATION_START_DATE": "2013-07-23Z", "ALTERATION_END_DATE": "2013-07-26Z", "DECOMMISSION_START_DATE": null, "DECOMMISSION_END_DATE": null, "DECOMMISSION_REASON": null, "OBSERVATION_WELL_NUMBER": null, "OBSERVATION_WELL_STATUS": null, "EMS_ID": null, "AQUIFER_MATERIAL": "Bedrock", "OBJECTID": 122565926, "SE_ANNO_CAD_DATA": null}}, {"type": "Feature", "id": "WHSE_WATER_MANAGEMENT.GW_WATER_WELLS_WRBC_SVW.fid-29e471e6_19f63eee063_209c", "geometry": {"type": "Point", "coordinates": [-120.97769, 56.4771]}, "geometry_name": "GEOMETRY", "properties": {"GW_WW_SYSID": 58223, "WELL_TAG_NUMBER": 58377, "IDENTIFICATION_PLATE_NUMBER": null, "STREET_ADDRESS": null, "CITY": "FORT ST. JOHN", "LEGAL_LOT": "NW1/4", "LEGAL_PLAN": null, "LEGAL_DISTRICT_LOT": null, "LEGAL_PID": 12944645, "WELL_LOCATION_DESCRIPTION": null, "COORDINATE_ACQUISITION_CODE": "E", "WELL_STATUS": "New", "WELL_CLASS": "Water Supply", "WELL_SUBCLASS": "Not Applicable", "INTENDED_WATER_USE": "Private Domestic", "WELL_DETAILS_URL": "https://apps.nrs.gov.bc.ca/gwells/well/58377", "LICENCE_STATUS": "Unlicensed", "AQUIFER_ID": null, "PERSON_RESPONSIBLE": " ", "COMPANY_OF_PERSON_RESPONSIBLE": "Anderson Water Wells", "FINISHED_WELL_DEPTH": 40, "TOTAL_DEPTH_DRILLED": 43, "BEDROCK_DEPTH": null, "YIELD": 3.6, "YIELD_ESTIMATION_DURATION": null, "ARTESIAN_COND": "N", "ARTESIAN_FLOW": null, "ARTESIAN_PRESSURE": null, "STATIC_WATER_LEVEL": null, "DIAMETER": 4.5, "FINAL_CASING_STICK_UP": null, "GROUND_ELEVATION": null, "GROUND_ELEVATION_METHOD": "UNKNOWN", "SURFACE_SEAL_DEPTH": null, "SURFACE_SEAL_THICKNESS": null, "SURFACE_SEAL_METHOD": null, "SCREEN_INTAKE_METHOD": "SCREEN", "WATER_SUPPLY_SYSTEM_NAME": null, "WATER_SUPPLY_SYSTEM_WELL_NAME": null, "CONSTRUCTION_START_DATE": "1988-08-28Z", "CONSTRUCTION_END_DATE": "1988-08-28Z", "ALTERATION_START_DATE": null, "ALTERATION_END_DATE": null, "DECOMMISSION_START_DATE": null, "DECOMMISSION_END_DATE": null, "DECOMMISSION_REASON": null, "OBSERVATION_WELL_NUMBER": null, "OBSERVATION_WELL_STATUS": null, "EMS_ID": null, "AQUIFER_MATERIAL": "Unconsolidated", "OBJECTID": 122519573, "SE_ANNO_CAD_DATA": null}}, {"type": "Feature", "id": "WHSE_WATER_MANAGEMENT.GW_WATER_WELLS_WRBC_SVW.fid-29e471e6_19f63eee063_209d", "geometry": {"type": "Point", "coordinates": [-120.97785, 56.47585]}, "geometry_name": "GEOMETRY", "properties": {"GW_WW_SYSID": 59708, "WELL_TAG_NUMBER": 59875, "IDENTIFICATION_PLATE_NUMBER": null, "STREET_ADDRESS": null, "CITY": "MONTNEY", "LEGAL_LOT": "NW1/4", "LEGAL_PLAN": null, "LEGAL_DISTRICT_LOT": null, "LEGAL_PID": 12944645, "WELL_LOCATION_DESCRIPTION": null, "COORDINATE_ACQUISITION_CODE": "H", "WELL_STATUS": "New", "WELL_CLASS": "Water Supply", "WELL_SUBCLASS": "Not Applicable", "INTENDED_WATER_USE": "Private Domestic", "WELL_DETAILS_URL": "https://apps.nrs.gov.bc.ca/gwells/well/59875", "LICENCE_STATUS": "Unlicensed", "AQUIFER_ID": 451, "PERSON_RESPONSIBLE": " ", "COMPANY_OF_PERSON_RESPONSIBLE": "Anderson Water Wells", "FINISHED_WELL_DEPTH": 72, "TOTAL_DEPTH_DRILLED": 72, "BEDROCK_DEPTH": 42, "YIELD": 22.5, "YIELD_ESTIMATION_DURATION": null, "ARTESIAN_COND": "N", "ARTESIAN_FLOW": null, "ARTESIAN_PRESSURE": null, "STATIC_WATER_LEVEL": 36, "DIAMETER": 4.5, "FINAL_CASING_STICK_UP": 24, "GROUND_ELEVATION": 2275, "GROUND_ELEVATION_METHOD": "UNKNOWN", "SURFACE_SEAL_DEPTH": null, "SURFACE_SEAL_THICKNESS": null, "SURFACE_SEAL_METHOD": null, "SCREEN_INTAKE_METHOD": "SCREEN", "WATER_SUPPLY_SYSTEM_NAME": null, "WATER_SUPPLY_SYSTEM_WELL_NAME": null, "CONSTRUCTION_START_DATE": "1991-10-23Z", "CONSTRUCTION_END_DATE": "1991-10-23Z", "ALTERATION_START_DATE": null, "ALTERATION_END_DATE": null, "DECOMMISSION_START_DATE": null, "DECOMMISSION_END_DATE": null, "DECOMMISSION_REASON": null, "OBSERVATION_WELL_NUMBER": null, "OBSERVATION_WELL_STATUS": null, "EMS_ID": null, "AQUIFER_MATERIAL": "Bedrock", "OBJECTID": 122521058, "SE_ANNO_CAD_DATA": null}}, {"type": "Feature", "id": "WHSE_WATER_MANAGEMENT.GW_WATER_WELLS_WRBC_SVW.fid-29e471e6_19f63eee063_209e", "geometry": {"type": "Point", "coordinates": [-120.97716, 56.47821]}, "geometry_name": "GEOMETRY", "properties": {"GW_WW_SYSID": 114742, "WELL_TAG_NUMBER": 119613, "IDENTIFICATION_PLATE_NUMBER": null, "STREET_ADDRESS": null, "CITY": null, "LEGAL_LOT": null, "LEGAL_PLAN": "19", "LEGAL_DISTRICT_LOT": null, "LEGAL_PID": 12944645, "WELL_LOCATION_DESCRIPTION": "NW 1/4 OF SEC 20 TP 86 R 19 W6M PEACE RIVER", "COORDINATE_ACQUISITION_CODE": "H", "WELL_STATUS": "New", "WELL_CLASS": "Water Supply", "WELL_SUBCLASS": "Not Applicable", "INTENDED_WATER_USE": "Private Domestic", "WELL_DETAILS_URL": "https://apps.nrs.gov.bc.ca/gwells/well/119613", "LICENCE_STATUS": "Unlicensed", "AQUIFER_ID": null, "PERSON_RESPONSIBLE": " ", "COMPANY_OF_PERSON_RESPONSIBLE": null, "FINISHED_WELL_DEPTH": null, "TOTAL_DEPTH_DRILLED": null, "BEDROCK_DEPTH": null, "YIELD": null, "YIELD_ESTIMATION_DURATION": null, "ARTESIAN_COND": "N", "ARTESIAN_FLOW": null, "ARTESIAN_PRESSURE": null, "STATIC_WATER_LEVEL": null, "DIAMETER": null, "FINAL_CASING_STICK_UP": null, "GROUND_ELEVATION": null, "GROUND_ELEVATION_METHOD": null, "SURFACE_SEAL_DEPTH": null, "SURFACE_SEAL_THICKNESS": null, "SURFACE_SEAL_METHOD": null, "SCREEN_INTAKE_METHOD": null, "WATER_SUPPLY_SYSTEM_NAME": null, "WATER_SUPPLY_SYSTEM_WELL_NAME": null, "CONSTRUCTION_START_DATE": null, "CONSTRUCTION_END_DATE": null, "ALTERATION_START_DATE": null, "ALTERATION_END_DATE": null, "DECOMMISSION_START_DATE": null, "DECOMMISSION_END_DATE": null, "DECOMMISSION_REASON": null, "OBSERVATION_WELL_NUMBER": null, "OBSERVATION_WELL_STATUS": null, "EMS_ID": null, "AQUIFER_MATERIAL": null, "OBJECTID": 122576092, "SE_ANNO_CAD_DATA": null}}, {"type": "Feature", "id": "WHSE_WATER_MANAGEMENT.GW_WATER_WELLS_WRBC_SVW.fid-29e471e6_19f63eee063_209f", "geometry": {"type": "Point", "coordinates": [-120.962508, 56.479445]}, "geometry_name": "GEOMETRY", "properties": {"GW_WW_SYSID": 15754, "WELL_TAG_NUMBER": 15782, "IDENTIFICATION_PLATE_NUMBER": null, "STREET_ADDRESS": " ", "CITY": " ", "LEGAL_LOT": " ", "LEGAL_PLAN": " ", "LEGAL_DISTRICT_LOT": " ", "LEGAL_PID": null, "WELL_LOCATION_DESCRIPTION": " ", "COORDINATE_ACQUISITION_CODE": "E", "WELL_STATUS": "New", "WELL_CLASS": "Unknown", "WELL_SUBCLASS": null, "INTENDED_WATER_USE": "Unknown Well Use", "WELL_DETAILS_URL": "https://apps.nrs.gov.bc.ca/gwells/well/15782", "LICENCE_STATUS": "Unlicensed", "AQUIFER_ID": 1270, "PERSON_RESPONSIBLE": " ", "COMPANY_OF_PERSON_RESPONSIBLE": "Cliff Baker Drilling", "FINISHED_WELL_DEPTH": 305, "TOTAL_DEPTH_DRILLED": null, "BEDROCK_DEPTH": 131, "YIELD": null, "YIELD_ESTIMATION_DURATION": null, "ARTESIAN_COND": "N", "ARTESIAN_FLOW": null, "ARTESIAN_PRESSURE": null, "STATIC_WATER_LEVEL": 120, "DIAMETER": null, "FINAL_CASING_STICK_UP": null, "GROUND_ELEVATION": null, "GROUND_ELEVATION_METHOD": "UNKNOWN", "SURFACE_SEAL_DEPTH": null, "SURFACE_SEAL_THICKNESS": null, "SURFACE_SEAL_METHOD": null, "SCREEN_INTAKE_METHOD": null, "WATER_SUPPLY_SYSTEM_NAME": null, "WATER_SUPPLY_SYSTEM_WELL_NAME": null, "CONSTRUCTION_START_DATE": "1959-01-01Z", "CONSTRUCTION_END_DATE": "1959-01-01Z", "ALTERATION_START_DATE": null, "ALTERATION_END_DATE": null, "DECOMMISSION_START_DATE": null, "DECOMMISSION_END_DATE": null, "DECOMMISSION_REASON": null, "OBSERVATION_WELL_NUMBER": null, "OBSERVATION_WELL_STATUS": null, "EMS_ID": null, "AQUIFER_MATERIAL": "Bedrock", "OBJECTID": 122477104, "SE_ANNO_CAD_DATA": null}}, {"type": "Feature", "id": "WHSE_WATER_MANAGEMENT.GW_WATER_WELLS_WRBC_SVW.fid-29e471e6_19f63eee063_20a0", "geometry": {"type": "Point", "coordinates": [-120.959688, 56.482957]}, "geometry_name": "GEOMETRY", "properties": {"GW_WW_SYSID": 97606, "WELL_TAG_NUMBER": 101703, "IDENTIFICATION_PLATE_NUMBER": null, "STREET_ADDRESS": null, "CITY": null, "LEGAL_LOT": null, "LEGAL_PLAN": null, "LEGAL_DISTRICT_LOT": null, "LEGAL_PID": 11243449, "WELL_LOCATION_DESCRIPTION": "SE QUARTER OF SECTION, W6M.", "COORDINATE_ACQUISITION_CODE": "J", "WELL_STATUS": "New", "WELL_CLASS": "Water Supply", "WELL_SUBCLASS": "Not Applicable", "INTENDED_WATER_USE": "Private Domestic", "WELL_DETAILS_URL": "https://apps.nrs.gov.bc.ca/gwells/well/101703", "LICENCE_STATUS": "Unlicensed", "AQUIFER_ID": 451, "PERSON_RESPONSIBLE": "Jacob Peters", "COMPANY_OF_PERSON_RESPONSIBLE": "Jacob's Water Wells", "FINISHED_WELL_DEPTH": 265, "TOTAL_DEPTH_DRILLED": 265, "BEDROCK_DEPTH": null, "YIELD": 6, "YIELD_ESTIMATION_DURATION": null, "ARTESIAN_COND": "N", "ARTESIAN_FLOW": null, "ARTESIAN_PRESSURE": null, "STATIC_WATER_LEVEL": 240, "DIAMETER": 6, "FINAL_CASING_STICK_UP": 24, "GROUND_ELEVATION": null, "GROUND_ELEVATION_METHOD": "UNKNOWN", "SURFACE_SEAL_DEPTH": null, "SURFACE_SEAL_THICKNESS": null, "SURFACE_SEAL_METHOD": null, "SCREEN_INTAKE_METHOD": null, "WATER_SUPPLY_SYSTEM_NAME": null, "WATER_SUPPLY_SYSTEM_WELL_NAME": null, "CONSTRUCTION_START_DATE": "2000-08-23Z", "CONSTRUCTION_END_DATE": "2000-08-23Z", "ALTERATION_START_DATE": null, "ALTERATION_END_DATE": null, "DECOMMISSION_START_DATE": null, "DECOMMISSION_END_DATE": null, "DECOMMISSION_REASON": null, "OBSERVATION_WELL_NUMBER": null, "OBSERVATION_WELL_STATUS": null, "EMS_ID": null, "AQUIFER_MATERIAL": "Unknown", "OBJECTID": 122558956, "SE_ANNO_CAD_DATA": null}}, {"type": "Feature", "id": "WHSE_WATER_MANAGEMENT.GW_WATER_WELLS_WRBC_SVW.fid-29e471e6_19f63eee063_20a1", "geometry": {"type": "Point", "coordinates": [-120.95183, 56.48109]}, "geometry_name": "GEOMETRY", "properties": {"GW_WW_SYSID": 45130, "WELL_TAG_NUMBER": 45232, "IDENTIFICATION_PLATE_NUMBER": null, "STREET_ADDRESS": null, "CITY": "MONTNEY", "LEGAL_LOT": null, "LEGAL_PLAN": null, "LEGAL_DISTRICT_LOT": null, "LEGAL_PID": null, "WELL_LOCATION_DESCRIPTION": null, "COORDINATE_ACQUISITION_CODE": "E", "WELL_STATUS": "New", "WELL_CLASS": "Unknown", "WELL_SUBCLASS": null, "INTENDED_WATER_USE": "Not Applicable", "WELL_DETAILS_URL": "https://apps.nrs.gov.bc.ca/gwells/well/45232", "LICENCE_STATUS": "Unlicensed", "AQUIFER_ID": 451, "PERSON_RESPONSIBLE": " ", "COMPANY_OF_PERSON_RESPONSIBLE": "I . & M.  Drilling", "FINISHED_WELL_DEPTH": 187, "TOTAL_DEPTH_DRILLED": 187, "BEDROCK_DEPTH": 165, "YIELD": 18, "YIELD_ESTIMATION_DURATION": null, "ARTESIAN_COND": "N", "ARTESIAN_FLOW": null, "ARTESIAN_PRESSURE": null, "STATIC_WATER_LEVEL": null, "DIAMETER": 4.5, "FINAL_CASING_STICK_UP": null, "GROUND_ELEVATION": null, "GROUND_ELEVATION_METHOD": "UNKNOWN", "SURFACE_SEAL_DEPTH": null, "SURFACE_SEAL_THICKNESS": null, "SURFACE_SEAL_METHOD": null, "SCREEN_INTAKE_METHOD": null, "WATER_SUPPLY_SYSTEM_NAME": null, "WATER_SUPPLY_SYSTEM_WELL_NAME": null, "CONSTRUCTION_START_DATE": "1980-06-03Z", "CONSTRUCTION_END_DATE": "1980-06-03Z", "ALTERATION_START_DATE": null, "ALTERATION_END_DATE": null, "DECOMMISSION_START_DATE": null, "DECOMMISSION_END_DATE": null, "DECOMMISSION_REASON": null, "OBSERVATION_WELL_NUMBER": null, "OBSERVATION_WELL_STATUS": null, "EMS_ID": null, "AQUIFER_MATERIAL": "Unconsolidated", "OBJECTID": 122506480, "SE_ANNO_CAD_DATA": null}}, {"type": "Feature", "id": "WHSE_WATER_MANAGEMENT.GW_WATER_WELLS_WRBC_SVW.fid-29e471e6_19f63eee063_20a2", "geometry": {"type": "Point", "coordinates": [-120.9416, 56.52048]}, "geometry_name": "GEOMETRY", "properties": {"GW_WW_SYSID": 107828, "WELL_TAG_NUMBER": 112324, "IDENTIFICATION_PLATE_NUMBER": null, "STREET_ADDRESS": "12518 260 ROAD", "CITY": "MONTNEY", "LEGAL_LOT": null, "LEGAL_PLAN": null, "LEGAL_DISTRICT_LOT": null, "LEGAL_PID": null, "WELL_LOCATION_DESCRIPTION": "NOT PROVIDED", "COORDINATE_ACQUISITION_CODE": "H", "WELL_STATUS": "New", "WELL_CLASS": "Water Supply", "WELL_SUBCLASS": "Not Applicable", "INTENDED_WATER_USE": "Water Supply System", "WELL_DETAILS_URL": "https://apps.nrs.gov.bc.ca/gwells/well/112324", "LICENCE_STATUS": "Unlicensed", "AQUIFER_ID": 1270, "PERSON_RESPONSIBLE": " ", "COMPANY_OF_PERSON_RESPONSIBLE": "Anderson Water Serv", "FINISHED_WELL_DEPTH": 240, "TOTAL_DEPTH_DRILLED": 240, "BEDROCK_DEPTH": 10, "YIELD": null, "YIELD_ESTIMATION_DURATION": 1, "ARTESIAN_COND": "N", "ARTESIAN_FLOW": null, "ARTESIAN_PRESSURE": null, "STATIC_WATER_LEVEL": 180.4, "DIAMETER": 6.63, "FINAL_CASING_STICK_UP": 24, "GROUND_ELEVATION": 2550, "GROUND_ELEVATION_METHOD": "UNKNOWN", "SURFACE_SEAL_DEPTH": 36, "SURFACE_SEAL_THICKNESS": 1, "SURFACE_SEAL_METHOD": "POURED", "SCREEN_INTAKE_METHOD": "SCREEN", "WATER_SUPPLY_SYSTEM_NAME": null, "WATER_SUPPLY_SYSTEM_WELL_NAME": null, "CONSTRUCTION_START_DATE": "2016-08-26Z", "CONSTRUCTION_END_DATE": "2016-08-26Z", "ALTERATION_START_DATE": null, "ALTERATION_END_DATE": null, "DECOMMISSION_START_DATE": null, "DECOMMISSION_END_DATE": null, "DECOMMISSION_REASON": null, "OBSERVATION_WELL_NUMBER": null, "OBSERVATION_WELL_STATUS": null, "EMS_ID": null, "AQUIFER_MATERIAL": "Unknown", "OBJECTID": 122569178, "SE_ANNO_CAD_DATA": null}}, {"type": "Feature", "id": "WHSE_WATER_MANAGEMENT.GW_WATER_WELLS_WRBC_SVW.fid-29e471e6_19f63eee063_20a3", "geometry": {"type": "Point", "coordinates": [-120.9333, 56.5242]}, "geometry_name": "GEOMETRY", "properties": {"GW_WW_SYSID": 109112, "WELL_TAG_NUMBER": 113683, "IDENTIFICATION_PLATE_NUMBER": 48507, "STREET_ADDRESS": "12508 260 ROAD", "CITY": "MONTNEY", "LEGAL_LOT": " ", "LEGAL_PLAN": " ", "LEGAL_DISTRICT_LOT": " ", "LEGAL_PID": null, "WELL_LOCATION_DESCRIPTION": "NOT PROVIDED", "COORDINATE_ACQUISITION_CODE": "H", "WELL_STATUS": "New", "WELL_CLASS": "Water Supply", "WELL_SUBCLASS": "Not Applicable", "INTENDED_WATER_USE": "Private Domestic", "WELL_DETAILS_URL": "https://apps.nrs.gov.bc.ca/gwells/well/113683", "LICENCE_STATUS": "Unlicensed", "AQUIFER_ID": 1270, "PERSON_RESPONSIBLE": " ", "COMPANY_OF_PERSON_RESPONSIBLE": "Jacob's Water Wells", "FINISHED_WELL_DEPTH": 80, "TOTAL_DEPTH_DRILLED": 80, "BEDROCK_DEPTH": 73, "YIELD": 40, "YIELD_ESTIMATION_DURATION": 0.5, "ARTESIAN_COND": "N", "ARTESIAN_FLOW": null, "ARTESIAN_PRESSURE": null, "STATIC_WATER_LEVEL": 38, "DIAMETER": 6, "FINAL_CASING_STICK_UP": 30, "GROUND_ELEVATION": 2510, "GROUND_ELEVATION_METHOD": "GPS", "SURFACE_SEAL_DEPTH": null, "SURFACE_SEAL_THICKNESS": 1, "SURFACE_SEAL_METHOD": "POURED", "SCREEN_INTAKE_METHOD": "SCREEN", "WATER_SUPPLY_SYSTEM_NAME": null, "WATER_SUPPLY_SYSTEM_WELL_NAME": null, "CONSTRUCTION_START_DATE": "2016-09-22Z", "CONSTRUCTION_END_DATE": "2016-09-29Z", "ALTERATION_START_DATE": null, "ALTERATION_END_DATE": null, "DECOMMISSION_START_DATE": null, "DECOMMISSION_END_DATE": null, "DECOMMISSION_REASON": null, "OBSERVATION_WELL_NUMBER": null, "OBSERVATION_WELL_STATUS": null, "EMS_ID": null, "AQUIFER_MATERIAL": "Unknown", "OBJECTID": 122570462, "SE_ANNO_CAD_DATA": null}}, {"type": "Feature", "id": "WHSE_WATER_MANAGEMENT.GW_WATER_WELLS_WRBC_SVW.fid-29e471e6_19f63eee063_20a4", "geometry": {"type": "Point", "coordinates": [-120.931957, 56.497128]}, "geometry_name": "GEOMETRY", "properties": {"GW_WW_SYSID": 73389, "WELL_TAG_NUMBER": 75577, "IDENTIFICATION_PLATE_NUMBER": null, "STREET_ADDRESS": " ", "CITY": "MONTNEY", "LEGAL_LOT": " ", "LEGAL_PLAN": " ", "LEGAL_DISTRICT_LOT": " ", "LEGAL_PID": null, "WELL_LOCATION_DESCRIPTION": " ", "COORDINATE_ACQUISITION_CODE": "E", "WELL_STATUS": "New", "WELL_CLASS": "Water Supply", "WELL_SUBCLASS": null, "INTENDED_WATER_USE": "Private Domestic", "WELL_DETAILS_URL": "https://apps.nrs.gov.bc.ca/gwells/well/75577", "LICENCE_STATUS": "Unlicensed", "AQUIFER_ID": 1270, "PERSON_RESPONSIBLE": " ", "COMPANY_OF_PERSON_RESPONSIBLE": "Jacob's Water Wells", "FINISHED_WELL_DEPTH": 290, "TOTAL_DEPTH_DRILLED": null, "BEDROCK_DEPTH": 170, "YIELD": 2.5, "YIELD_ESTIMATION_DURATION": null, "ARTESIAN_COND": "N", "ARTESIAN_FLOW": null, "ARTESIAN_PRESSURE": null, "STATIC_WATER_LEVEL": 210, "DIAMETER": null, "FINAL_CASING_STICK_UP": null, "GROUND_ELEVATION": null, "GROUND_ELEVATION_METHOD": "UNKNOWN", "SURFACE_SEAL_DEPTH": null, "SURFACE_SEAL_THICKNESS": null, "SURFACE_SEAL_METHOD": null, "SCREEN_INTAKE_METHOD": null, "WATER_SUPPLY_SYSTEM_NAME": null, "WATER_SUPPLY_SYSTEM_WELL_NAME": null, "CONSTRUCTION_START_DATE": "1998-05-16Z", "CONSTRUCTION_END_DATE": null, "ALTERATION_START_DATE": null, "ALTERATION_END_DATE": null, "DECOMMISSION_START_DATE": null, "DECOMMISSION_END_DATE": null, "DECOMMISSION_REASON": null, "OBSERVATION_WELL_NUMBER": null, "OBSERVATION_WELL_STATUS": null, "EMS_ID": null, "AQUIFER_MATERIAL": "Bedrock", "OBJECTID": 122534739, "SE_ANNO_CAD_DATA": null}}, {"type": "Feature", "id": "WHSE_WATER_MANAGEMENT.GW_WATER_WELLS_WRBC_SVW.fid-29e471e6_19f63eee063_20a5", "geometry": {"type": "Point", "coordinates": [-120.92857, 56.51605]}, "geometry_name": "GEOMETRY", "properties": {"GW_WW_SYSID": 128123, "WELL_TAG_NUMBER": 133490, "IDENTIFICATION_PLATE_NUMBER": 65641, "STREET_ADDRESS": "12498 260 Rd", "CITY": "Murdale", "LEGAL_LOT": null, "LEGAL_PLAN": null, "LEGAL_DISTRICT_LOT": null, "LEGAL_PID": 13872010, "WELL_LOCATION_DESCRIPTION": null, "COORDINATE_ACQUISITION_CODE": "H", "WELL_STATUS": "New", "WELL_CLASS": "Water Supply", "WELL_SUBCLASS": "Not Applicable", "INTENDED_WATER_USE": "Private Domestic", "WELL_DETAILS_URL": "https://apps.nrs.gov.bc.ca/gwells/well/133490", "LICENCE_STATUS": "Unlicensed", "AQUIFER_ID": null, "PERSON_RESPONSIBLE": "Martin Peters", "COMPANY_OF_PERSON_RESPONSIBLE": null, "FINISHED_WELL_DEPTH": 170, "TOTAL_DEPTH_DRILLED": 170, "BEDROCK_DEPTH": 20, "YIELD": 100, "YIELD_ESTIMATION_DURATION": 30, "ARTESIAN_COND": "N", "ARTESIAN_FLOW": null, "ARTESIAN_PRESSURE": null, "STATIC_WATER_LEVEL": 135.8, "DIAMETER": 6, "FINAL_CASING_STICK_UP": 24, "GROUND_ELEVATION": 2500, "GROUND_ELEVATION_METHOD": "GPS", "SURFACE_SEAL_DEPTH": 55, "SURFACE_SEAL_THICKNESS": 1, "SURFACE_SEAL_METHOD": "POURED", "SCREEN_INTAKE_METHOD": "SCREEN", "WATER_SUPPLY_SYSTEM_NAME": null, "WATER_SUPPLY_SYSTEM_WELL_NAME": null, "CONSTRUCTION_START_DATE": "2025-05-07Z", "CONSTRUCTION_END_DATE": "2025-05-09Z", "ALTERATION_START_DATE": null, "ALTERATION_END_DATE": null, "DECOMMISSION_START_DATE": null, "DECOMMISSION_END_DATE": null, "DECOMMISSION_REASON": null, "OBSERVATION_WELL_NUMBER": null, "OBSERVATION_WELL_STATUS": null, "EMS_ID": null, "AQUIFER_MATERIAL": null, "OBJECTID": 122589473, "SE_ANNO_CAD_DATA": null}}, {"type": "Feature", "id": "WHSE_WATER_MANAGEMENT.GW_WATER_WELLS_WRBC_SVW.fid-29e471e6_19f63eee063_20a6", "geometry": {"type": "Point", "coordinates": [-120.927835, 56.468141]}, "geometry_name": "GEOMETRY", "properties": {"GW_WW_SYSID": 82403, "WELL_TAG_NUMBER": 86042, "IDENTIFICATION_PLATE_NUMBER": 14619, "STREET_ADDRESS": "26753 271 ROAD", "CITY": "MONTNEY", "LEGAL_LOT": " ", "LEGAL_PLAN": " ", "LEGAL_DISTRICT_LOT": " ", "LEGAL_PID": null, "WELL_LOCATION_DESCRIPTION": "NOT PROVIDED", "COORDINATE_ACQUISITION_CODE": "H", "WELL_STATUS": "New", "WELL_CLASS": "Water Supply", "WELL_SUBCLASS": "Not Applicable", "INTENDED_WATER_USE": "Private Domestic", "WELL_DETAILS_URL": "https://apps.nrs.gov.bc.ca/gwells/well/86042", "LICENCE_STATUS": "Unlicensed", "AQUIFER_ID": 1270, "PERSON_RESPONSIBLE": " ", "COMPANY_OF_PERSON_RESPONSIBLE": "Jacob's Water Wells", "FINISHED_WELL_DEPTH": 195, "TOTAL_DEPTH_DRILLED": 195, "BEDROCK_DEPTH": 119, "YIELD": 12, "YIELD_ESTIMATION_DURATION": 0.5, "ARTESIAN_COND": "N", "ARTESIAN_FLOW": null, "ARTESIAN_PRESSURE": null, "STATIC_WATER_LEVEL": 150.6, "DIAMETER": 6, "FINAL_CASING_STICK_UP": 18, "GROUND_ELEVATION": 2412, "GROUND_ELEVATION_METHOD": "GPS", "SURFACE_SEAL_DEPTH": 26, "SURFACE_SEAL_THICKNESS": 1, "SURFACE_SEAL_METHOD": "POURED", "SCREEN_INTAKE_METHOD": null, "WATER_SUPPLY_SYSTEM_NAME": null, "WATER_SUPPLY_SYSTEM_WELL_NAME": null, "CONSTRUCTION_START_DATE": "2006-11-13Z", "CONSTRUCTION_END_DATE": "2006-12-04Z", "ALTERATION_START_DATE": null, "ALTERATION_END_DATE": null, "DECOMMISSION_START_DATE": null, "DECOMMISSION_END_DATE": null, "DECOMMISSION_REASON": null, "OBSERVATION_WELL_NUMBER": null, "OBSERVATION_WELL_STATUS": null, "EMS_ID": null, "AQUIFER_MATERIAL": "Bedrock", "OBJECTID": 122543753, "SE_ANNO_CAD_DATA": null}}, {"type": "Feature", "id": "WHSE_WATER_MANAGEMENT.GW_WATER_WELLS_WRBC_SVW.fid-29e471e6_19f63eee063_20a7", "geometry": {"type": "Point", "coordinates": [-120.91615, 56.486448]}, "geometry_name": "GEOMETRY", "properties": {"GW_WW_SYSID": 39012, "WELL_TAG_NUMBER": 39096, "IDENTIFICATION_PLATE_NUMBER": null, "STREET_ADDRESS": "MONTNEY STORE", "CITY": " ", "LEGAL_LOT": " ", "LEGAL_PLAN": " ", "LEGAL_DISTRICT_LOT": " ", "LEGAL_PID": null, "WELL_LOCATION_DESCRIPTION": " ", "COORDINATE_ACQUISITION_CODE": "E", "WELL_STATUS": "New", "WELL_CLASS": "Unknown", "WELL_SUBCLASS": null, "INTENDED_WATER_USE": "Unknown Well Use", "WELL_DETAILS_URL": "https://apps.nrs.gov.bc.ca/gwells/well/39096", "LICENCE_STATUS": "Unlicensed", "AQUIFER_ID": 451, "PERSON_RESPONSIBLE": " ", "COMPANY_OF_PERSON_RESPONSIBLE": "Unknown", "FINISHED_WELL_DEPTH": 148, "TOTAL_DEPTH_DRILLED": null, "BEDROCK_DEPTH": null, "YIELD": 1, "YIELD_ESTIMATION_DURATION": null, "ARTESIAN_COND": "N", "ARTESIAN_FLOW": null, "ARTESIAN_PRESSURE": null, "STATIC_WATER_LEVEL": 30, "DIAMETER": null, "FINAL_CASING_STICK_UP": null, "GROUND_ELEVATION": null, "GROUND_ELEVATION_METHOD": "UNKNOWN", "SURFACE_SEAL_DEPTH": null, "SURFACE_SEAL_THICKNESS": null, "SURFACE_SEAL_METHOD": null, "SCREEN_INTAKE_METHOD": null, "WATER_SUPPLY_SYSTEM_NAME": null, "WATER_SUPPLY_SYSTEM_WELL_NAME": null, "CONSTRUCTION_START_DATE": "1978-01-01Z", "CONSTRUCTION_END_DATE": "1978-01-01Z", "ALTERATION_START_DATE": null, "ALTERATION_END_DATE": null, "DECOMMISSION_START_DATE": null, "DECOMMISSION_END_DATE": null, "DECOMMISSION_REASON": null, "OBSERVATION_WELL_NUMBER": null, "OBSERVATION_WELL_STATUS": null, "EMS_ID": null, "AQUIFER_MATERIAL": "Unconsolidated", "OBJECTID": 122500362, "SE_ANNO_CAD_DATA": null}}, {"type": "Feature", "id": "WHSE_WATER_MANAGEMENT.GW_WATER_WELLS_WRBC_SVW.fid-29e471e6_19f63eee063_20a8", "geometry": {"type": "Point", "coordinates": [-120.914261, 56.479713]}, "geometry_name": "GEOMETRY", "properties": {"GW_WW_SYSID": 15287, "WELL_TAG_NUMBER": 15314, "IDENTIFICATION_PLATE_NUMBER": null, "STREET_ADDRESS": " ", "CITY": " ", "LEGAL_LOT": " ", "LEGAL_PLAN": " ", "LEGAL_DISTRICT_LOT": " ", "LEGAL_PID": null, "WELL_LOCATION_DESCRIPTION": " ", "COORDINATE_ACQUISITION_CODE": "E", "WELL_STATUS": "New", "WELL_CLASS": "Unknown", "WELL_SUBCLASS": null, "INTENDED_WATER_USE": "Unknown Well Use", "WELL_DETAILS_URL": "https://apps.nrs.gov.bc.ca/gwells/well/15314", "LICENCE_STATUS": "Unlicensed", "AQUIFER_ID": 1270, "PERSON_RESPONSIBLE": " ", "COMPANY_OF_PERSON_RESPONSIBLE": "Cliff Baker Drilling", "FINISHED_WELL_DEPTH": 50, "TOTAL_DEPTH_DRILLED": null, "BEDROCK_DEPTH": 15, "YIELD": null, "YIELD_ESTIMATION_DURATION": null, "ARTESIAN_COND": "N", "ARTESIAN_FLOW": null, "ARTESIAN_PRESSURE": null, "STATIC_WATER_LEVEL": 15, "DIAMETER": null, "FINAL_CASING_STICK_UP": null, "GROUND_ELEVATION": null, "GROUND_ELEVATION_METHOD": "UNKNOWN", "SURFACE_SEAL_DEPTH": null, "SURFACE_SEAL_THICKNESS": null, "SURFACE_SEAL_METHOD": null, "SCREEN_INTAKE_METHOD": null, "WATER_SUPPLY_SYSTEM_NAME": null, "WATER_SUPPLY_SYSTEM_WELL_NAME": null, "CONSTRUCTION_START_DATE": "1958-01-01Z", "CONSTRUCTION_END_DATE": "1958-01-01Z", "ALTERATION_START_DATE": null, "ALTERATION_END_DATE": null, "DECOMMISSION_START_DATE": null, "DECOMMISSION_END_DATE": null, "DECOMMISSION_REASON": null, "OBSERVATION_WELL_NUMBER": null, "OBSERVATION_WELL_STATUS": null, "EMS_ID": null, "AQUIFER_MATERIAL": "Bedrock", "OBJECTID": 122476637, "SE_ANNO_CAD_DATA": null}}, {"type": "Feature", "id": "WHSE_WATER_MANAGEMENT.GW_WATER_WELLS_WRBC_SVW.fid-29e471e6_19f63eee063_20a9", "geometry": {"type": "Point", "coordinates": [-120.913271, 56.486508]}, "geometry_name": "GEOMETRY", "properties": {"GW_WW_SYSID": 38996, "WELL_TAG_NUMBER": 39080, "IDENTIFICATION_PLATE_NUMBER": null, "STREET_ADDRESS": "MONTNEY STORE", "CITY": null, "LEGAL_LOT": null, "LEGAL_PLAN": null, "LEGAL_DISTRICT_LOT": null, "LEGAL_PID": null, "WELL_LOCATION_DESCRIPTION": null, "COORDINATE_ACQUISITION_CODE": "E", "WELL_STATUS": "New", "WELL_CLASS": "Unknown", "WELL_SUBCLASS": null, "INTENDED_WATER_USE": "Not Applicable", "WELL_DETAILS_URL": "https://apps.nrs.gov.bc.ca/gwells/well/39080", "LICENCE_STATUS": "Unlicensed", "AQUIFER_ID": 451, "PERSON_RESPONSIBLE": " ", "COMPANY_OF_PERSON_RESPONSIBLE": "Unknown", "FINISHED_WELL_DEPTH": 110, "TOTAL_DEPTH_DRILLED": null, "BEDROCK_DEPTH": null, "YIELD": 2.5, "YIELD_ESTIMATION_DURATION": null, "ARTESIAN_COND": "N", "ARTESIAN_FLOW": null, "ARTESIAN_PRESSURE": null, "STATIC_WATER_LEVEL": 84, "DIAMETER": null, "FINAL_CASING_STICK_UP": null, "GROUND_ELEVATION": null, "GROUND_ELEVATION_METHOD": "UNKNOWN", "SURFACE_SEAL_DEPTH": null, "SURFACE_SEAL_THICKNESS": null, "SURFACE_SEAL_METHOD": null, "SCREEN_INTAKE_METHOD": null, "WATER_SUPPLY_SYSTEM_NAME": null, "WATER_SUPPLY_SYSTEM_WELL_NAME": null, "CONSTRUCTION_START_DATE": "1978-01-01Z", "CONSTRUCTION_END_DATE": "1978-01-01Z", "ALTERATION_START_DATE": null, "ALTERATION_END_DATE": null, "DECOMMISSION_START_DATE": null, "DECOMMISSION_END_DATE": null, "DECOMMISSION_REASON": null, "OBSERVATION_WELL_NUMBER": null, "OBSERVATION_WELL_STATUS": null, "EMS_ID": null, "AQUIFER_MATERIAL": "Unconsolidated", "OBJECTID": 122500346, "SE_ANNO_CAD_DATA": null}}, {"type": "Feature", "id": "WHSE_WATER_MANAGEMENT.GW_WATER_WELLS_WRBC_SVW.fid-29e471e6_19f63eee063_20aa", "geometry": {"type": "Point", "coordinates": [-120.898506, 56.502372]}, "geometry_name": "GEOMETRY", "properties": {"GW_WW_SYSID": 49166, "WELL_TAG_NUMBER": 49280, "IDENTIFICATION_PLATE_NUMBER": null, "STREET_ADDRESS": " ", "CITY": "MONTNEY", "LEGAL_LOT": " ", "LEGAL_PLAN": " ", "LEGAL_DISTRICT_LOT": " ", "LEGAL_PID": null, "WELL_LOCATION_DESCRIPTION": " ", "COORDINATE_ACQUISITION_CODE": "E", "WELL_STATUS": "New", "WELL_CLASS": "Water Supply", "WELL_SUBCLASS": null, "INTENDED_WATER_USE": "Private Domestic", "WELL_DETAILS_URL": "https://apps.nrs.gov.bc.ca/gwells/well/49280", "LICENCE_STATUS": "Unlicensed", "AQUIFER_ID": 1270, "PERSON_RESPONSIBLE": " ", "COMPANY_OF_PERSON_RESPONSIBLE": "I . & M.  Drilling", "FINISHED_WELL_DEPTH": 250, "TOTAL_DEPTH_DRILLED": null, "BEDROCK_DEPTH": 230, "YIELD": 8, "YIELD_ESTIMATION_DURATION": null, "ARTESIAN_COND": "N", "ARTESIAN_FLOW": null, "ARTESIAN_PRESSURE": null, "STATIC_WATER_LEVEL": 40, "DIAMETER": null, "FINAL_CASING_STICK_UP": null, "GROUND_ELEVATION": null, "GROUND_ELEVATION_METHOD": "UNKNOWN", "SURFACE_SEAL_DEPTH": null, "SURFACE_SEAL_THICKNESS": null, "SURFACE_SEAL_METHOD": null, "SCREEN_INTAKE_METHOD": null, "WATER_SUPPLY_SYSTEM_NAME": null, "WATER_SUPPLY_SYSTEM_WELL_NAME": null, "CONSTRUCTION_START_DATE": "1981-10-05Z", "CONSTRUCTION_END_DATE": null, "ALTERATION_START_DATE": null, "ALTERATION_END_DATE": null, "DECOMMISSION_START_DATE": null, "DECOMMISSION_END_DATE": null, "DECOMMISSION_REASON": null, "OBSERVATION_WELL_NUMBER": null, "OBSERVATION_WELL_STATUS": null, "EMS_ID": null, "AQUIFER_MATERIAL": "Bedrock", "OBJECTID": 122510516, "SE_ANNO_CAD_DATA": null}}, {"type": "Feature", "id": "WHSE_WATER_MANAGEMENT.GW_WATER_WELLS_WRBC_SVW.fid-29e471e6_19f63eee063_20ab", "geometry": {"type": "Point", "coordinates": [-120.89541, 56.501367]}, "geometry_name": "GEOMETRY", "properties": {"GW_WW_SYSID": 49133, "WELL_TAG_NUMBER": 49247, "IDENTIFICATION_PLATE_NUMBER": null, "STREET_ADDRESS": " ", "CITY": "MONTNEY", "LEGAL_LOT": " ", "LEGAL_PLAN": " ", "LEGAL_DISTRICT_LOT": " ", "LEGAL_PID": null, "WELL_LOCATION_DESCRIPTION": " ", "COORDINATE_ACQUISITION_CODE": "E", "WELL_STATUS": "New", "WELL_CLASS": "Water Supply", "WELL_SUBCLASS": null, "INTENDED_WATER_USE": "Private Domestic", "WELL_DETAILS_URL": "https://apps.nrs.gov.bc.ca/gwells/well/49247", "LICENCE_STATUS": "Unlicensed", "AQUIFER_ID": null, "PERSON_RESPONSIBLE": " ", "COMPANY_OF_PERSON_RESPONSIBLE": "I . & M.  Drilling", "FINISHED_WELL_DEPTH": 230, "TOTAL_DEPTH_DRILLED": null, "BEDROCK_DEPTH": null, "YIELD": 8, "YIELD_ESTIMATION_DURATION": null, "ARTESIAN_COND": "N", "ARTESIAN_FLOW": null, "ARTESIAN_PRESSURE": null, "STATIC_WATER_LEVEL": 20, "DIAMETER": null, "FINAL_CASING_STICK_UP": null, "GROUND_ELEVATION": null, "GROUND_ELEVATION_METHOD": "UNKNOWN", "SURFACE_SEAL_DEPTH": null, "SURFACE_SEAL_THICKNESS": null, "SURFACE_SEAL_METHOD": null, "SCREEN_INTAKE_METHOD": null, "WATER_SUPPLY_SYSTEM_NAME": null, "WATER_SUPPLY_SYSTEM_WELL_NAME": null, "CONSTRUCTION_START_DATE": "1981-10-01Z", "CONSTRUCTION_END_DATE": null, "ALTERATION_START_DATE": null, "ALTERATION_END_DATE": null, "DECOMMISSION_START_DATE": null, "DECOMMISSION_END_DATE": null, "DECOMMISSION_REASON": null, "OBSERVATION_WELL_NUMBER": null, "OBSERVATION_WELL_STATUS": null, "EMS_ID": null, "AQUIFER_MATERIAL": "Unconsolidated", "OBJECTID": 122510483, "SE_ANNO_CAD_DATA": null}}, {"type": "Feature", "id": "WHSE_WATER_MANAGEMENT.GW_WATER_WELLS_WRBC_SVW.fid-29e471e6_19f63eee063_20ac", "geometry": {"type": "Point", "coordinates": [-120.89402, 56.50479]}, "geometry_name": "GEOMETRY", "properties": {"GW_WW_SYSID": 59588, "WELL_TAG_NUMBER": 59751, "IDENTIFICATION_PLATE_NUMBER": null, "STREET_ADDRESS": null, "CITY": "FORT ST. JOHN", "LEGAL_LOT": "NW1/4", "LEGAL_PLAN": null, "LEGAL_DISTRICT_LOT": null, "LEGAL_PID": 17317657, "WELL_LOCATION_DESCRIPTION": null, "COORDINATE_ACQUISITION_CODE": "J", "WELL_STATUS": "New", "WELL_CLASS": "Water Supply", "WELL_SUBCLASS": "Not Applicable", "INTENDED_WATER_USE": "Private Domestic", "WELL_DETAILS_URL": "https://apps.nrs.gov.bc.ca/gwells/well/59751", "LICENCE_STATUS": "Unlicensed", "AQUIFER_ID": 451, "PERSON_RESPONSIBLE": " ", "COMPANY_OF_PERSON_RESPONSIBLE": "Anderson Water Wells", "FINISHED_WELL_DEPTH": 264, "TOTAL_DEPTH_DRILLED": 264, "BEDROCK_DEPTH": 172, "YIELD": 8, "YIELD_ESTIMATION_DURATION": null, "ARTESIAN_COND": "N", "ARTESIAN_FLOW": null, "ARTESIAN_PRESSURE": null, "STATIC_WATER_LEVEL": 164, "DIAMETER": 4.5, "FINAL_CASING_STICK_UP": 24, "GROUND_ELEVATION": null, "GROUND_ELEVATION_METHOD": "UNKNOWN", "SURFACE_SEAL_DEPTH": null, "SURFACE_SEAL_THICKNESS": null, "SURFACE_SEAL_METHOD": null, "SCREEN_INTAKE_METHOD": "SCREEN", "WATER_SUPPLY_SYSTEM_NAME": null, "WATER_SUPPLY_SYSTEM_WELL_NAME": null, "CONSTRUCTION_START_DATE": "1991-07-23Z", "CONSTRUCTION_END_DATE": "1991-07-23Z", "ALTERATION_START_DATE": null, "ALTERATION_END_DATE": null, "DECOMMISSION_START_DATE": null, "DECOMMISSION_END_DATE": null, "DECOMMISSION_REASON": null, "OBSERVATION_WELL_NUMBER": null, "OBSERVATION_WELL_STATUS": null, "EMS_ID": null, "AQUIFER_MATERIAL": "Bedrock", "OBJECTID": 122520938, "SE_ANNO_CAD_DATA": null}}, {"type": "Feature", "id": "WHSE_WATER_MANAGEMENT.GW_WATER_WELLS_WRBC_SVW.fid-29e471e6_19f63eee063_20ad", "geometry": {"type": "Point", "coordinates": [-120.88747, 56.47893]}, "geometry_name": "GEOMETRY", "properties": {"GW_WW_SYSID": 111817, "WELL_TAG_NUMBER": 116514, "IDENTIFICATION_PLATE_NUMBER": 48517, "STREET_ADDRESS": "12209 258 ROAD", "CITY": "MONTNEY", "LEGAL_LOT": null, "LEGAL_PLAN": null, "LEGAL_DISTRICT_LOT": null, "LEGAL_PID": 9359001, "WELL_LOCATION_DESCRIPTION": "NOT PROVIDED", "COORDINATE_ACQUISITION_CODE": "H", "WELL_STATUS": "New", "WELL_CLASS": "Water Supply", "WELL_SUBCLASS": "Not Applicable", "INTENDED_WATER_USE": "Private Domestic", "WELL_DETAILS_URL": "https://apps.nrs.gov.bc.ca/gwells/well/116514", "LICENCE_STATUS": "Licensed", "AQUIFER_ID": 451, "PERSON_RESPONSIBLE": " ", "COMPANY_OF_PERSON_RESPONSIBLE": "Jacob's Water Wells", "FINISHED_WELL_DEPTH": 175, "TOTAL_DEPTH_DRILLED": 175, "BEDROCK_DEPTH": 135, "YIELD": 75, "YIELD_ESTIMATION_DURATION": 7, "ARTESIAN_COND": "N", "ARTESIAN_FLOW": null, "ARTESIAN_PRESSURE": null, "STATIC_WATER_LEVEL": 138.2, "DIAMETER": 6, "FINAL_CASING_STICK_UP": 30, "GROUND_ELEVATION": 2385, "GROUND_ELEVATION_METHOD": "GPS", "SURFACE_SEAL_DEPTH": 27, "SURFACE_SEAL_THICKNESS": 1, "SURFACE_SEAL_METHOD": "POURED", "SCREEN_INTAKE_METHOD": "SCREEN", "WATER_SUPPLY_SYSTEM_NAME": null, "WATER_SUPPLY_SYSTEM_WELL_NAME": null, "CONSTRUCTION_START_DATE": "2017-10-05Z", "CONSTRUCTION_END_DATE": "2017-10-14Z", "ALTERATION_START_DATE": null, "ALTERATION_END_DATE": null, "DECOMMISSION_START_DATE": null, "DECOMMISSION_END_DATE": null, "DECOMMISSION_REASON": null, "OBSERVATION_WELL_NUMBER": null, "OBSERVATION_WELL_STATUS": null, "EMS_ID": null, "AQUIFER_MATERIAL": "Unknown", "OBJECTID": 122573167, "SE_ANNO_CAD_DATA": null}}, {"type": "Feature", "id": "WHSE_WATER_MANAGEMENT.GW_WATER_WELLS_WRBC_SVW.fid-29e471e6_19f63eee063_20ae", "geometry": {"type": "Point", "coordinates": [-120.976335, 56.371851]}, "geometry_name": "GEOMETRY", "properties": {"GW_WW_SYSID": 44164, "WELL_TAG_NUMBER": 44261, "IDENTIFICATION_PLATE_NUMBER": null, "STREET_ADDRESS": " ", "CITY": "CHARLIE LAKE", "LEGAL_LOT": " ", "LEGAL_PLAN": " ", "LEGAL_DISTRICT_LOT": " ", "LEGAL_PID": null, "WELL_LOCATION_DESCRIPTION": " ", "COORDINATE_ACQUISITION_CODE": "E", "WELL_STATUS": "New", "WELL_CLASS": "Unknown", "WELL_SUBCLASS": null, "INTENDED_WATER_USE": "Unknown Well Use", "WELL_DETAILS_URL": "https://apps.nrs.gov.bc.ca/gwells/well/44261", "LICENCE_STATUS": "Unlicensed", "AQUIFER_ID": 1271, "PERSON_RESPONSIBLE": " ", "COMPANY_OF_PERSON_RESPONSIBLE": "Ross, Mylo", "FINISHED_WELL_DEPTH": 120, "TOTAL_DEPTH_DRILLED": null, "BEDROCK_DEPTH": 98, "YIELD": 8, "YIELD_ESTIMATION_DURATION": null, "ARTESIAN_COND": "N", "ARTESIAN_FLOW": null, "ARTESIAN_PRESSURE": null, "STATIC_WATER_LEVEL": 98, "DIAMETER": null, "FINAL_CASING_STICK_UP": null, "GROUND_ELEVATION": null, "GROUND_ELEVATION_METHOD": "UNKNOWN", "SURFACE_SEAL_DEPTH": null, "SURFACE_SEAL_THICKNESS": null, "SURFACE_SEAL_METHOD": null, "SCREEN_INTAKE_METHOD": null, "WATER_SUPPLY_SYSTEM_NAME": null, "WATER_SUPPLY_SYSTEM_WELL_NAME": null, "CONSTRUCTION_START_DATE": "1980-01-01Z", "CONSTRUCTION_END_DATE": "1980-01-01Z", "ALTERATION_START_DATE": null, "ALTERATION_END_DATE": null, "DECOMMISSION_START_DATE": null, "DECOMMISSION_END_DATE": null, "DECOMMISSION_REASON": null, "OBSERVATION_WELL_NUMBER": null, "OBSERVATION_WELL_STATUS": null, "EMS_ID": null, "AQUIFER_MATERIAL": "Bedrock", "OBJECTID": 122505514, "SE_ANNO_CAD_DATA": null}}, {"type": "Feature", "id": "WHSE_WATER_MANAGEMENT.GW_WATER_WELLS_WRBC_SVW.fid-29e471e6_19f63eee063_20af", "geometry": {"type": "Point", "coordinates": [-120.98413, 56.37244]}, "geometry_name": "GEOMETRY", "properties": {"GW_WW_SYSID": 79769, "WELL_TAG_NUMBER": 83246, "IDENTIFICATION_PLATE_NUMBER": null, "STREET_ADDRESS": null, "CITY": null, "LEGAL_LOT": null, "LEGAL_PLAN": null, "LEGAL_DISTRICT_LOT": null, "LEGAL_PID": null, "WELL_LOCATION_DESCRIPTION": null, "COORDINATE_ACQUISITION_CODE": "J", "WELL_STATUS": "New", "WELL_CLASS": "Water Supply", "WELL_SUBCLASS": "Not Applicable", "INTENDED_WATER_USE": "Private Domestic", "WELL_DETAILS_URL": "https://apps.nrs.gov.bc.ca/gwells/well/83246", "LICENCE_STATUS": "Unlicensed", "AQUIFER_ID": null, "PERSON_RESPONSIBLE": " ", "COMPANY_OF_PERSON_RESPONSIBLE": "Jacob's Water Wells", "FINISHED_WELL_DEPTH": 120, "TOTAL_DEPTH_DRILLED": 120, "BEDROCK_DEPTH": 22, "YIELD": 20, "YIELD_ESTIMATION_DURATION": null, "ARTESIAN_COND": "N", "ARTESIAN_FLOW": null, "ARTESIAN_PRESSURE": null, "STATIC_WATER_LEVEL": null, "DIAMETER": null, "FINAL_CASING_STICK_UP": null, "GROUND_ELEVATION": null, "GROUND_ELEVATION_METHOD": "UNKNOWN", "SURFACE_SEAL_DEPTH": null, "SURFACE_SEAL_THICKNESS": null, "SURFACE_SEAL_METHOD": null, "SCREEN_INTAKE_METHOD": null, "WATER_SUPPLY_SYSTEM_NAME": null, "WATER_SUPPLY_SYSTEM_WELL_NAME": null, "CONSTRUCTION_START_DATE": "2004-07-26Z", "CONSTRUCTION_END_DATE": "2004-07-26Z", "ALTERATION_START_DATE": null, "ALTERATION_END_DATE": null, "DECOMMISSION_START_DATE": null, "DECOMMISSION_END_DATE": null, "DECOMMISSION_REASON": null, "OBSERVATION_WELL_NUMBER": null, "OBSERVATION_WELL_STATUS": null, "EMS_ID": null, "AQUIFER_MATERIAL": "Bedrock", "OBJECTID": 122541119, "SE_ANNO_CAD_DATA": null}}, {"type": "Feature", "id": "WHSE_WATER_MANAGEMENT.GW_WATER_WELLS_WRBC_SVW.fid-29e471e6_19f63eee063_20b0", "geometry": {"type": "Point", "coordinates": [-120.983648, 56.3827]}, "geometry_name": "GEOMETRY", "properties": {"GW_WW_SYSID": 98355, "WELL_TAG_NUMBER": 102479, "IDENTIFICATION_PLATE_NUMBER": 22096, "STREET_ADDRESS": "14466 275 FOSTER NORTH", "CITY": "MONTNEY", "LEGAL_LOT": null, "LEGAL_PLAN": null, "LEGAL_DISTRICT_LOT": null, "LEGAL_PID": 18779611, "WELL_LOCATION_DESCRIPTION": "NOT PROVIDED", "COORDINATE_ACQUISITION_CODE": "H", "WELL_STATUS": "New", "WELL_CLASS": "Water Supply", "WELL_SUBCLASS": "Not Applicable", "INTENDED_WATER_USE": "Private Domestic", "WELL_DETAILS_URL": "https://apps.nrs.gov.bc.ca/gwells/well/102479", "LICENCE_STATUS": "Unlicensed", "AQUIFER_ID": 451, "PERSON_RESPONSIBLE": " ", "COMPANY_OF_PERSON_RESPONSIBLE": "Jacob's Water Wells", "FINISHED_WELL_DEPTH": 95, "TOTAL_DEPTH_DRILLED": 95, "BEDROCK_DEPTH": 57, "YIELD": 75, "YIELD_ESTIMATION_DURATION": 0.5, "ARTESIAN_COND": "N", "ARTESIAN_FLOW": null, "ARTESIAN_PRESSURE": null, "STATIC_WATER_LEVEL": 57.5, "DIAMETER": 6, "FINAL_CASING_STICK_UP": 30, "GROUND_ELEVATION": 2550, "GROUND_ELEVATION_METHOD": "GPS", "SURFACE_SEAL_DEPTH": 30, "SURFACE_SEAL_THICKNESS": 1, "SURFACE_SEAL_METHOD": "POURED", "SCREEN_INTAKE_METHOD": "SCREEN", "WATER_SUPPLY_SYSTEM_NAME": null, "WATER_SUPPLY_SYSTEM_WELL_NAME": null, "CONSTRUCTION_START_DATE": "2010-06-07Z", "CONSTRUCTION_END_DATE": "2010-06-10Z", "ALTERATION_START_DATE": null, "ALTERATION_END_DATE": null, "DECOMMISSION_START_DATE": null, "DECOMMISSION_END_DATE": null, "DECOMMISSION_REASON": null, "OBSERVATION_WELL_NUMBER": null, "OBSERVATION_WELL_STATUS": null, "EMS_ID": null, "AQUIFER_MATERIAL": "Bedrock", "OBJECTID": 122559705, "SE_ANNO_CAD_DATA": null}}, {"type": "Feature", "id": "WHSE_WATER_MANAGEMENT.GW_WATER_WELLS_WRBC_SVW.fid-29e471e6_19f63eee063_20b1", "geometry": {"type": "Point", "coordinates": [-121.01541, 56.40519]}, "geometry_name": "GEOMETRY", "properties": {"GW_WW_SYSID": 98430, "WELL_TAG_NUMBER": 102555, "IDENTIFICATION_PLATE_NUMBER": null, "STREET_ADDRESS": null, "CITY": "Montney", "LEGAL_LOT": null, "LEGAL_PLAN": null, "LEGAL_DISTRICT_LOT": null, "LEGAL_PID": null, "WELL_LOCATION_DESCRIPTION": "NE 1/4", "COORDINATE_ACQUISITION_CODE": "A", "WELL_STATUS": "New", "WELL_CLASS": "Water Supply", "WELL_SUBCLASS": "Not Applicable", "INTENDED_WATER_USE": "Other", "WELL_DETAILS_URL": "https://apps.nrs.gov.bc.ca/gwells/well/102555", "LICENCE_STATUS": "Unlicensed", "AQUIFER_ID": 1271, "PERSON_RESPONSIBLE": " ", "COMPANY_OF_PERSON_RESPONSIBLE": null, "FINISHED_WELL_DEPTH": 61, "TOTAL_DEPTH_DRILLED": 61, "BEDROCK_DEPTH": 42, "YIELD": 8, "YIELD_ESTIMATION_DURATION": null, "ARTESIAN_COND": "N", "ARTESIAN_FLOW": null, "ARTESIAN_PRESSURE": null, "STATIC_WATER_LEVEL": 29, "DIAMETER": null, "FINAL_CASING_STICK_UP": null, "GROUND_ELEVATION": null, "GROUND_ELEVATION_METHOD": "UNKNOWN", "SURFACE_SEAL_DEPTH": null, "SURFACE_SEAL_THICKNESS": null, "SURFACE_SEAL_METHOD": null, "SCREEN_INTAKE_METHOD": null, "WATER_SUPPLY_SYSTEM_NAME": null, "WATER_SUPPLY_SYSTEM_WELL_NAME": null, "CONSTRUCTION_START_DATE": "1998-10-01Z", "CONSTRUCTION_END_DATE": "1998-10-01Z", "ALTERATION_START_DATE": null, "ALTERATION_END_DATE": null, "DECOMMISSION_START_DATE": null, "DECOMMISSION_END_DATE": null, "DECOMMISSION_REASON": null, "OBSERVATION_WELL_NUMBER": null, "OBSERVATION_WELL_STATUS": null, "EMS_ID": null, "AQUIFER_MATERIAL": "Unknown", "OBJECTID": 122559780, "SE_ANNO_CAD_DATA": null}}, {"type": "Feature", "id": "WHSE_WATER_MANAGEMENT.GW_WATER_WELLS_WRBC_SVW.fid-29e471e6_19f63eee063_20b2", "geometry": {"type": "Point", "coordinates": [-120.896497, 56.407448]}, "geometry_name": "GEOMETRY", "properties": {"GW_WW_SYSID": 13901, "WELL_TAG_NUMBER": 13923, "IDENTIFICATION_PLATE_NUMBER": null, "STREET_ADDRESS": " ", "CITY": "MONTNEY", "LEGAL_LOT": " ", "LEGAL_PLAN": " ", "LEGAL_DISTRICT_LOT": " ", "LEGAL_PID": null, "WELL_LOCATION_DESCRIPTION": " ", "COORDINATE_ACQUISITION_CODE": "E", "WELL_STATUS": "New", "WELL_CLASS": "Water Supply", "WELL_SUBCLASS": null, "INTENDED_WATER_USE": "Private Domestic", "WELL_DETAILS_URL": "https://apps.nrs.gov.bc.ca/gwells/well/13923", "LICENCE_STATUS": "Unlicensed", "AQUIFER_ID": null, "PERSON_RESPONSIBLE": " ", "COMPANY_OF_PERSON_RESPONSIBLE": "Cliff Baker Drilling", "FINISHED_WELL_DEPTH": 260, "TOTAL_DEPTH_DRILLED": null, "BEDROCK_DEPTH": null, "YIELD": null, "YIELD_ESTIMATION_DURATION": null, "ARTESIAN_COND": "N", "ARTESIAN_FLOW": null, "ARTESIAN_PRESSURE": null, "STATIC_WATER_LEVEL": 70, "DIAMETER": 4.5, "FINAL_CASING_STICK_UP": null, "GROUND_ELEVATION": null, "GROUND_ELEVATION_METHOD": "UNKNOWN", "SURFACE_SEAL_DEPTH": null, "SURFACE_SEAL_THICKNESS": null, "SURFACE_SEAL_METHOD": null, "SCREEN_INTAKE_METHOD": null, "WATER_SUPPLY_SYSTEM_NAME": null, "WATER_SUPPLY_SYSTEM_WELL_NAME": null, "CONSTRUCTION_START_DATE": "1953-01-01Z", "CONSTRUCTION_END_DATE": "1953-01-01Z", "ALTERATION_START_DATE": null, "ALTERATION_END_DATE": null, "DECOMMISSION_START_DATE": null, "DECOMMISSION_END_DATE": null, "DECOMMISSION_REASON": null, "OBSERVATION_WELL_NUMBER": null, "OBSERVATION_WELL_STATUS": null, "EMS_ID": null, "AQUIFER_MATERIAL": "Unconsolidated", "OBJECTID": 122475251, "SE_ANNO_CAD_DATA": null}}, {"type": "Feature", "id": "WHSE_WATER_MANAGEMENT.GW_WATER_WELLS_WRBC_SVW.fid-29e471e6_19f63eee063_20b3", "geometry": {"type": "Point", "coordinates": [-120.896897, 56.409018]}, "geometry_name": "GEOMETRY", "properties": {"GW_WW_SYSID": 98619, "WELL_TAG_NUMBER": 102747, "IDENTIFICATION_PLATE_NUMBER": null, "STREET_ADDRESS": " ", "CITY": " ", "LEGAL_LOT": " ", "LEGAL_PLAN": " ", "LEGAL_DISTRICT_LOT": " ", "LEGAL_PID": 9335889, "WELL_LOCATION_DESCRIPTION": "W6.", "COORDINATE_ACQUISITION_CODE": "J", "WELL_STATUS": "New", "WELL_CLASS": "Water Supply", "WELL_SUBCLASS": "Not Applicable", "INTENDED_WATER_USE": "Private Domestic", "WELL_DETAILS_URL": "https://apps.nrs.gov.bc.ca/gwells/well/102747", "LICENCE_STATUS": "Unlicensed", "AQUIFER_ID": 1270, "PERSON_RESPONSIBLE": " ", "COMPANY_OF_PERSON_RESPONSIBLE": "Anderson Water Wells", "FINISHED_WELL_DEPTH": 360, "TOTAL_DEPTH_DRILLED": 360, "BEDROCK_DEPTH": 330, "YIELD": 20, "YIELD_ESTIMATION_DURATION": null, "ARTESIAN_COND": "N", "ARTESIAN_FLOW": null, "ARTESIAN_PRESSURE": null, "STATIC_WATER_LEVEL": 92, "DIAMETER": 6.13, "FINAL_CASING_STICK_UP": 24, "GROUND_ELEVATION": null, "GROUND_ELEVATION_METHOD": "UNKNOWN", "SURFACE_SEAL_DEPTH": null, "SURFACE_SEAL_THICKNESS": null, "SURFACE_SEAL_METHOD": null, "SCREEN_INTAKE_METHOD": null, "WATER_SUPPLY_SYSTEM_NAME": null, "WATER_SUPPLY_SYSTEM_WELL_NAME": null, "CONSTRUCTION_START_DATE": "1999-02-10Z", "CONSTRUCTION_END_DATE": "1999-02-10Z", "ALTERATION_START_DATE": null, "ALTERATION_END_DATE": null, "DECOMMISSION_START_DATE": null, "DECOMMISSION_END_DATE": null, "DECOMMISSION_REASON": null, "OBSERVATION_WELL_NUMBER": null, "OBSERVATION_WELL_STATUS": null, "EMS_ID": null, "AQUIFER_MATERIAL": "Bedrock", "OBJECTID": 122559969, "SE_ANNO_CAD_DATA": null}}, {"type": "Feature", "id": "WHSE_WATER_MANAGEMENT.GW_WATER_WELLS_WRBC_SVW.fid-29e471e6_19f63eee063_20b4", "geometry": {"type": "Point", "coordinates": [-121.01354, 56.41922]}, "geometry_name": "GEOMETRY", "properties": {"GW_WW_SYSID": 59710, "WELL_TAG_NUMBER": 59877, "IDENTIFICATION_PLATE_NUMBER": null, "STREET_ADDRESS": null, "CITY": "MONTNEY", "LEGAL_LOT": null, "LEGAL_PLAN": null, "LEGAL_DISTRICT_LOT": null, "LEGAL_PID": 14633337, "WELL_LOCATION_DESCRIPTION": null, "COORDINATE_ACQUISITION_CODE": "J", "WELL_STATUS": "New", "WELL_CLASS": "Water Supply", "WELL_SUBCLASS": "Not Applicable", "INTENDED_WATER_USE": "Private Domestic", "WELL_DETAILS_URL": "https://apps.nrs.gov.bc.ca/gwells/well/59877", "LICENCE_STATUS": "Unlicensed", "AQUIFER_ID": 451, "PERSON_RESPONSIBLE": " ", "COMPANY_OF_PERSON_RESPONSIBLE": "Anderson Air Drilling", "FINISHED_WELL_DEPTH": 116, "TOTAL_DEPTH_DRILLED": null, "BEDROCK_DEPTH": 63, "YIELD": 12, "YIELD_ESTIMATION_DURATION": null, "ARTESIAN_COND": "N", "ARTESIAN_FLOW": null, "ARTESIAN_PRESSURE": null, "STATIC_WATER_LEVEL": null, "DIAMETER": 4.5, "FINAL_CASING_STICK_UP": 24, "GROUND_ELEVATION": null, "GROUND_ELEVATION_METHOD": "UNKNOWN", "SURFACE_SEAL_DEPTH": null, "SURFACE_SEAL_THICKNESS": null, "SURFACE_SEAL_METHOD": null, "SCREEN_INTAKE_METHOD": "SCREEN", "WATER_SUPPLY_SYSTEM_NAME": null, "WATER_SUPPLY_SYSTEM_WELL_NAME": null, "CONSTRUCTION_START_DATE": "1991-10-24Z", "CONSTRUCTION_END_DATE": "1991-10-24Z", "ALTERATION_START_DATE": null, "ALTERATION_END_DATE": null, "DECOMMISSION_START_DATE": null, "DECOMMISSION_END_DATE": null, "DECOMMISSION_REASON": null, "OBSERVATION_WELL_NUMBER": null, "OBSERVATION_WELL_STATUS": null, "EMS_ID": null, "AQUIFER_MATERIAL": "Bedrock", "OBJECTID": 122521060, "SE_ANNO_CAD_DATA": null}}, {"type": "Feature", "id": "WHSE_WATER_MANAGEMENT.GW_WATER_WELLS_WRBC_SVW.fid-29e471e6_19f63eee063_20b5", "geometry": {"type": "Point", "coordinates": [-120.953467, 56.418709]}, "geometry_name": "GEOMETRY", "properties": {"GW_WW_SYSID": 17792, "WELL_TAG_NUMBER": 17822, "IDENTIFICATION_PLATE_NUMBER": null, "STREET_ADDRESS": " ", "CITY": " ", "LEGAL_LOT": " ", "LEGAL_PLAN": " ", "LEGAL_DISTRICT_LOT": " ", "LEGAL_PID": null, "WELL_LOCATION_DESCRIPTION": " ", "COORDINATE_ACQUISITION_CODE": "E", "WELL_STATUS": "New", "WELL_CLASS": "Water Supply", "WELL_SUBCLASS": null, "INTENDED_WATER_USE": "Private Domestic", "WELL_DETAILS_URL": "https://apps.nrs.gov.bc.ca/gwells/well/17822", "LICENCE_STATUS": "Unlicensed", "AQUIFER_ID": 1270, "PERSON_RESPONSIBLE": " ", "COMPANY_OF_PERSON_RESPONSIBLE": "Cliff Baker Drilling", "FINISHED_WELL_DEPTH": 70, "TOTAL_DEPTH_DRILLED": null, "BEDROCK_DEPTH": 50, "YIELD": 0, "YIELD_ESTIMATION_DURATION": null, "ARTESIAN_COND": "N", "ARTESIAN_FLOW": null, "ARTESIAN_PRESSURE": null, "STATIC_WATER_LEVEL": 40, "DIAMETER": null, "FINAL_CASING_STICK_UP": null, "GROUND_ELEVATION": null, "GROUND_ELEVATION_METHOD": "UNKNOWN", "SURFACE_SEAL_DEPTH": null, "SURFACE_SEAL_THICKNESS": null, "SURFACE_SEAL_METHOD": null, "SCREEN_INTAKE_METHOD": null, "WATER_SUPPLY_SYSTEM_NAME": null, "WATER_SUPPLY_SYSTEM_WELL_NAME": null, "CONSTRUCTION_START_DATE": "1963-01-01Z", "CONSTRUCTION_END_DATE": "1963-01-01Z", "ALTERATION_START_DATE": null, "ALTERATION_END_DATE": null, "DECOMMISSION_START_DATE": null, "DECOMMISSION_END_DATE": null, "DECOMMISSION_REASON": null, "OBSERVATION_WELL_NUMBER": null, "OBSERVATION_WELL_STATUS": null, "EMS_ID": null, "AQUIFER_MATERIAL": "Bedrock", "OBJECTID": 122479142, "SE_ANNO_CAD_DATA": null}}, {"type": "Feature", "id": "WHSE_WATER_MANAGEMENT.GW_WATER_WELLS_WRBC_SVW.fid-29e471e6_19f63eee063_20b6", "geometry": {"type": "Point", "coordinates": [-120.931386, 56.419268]}, "geometry_name": "GEOMETRY", "properties": {"GW_WW_SYSID": 15298, "WELL_TAG_NUMBER": 15325, "IDENTIFICATION_PLATE_NUMBER": null, "STREET_ADDRESS": " ", "CITY": " ", "LEGAL_LOT": " ", "LEGAL_PLAN": " ", "LEGAL_DISTRICT_LOT": " ", "LEGAL_PID": null, "WELL_LOCATION_DESCRIPTION": "West of Barn", "COORDINATE_ACQUISITION_CODE": "E", "WELL_STATUS": "Abandoned", "WELL_CLASS": "Water Supply", "WELL_SUBCLASS": null, "INTENDED_WATER_USE": "Private Domestic", "WELL_DETAILS_URL": "https://apps.nrs.gov.bc.ca/gwells/well/15325", "LICENCE_STATUS": "Unlicensed", "AQUIFER_ID": 1270, "PERSON_RESPONSIBLE": " ", "COMPANY_OF_PERSON_RESPONSIBLE": "Cliff Baker Drilling", "FINISHED_WELL_DEPTH": 215, "TOTAL_DEPTH_DRILLED": null, "BEDROCK_DEPTH": 135, "YIELD": 0, "YIELD_ESTIMATION_DURATION": null, "ARTESIAN_COND": "N", "ARTESIAN_FLOW": null, "ARTESIAN_PRESSURE": null, "STATIC_WATER_LEVEL": 90, "DIAMETER": null, "FINAL_CASING_STICK_UP": null, "GROUND_ELEVATION": null, "GROUND_ELEVATION_METHOD": "UNKNOWN", "SURFACE_SEAL_DEPTH": null, "SURFACE_SEAL_THICKNESS": null, "SURFACE_SEAL_METHOD": null, "SCREEN_INTAKE_METHOD": null, "WATER_SUPPLY_SYSTEM_NAME": null, "WATER_SUPPLY_SYSTEM_WELL_NAME": null, "CONSTRUCTION_START_DATE": "1958-01-01Z", "CONSTRUCTION_END_DATE": "1958-01-01Z", "ALTERATION_START_DATE": null, "ALTERATION_END_DATE": null, "DECOMMISSION_START_DATE": null, "DECOMMISSION_END_DATE": null, "DECOMMISSION_REASON": null, "OBSERVATION_WELL_NUMBER": null, "OBSERVATION_WELL_STATUS": null, "EMS_ID": null, "AQUIFER_MATERIAL": "Bedrock", "OBJECTID": 122476648, "SE_ANNO_CAD_DATA": null}}, {"type": "Feature", "id": "WHSE_WATER_MANAGEMENT.GW_WATER_WELLS_WRBC_SVW.fid-29e471e6_19f63eee063_20b7", "geometry": {"type": "Point", "coordinates": [-120.98358, 56.421386]}, "geometry_name": "GEOMETRY", "properties": {"GW_WW_SYSID": 87713, "WELL_TAG_NUMBER": 91553, "IDENTIFICATION_PLATE_NUMBER": 22012, "STREET_ADDRESS": "254 ROAD", "CITY": "MONTNEY", "LEGAL_LOT": " ", "LEGAL_PLAN": " ", "LEGAL_DISTRICT_LOT": " ", "LEGAL_PID": 760010805, "WELL_LOCATION_DESCRIPTION": "S.E. 1/4", "COORDINATE_ACQUISITION_CODE": "H", "WELL_STATUS": "New", "WELL_CLASS": "Water Supply", "WELL_SUBCLASS": "Not Applicable", "INTENDED_WATER_USE": "Private Domestic", "WELL_DETAILS_URL": "https://apps.nrs.gov.bc.ca/gwells/well/91553", "LICENCE_STATUS": "Unlicensed", "AQUIFER_ID": 1270, "PERSON_RESPONSIBLE": " ", "COMPANY_OF_PERSON_RESPONSIBLE": "Jacob's Water Wells", "FINISHED_WELL_DEPTH": 252, "TOTAL_DEPTH_DRILLED": 252, "BEDROCK_DEPTH": 201, "YIELD": 3, "YIELD_ESTIMATION_DURATION": 1, "ARTESIAN_COND": "N", "ARTESIAN_FLOW": null, "ARTESIAN_PRESSURE": null, "STATIC_WATER_LEVEL": 128, "DIAMETER": 6, "FINAL_CASING_STICK_UP": 24, "GROUND_ELEVATION": 2540, "GROUND_ELEVATION_METHOD": "GPS", "SURFACE_SEAL_DEPTH": 40, "SURFACE_SEAL_THICKNESS": 1, "SURFACE_SEAL_METHOD": "POURED", "SCREEN_INTAKE_METHOD": null, "WATER_SUPPLY_SYSTEM_NAME": null, "WATER_SUPPLY_SYSTEM_WELL_NAME": null, "CONSTRUCTION_START_DATE": "2007-11-23Z", "CONSTRUCTION_END_DATE": "2007-12-26Z", "ALTERATION_START_DATE": null, "ALTERATION_END_DATE": null, "DECOMMISSION_START_DATE": null, "DECOMMISSION_END_DATE": null, "DECOMMISSION_REASON": null, "OBSERVATION_WELL_NUMBER": null, "OBSERVATION_WELL_STATUS": null, "EMS_ID": null, "AQUIFER_MATERIAL": "Bedrock", "OBJECTID": 122549063, "SE_ANNO_CAD_DATA": null}}, {"type": "Feature", "id": "WHSE_WATER_MANAGEMENT.GW_WATER_WELLS_WRBC_SVW.fid-29e471e6_19f63eee063_20b8", "geometry": {"type": "Point", "coordinates": [-120.967846, 56.421488]}, "geometry_name": "GEOMETRY", "properties": {"GW_WW_SYSID": 14381, "WELL_TAG_NUMBER": 14405, "IDENTIFICATION_PLATE_NUMBER": null, "STREET_ADDRESS": " ", "CITY": " ", "LEGAL_LOT": " ", "LEGAL_PLAN": " ", "LEGAL_DISTRICT_LOT": " ", "LEGAL_PID": null, "WELL_LOCATION_DESCRIPTION": " ", "COORDINATE_ACQUISITION_CODE": "E", "WELL_STATUS": "New", "WELL_CLASS": "Water Supply", "WELL_SUBCLASS": null, "INTENDED_WATER_USE": "Private Domestic", "WELL_DETAILS_URL": "https://apps.nrs.gov.bc.ca/gwells/well/14405", "LICENCE_STATUS": "Unlicensed", "AQUIFER_ID": null, "PERSON_RESPONSIBLE": " ", "COMPANY_OF_PERSON_RESPONSIBLE": "Cliff Baker Drilling", "FINISHED_WELL_DEPTH": 196, "TOTAL_DEPTH_DRILLED": null, "BEDROCK_DEPTH": null, "YIELD": 0, "YIELD_ESTIMATION_DURATION": null, "ARTESIAN_COND": "N", "ARTESIAN_FLOW": null, "ARTESIAN_PRESSURE": null, "STATIC_WATER_LEVEL": 30, "DIAMETER": null, "FINAL_CASING_STICK_UP": null, "GROUND_ELEVATION": null, "GROUND_ELEVATION_METHOD": "UNKNOWN", "SURFACE_SEAL_DEPTH": null, "SURFACE_SEAL_THICKNESS": null, "SURFACE_SEAL_METHOD": null, "SCREEN_INTAKE_METHOD": null, "WATER_SUPPLY_SYSTEM_NAME": null, "WATER_SUPPLY_SYSTEM_WELL_NAME": null, "CONSTRUCTION_START_DATE": "1955-01-01Z", "CONSTRUCTION_END_DATE": "1955-01-01Z", "ALTERATION_START_DATE": null, "ALTERATION_END_DATE": null, "DECOMMISSION_START_DATE": null, "DECOMMISSION_END_DATE": null, "DECOMMISSION_REASON": null, "OBSERVATION_WELL_NUMBER": null, "OBSERVATION_WELL_STATUS": null, "EMS_ID": null, "AQUIFER_MATERIAL": "Unconsolidated", "OBJECTID": 122475731, "SE_ANNO_CAD_DATA": null}}, {"type": "Feature", "id": "WHSE_WATER_MANAGEMENT.GW_WATER_WELLS_WRBC_SVW.fid-29e471e6_19f63eee063_20b9", "geometry": {"type": "Point", "coordinates": [-120.949727, 56.421011]}, "geometry_name": "GEOMETRY", "properties": {"GW_WW_SYSID": 94333, "WELL_TAG_NUMBER": 98355, "IDENTIFICATION_PLATE_NUMBER": 22016, "STREET_ADDRESS": "14043 254 ROAD", "CITY": "MONTNEY", "LEGAL_LOT": " ", "LEGAL_PLAN": " ", "LEGAL_DISTRICT_LOT": " ", "LEGAL_PID": null, "WELL_LOCATION_DESCRIPTION": "NOT PROVIDED", "COORDINATE_ACQUISITION_CODE": "G", "WELL_STATUS": "New", "WELL_CLASS": "Water Supply", "WELL_SUBCLASS": "Not Applicable", "INTENDED_WATER_USE": "Private Domestic", "WELL_DETAILS_URL": "https://apps.nrs.gov.bc.ca/gwells/well/98355", "LICENCE_STATUS": "Unlicensed", "AQUIFER_ID": 1270, "PERSON_RESPONSIBLE": " ", "COMPANY_OF_PERSON_RESPONSIBLE": "Jacob's Water Wells", "FINISHED_WELL_DEPTH": 110, "TOTAL_DEPTH_DRILLED": 120, "BEDROCK_DEPTH": null, "YIELD": 4, "YIELD_ESTIMATION_DURATION": 0.5, "ARTESIAN_COND": "N", "ARTESIAN_FLOW": null, "ARTESIAN_PRESSURE": null, "STATIC_WATER_LEVEL": 80, "DIAMETER": 6, "FINAL_CASING_STICK_UP": 28, "GROUND_ELEVATION": 2720, "GROUND_ELEVATION_METHOD": "GPS", "SURFACE_SEAL_DEPTH": 25, "SURFACE_SEAL_THICKNESS": 1, "SURFACE_SEAL_METHOD": "POURED", "SCREEN_INTAKE_METHOD": null, "WATER_SUPPLY_SYSTEM_NAME": null, "WATER_SUPPLY_SYSTEM_WELL_NAME": null, "CONSTRUCTION_START_DATE": "2008-05-22Z", "CONSTRUCTION_END_DATE": "2008-05-30Z", "ALTERATION_START_DATE": null, "ALTERATION_END_DATE": null, "DECOMMISSION_START_DATE": null, "DECOMMISSION_END_DATE": null, "DECOMMISSION_REASON": null, "OBSERVATION_WELL_NUMBER": null, "OBSERVATION_WELL_STATUS": null, "EMS_ID": null, "AQUIFER_MATERIAL": "Unknown", "OBJECTID": 122555683, "SE_ANNO_CAD_DATA": null}}, {"type": "Feature", "id": "WHSE_WATER_MANAGEMENT.GW_WATER_WELLS_WRBC_SVW.fid-29e471e6_19f63eee063_20ba", "geometry": {"type": "Point", "coordinates": [-120.98088, 56.42894]}, "geometry_name": "GEOMETRY", "properties": {"GW_WW_SYSID": 98432, "WELL_TAG_NUMBER": 102557, "IDENTIFICATION_PLATE_NUMBER": null, "STREET_ADDRESS": "NORTH PINE FAIR GROUNDS, 15102 275 Road", "CITY": "Montney", "LEGAL_LOT": "1", "LEGAL_PLAN": "31310", "LEGAL_DISTRICT_LOT": null, "LEGAL_PID": null, "WELL_LOCATION_DESCRIPTION": "NE 1/4", "COORDINATE_ACQUISITION_CODE": "J", "WELL_STATUS": "New", "WELL_CLASS": "Water Supply", "WELL_SUBCLASS": "Not Applicable", "INTENDED_WATER_USE": "Unknown Well Use", "WELL_DETAILS_URL": "https://apps.nrs.gov.bc.ca/gwells/well/102557", "LICENCE_STATUS": "Unlicensed", "AQUIFER_ID": 1270, "PERSON_RESPONSIBLE": " ", "COMPANY_OF_PERSON_RESPONSIBLE": "Anderson Water Wells", "FINISHED_WELL_DEPTH": 220, "TOTAL_DEPTH_DRILLED": 300, "BEDROCK_DEPTH": 182, "YIELD": 20, "YIELD_ESTIMATION_DURATION": null, "ARTESIAN_COND": "N", "ARTESIAN_FLOW": null, "ARTESIAN_PRESSURE": null, "STATIC_WATER_LEVEL": 280, "DIAMETER": 6, "FINAL_CASING_STICK_UP": null, "GROUND_ELEVATION": null, "GROUND_ELEVATION_METHOD": "UNKNOWN", "SURFACE_SEAL_DEPTH": null, "SURFACE_SEAL_THICKNESS": null, "SURFACE_SEAL_METHOD": null, "SCREEN_INTAKE_METHOD": null, "WATER_SUPPLY_SYSTEM_NAME": null, "WATER_SUPPLY_SYSTEM_WELL_NAME": null, "CONSTRUCTION_START_DATE": "2002-06-26Z", "CONSTRUCTION_END_DATE": "2002-06-26Z", "ALTERATION_START_DATE": null, "ALTERATION_END_DATE": null, "DECOMMISSION_START_DATE": null, "DECOMMISSION_END_DATE": null, "DECOMMISSION_REASON": null, "OBSERVATION_WELL_NUMBER": null, "OBSERVATION_WELL_STATUS": null, "EMS_ID": null, "AQUIFER_MATERIAL": "Unknown", "OBJECTID": 122559782, "SE_ANNO_CAD_DATA": null}}, {"type": "Feature", "id": "WHSE_WATER_MANAGEMENT.GW_WATER_WELLS_WRBC_SVW.fid-29e471e6_19f63eee063_20bb", "geometry": {"type": "Point", "coordinates": [-120.951145, 56.435646]}, "geometry_name": "GEOMETRY", "properties": {"GW_WW_SYSID": 43141, "WELL_TAG_NUMBER": 43235, "IDENTIFICATION_PLATE_NUMBER": null, "STREET_ADDRESS": " ", "CITY": "MONTENY", "LEGAL_LOT": " ", "LEGAL_PLAN": " ", "LEGAL_DISTRICT_LOT": " ", "LEGAL_PID": null, "WELL_LOCATION_DESCRIPTION": " ", "COORDINATE_ACQUISITION_CODE": "E", "WELL_STATUS": "New", "WELL_CLASS": "Unknown", "WELL_SUBCLASS": null, "INTENDED_WATER_USE": "Unknown Well Use", "WELL_DETAILS_URL": "https://apps.nrs.gov.bc.ca/gwells/well/43235", "LICENCE_STATUS": "Unlicensed", "AQUIFER_ID": 1270, "PERSON_RESPONSIBLE": " ", "COMPANY_OF_PERSON_RESPONSIBLE": "I . & M.  Drilling", "FINISHED_WELL_DEPTH": 107, "TOTAL_DEPTH_DRILLED": null, "BEDROCK_DEPTH": 66, "YIELD": 1.5, "YIELD_ESTIMATION_DURATION": null, "ARTESIAN_COND": "N", "ARTESIAN_FLOW": null, "ARTESIAN_PRESSURE": null, "STATIC_WATER_LEVEL": null, "DIAMETER": null, "FINAL_CASING_STICK_UP": null, "GROUND_ELEVATION": null, "GROUND_ELEVATION_METHOD": "UNKNOWN", "SURFACE_SEAL_DEPTH": null, "SURFACE_SEAL_THICKNESS": null, "SURFACE_SEAL_METHOD": null, "SCREEN_INTAKE_METHOD": null, "WATER_SUPPLY_SYSTEM_NAME": null, "WATER_SUPPLY_SYSTEM_WELL_NAME": null, "CONSTRUCTION_START_DATE": "1979-08-30Z", "CONSTRUCTION_END_DATE": "1979-08-30Z", "ALTERATION_START_DATE": null, "ALTERATION_END_DATE": null, "DECOMMISSION_START_DATE": null, "DECOMMISSION_END_DATE": null, "DECOMMISSION_REASON": null, "OBSERVATION_WELL_NUMBER": null, "OBSERVATION_WELL_STATUS": null, "EMS_ID": null, "AQUIFER_MATERIAL": "Bedrock", "OBJECTID": 122504491, "SE_ANNO_CAD_DATA": null}}, {"type": "Feature", "id": "WHSE_WATER_MANAGEMENT.GW_WATER_WELLS_WRBC_SVW.fid-29e471e6_19f63eee063_20bc", "geometry": {"type": "Point", "coordinates": [-121.004963, 56.441574]}, "geometry_name": "GEOMETRY", "properties": {"GW_WW_SYSID": 82148, "WELL_TAG_NUMBER": 85771, "IDENTIFICATION_PLATE_NUMBER": 14610, "STREET_ADDRESS": "15261 277 ROAD", "CITY": "MONTNEY", "LEGAL_LOT": " ", "LEGAL_PLAN": "SW 1/4", "LEGAL_DISTRICT_LOT": " ", "LEGAL_PID": null, "WELL_LOCATION_DESCRIPTION": "10' WEST OF TRAILER", "COORDINATE_ACQUISITION_CODE": "H", "WELL_STATUS": "New", "WELL_CLASS": "Water Supply", "WELL_SUBCLASS": "Not Applicable", "INTENDED_WATER_USE": "Water Supply System", "WELL_DETAILS_URL": "https://apps.nrs.gov.bc.ca/gwells/well/85771", "LICENCE_STATUS": "Unlicensed", "AQUIFER_ID": 1270, "PERSON_RESPONSIBLE": " ", "COMPANY_OF_PERSON_RESPONSIBLE": "Jacob's Water Wells", "FINISHED_WELL_DEPTH": 70, "TOTAL_DEPTH_DRILLED": 70, "BEDROCK_DEPTH": 50, "YIELD": 12, "YIELD_ESTIMATION_DURATION": 1, "ARTESIAN_COND": "N", "ARTESIAN_FLOW": null, "ARTESIAN_PRESSURE": null, "STATIC_WATER_LEVEL": 39.5, "DIAMETER": 6, "FINAL_CASING_STICK_UP": 30, "GROUND_ELEVATION": null, "GROUND_ELEVATION_METHOD": "UNKNOWN", "SURFACE_SEAL_DEPTH": 25, "SURFACE_SEAL_THICKNESS": 1, "SURFACE_SEAL_METHOD": null, "SCREEN_INTAKE_METHOD": null, "WATER_SUPPLY_SYSTEM_NAME": null, "WATER_SUPPLY_SYSTEM_WELL_NAME": null, "CONSTRUCTION_START_DATE": "2006-08-22Z", "CONSTRUCTION_END_DATE": "2006-08-24Z", "ALTERATION_START_DATE": null, "ALTERATION_END_DATE": null, "DECOMMISSION_START_DATE": null, "DECOMMISSION_END_DATE": null, "DECOMMISSION_REASON": null, "OBSERVATION_WELL_NUMBER": null, "OBSERVATION_WELL_STATUS": null, "EMS_ID": null, "AQUIFER_MATERIAL": "Bedrock", "OBJECTID": 122543498, "SE_ANNO_CAD_DATA": null}}, {"type": "Feature", "id": "WHSE_WATER_MANAGEMENT.GW_WATER_WELLS_WRBC_SVW.fid-29e471e6_19f63eee063_20bd", "geometry": {"type": "Point", "coordinates": [-120.928473, 56.439134]}, "geometry_name": "GEOMETRY", "properties": {"GW_WW_SYSID": 15755, "WELL_TAG_NUMBER": 15783, "IDENTIFICATION_PLATE_NUMBER": null, "STREET_ADDRESS": " ", "CITY": " ", "LEGAL_LOT": " ", "LEGAL_PLAN": " ", "LEGAL_DISTRICT_LOT": " ", "LEGAL_PID": null, "WELL_LOCATION_DESCRIPTION": " ", "COORDINATE_ACQUISITION_CODE": "E", "WELL_STATUS": "New", "WELL_CLASS": "Water Supply", "WELL_SUBCLASS": null, "INTENDED_WATER_USE": "Private Domestic", "WELL_DETAILS_URL": "https://apps.nrs.gov.bc.ca/gwells/well/15783", "LICENCE_STATUS": "Unlicensed", "AQUIFER_ID": 1270, "PERSON_RESPONSIBLE": " ", "COMPANY_OF_PERSON_RESPONSIBLE": "Cliff Baker Drilling", "FINISHED_WELL_DEPTH": 120, "TOTAL_DEPTH_DRILLED": null, "BEDROCK_DEPTH": 90, "YIELD": 0, "YIELD_ESTIMATION_DURATION": null, "ARTESIAN_COND": "N", "ARTESIAN_FLOW": null, "ARTESIAN_PRESSURE": null, "STATIC_WATER_LEVEL": 60, "DIAMETER": null, "FINAL_CASING_STICK_UP": null, "GROUND_ELEVATION": null, "GROUND_ELEVATION_METHOD": "UNKNOWN", "SURFACE_SEAL_DEPTH": null, "SURFACE_SEAL_THICKNESS": null, "SURFACE_SEAL_METHOD": null, "SCREEN_INTAKE_METHOD": null, "WATER_SUPPLY_SYSTEM_NAME": null, "WATER_SUPPLY_SYSTEM_WELL_NAME": null, "CONSTRUCTION_START_DATE": "1959-01-01Z", "CONSTRUCTION_END_DATE": "1959-01-01Z", "ALTERATION_START_DATE": null, "ALTERATION_END_DATE": null, "DECOMMISSION_START_DATE": null, "DECOMMISSION_END_DATE": null, "DECOMMISSION_REASON": null, "OBSERVATION_WELL_NUMBER": null, "OBSERVATION_WELL_STATUS": null, "EMS_ID": null, "AQUIFER_MATERIAL": "Bedrock", "OBJECTID": 122477105, "SE_ANNO_CAD_DATA": null}}, {"type": "Feature", "id": "WHSE_WATER_MANAGEMENT.GW_WATER_WELLS_WRBC_SVW.fid-29e471e6_19f63eee063_20be", "geometry": {"type": "Point", "coordinates": [-120.97992, 56.44232]}, "geometry_name": "GEOMETRY", "properties": {"GW_WW_SYSID": 106629, "WELL_TAG_NUMBER": 111096, "IDENTIFICATION_PLATE_NUMBER": 48334, "STREET_ADDRESS": "15280 275 Rd", "CITY": "Montney", "LEGAL_LOT": null, "LEGAL_PLAN": null, "LEGAL_DISTRICT_LOT": null, "LEGAL_PID": 14600021, "WELL_LOCATION_DESCRIPTION": "NOT PROVIDED", "COORDINATE_ACQUISITION_CODE": "H", "WELL_STATUS": "Alteration", "WELL_CLASS": "Water Supply", "WELL_SUBCLASS": "Not Applicable", "INTENDED_WATER_USE": "Private Domestic", "WELL_DETAILS_URL": "https://apps.nrs.gov.bc.ca/gwells/well/111096", "LICENCE_STATUS": "Unlicensed", "AQUIFER_ID": null, "PERSON_RESPONSIBLE": "Martin Peters", "COMPANY_OF_PERSON_RESPONSIBLE": "Jacob's Water Wells", "FINISHED_WELL_DEPTH": 438, "TOTAL_DEPTH_DRILLED": 471, "BEDROCK_DEPTH": 39, "YIELD": 2, "YIELD_ESTIMATION_DURATION": 8, "ARTESIAN_COND": "N", "ARTESIAN_FLOW": null, "ARTESIAN_PRESSURE": null, "STATIC_WATER_LEVEL": 193.5, "DIAMETER": 6, "FINAL_CASING_STICK_UP": 30, "GROUND_ELEVATION": null, "GROUND_ELEVATION_METHOD": "UNKNOWN", "SURFACE_SEAL_DEPTH": 25, "SURFACE_SEAL_THICKNESS": 1, "SURFACE_SEAL_METHOD": "POURED", "SCREEN_INTAKE_METHOD": "SCREEN", "WATER_SUPPLY_SYSTEM_NAME": null, "WATER_SUPPLY_SYSTEM_WELL_NAME": null, "CONSTRUCTION_START_DATE": "2015-07-16Z", "CONSTRUCTION_END_DATE": "2015-07-18Z", "ALTERATION_START_DATE": "2024-08-12Z", "ALTERATION_END_DATE": "2024-08-26Z", "DECOMMISSION_START_DATE": null, "DECOMMISSION_END_DATE": null, "DECOMMISSION_REASON": null, "OBSERVATION_WELL_NUMBER": null, "OBSERVATION_WELL_STATUS": null, "EMS_ID": null, "AQUIFER_MATERIAL": "Unknown", "OBJECTID": 122567979, "SE_ANNO_CAD_DATA": null}}, {"type": "Feature", "id": "WHSE_WATER_MANAGEMENT.GW_WATER_WELLS_WRBC_SVW.fid-29e471e6_19f63eee063_20bf", "geometry": {"type": "Point", "coordinates": [-120.923796, 56.440134]}, "geometry_name": "GEOMETRY", "properties": {"GW_WW_SYSID": 14974, "WELL_TAG_NUMBER": 15000, "IDENTIFICATION_PLATE_NUMBER": null, "STREET_ADDRESS": " ", "CITY": " ", "LEGAL_LOT": " ", "LEGAL_PLAN": " ", "LEGAL_DISTRICT_LOT": " ", "LEGAL_PID": null, "WELL_LOCATION_DESCRIPTION": " ", "COORDINATE_ACQUISITION_CODE": "E", "WELL_STATUS": "New", "WELL_CLASS": "Water Supply", "WELL_SUBCLASS": null, "INTENDED_WATER_USE": "Private Domestic", "WELL_DETAILS_URL": "https://apps.nrs.gov.bc.ca/gwells/well/15000", "LICENCE_STATUS": "Unlicensed", "AQUIFER_ID": 1270, "PERSON_RESPONSIBLE": " ", "COMPANY_OF_PERSON_RESPONSIBLE": "Cliff Baker Drilling", "FINISHED_WELL_DEPTH": 70, "TOTAL_DEPTH_DRILLED": null, "BEDROCK_DEPTH": 50, "YIELD": 0, "YIELD_ESTIMATION_DURATION": null, "ARTESIAN_COND": "N", "ARTESIAN_FLOW": null, "ARTESIAN_PRESSURE": null, "STATIC_WATER_LEVEL": 30, "DIAMETER": null, "FINAL_CASING_STICK_UP": null, "GROUND_ELEVATION": null, "GROUND_ELEVATION_METHOD": "UNKNOWN", "SURFACE_SEAL_DEPTH": null, "SURFACE_SEAL_THICKNESS": null, "SURFACE_SEAL_METHOD": null, "SCREEN_INTAKE_METHOD": null, "WATER_SUPPLY_SYSTEM_NAME": null, "WATER_SUPPLY_SYSTEM_WELL_NAME": null, "CONSTRUCTION_START_DATE": "1957-01-01Z", "CONSTRUCTION_END_DATE": "1957-01-01Z", "ALTERATION_START_DATE": null, "ALTERATION_END_DATE": null, "DECOMMISSION_START_DATE": null, "DECOMMISSION_END_DATE": null, "DECOMMISSION_REASON": null, "OBSERVATION_WELL_NUMBER": null, "OBSERVATION_WELL_STATUS": null, "EMS_ID": null, "AQUIFER_MATERIAL": "Bedrock", "OBJECTID": 122476324, "SE_ANNO_CAD_DATA": null}}, {"type": "Feature", "id": "WHSE_WATER_MANAGEMENT.GW_WATER_WELLS_WRBC_SVW.fid-29e471e6_19f63eee063_20c0", "geometry": {"type": "Point", "coordinates": [-120.9169, 56.44373]}, "geometry_name": "GEOMETRY", "properties": {"GW_WW_SYSID": 106635, "WELL_TAG_NUMBER": 111102, "IDENTIFICATION_PLATE_NUMBER": 48340, "STREET_ADDRESS": "15299 271 ROAD", "CITY": "MONTNEY", "LEGAL_LOT": null, "LEGAL_PLAN": null, "LEGAL_DISTRICT_LOT": null, "LEGAL_PID": null, "WELL_LOCATION_DESCRIPTION": "NOT PROVIDED", "COORDINATE_ACQUISITION_CODE": "H", "WELL_STATUS": "New", "WELL_CLASS": "Water Supply", "WELL_SUBCLASS": "Not Applicable", "INTENDED_WATER_USE": "Private Domestic", "WELL_DETAILS_URL": "https://apps.nrs.gov.bc.ca/gwells/well/111102", "LICENCE_STATUS": "Unlicensed", "AQUIFER_ID": 1270, "PERSON_RESPONSIBLE": " ", "COMPANY_OF_PERSON_RESPONSIBLE": "Jacob's Water Wells", "FINISHED_WELL_DEPTH": 175, "TOTAL_DEPTH_DRILLED": 175, "BEDROCK_DEPTH": 163, "YIELD": 50, "YIELD_ESTIMATION_DURATION": 0.5, "ARTESIAN_COND": "N", "ARTESIAN_FLOW": null, "ARTESIAN_PRESSURE": null, "STATIC_WATER_LEVEL": 147.4, "DIAMETER": 6, "FINAL_CASING_STICK_UP": 30, "GROUND_ELEVATION": 2376, "GROUND_ELEVATION_METHOD": "GPS", "SURFACE_SEAL_DEPTH": 27, "SURFACE_SEAL_THICKNESS": 1, "SURFACE_SEAL_METHOD": "POURED", "SCREEN_INTAKE_METHOD": "SCREEN", "WATER_SUPPLY_SYSTEM_NAME": null, "WATER_SUPPLY_SYSTEM_WELL_NAME": null, "CONSTRUCTION_START_DATE": "2015-08-25Z", "CONSTRUCTION_END_DATE": "2015-08-29Z", "ALTERATION_START_DATE": null, "ALTERATION_END_DATE": null, "DECOMMISSION_START_DATE": null, "DECOMMISSION_END_DATE": null, "DECOMMISSION_REASON": null, "OBSERVATION_WELL_NUMBER": null, "OBSERVATION_WELL_STATUS": null, "EMS_ID": null, "AQUIFER_MATERIAL": "Unknown", "OBJECTID": 122567985, "SE_ANNO_CAD_DATA": null}}, {"type": "Feature", "id": "WHSE_WATER_MANAGEMENT.GW_WATER_WELLS_WRBC_SVW.fid-29e471e6_19f63eee063_20c1", "geometry": {"type": "Point", "coordinates": [-120.997987, 56.448372]}, "geometry_name": "GEOMETRY", "properties": {"GW_WW_SYSID": 3182, "WELL_TAG_NUMBER": 3188, "IDENTIFICATION_PLATE_NUMBER": null, "STREET_ADDRESS": " ", "CITY": " ", "LEGAL_LOT": " ", "LEGAL_PLAN": " ", "LEGAL_DISTRICT_LOT": " ", "LEGAL_PID": null, "WELL_LOCATION_DESCRIPTION": " ", "COORDINATE_ACQUISITION_CODE": "E", "WELL_STATUS": "New", "WELL_CLASS": "Water Supply", "WELL_SUBCLASS": null, "INTENDED_WATER_USE": "Private Domestic", "WELL_DETAILS_URL": "https://apps.nrs.gov.bc.ca/gwells/well/3188", "LICENCE_STATUS": "Unlicensed", "AQUIFER_ID": 1270, "PERSON_RESPONSIBLE": " ", "COMPANY_OF_PERSON_RESPONSIBLE": "Unknown", "FINISHED_WELL_DEPTH": 20, "TOTAL_DEPTH_DRILLED": null, "BEDROCK_DEPTH": 18, "YIELD": 0, "YIELD_ESTIMATION_DURATION": null, "ARTESIAN_COND": "N", "ARTESIAN_FLOW": null, "ARTESIAN_PRESSURE": null, "STATIC_WATER_LEVEL": null, "DIAMETER": null, "FINAL_CASING_STICK_UP": null, "GROUND_ELEVATION": null, "GROUND_ELEVATION_METHOD": "UNKNOWN", "SURFACE_SEAL_DEPTH": null, "SURFACE_SEAL_THICKNESS": null, "SURFACE_SEAL_METHOD": null, "SCREEN_INTAKE_METHOD": null, "WATER_SUPPLY_SYSTEM_NAME": null, "WATER_SUPPLY_SYSTEM_WELL_NAME": null, "CONSTRUCTION_START_DATE": "1949-01-01Z", "CONSTRUCTION_END_DATE": "1949-01-01Z", "ALTERATION_START_DATE": null, "ALTERATION_END_DATE": null, "DECOMMISSION_START_DATE": null, "DECOMMISSION_END_DATE": null, "DECOMMISSION_REASON": null, "OBSERVATION_WELL_NUMBER": null, "OBSERVATION_WELL_STATUS": null, "EMS_ID": null, "AQUIFER_MATERIAL": "Bedrock", "OBJECTID": 122464532, "SE_ANNO_CAD_DATA": null}}, {"type": "Feature", "id": "WHSE_WATER_MANAGEMENT.GW_WATER_WELLS_WRBC_SVW.fid-29e471e6_19f63eee063_20c2", "geometry": {"type": "Point", "coordinates": [-121.133175, 56.396185]}, "geometry_name": "GEOMETRY", "properties": {"GW_WW_SYSID": 62594, "WELL_TAG_NUMBER": 62801, "IDENTIFICATION_PLATE_NUMBER": null, "STREET_ADDRESS": "MILE 62 ALASKA HWY.", "CITY": "FORT ST. JOHN", "LEGAL_LOT": "22", "LEGAL_PLAN": "19996", "LEGAL_DISTRICT_LOT": " ", "LEGAL_PID": null, "WELL_LOCATION_DESCRIPTION": " ", "COORDINATE_ACQUISITION_CODE": "G", "WELL_STATUS": "New", "WELL_CLASS": "Water Supply", "WELL_SUBCLASS": null, "INTENDED_WATER_USE": "Private Domestic", "WELL_DETAILS_URL": "https://apps.nrs.gov.bc.ca/gwells/well/62801", "LICENCE_STATUS": "Unlicensed", "AQUIFER_ID": 444, "PERSON_RESPONSIBLE": " ", "COMPANY_OF_PERSON_RESPONSIBLE": "Jacob's Water Wells", "FINISHED_WELL_DEPTH": 145, "TOTAL_DEPTH_DRILLED": null, "BEDROCK_DEPTH": null, "YIELD": 11, "YIELD_ESTIMATION_DURATION": null, "ARTESIAN_COND": "N", "ARTESIAN_FLOW": null, "ARTESIAN_PRESSURE": null, "STATIC_WATER_LEVEL": 125, "DIAMETER": null, "FINAL_CASING_STICK_UP": null, "GROUND_ELEVATION": null, "GROUND_ELEVATION_METHOD": "UNKNOWN", "SURFACE_SEAL_DEPTH": null, "SURFACE_SEAL_THICKNESS": null, "SURFACE_SEAL_METHOD": null, "SCREEN_INTAKE_METHOD": null, "WATER_SUPPLY_SYSTEM_NAME": null, "WATER_SUPPLY_SYSTEM_WELL_NAME": null, "CONSTRUCTION_START_DATE": null, "CONSTRUCTION_END_DATE": null, "ALTERATION_START_DATE": null, "ALTERATION_END_DATE": null, "DECOMMISSION_START_DATE": null, "DECOMMISSION_END_DATE": null, "DECOMMISSION_REASON": null, "OBSERVATION_WELL_NUMBER": null, "OBSERVATION_WELL_STATUS": null, "EMS_ID": null, "AQUIFER_MATERIAL": "Unknown", "OBJECTID": 122523944, "SE_ANNO_CAD_DATA": null}}, {"type": "Feature", "id": "WHSE_WATER_MANAGEMENT.GW_WATER_WELLS_WRBC_SVW.fid-29e471e6_19f63eee063_20c3", "geometry": {"type": "Point", "coordinates": [-121.129118, 56.396321]}, "geometry_name": "GEOMETRY", "properties": {"GW_WW_SYSID": 38890, "WELL_TAG_NUMBER": 38974, "IDENTIFICATION_PLATE_NUMBER": null, "STREET_ADDRESS": "ALASKA HWY", "CITY": "MILE 62", "LEGAL_LOT": "19", "LEGAL_PLAN": "19996", "LEGAL_DISTRICT_LOT": " ", "LEGAL_PID": null, "WELL_LOCATION_DESCRIPTION": " ", "COORDINATE_ACQUISITION_CODE": "C", "WELL_STATUS": "New", "WELL_CLASS": "Unknown", "WELL_SUBCLASS": null, "INTENDED_WATER_USE": "Unknown Well Use", "WELL_DETAILS_URL": "https://apps.nrs.gov.bc.ca/gwells/well/38974", "LICENCE_STATUS": "Unlicensed", "AQUIFER_ID": 1271, "PERSON_RESPONSIBLE": " ", "COMPANY_OF_PERSON_RESPONSIBLE": "Cliff Baker Drilling", "FINISHED_WELL_DEPTH": 150, "TOTAL_DEPTH_DRILLED": null, "BEDROCK_DEPTH": 90, "YIELD": 10, "YIELD_ESTIMATION_DURATION": null, "ARTESIAN_COND": "N", "ARTESIAN_FLOW": null, "ARTESIAN_PRESSURE": null, "STATIC_WATER_LEVEL": null, "DIAMETER": null, "FINAL_CASING_STICK_UP": null, "GROUND_ELEVATION": null, "GROUND_ELEVATION_METHOD": "UNKNOWN", "SURFACE_SEAL_DEPTH": null, "SURFACE_SEAL_THICKNESS": null, "SURFACE_SEAL_METHOD": null, "SCREEN_INTAKE_METHOD": null, "WATER_SUPPLY_SYSTEM_NAME": null, "WATER_SUPPLY_SYSTEM_WELL_NAME": null, "CONSTRUCTION_START_DATE": "1978-01-01Z", "CONSTRUCTION_END_DATE": "1978-01-01Z", "ALTERATION_START_DATE": null, "ALTERATION_END_DATE": null, "DECOMMISSION_START_DATE": null, "DECOMMISSION_END_DATE": null, "DECOMMISSION_REASON": null, "OBSERVATION_WELL_NUMBER": null, "OBSERVATION_WELL_STATUS": null, "EMS_ID": null, "AQUIFER_MATERIAL": "Bedrock", "OBJECTID": 122500240, "SE_ANNO_CAD_DATA": null}}, {"type": "Feature", "id": "WHSE_WATER_MANAGEMENT.GW_WATER_WELLS_WRBC_SVW.fid-29e471e6_19f63eee063_20c4", "geometry": {"type": "Point", "coordinates": [-121.132665, 56.396689]}, "geometry_name": "GEOMETRY", "properties": {"GW_WW_SYSID": 45849, "WELL_TAG_NUMBER": 45951, "IDENTIFICATION_PLATE_NUMBER": null, "STREET_ADDRESS": " ", "CITY": " ", "LEGAL_LOT": "22", "LEGAL_PLAN": "19996", "LEGAL_DISTRICT_LOT": " ", "LEGAL_PID": null, "WELL_LOCATION_DESCRIPTION": " ", "COORDINATE_ACQUISITION_CODE": "C", "WELL_STATUS": "New", "WELL_CLASS": "Unknown", "WELL_SUBCLASS": null, "INTENDED_WATER_USE": "Unknown Well Use", "WELL_DETAILS_URL": "https://apps.nrs.gov.bc.ca/gwells/well/45951", "LICENCE_STATUS": "Unlicensed", "AQUIFER_ID": 444, "PERSON_RESPONSIBLE": " ", "COMPANY_OF_PERSON_RESPONSIBLE": "Bob's Water Drilling", "FINISHED_WELL_DEPTH": 132, "TOTAL_DEPTH_DRILLED": null, "BEDROCK_DEPTH": null, "YIELD": 6, "YIELD_ESTIMATION_DURATION": null, "ARTESIAN_COND": "N", "ARTESIAN_FLOW": null, "ARTESIAN_PRESSURE": null, "STATIC_WATER_LEVEL": 122, "DIAMETER": null, "FINAL_CASING_STICK_UP": null, "GROUND_ELEVATION": null, "GROUND_ELEVATION_METHOD": "UNKNOWN", "SURFACE_SEAL_DEPTH": null, "SURFACE_SEAL_THICKNESS": null, "SURFACE_SEAL_METHOD": null, "SCREEN_INTAKE_METHOD": null, "WATER_SUPPLY_SYSTEM_NAME": null, "WATER_SUPPLY_SYSTEM_WELL_NAME": null, "CONSTRUCTION_START_DATE": "1980-08-30Z", "CONSTRUCTION_END_DATE": "1980-08-30Z", "ALTERATION_START_DATE": null, "ALTERATION_END_DATE": null, "DECOMMISSION_START_DATE": null, "DECOMMISSION_END_DATE": null, "DECOMMISSION_REASON": null, "OBSERVATION_WELL_NUMBER": null, "OBSERVATION_WELL_STATUS": null, "EMS_ID": null, "AQUIFER_MATERIAL": "Unconsolidated", "OBJECTID": 122507199, "SE_ANNO_CAD_DATA": null}}, {"type": "Feature", "id": "WHSE_WATER_MANAGEMENT.GW_WATER_WELLS_WRBC_SVW.fid-29e471e6_19f63eee063_20c5", "geometry": {"type": "Point", "coordinates": [-121.131557, 56.396807]}, "geometry_name": "GEOMETRY", "properties": {"GW_WW_SYSID": 35152, "WELL_TAG_NUMBER": 35231, "IDENTIFICATION_PLATE_NUMBER": null, "STREET_ADDRESS": " ", "CITY": " ", "LEGAL_LOT": "21", "LEGAL_PLAN": "19996", "LEGAL_DISTRICT_LOT": " ", "LEGAL_PID": null, "WELL_LOCATION_DESCRIPTION": " ", "COORDINATE_ACQUISITION_CODE": "C", "WELL_STATUS": "New", "WELL_CLASS": "Unknown", "WELL_SUBCLASS": null, "INTENDED_WATER_USE": "Unknown Well Use", "WELL_DETAILS_URL": "https://apps.nrs.gov.bc.ca/gwells/well/35231", "LICENCE_STATUS": "Unlicensed", "AQUIFER_ID": 451, "PERSON_RESPONSIBLE": " ", "COMPANY_OF_PERSON_RESPONSIBLE": "Bob's Water Drilling", "FINISHED_WELL_DEPTH": 128, "TOTAL_DEPTH_DRILLED": null, "BEDROCK_DEPTH": 123, "YIELD": null, "YIELD_ESTIMATION_DURATION": null, "ARTESIAN_COND": "N", "ARTESIAN_FLOW": null, "ARTESIAN_PRESSURE": null, "STATIC_WATER_LEVEL": 100, "DIAMETER": null, "FINAL_CASING_STICK_UP": null, "GROUND_ELEVATION": null, "GROUND_ELEVATION_METHOD": "UNKNOWN", "SURFACE_SEAL_DEPTH": null, "SURFACE_SEAL_THICKNESS": null, "SURFACE_SEAL_METHOD": null, "SCREEN_INTAKE_METHOD": null, "WATER_SUPPLY_SYSTEM_NAME": null, "WATER_SUPPLY_SYSTEM_WELL_NAME": null, "CONSTRUCTION_START_DATE": "1976-07-01Z", "CONSTRUCTION_END_DATE": "1976-07-01Z", "ALTERATION_START_DATE": null, "ALTERATION_END_DATE": null, "DECOMMISSION_START_DATE": null, "DECOMMISSION_END_DATE": null, "DECOMMISSION_REASON": null, "OBSERVATION_WELL_NUMBER": null, "OBSERVATION_WELL_STATUS": null, "EMS_ID": null, "AQUIFER_MATERIAL": "Bedrock", "OBJECTID": 122496502, "SE_ANNO_CAD_DATA": null}}, {"type": "Feature", "id": "WHSE_WATER_MANAGEMENT.GW_WATER_WELLS_WRBC_SVW.fid-29e471e6_19f63eee063_20c6", "geometry": {"type": "Point", "coordinates": [-121.134583, 56.397221]}, "geometry_name": "GEOMETRY", "properties": {"GW_WW_SYSID": 39488, "WELL_TAG_NUMBER": 39572, "IDENTIFICATION_PLATE_NUMBER": null, "STREET_ADDRESS": " ", "CITY": " ", "LEGAL_LOT": "2", "LEGAL_PLAN": "19996", "LEGAL_DISTRICT_LOT": " ", "LEGAL_PID": null, "WELL_LOCATION_DESCRIPTION": " ", "COORDINATE_ACQUISITION_CODE": "C", "WELL_STATUS": "New", "WELL_CLASS": "Unknown", "WELL_SUBCLASS": null, "INTENDED_WATER_USE": "Unknown Well Use", "WELL_DETAILS_URL": "https://apps.nrs.gov.bc.ca/gwells/well/39572", "LICENCE_STATUS": "Unlicensed", "AQUIFER_ID": 1271, "PERSON_RESPONSIBLE": " ", "COMPANY_OF_PERSON_RESPONSIBLE": "Bob's Water Drilling", "FINISHED_WELL_DEPTH": 138, "TOTAL_DEPTH_DRILLED": null, "BEDROCK_DEPTH": null, "YIELD": 8, "YIELD_ESTIMATION_DURATION": null, "ARTESIAN_COND": "N", "ARTESIAN_FLOW": null, "ARTESIAN_PRESSURE": null, "STATIC_WATER_LEVEL": 98, "DIAMETER": null, "FINAL_CASING_STICK_UP": null, "GROUND_ELEVATION": null, "GROUND_ELEVATION_METHOD": "UNKNOWN", "SURFACE_SEAL_DEPTH": null, "SURFACE_SEAL_THICKNESS": null, "SURFACE_SEAL_METHOD": null, "SCREEN_INTAKE_METHOD": null, "WATER_SUPPLY_SYSTEM_NAME": null, "WATER_SUPPLY_SYSTEM_WELL_NAME": null, "CONSTRUCTION_START_DATE": "1978-04-25Z", "CONSTRUCTION_END_DATE": "1978-04-25Z", "ALTERATION_START_DATE": null, "ALTERATION_END_DATE": null, "DECOMMISSION_START_DATE": null, "DECOMMISSION_END_DATE": null, "DECOMMISSION_REASON": null, "OBSERVATION_WELL_NUMBER": null, "OBSERVATION_WELL_STATUS": null, "EMS_ID": null, "AQUIFER_MATERIAL": "Unconsolidated", "OBJECTID": 122500838, "SE_ANNO_CAD_DATA": null}}, {"type": "Feature", "id": "WHSE_WATER_MANAGEMENT.GW_WATER_WELLS_WRBC_SVW.fid-29e471e6_19f63eee063_20c7", "geometry": {"type": "Point", "coordinates": [-121.134844, 56.397513]}, "geometry_name": "GEOMETRY", "properties": {"GW_WW_SYSID": 98342, "WELL_TAG_NUMBER": 102465, "IDENTIFICATION_PLATE_NUMBER": null, "STREET_ADDRESS": "ALASKA HIGHWAY", "CITY": null, "LEGAL_LOT": "SUB 2", "LEGAL_PLAN": "19996", "LEGAL_DISTRICT_LOT": null, "LEGAL_PID": 8635706, "WELL_LOCATION_DESCRIPTION": "MILE 62.5. SW 29-85-20-W6. NORTH SIDE OF SUB HOUSE #14689. SEE SKETCH FOR DETAILS.", "COORDINATE_ACQUISITION_CODE": "J", "WELL_STATUS": "New", "WELL_CLASS": "Water Supply", "WELL_SUBCLASS": "Not Applicable", "INTENDED_WATER_USE": "Private Domestic", "WELL_DETAILS_URL": "https://apps.nrs.gov.bc.ca/gwells/well/102465", "LICENCE_STATUS": "Unlicensed", "AQUIFER_ID": 1271, "PERSON_RESPONSIBLE": " ", "COMPANY_OF_PERSON_RESPONSIBLE": "Anderson Water Wells", "FINISHED_WELL_DEPTH": 168, "TOTAL_DEPTH_DRILLED": 168, "BEDROCK_DEPTH": 85, "YIELD": 8, "YIELD_ESTIMATION_DURATION": null, "ARTESIAN_COND": "N", "ARTESIAN_FLOW": null, "ARTESIAN_PRESSURE": null, "STATIC_WATER_LEVEL": 125, "DIAMETER": 4.5, "FINAL_CASING_STICK_UP": 24, "GROUND_ELEVATION": null, "GROUND_ELEVATION_METHOD": "UNKNOWN", "SURFACE_SEAL_DEPTH": null, "SURFACE_SEAL_THICKNESS": null, "SURFACE_SEAL_METHOD": null, "SCREEN_INTAKE_METHOD": null, "WATER_SUPPLY_SYSTEM_NAME": null, "WATER_SUPPLY_SYSTEM_WELL_NAME": null, "CONSTRUCTION_START_DATE": "2001-11-19Z", "CONSTRUCTION_END_DATE": "2001-11-19Z", "ALTERATION_START_DATE": null, "ALTERATION_END_DATE": null, "DECOMMISSION_START_DATE": null, "DECOMMISSION_END_DATE": null, "DECOMMISSION_REASON": null, "OBSERVATION_WELL_NUMBER": null, "OBSERVATION_WELL_STATUS": null, "EMS_ID": null, "AQUIFER_MATERIAL": "Bedrock", "OBJECTID": 122559692, "SE_ANNO_CAD_DATA": null}}, {"type": "Feature", "id": "WHSE_WATER_MANAGEMENT.GW_WATER_WELLS_WRBC_SVW.fid-29e471e6_19f63eee063_20c8", "geometry": {"type": "Point", "coordinates": [-121.133545, 56.397565]}, "geometry_name": "GEOMETRY", "properties": {"GW_WW_SYSID": 51018, "WELL_TAG_NUMBER": 51133, "IDENTIFICATION_PLATE_NUMBER": null, "STREET_ADDRESS": "MILE 62.25 ALASKA HWY", "CITY": " ", "LEGAL_LOT": "3", "LEGAL_PLAN": "19996", "LEGAL_DISTRICT_LOT": " ", "LEGAL_PID": null, "WELL_LOCATION_DESCRIPTION": " ", "COORDINATE_ACQUISITION_CODE": "C", "WELL_STATUS": "New", "WELL_CLASS": "Water Supply", "WELL_SUBCLASS": null, "INTENDED_WATER_USE": "Private Domestic", "WELL_DETAILS_URL": "https://apps.nrs.gov.bc.ca/gwells/well/51133", "LICENCE_STATUS": "Unlicensed", "AQUIFER_ID": 444, "PERSON_RESPONSIBLE": " ", "COMPANY_OF_PERSON_RESPONSIBLE": "Bob's Water Drilling", "FINISHED_WELL_DEPTH": 126, "TOTAL_DEPTH_DRILLED": null, "BEDROCK_DEPTH": null, "YIELD": 4, "YIELD_ESTIMATION_DURATION": null, "ARTESIAN_COND": "N", "ARTESIAN_FLOW": null, "ARTESIAN_PRESSURE": null, "STATIC_WATER_LEVEL": 116, "DIAMETER": null, "FINAL_CASING_STICK_UP": null, "GROUND_ELEVATION": null, "GROUND_ELEVATION_METHOD": "UNKNOWN", "SURFACE_SEAL_DEPTH": null, "SURFACE_SEAL_THICKNESS": null, "SURFACE_SEAL_METHOD": null, "SCREEN_INTAKE_METHOD": null, "WATER_SUPPLY_SYSTEM_NAME": null, "WATER_SUPPLY_SYSTEM_WELL_NAME": null, "CONSTRUCTION_START_DATE": "1982-10-08Z", "CONSTRUCTION_END_DATE": null, "ALTERATION_START_DATE": null, "ALTERATION_END_DATE": null, "DECOMMISSION_START_DATE": null, "DECOMMISSION_END_DATE": null, "DECOMMISSION_REASON": null, "OBSERVATION_WELL_NUMBER": null, "OBSERVATION_WELL_STATUS": null, "EMS_ID": null, "AQUIFER_MATERIAL": "Unconsolidated", "OBJECTID": 122512368, "SE_ANNO_CAD_DATA": null}}, {"type": "Feature", "id": "WHSE_WATER_MANAGEMENT.GW_WATER_WELLS_WRBC_SVW.fid-29e471e6_19f63eee063_20c9", "geometry": {"type": "Point", "coordinates": [-121.128551, 56.397643]}, "geometry_name": "GEOMETRY", "properties": {"GW_WW_SYSID": 98382, "WELL_TAG_NUMBER": 102506, "IDENTIFICATION_PLATE_NUMBER": 22024, "STREET_ADDRESS": "14663 COFFEE CREEK", "CITY": "CHARLIE LAKE", "LEGAL_LOT": "6", "LEGAL_PLAN": null, "LEGAL_DISTRICT_LOT": null, "LEGAL_PID": 10231382, "WELL_LOCATION_DESCRIPTION": "NOT PROVIDED", "COORDINATE_ACQUISITION_CODE": "H", "WELL_STATUS": "New", "WELL_CLASS": "Water Supply", "WELL_SUBCLASS": "Not Applicable", "INTENDED_WATER_USE": "Private Domestic", "WELL_DETAILS_URL": "https://apps.nrs.gov.bc.ca/gwells/well/102506", "LICENCE_STATUS": "Unlicensed", "AQUIFER_ID": 451, "PERSON_RESPONSIBLE": " ", "COMPANY_OF_PERSON_RESPONSIBLE": "Jacob's Water Wells", "FINISHED_WELL_DEPTH": 130, "TOTAL_DEPTH_DRILLED": 130, "BEDROCK_DEPTH": 113, "YIELD": 100, "YIELD_ESTIMATION_DURATION": 0.5, "ARTESIAN_COND": "N", "ARTESIAN_FLOW": null, "ARTESIAN_PRESSURE": null, "STATIC_WATER_LEVEL": 68, "DIAMETER": 6, "FINAL_CASING_STICK_UP": 24, "GROUND_ELEVATION": 2650, "GROUND_ELEVATION_METHOD": "GPS", "SURFACE_SEAL_DEPTH": 25, "SURFACE_SEAL_THICKNESS": 1, "SURFACE_SEAL_METHOD": "POURED", "SCREEN_INTAKE_METHOD": null, "WATER_SUPPLY_SYSTEM_NAME": null, "WATER_SUPPLY_SYSTEM_WELL_NAME": null, "CONSTRUCTION_START_DATE": "2008-11-08Z", "CONSTRUCTION_END_DATE": "2008-11-13Z", "ALTERATION_START_DATE": null, "ALTERATION_END_DATE": null, "DECOMMISSION_START_DATE": null, "DECOMMISSION_END_DATE": null, "DECOMMISSION_REASON": null, "OBSERVATION_WELL_NUMBER": null, "OBSERVATION_WELL_STATUS": null, "EMS_ID": null, "AQUIFER_MATERIAL": "Unknown", "OBJECTID": 122559732, "SE_ANNO_CAD_DATA": null}}, {"type": "Feature", "id": "WHSE_WATER_MANAGEMENT.GW_WATER_WELLS_WRBC_SVW.fid-29e471e6_19f63eee063_20ca", "geometry": {"type": "Point", "coordinates": [-121.118555, 56.409758]}, "geometry_name": "GEOMETRY", "properties": {"GW_WW_SYSID": 1039, "WELL_TAG_NUMBER": 1045, "IDENTIFICATION_PLATE_NUMBER": null, "STREET_ADDRESS": " ", "CITY": "MONTENEY", "LEGAL_LOT": " ", "LEGAL_PLAN": " ", "LEGAL_DISTRICT_LOT": " ", "LEGAL_PID": null, "WELL_LOCATION_DESCRIPTION": " ", "COORDINATE_ACQUISITION_CODE": "G", "WELL_STATUS": "New", "WELL_CLASS": "Water Supply", "WELL_SUBCLASS": null, "INTENDED_WATER_USE": "Private Domestic", "WELL_DETAILS_URL": "https://apps.nrs.gov.bc.ca/gwells/well/1045", "LICENCE_STATUS": "Unlicensed", "AQUIFER_ID": 1271, "PERSON_RESPONSIBLE": " ", "COMPANY_OF_PERSON_RESPONSIBLE": "Ross, Les", "FINISHED_WELL_DEPTH": 120, "TOTAL_DEPTH_DRILLED": 120, "BEDROCK_DEPTH": 80, "YIELD": 6, "YIELD_ESTIMATION_DURATION": null, "ARTESIAN_COND": "N", "ARTESIAN_FLOW": null, "ARTESIAN_PRESSURE": null, "STATIC_WATER_LEVEL": 85, "DIAMETER": null, "FINAL_CASING_STICK_UP": null, "GROUND_ELEVATION": null, "GROUND_ELEVATION_METHOD": "UNKNOWN", "SURFACE_SEAL_DEPTH": null, "SURFACE_SEAL_THICKNESS": null, "SURFACE_SEAL_METHOD": null, "SCREEN_INTAKE_METHOD": null, "WATER_SUPPLY_SYSTEM_NAME": null, "WATER_SUPPLY_SYSTEM_WELL_NAME": null, "CONSTRUCTION_START_DATE": "1901-01-01Z", "CONSTRUCTION_END_DATE": "1901-01-01Z", "ALTERATION_START_DATE": null, "ALTERATION_END_DATE": null, "DECOMMISSION_START_DATE": null, "DECOMMISSION_END_DATE": null, "DECOMMISSION_REASON": null, "OBSERVATION_WELL_NUMBER": null, "OBSERVATION_WELL_STATUS": null, "EMS_ID": null, "AQUIFER_MATERIAL": "Bedrock", "OBJECTID": 122462389, "SE_ANNO_CAD_DATA": null}}, {"type": "Feature", "id": "WHSE_WATER_MANAGEMENT.GW_WATER_WELLS_WRBC_SVW.fid-29e471e6_19f63eee063_20cb", "geometry": {"type": "Point", "coordinates": [-121.056791, 56.415599]}, "geometry_name": "GEOMETRY", "properties": {"GW_WW_SYSID": 20329, "WELL_TAG_NUMBER": 20369, "IDENTIFICATION_PLATE_NUMBER": null, "STREET_ADDRESS": " ", "CITY": " ", "LEGAL_LOT": " ", "LEGAL_PLAN": " ", "LEGAL_DISTRICT_LOT": " ", "LEGAL_PID": null, "WELL_LOCATION_DESCRIPTION": " ", "COORDINATE_ACQUISITION_CODE": "A", "WELL_STATUS": "New", "WELL_CLASS": "Water Supply", "WELL_SUBCLASS": null, "INTENDED_WATER_USE": "Private Domestic", "WELL_DETAILS_URL": "https://apps.nrs.gov.bc.ca/gwells/well/20369", "LICENCE_STATUS": "Unlicensed", "AQUIFER_ID": 1271, "PERSON_RESPONSIBLE": " ", "COMPANY_OF_PERSON_RESPONSIBLE": "Cliff Baker Drilling", "FINISHED_WELL_DEPTH": 165, "TOTAL_DEPTH_DRILLED": null, "BEDROCK_DEPTH": 60, "YIELD": 0, "YIELD_ESTIMATION_DURATION": null, "ARTESIAN_COND": "N", "ARTESIAN_FLOW": null, "ARTESIAN_PRESSURE": null, "STATIC_WATER_LEVEL": 80, "DIAMETER": null, "FINAL_CASING_STICK_UP": null, "GROUND_ELEVATION": null, "GROUND_ELEVATION_METHOD": "UNKNOWN", "SURFACE_SEAL_DEPTH": null, "SURFACE_SEAL_THICKNESS": null, "SURFACE_SEAL_METHOD": null, "SCREEN_INTAKE_METHOD": null, "WATER_SUPPLY_SYSTEM_NAME": null, "WATER_SUPPLY_SYSTEM_WELL_NAME": null, "CONSTRUCTION_START_DATE": "1967-01-01Z", "CONSTRUCTION_END_DATE": "1967-01-01Z", "ALTERATION_START_DATE": null, "ALTERATION_END_DATE": null, "DECOMMISSION_START_DATE": null, "DECOMMISSION_END_DATE": null, "DECOMMISSION_REASON": null, "OBSERVATION_WELL_NUMBER": null, "OBSERVATION_WELL_STATUS": null, "EMS_ID": null, "AQUIFER_MATERIAL": "Bedrock", "OBJECTID": 122481679, "SE_ANNO_CAD_DATA": null}}, {"type": "Feature", "id": "WHSE_WATER_MANAGEMENT.GW_WATER_WELLS_WRBC_SVW.fid-29e471e6_19f63eee063_20cc", "geometry": {"type": "Point", "coordinates": [-121.107674, 56.418012]}, "geometry_name": "GEOMETRY", "properties": {"GW_WW_SYSID": 19602, "WELL_TAG_NUMBER": 19640, "IDENTIFICATION_PLATE_NUMBER": null, "STREET_ADDRESS": " ", "CITY": " ", "LEGAL_LOT": " ", "LEGAL_PLAN": " ", "LEGAL_DISTRICT_LOT": " ", "LEGAL_PID": null, "WELL_LOCATION_DESCRIPTION": " ", "COORDINATE_ACQUISITION_CODE": "E", "WELL_STATUS": "New", "WELL_CLASS": "Water Supply", "WELL_SUBCLASS": null, "INTENDED_WATER_USE": "Private Domestic", "WELL_DETAILS_URL": "https://apps.nrs.gov.bc.ca/gwells/well/19640", "LICENCE_STATUS": "Unlicensed", "AQUIFER_ID": 1271, "PERSON_RESPONSIBLE": " ", "COMPANY_OF_PERSON_RESPONSIBLE": "Cliff Baker Drilling", "FINISHED_WELL_DEPTH": 190, "TOTAL_DEPTH_DRILLED": null, "BEDROCK_DEPTH": 15, "YIELD": 0, "YIELD_ESTIMATION_DURATION": null, "ARTESIAN_COND": "N", "ARTESIAN_FLOW": null, "ARTESIAN_PRESSURE": null, "STATIC_WATER_LEVEL": 160, "DIAMETER": null, "FINAL_CASING_STICK_UP": null, "GROUND_ELEVATION": null, "GROUND_ELEVATION_METHOD": "UNKNOWN", "SURFACE_SEAL_DEPTH": null, "SURFACE_SEAL_THICKNESS": null, "SURFACE_SEAL_METHOD": null, "SCREEN_INTAKE_METHOD": null, "WATER_SUPPLY_SYSTEM_NAME": null, "WATER_SUPPLY_SYSTEM_WELL_NAME": null, "CONSTRUCTION_START_DATE": "1966-01-01Z", "CONSTRUCTION_END_DATE": "1966-01-01Z", "ALTERATION_START_DATE": null, "ALTERATION_END_DATE": null, "DECOMMISSION_START_DATE": null, "DECOMMISSION_END_DATE": null, "DECOMMISSION_REASON": null, "OBSERVATION_WELL_NUMBER": null, "OBSERVATION_WELL_STATUS": null, "EMS_ID": null, "AQUIFER_MATERIAL": "Bedrock", "OBJECTID": 122480952, "SE_ANNO_CAD_DATA": null}}, {"type": "Feature", "id": "WHSE_WATER_MANAGEMENT.GW_WATER_WELLS_WRBC_SVW.fid-29e471e6_19f63eee063_20cd", "geometry": {"type": "Point", "coordinates": [-121.130624, 56.420804]}, "geometry_name": "GEOMETRY", "properties": {"GW_WW_SYSID": 26384, "WELL_TAG_NUMBER": 26433, "IDENTIFICATION_PLATE_NUMBER": null, "STREET_ADDRESS": "MONTNEY ROAD", "CITY": " ", "LEGAL_LOT": " ", "LEGAL_PLAN": " ", "LEGAL_DISTRICT_LOT": " ", "LEGAL_PID": null, "WELL_LOCATION_DESCRIPTION": " ", "COORDINATE_ACQUISITION_CODE": "E", "WELL_STATUS": "New", "WELL_CLASS": "Water Supply", "WELL_SUBCLASS": null, "INTENDED_WATER_USE": "Private Domestic", "WELL_DETAILS_URL": "https://apps.nrs.gov.bc.ca/gwells/well/26433", "LICENCE_STATUS": "Unlicensed", "AQUIFER_ID": 451, "PERSON_RESPONSIBLE": " ", "COMPANY_OF_PERSON_RESPONSIBLE": "Bob's Water Drilling", "FINISHED_WELL_DEPTH": 120, "TOTAL_DEPTH_DRILLED": null, "BEDROCK_DEPTH": null, "YIELD": 1, "YIELD_ESTIMATION_DURATION": null, "ARTESIAN_COND": "N", "ARTESIAN_FLOW": null, "ARTESIAN_PRESSURE": null, "STATIC_WATER_LEVEL": null, "DIAMETER": null, "FINAL_CASING_STICK_UP": null, "GROUND_ELEVATION": null, "GROUND_ELEVATION_METHOD": "UNKNOWN", "SURFACE_SEAL_DEPTH": null, "SURFACE_SEAL_THICKNESS": null, "SURFACE_SEAL_METHOD": null, "SCREEN_INTAKE_METHOD": null, "WATER_SUPPLY_SYSTEM_NAME": null, "WATER_SUPPLY_SYSTEM_WELL_NAME": null, "CONSTRUCTION_START_DATE": "1972-06-05Z", "CONSTRUCTION_END_DATE": "1972-06-05Z", "ALTERATION_START_DATE": null, "ALTERATION_END_DATE": null, "DECOMMISSION_START_DATE": null, "DECOMMISSION_END_DATE": null, "DECOMMISSION_REASON": null, "OBSERVATION_WELL_NUMBER": null, "OBSERVATION_WELL_STATUS": null, "EMS_ID": null, "AQUIFER_MATERIAL": "Unconsolidated", "OBJECTID": 122487734, "SE_ANNO_CAD_DATA": null}}, {"type": "Feature", "id": "WHSE_WATER_MANAGEMENT.GW_WATER_WELLS_WRBC_SVW.fid-29e471e6_19f63eee063_20ce", "geometry": {"type": "Point", "coordinates": [-121.104403, 56.421521]}, "geometry_name": "GEOMETRY", "properties": {"GW_WW_SYSID": 19601, "WELL_TAG_NUMBER": 19639, "IDENTIFICATION_PLATE_NUMBER": null, "STREET_ADDRESS": " ", "CITY": " ", "LEGAL_LOT": " ", "LEGAL_PLAN": " ", "LEGAL_DISTRICT_LOT": " ", "LEGAL_PID": null, "WELL_LOCATION_DESCRIPTION": " ", "COORDINATE_ACQUISITION_CODE": "E", "WELL_STATUS": "New", "WELL_CLASS": "Water Supply", "WELL_SUBCLASS": null, "INTENDED_WATER_USE": "Private Domestic", "WELL_DETAILS_URL": "https://apps.nrs.gov.bc.ca/gwells/well/19639", "LICENCE_STATUS": "Unlicensed", "AQUIFER_ID": 1271, "PERSON_RESPONSIBLE": " ", "COMPANY_OF_PERSON_RESPONSIBLE": "Cliff Baker Drilling", "FINISHED_WELL_DEPTH": 120, "TOTAL_DEPTH_DRILLED": null, "BEDROCK_DEPTH": 0, "YIELD": 0, "YIELD_ESTIMATION_DURATION": null, "ARTESIAN_COND": "N", "ARTESIAN_FLOW": null, "ARTESIAN_PRESSURE": null, "STATIC_WATER_LEVEL": 95, "DIAMETER": null, "FINAL_CASING_STICK_UP": null, "GROUND_ELEVATION": null, "GROUND_ELEVATION_METHOD": "UNKNOWN", "SURFACE_SEAL_DEPTH": null, "SURFACE_SEAL_THICKNESS": null, "SURFACE_SEAL_METHOD": null, "SCREEN_INTAKE_METHOD": null, "WATER_SUPPLY_SYSTEM_NAME": null, "WATER_SUPPLY_SYSTEM_WELL_NAME": null, "CONSTRUCTION_START_DATE": "1966-01-01Z", "CONSTRUCTION_END_DATE": "1966-01-01Z", "ALTERATION_START_DATE": null, "ALTERATION_END_DATE": null, "DECOMMISSION_START_DATE": null, "DECOMMISSION_END_DATE": null, "DECOMMISSION_REASON": null, "OBSERVATION_WELL_NUMBER": null, "OBSERVATION_WELL_STATUS": null, "EMS_ID": null, "AQUIFER_MATERIAL": "Bedrock", "OBJECTID": 122480951, "SE_ANNO_CAD_DATA": null}}, {"type": "Feature", "id": "WHSE_WATER_MANAGEMENT.GW_WATER_WELLS_WRBC_SVW.fid-29e471e6_19f63eee063_20cf", "geometry": {"type": "Point", "coordinates": [-121.128689, 56.422896]}, "geometry_name": "GEOMETRY", "properties": {"GW_WW_SYSID": 98609, "WELL_TAG_NUMBER": 102736, "IDENTIFICATION_PLATE_NUMBER": null, "STREET_ADDRESS": " ", "CITY": " ", "LEGAL_LOT": " ", "LEGAL_PLAN": " ", "LEGAL_DISTRICT_LOT": " ", "LEGAL_PID": 5305195, "WELL_LOCATION_DESCRIPTION": "SW W6.", "COORDINATE_ACQUISITION_CODE": "J", "WELL_STATUS": "New", "WELL_CLASS": "Water Supply", "WELL_SUBCLASS": "Not Applicable", "INTENDED_WATER_USE": "Private Domestic", "WELL_DETAILS_URL": "https://apps.nrs.gov.bc.ca/gwells/well/102736", "LICENCE_STATUS": "Unlicensed", "AQUIFER_ID": 1271, "PERSON_RESPONSIBLE": " ", "COMPANY_OF_PERSON_RESPONSIBLE": "Anderson Water Wells", "FINISHED_WELL_DEPTH": 185, "TOTAL_DEPTH_DRILLED": 185, "BEDROCK_DEPTH": 45, "YIELD": 0.25, "YIELD_ESTIMATION_DURATION": null, "ARTESIAN_COND": "N", "ARTESIAN_FLOW": null, "ARTESIAN_PRESSURE": null, "STATIC_WATER_LEVEL": null, "DIAMETER": 5.88, "FINAL_CASING_STICK_UP": 24, "GROUND_ELEVATION": null, "GROUND_ELEVATION_METHOD": "UNKNOWN", "SURFACE_SEAL_DEPTH": null, "SURFACE_SEAL_THICKNESS": null, "SURFACE_SEAL_METHOD": null, "SCREEN_INTAKE_METHOD": null, "WATER_SUPPLY_SYSTEM_NAME": null, "WATER_SUPPLY_SYSTEM_WELL_NAME": null, "CONSTRUCTION_START_DATE": "2000-04-07Z", "CONSTRUCTION_END_DATE": "2000-04-07Z", "ALTERATION_START_DATE": null, "ALTERATION_END_DATE": null, "DECOMMISSION_START_DATE": null, "DECOMMISSION_END_DATE": null, "DECOMMISSION_REASON": null, "OBSERVATION_WELL_NUMBER": null, "OBSERVATION_WELL_STATUS": null, "EMS_ID": null, "AQUIFER_MATERIAL": "Unknown", "OBJECTID": 122559959, "SE_ANNO_CAD_DATA": null}}, {"type": "Feature", "id": "WHSE_WATER_MANAGEMENT.GW_WATER_WELLS_WRBC_SVW.fid-29e471e6_19f63eee063_20d0", "geometry": {"type": "Point", "coordinates": [-121.056981, 56.423321]}, "geometry_name": "GEOMETRY", "properties": {"GW_WW_SYSID": 2584, "WELL_TAG_NUMBER": 2590, "IDENTIFICATION_PLATE_NUMBER": null, "STREET_ADDRESS": " ", "CITY": " ", "LEGAL_LOT": " ", "LEGAL_PLAN": " ", "LEGAL_DISTRICT_LOT": " ", "LEGAL_PID": null, "WELL_LOCATION_DESCRIPTION": "20 ft east of house", "COORDINATE_ACQUISITION_CODE": "A", "WELL_STATUS": "New", "WELL_CLASS": "Water Supply", "WELL_SUBCLASS": null, "INTENDED_WATER_USE": "Private Domestic", "WELL_DETAILS_URL": "https://apps.nrs.gov.bc.ca/gwells/well/2590", "LICENCE_STATUS": "Unlicensed", "AQUIFER_ID": 1271, "PERSON_RESPONSIBLE": " ", "COMPANY_OF_PERSON_RESPONSIBLE": "Unknown", "FINISHED_WELL_DEPTH": 6, "TOTAL_DEPTH_DRILLED": null, "BEDROCK_DEPTH": 0, "YIELD": null, "YIELD_ESTIMATION_DURATION": null, "ARTESIAN_COND": "N", "ARTESIAN_FLOW": null, "ARTESIAN_PRESSURE": null, "STATIC_WATER_LEVEL": null, "DIAMETER": null, "FINAL_CASING_STICK_UP": null, "GROUND_ELEVATION": null, "GROUND_ELEVATION_METHOD": "UNKNOWN", "SURFACE_SEAL_DEPTH": null, "SURFACE_SEAL_THICKNESS": null, "SURFACE_SEAL_METHOD": null, "SCREEN_INTAKE_METHOD": null, "WATER_SUPPLY_SYSTEM_NAME": null, "WATER_SUPPLY_SYSTEM_WELL_NAME": null, "CONSTRUCTION_START_DATE": "1946-01-01Z", "CONSTRUCTION_END_DATE": "1946-01-01Z", "ALTERATION_START_DATE": null, "ALTERATION_END_DATE": null, "DECOMMISSION_START_DATE": null, "DECOMMISSION_END_DATE": null, "DECOMMISSION_REASON": null, "OBSERVATION_WELL_NUMBER": null, "OBSERVATION_WELL_STATUS": null, "EMS_ID": null, "AQUIFER_MATERIAL": "Bedrock", "OBJECTID": 122463934, "SE_ANNO_CAD_DATA": null}}, {"type": "Feature", "id": "WHSE_WATER_MANAGEMENT.GW_WATER_WELLS_WRBC_SVW.fid-29e471e6_19f63eee063_20d1", "geometry": {"type": "Point", "coordinates": [-121.061231, 56.438269]}, "geometry_name": "GEOMETRY", "properties": {"GW_WW_SYSID": 4916, "WELL_TAG_NUMBER": 4924, "IDENTIFICATION_PLATE_NUMBER": null, "STREET_ADDRESS": " ", "CITY": " ", "LEGAL_LOT": " ", "LEGAL_PLAN": " ", "LEGAL_DISTRICT_LOT": " ", "LEGAL_PID": null, "WELL_LOCATION_DESCRIPTION": "200 FT SOUTH OF HOUSE", "COORDINATE_ACQUISITION_CODE": "D", "WELL_STATUS": "New", "WELL_CLASS": "Water Supply", "WELL_SUBCLASS": null, "INTENDED_WATER_USE": "Private Domestic", "WELL_DETAILS_URL": "https://apps.nrs.gov.bc.ca/gwells/well/4924", "LICENCE_STATUS": "Unlicensed", "AQUIFER_ID": null, "PERSON_RESPONSIBLE": " ", "COMPANY_OF_PERSON_RESPONSIBLE": "Unknown", "FINISHED_WELL_DEPTH": 8, "TOTAL_DEPTH_DRILLED": null, "BEDROCK_DEPTH": null, "YIELD": null, "YIELD_ESTIMATION_DURATION": null, "ARTESIAN_COND": "Y", "ARTESIAN_FLOW": null, "ARTESIAN_PRESSURE": null, "STATIC_WATER_LEVEL": null, "DIAMETER": null, "FINAL_CASING_STICK_UP": null, "GROUND_ELEVATION": null, "GROUND_ELEVATION_METHOD": "UNKNOWN", "SURFACE_SEAL_DEPTH": null, "SURFACE_SEAL_THICKNESS": null, "SURFACE_SEAL_METHOD": null, "SCREEN_INTAKE_METHOD": null, "WATER_SUPPLY_SYSTEM_NAME": null, "WATER_SUPPLY_SYSTEM_WELL_NAME": null, "CONSTRUCTION_START_DATE": "1950-01-01Z", "CONSTRUCTION_END_DATE": "1950-01-01Z", "ALTERATION_START_DATE": null, "ALTERATION_END_DATE": null, "DECOMMISSION_START_DATE": null, "DECOMMISSION_END_DATE": null, "DECOMMISSION_REASON": null, "OBSERVATION_WELL_NUMBER": null, "OBSERVATION_WELL_STATUS": null, "EMS_ID": null, "AQUIFER_MATERIAL": "Unconsolidated", "OBJECTID": 122466266, "SE_ANNO_CAD_DATA": null}}, {"type": "Feature", "id": "WHSE_WATER_MANAGEMENT.GW_WATER_WELLS_WRBC_SVW.fid-29e471e6_19f63eee063_20d2", "geometry": {"type": "Point", "coordinates": [-121.091108, 56.446406]}, "geometry_name": "GEOMETRY", "properties": {"GW_WW_SYSID": 98607, "WELL_TAG_NUMBER": 102734, "IDENTIFICATION_PLATE_NUMBER": null, "STREET_ADDRESS": "283 ROAD", "CITY": " ", "LEGAL_LOT": " ", "LEGAL_PLAN": " ", "LEGAL_DISTRICT_LOT": " ", "LEGAL_PID": 11373083, "WELL_LOCATION_DESCRIPTION": "NE 1/4 W6M.", "COORDINATE_ACQUISITION_CODE": "J", "WELL_STATUS": "New", "WELL_CLASS": "Water Supply", "WELL_SUBCLASS": null, "INTENDED_WATER_USE": "Unknown Well Use", "WELL_DETAILS_URL": "https://apps.nrs.gov.bc.ca/gwells/well/102734", "LICENCE_STATUS": "Unlicensed", "AQUIFER_ID": null, "PERSON_RESPONSIBLE": " ", "COMPANY_OF_PERSON_RESPONSIBLE": null, "FINISHED_WELL_DEPTH": 400, "TOTAL_DEPTH_DRILLED": 386, "BEDROCK_DEPTH": null, "YIELD": null, "YIELD_ESTIMATION_DURATION": null, "ARTESIAN_COND": "N", "ARTESIAN_FLOW": null, "ARTESIAN_PRESSURE": null, "STATIC_WATER_LEVEL": null, "DIAMETER": 6.63, "FINAL_CASING_STICK_UP": 24, "GROUND_ELEVATION": null, "GROUND_ELEVATION_METHOD": "UNKNOWN", "SURFACE_SEAL_DEPTH": null, "SURFACE_SEAL_THICKNESS": null, "SURFACE_SEAL_METHOD": null, "SCREEN_INTAKE_METHOD": null, "WATER_SUPPLY_SYSTEM_NAME": null, "WATER_SUPPLY_SYSTEM_WELL_NAME": null, "CONSTRUCTION_START_DATE": "1997-09-09Z", "CONSTRUCTION_END_DATE": "1997-09-09Z", "ALTERATION_START_DATE": null, "ALTERATION_END_DATE": null, "DECOMMISSION_START_DATE": null, "DECOMMISSION_END_DATE": null, "DECOMMISSION_REASON": null, "OBSERVATION_WELL_NUMBER": null, "OBSERVATION_WELL_STATUS": null, "EMS_ID": null, "AQUIFER_MATERIAL": "Unknown", "OBJECTID": 122559957, "SE_ANNO_CAD_DATA": null}}, {"type": "Feature", "id": "WHSE_WATER_MANAGEMENT.GW_WATER_WELLS_WRBC_SVW.fid-29e471e6_19f63eee063_20d3", "geometry": {"type": "Point", "coordinates": [-121.107684, 56.450444]}, "geometry_name": "GEOMETRY", "properties": {"GW_WW_SYSID": 4941, "WELL_TAG_NUMBER": 4949, "IDENTIFICATION_PLATE_NUMBER": null, "STREET_ADDRESS": " ", "CITY": " ", "LEGAL_LOT": " ", "LEGAL_PLAN": " ", "LEGAL_DISTRICT_LOT": " ", "LEGAL_PID": null, "WELL_LOCATION_DESCRIPTION": " ", "COORDINATE_ACQUISITION_CODE": "D", "WELL_STATUS": "New", "WELL_CLASS": "Water Supply", "WELL_SUBCLASS": "Not Applicable", "INTENDED_WATER_USE": "Private Domestic", "WELL_DETAILS_URL": "https://apps.nrs.gov.bc.ca/gwells/well/4949", "LICENCE_STATUS": "Unlicensed", "AQUIFER_ID": null, "PERSON_RESPONSIBLE": " ", "COMPANY_OF_PERSON_RESPONSIBLE": "Unknown", "FINISHED_WELL_DEPTH": 80, "TOTAL_DEPTH_DRILLED": null, "BEDROCK_DEPTH": null, "YIELD": null, "YIELD_ESTIMATION_DURATION": null, "ARTESIAN_COND": "N", "ARTESIAN_FLOW": null, "ARTESIAN_PRESSURE": null, "STATIC_WATER_LEVEL": 60, "DIAMETER": null, "FINAL_CASING_STICK_UP": null, "GROUND_ELEVATION": null, "GROUND_ELEVATION_METHOD": "UNKNOWN", "SURFACE_SEAL_DEPTH": null, "SURFACE_SEAL_THICKNESS": null, "SURFACE_SEAL_METHOD": null, "SCREEN_INTAKE_METHOD": null, "WATER_SUPPLY_SYSTEM_NAME": null, "WATER_SUPPLY_SYSTEM_WELL_NAME": null, "CONSTRUCTION_START_DATE": "1950-01-01Z", "CONSTRUCTION_END_DATE": "1950-01-01Z", "ALTERATION_START_DATE": null, "ALTERATION_END_DATE": null, "DECOMMISSION_START_DATE": null, "DECOMMISSION_END_DATE": null, "DECOMMISSION_REASON": null, "OBSERVATION_WELL_NUMBER": null, "OBSERVATION_WELL_STATUS": null, "EMS_ID": null, "AQUIFER_MATERIAL": "Unconsolidated", "OBJECTID": 122466291, "SE_ANNO_CAD_DATA": null}}, {"type": "Feature", "id": "WHSE_WATER_MANAGEMENT.GW_WATER_WELLS_WRBC_SVW.fid-29e471e6_19f63eee063_20d4", "geometry": {"type": "Point", "coordinates": [-121.168299, 56.389538]}, "geometry_name": "GEOMETRY", "properties": {"GW_WW_SYSID": 98589, "WELL_TAG_NUMBER": 102716, "IDENTIFICATION_PLATE_NUMBER": null, "STREET_ADDRESS": " ", "CITY": " ", "LEGAL_LOT": " ", "LEGAL_PLAN": " ", "LEGAL_DISTRICT_LOT": " ", "LEGAL_PID": 23091819, "WELL_LOCATION_DESCRIPTION": "NE 1/4 W6. MI 62 RD 656.", "COORDINATE_ACQUISITION_CODE": "J", "WELL_STATUS": "New", "WELL_CLASS": "Water Supply", "WELL_SUBCLASS": "Not Applicable", "INTENDED_WATER_USE": "Private Domestic", "WELL_DETAILS_URL": "https://apps.nrs.gov.bc.ca/gwells/well/102716", "LICENCE_STATUS": "Unlicensed", "AQUIFER_ID": 1271, "PERSON_RESPONSIBLE": " ", "COMPANY_OF_PERSON_RESPONSIBLE": null, "FINISHED_WELL_DEPTH": 160, "TOTAL_DEPTH_DRILLED": 160, "BEDROCK_DEPTH": null, "YIELD": 5, "YIELD_ESTIMATION_DURATION": null, "ARTESIAN_COND": "N", "ARTESIAN_FLOW": null, "ARTESIAN_PRESSURE": null, "STATIC_WATER_LEVEL": 83, "DIAMETER": 4.5, "FINAL_CASING_STICK_UP": 12, "GROUND_ELEVATION": null, "GROUND_ELEVATION_METHOD": "UNKNOWN", "SURFACE_SEAL_DEPTH": null, "SURFACE_SEAL_THICKNESS": null, "SURFACE_SEAL_METHOD": null, "SCREEN_INTAKE_METHOD": null, "WATER_SUPPLY_SYSTEM_NAME": null, "WATER_SUPPLY_SYSTEM_WELL_NAME": null, "CONSTRUCTION_START_DATE": "1994-12-05Z", "CONSTRUCTION_END_DATE": "1994-12-05Z", "ALTERATION_START_DATE": null, "ALTERATION_END_DATE": null, "DECOMMISSION_START_DATE": null, "DECOMMISSION_END_DATE": null, "DECOMMISSION_REASON": null, "OBSERVATION_WELL_NUMBER": null, "OBSERVATION_WELL_STATUS": null, "EMS_ID": null, "AQUIFER_MATERIAL": "Unknown", "OBJECTID": 122559939, "SE_ANNO_CAD_DATA": null}}, {"type": "Feature", "id": "WHSE_WATER_MANAGEMENT.GW_WATER_WELLS_WRBC_SVW.fid-29e471e6_19f63eee063_20d5", "geometry": {"type": "Point", "coordinates": [-121.138604, 56.396167]}, "geometry_name": "GEOMETRY", "properties": {"GW_WW_SYSID": 48498, "WELL_TAG_NUMBER": 48610, "IDENTIFICATION_PLATE_NUMBER": null, "STREET_ADDRESS": " ", "CITY": " ", "LEGAL_LOT": " ", "LEGAL_PLAN": " ", "LEGAL_DISTRICT_LOT": "1360", "LEGAL_PID": null, "WELL_LOCATION_DESCRIPTION": " ", "COORDINATE_ACQUISITION_CODE": "C", "WELL_STATUS": "New", "WELL_CLASS": "Unknown", "WELL_SUBCLASS": null, "INTENDED_WATER_USE": "Unknown Well Use", "WELL_DETAILS_URL": "https://apps.nrs.gov.bc.ca/gwells/well/48610", "LICENCE_STATUS": "Unlicensed", "AQUIFER_ID": 444, "PERSON_RESPONSIBLE": " ", "COMPANY_OF_PERSON_RESPONSIBLE": "Bob's Water Drilling", "FINISHED_WELL_DEPTH": 137, "TOTAL_DEPTH_DRILLED": null, "BEDROCK_DEPTH": null, "YIELD": 20, "YIELD_ESTIMATION_DURATION": null, "ARTESIAN_COND": "N", "ARTESIAN_FLOW": null, "ARTESIAN_PRESSURE": null, "STATIC_WATER_LEVEL": 90, "DIAMETER": null, "FINAL_CASING_STICK_UP": null, "GROUND_ELEVATION": null, "GROUND_ELEVATION_METHOD": "UNKNOWN", "SURFACE_SEAL_DEPTH": null, "SURFACE_SEAL_THICKNESS": null, "SURFACE_SEAL_METHOD": null, "SCREEN_INTAKE_METHOD": null, "WATER_SUPPLY_SYSTEM_NAME": null, "WATER_SUPPLY_SYSTEM_WELL_NAME": null, "CONSTRUCTION_START_DATE": "1981-07-17Z", "CONSTRUCTION_END_DATE": "1981-07-17Z", "ALTERATION_START_DATE": null, "ALTERATION_END_DATE": null, "DECOMMISSION_START_DATE": null, "DECOMMISSION_END_DATE": null, "DECOMMISSION_REASON": null, "OBSERVATION_WELL_NUMBER": null, "OBSERVATION_WELL_STATUS": null, "EMS_ID": null, "AQUIFER_MATERIAL": "Unconsolidated", "OBJECTID": 122509848, "SE_ANNO_CAD_DATA": null}}, {"type": "Feature", "id": "WHSE_WATER_MANAGEMENT.GW_WATER_WELLS_WRBC_SVW.fid-29e471e6_19f63eee063_20d6", "geometry": {"type": "Point", "coordinates": [-121.136687, 56.397612]}, "geometry_name": "GEOMETRY", "properties": {"GW_WW_SYSID": 45953, "WELL_TAG_NUMBER": 46056, "IDENTIFICATION_PLATE_NUMBER": null, "STREET_ADDRESS": "MILE 62.5 ALASKA HWY", "CITY": " ", "LEGAL_LOT": "1", "LEGAL_PLAN": "19996", "LEGAL_DISTRICT_LOT": " ", "LEGAL_PID": null, "WELL_LOCATION_DESCRIPTION": " ", "COORDINATE_ACQUISITION_CODE": "C", "WELL_STATUS": "New", "WELL_CLASS": "Water Supply", "WELL_SUBCLASS": null, "INTENDED_WATER_USE": "Private Domestic", "WELL_DETAILS_URL": "https://apps.nrs.gov.bc.ca/gwells/well/46056", "LICENCE_STATUS": "Unlicensed", "AQUIFER_ID": 1271, "PERSON_RESPONSIBLE": " ", "COMPANY_OF_PERSON_RESPONSIBLE": "I . & M.  Drilling", "FINISHED_WELL_DEPTH": 145, "TOTAL_DEPTH_DRILLED": null, "BEDROCK_DEPTH": 104, "YIELD": 10, "YIELD_ESTIMATION_DURATION": null, "ARTESIAN_COND": "N", "ARTESIAN_FLOW": null, "ARTESIAN_PRESSURE": null, "STATIC_WATER_LEVEL": null, "DIAMETER": null, "FINAL_CASING_STICK_UP": null, "GROUND_ELEVATION": null, "GROUND_ELEVATION_METHOD": "UNKNOWN", "SURFACE_SEAL_DEPTH": null, "SURFACE_SEAL_THICKNESS": null, "SURFACE_SEAL_METHOD": null, "SCREEN_INTAKE_METHOD": null, "WATER_SUPPLY_SYSTEM_NAME": null, "WATER_SUPPLY_SYSTEM_WELL_NAME": null, "CONSTRUCTION_START_DATE": "1980-09-10Z", "CONSTRUCTION_END_DATE": "1980-09-10Z", "ALTERATION_START_DATE": null, "ALTERATION_END_DATE": null, "DECOMMISSION_START_DATE": null, "DECOMMISSION_END_DATE": null, "DECOMMISSION_REASON": null, "OBSERVATION_WELL_NUMBER": null, "OBSERVATION_WELL_STATUS": null, "EMS_ID": null, "AQUIFER_MATERIAL": "Bedrock", "OBJECTID": 122507303, "SE_ANNO_CAD_DATA": null}}, {"type": "Feature", "id": "WHSE_WATER_MANAGEMENT.GW_WATER_WELLS_WRBC_SVW.fid-29e471e6_19f63eee063_20d7", "geometry": {"type": "Point", "coordinates": [-121.155432, 56.402691]}, "geometry_name": "GEOMETRY", "properties": {"GW_WW_SYSID": 98777, "WELL_TAG_NUMBER": 102906, "IDENTIFICATION_PLATE_NUMBER": null, "STREET_ADDRESS": "ALASKA HIGHWAY", "CITY": " ", "LEGAL_LOT": " ", "LEGAL_PLAN": " ", "LEGAL_DISTRICT_LOT": " ", "LEGAL_PID": 9017771, "WELL_LOCATION_DESCRIPTION": "SW 30-85-20-W6. MILE 63.", "COORDINATE_ACQUISITION_CODE": "J", "WELL_STATUS": "New", "WELL_CLASS": "Water Supply", "WELL_SUBCLASS": "Not Applicable", "INTENDED_WATER_USE": "Unknown Well Use", "WELL_DETAILS_URL": "https://apps.nrs.gov.bc.ca/gwells/well/102906", "LICENCE_STATUS": "Unlicensed", "AQUIFER_ID": 1271, "PERSON_RESPONSIBLE": " ", "COMPANY_OF_PERSON_RESPONSIBLE": null, "FINISHED_WELL_DEPTH": 295, "TOTAL_DEPTH_DRILLED": 295, "BEDROCK_DEPTH": 50, "YIELD": 4, "YIELD_ESTIMATION_DURATION": null, "ARTESIAN_COND": "N", "ARTESIAN_FLOW": null, "ARTESIAN_PRESSURE": null, "STATIC_WATER_LEVEL": 205, "DIAMETER": 6.6, "FINAL_CASING_STICK_UP": 24, "GROUND_ELEVATION": null, "GROUND_ELEVATION_METHOD": "UNKNOWN", "SURFACE_SEAL_DEPTH": null, "SURFACE_SEAL_THICKNESS": null, "SURFACE_SEAL_METHOD": null, "SCREEN_INTAKE_METHOD": null, "WATER_SUPPLY_SYSTEM_NAME": null, "WATER_SUPPLY_SYSTEM_WELL_NAME": null, "CONSTRUCTION_START_DATE": "1995-05-20Z", "CONSTRUCTION_END_DATE": "1995-05-20Z", "ALTERATION_START_DATE": null, "ALTERATION_END_DATE": null, "DECOMMISSION_START_DATE": null, "DECOMMISSION_END_DATE": null, "DECOMMISSION_REASON": null, "OBSERVATION_WELL_NUMBER": null, "OBSERVATION_WELL_STATUS": null, "EMS_ID": null, "AQUIFER_MATERIAL": "Bedrock", "OBJECTID": 122560127, "SE_ANNO_CAD_DATA": null}}, {"type": "Feature", "id": "WHSE_WATER_MANAGEMENT.GW_WATER_WELLS_WRBC_SVW.fid-29e471e6_19f63eee063_20d8", "geometry": {"type": "Point", "coordinates": [-121.159882, 56.407188]}, "geometry_name": "GEOMETRY", "properties": {"GW_WW_SYSID": 98774, "WELL_TAG_NUMBER": 102903, "IDENTIFICATION_PLATE_NUMBER": null, "STREET_ADDRESS": " ", "CITY": " ", "LEGAL_LOT": "8", "LEGAL_PLAN": "27298", "LEGAL_DISTRICT_LOT": " ", "LEGAL_PID": 6604421, "WELL_LOCATION_DESCRIPTION": "PART SW 1/4, W6, EVERGREEN ESTATES.", "COORDINATE_ACQUISITION_CODE": "J", "WELL_STATUS": "New", "WELL_CLASS": "Water Supply", "WELL_SUBCLASS": "Not Applicable", "INTENDED_WATER_USE": "Unknown Well Use", "WELL_DETAILS_URL": "https://apps.nrs.gov.bc.ca/gwells/well/102903", "LICENCE_STATUS": "Unlicensed", "AQUIFER_ID": 1271, "PERSON_RESPONSIBLE": " ", "COMPANY_OF_PERSON_RESPONSIBLE": null, "FINISHED_WELL_DEPTH": 383, "TOTAL_DEPTH_DRILLED": 383, "BEDROCK_DEPTH": 36, "YIELD": 3, "YIELD_ESTIMATION_DURATION": null, "ARTESIAN_COND": "N", "ARTESIAN_FLOW": null, "ARTESIAN_PRESSURE": null, "STATIC_WATER_LEVEL": null, "DIAMETER": 6.63, "FINAL_CASING_STICK_UP": 24, "GROUND_ELEVATION": null, "GROUND_ELEVATION_METHOD": "UNKNOWN", "SURFACE_SEAL_DEPTH": null, "SURFACE_SEAL_THICKNESS": null, "SURFACE_SEAL_METHOD": null, "SCREEN_INTAKE_METHOD": null, "WATER_SUPPLY_SYSTEM_NAME": null, "WATER_SUPPLY_SYSTEM_WELL_NAME": null, "CONSTRUCTION_START_DATE": "1994-08-29Z", "CONSTRUCTION_END_DATE": "1994-08-29Z", "ALTERATION_START_DATE": null, "ALTERATION_END_DATE": null, "DECOMMISSION_START_DATE": null, "DECOMMISSION_END_DATE": null, "DECOMMISSION_REASON": null, "OBSERVATION_WELL_NUMBER": null, "OBSERVATION_WELL_STATUS": null, "EMS_ID": null, "AQUIFER_MATERIAL": "Bedrock", "OBJECTID": 122560124, "SE_ANNO_CAD_DATA": null}}, {"type": "Feature", "id": "WHSE_WATER_MANAGEMENT.GW_WATER_WELLS_WRBC_SVW.fid-29e471e6_19f63eee063_20d9", "geometry": {"type": "Point", "coordinates": [-121.157084, 56.407739]}, "geometry_name": "GEOMETRY", "properties": {"GW_WW_SYSID": 79780, "WELL_TAG_NUMBER": 83257, "IDENTIFICATION_PLATE_NUMBER": null, "STREET_ADDRESS": " ", "CITY": " ", "LEGAL_LOT": "5", "LEGAL_PLAN": "27298", "LEGAL_DISTRICT_LOT": " ", "LEGAL_PID": 6604129, "WELL_LOCATION_DESCRIPTION": "31-85-20 W6M", "COORDINATE_ACQUISITION_CODE": "J", "WELL_STATUS": "New", "WELL_CLASS": "Water Supply", "WELL_SUBCLASS": "Not Applicable", "INTENDED_WATER_USE": "Private Domestic", "WELL_DETAILS_URL": "https://apps.nrs.gov.bc.ca/gwells/well/83257", "LICENCE_STATUS": "Unlicensed", "AQUIFER_ID": 1271, "PERSON_RESPONSIBLE": " ", "COMPANY_OF_PERSON_RESPONSIBLE": "Jacob's Water Wells", "FINISHED_WELL_DEPTH": 402, "TOTAL_DEPTH_DRILLED": 402, "BEDROCK_DEPTH": 90, "YIELD": 5, "YIELD_ESTIMATION_DURATION": null, "ARTESIAN_COND": "N", "ARTESIAN_FLOW": null, "ARTESIAN_PRESSURE": null, "STATIC_WATER_LEVEL": null, "DIAMETER": null, "FINAL_CASING_STICK_UP": null, "GROUND_ELEVATION": null, "GROUND_ELEVATION_METHOD": "UNKNOWN", "SURFACE_SEAL_DEPTH": null, "SURFACE_SEAL_THICKNESS": null, "SURFACE_SEAL_METHOD": null, "SCREEN_INTAKE_METHOD": null, "WATER_SUPPLY_SYSTEM_NAME": null, "WATER_SUPPLY_SYSTEM_WELL_NAME": null, "CONSTRUCTION_START_DATE": "2003-08-07Z", "CONSTRUCTION_END_DATE": "2003-08-07Z", "ALTERATION_START_DATE": null, "ALTERATION_END_DATE": null, "DECOMMISSION_START_DATE": null, "DECOMMISSION_END_DATE": null, "DECOMMISSION_REASON": null, "OBSERVATION_WELL_NUMBER": null, "OBSERVATION_WELL_STATUS": null, "EMS_ID": null, "AQUIFER_MATERIAL": "Bedrock", "OBJECTID": 122541130, "SE_ANNO_CAD_DATA": null}}, {"type": "Feature", "id": "WHSE_WATER_MANAGEMENT.GW_WATER_WELLS_WRBC_SVW.fid-29e471e6_19f63eee063_20da", "geometry": {"type": "Point", "coordinates": [-121.183333, 56.410975]}, "geometry_name": "GEOMETRY", "properties": {"GW_WW_SYSID": 36418, "WELL_TAG_NUMBER": 36498, "IDENTIFICATION_PLATE_NUMBER": null, "STREET_ADDRESS": "ALASKA HWY", "CITY": " ", "LEGAL_LOT": " ", "LEGAL_PLAN": " ", "LEGAL_DISTRICT_LOT": "2906", "LEGAL_PID": null, "WELL_LOCATION_DESCRIPTION": " ", "COORDINATE_ACQUISITION_CODE": "E", "WELL_STATUS": "New", "WELL_CLASS": "Unknown", "WELL_SUBCLASS": null, "INTENDED_WATER_USE": "Unknown Well Use", "WELL_DETAILS_URL": "https://apps.nrs.gov.bc.ca/gwells/well/36498", "LICENCE_STATUS": "Unlicensed", "AQUIFER_ID": 1271, "PERSON_RESPONSIBLE": " ", "COMPANY_OF_PERSON_RESPONSIBLE": "Cliff Baker Drilling", "FINISHED_WELL_DEPTH": 330, "TOTAL_DEPTH_DRILLED": null, "BEDROCK_DEPTH": 35, "YIELD": 3, "YIELD_ESTIMATION_DURATION": null, "ARTESIAN_COND": "N", "ARTESIAN_FLOW": null, "ARTESIAN_PRESSURE": null, "STATIC_WATER_LEVEL": null, "DIAMETER": null, "FINAL_CASING_STICK_UP": null, "GROUND_ELEVATION": null, "GROUND_ELEVATION_METHOD": "UNKNOWN", "SURFACE_SEAL_DEPTH": null, "SURFACE_SEAL_THICKNESS": null, "SURFACE_SEAL_METHOD": null, "SCREEN_INTAKE_METHOD": null, "WATER_SUPPLY_SYSTEM_NAME": null, "WATER_SUPPLY_SYSTEM_WELL_NAME": null, "CONSTRUCTION_START_DATE": "1977-01-01Z", "CONSTRUCTION_END_DATE": "1977-01-01Z", "ALTERATION_START_DATE": null, "ALTERATION_END_DATE": null, "DECOMMISSION_START_DATE": null, "DECOMMISSION_END_DATE": null, "DECOMMISSION_REASON": null, "OBSERVATION_WELL_NUMBER": null, "OBSERVATION_WELL_STATUS": null, "EMS_ID": null, "AQUIFER_MATERIAL": "Bedrock", "OBJECTID": 122497768, "SE_ANNO_CAD_DATA": null}}, {"type": "Feature", "id": "WHSE_WATER_MANAGEMENT.GW_WATER_WELLS_WRBC_SVW.fid-29e471e6_19f63eee063_20db", "geometry": {"type": "Point", "coordinates": [-121.175548, 56.411067]}, "geometry_name": "GEOMETRY", "properties": {"GW_WW_SYSID": 98770, "WELL_TAG_NUMBER": 102898, "IDENTIFICATION_PLATE_NUMBER": null, "STREET_ADDRESS": " ", "CITY": " ", "LEGAL_LOT": "16", "LEGAL_PLAN": "26549", "LEGAL_DISTRICT_LOT": "1284", "LEGAL_PID": 6935419, "WELL_LOCATION_DESCRIPTION": "MILE 63 ALASKA HIGHWAY BC", "COORDINATE_ACQUISITION_CODE": "J", "WELL_STATUS": "New", "WELL_CLASS": "Water Supply", "WELL_SUBCLASS": "Not Applicable", "INTENDED_WATER_USE": "Private Domestic", "WELL_DETAILS_URL": "https://apps.nrs.gov.bc.ca/gwells/well/102898", "LICENCE_STATUS": "Unlicensed", "AQUIFER_ID": 1271, "PERSON_RESPONSIBLE": " ", "COMPANY_OF_PERSON_RESPONSIBLE": null, "FINISHED_WELL_DEPTH": 304, "TOTAL_DEPTH_DRILLED": 304, "BEDROCK_DEPTH": 32, "YIELD": null, "YIELD_ESTIMATION_DURATION": null, "ARTESIAN_COND": "N", "ARTESIAN_FLOW": null, "ARTESIAN_PRESSURE": null, "STATIC_WATER_LEVEL": null, "DIAMETER": 6.63, "FINAL_CASING_STICK_UP": 24, "GROUND_ELEVATION": null, "GROUND_ELEVATION_METHOD": "UNKNOWN", "SURFACE_SEAL_DEPTH": null, "SURFACE_SEAL_THICKNESS": null, "SURFACE_SEAL_METHOD": null, "SCREEN_INTAKE_METHOD": null, "WATER_SUPPLY_SYSTEM_NAME": null, "WATER_SUPPLY_SYSTEM_WELL_NAME": null, "CONSTRUCTION_START_DATE": "1993-10-12Z", "CONSTRUCTION_END_DATE": "1993-10-12Z", "ALTERATION_START_DATE": null, "ALTERATION_END_DATE": null, "DECOMMISSION_START_DATE": null, "DECOMMISSION_END_DATE": null, "DECOMMISSION_REASON": null, "OBSERVATION_WELL_NUMBER": null, "OBSERVATION_WELL_STATUS": null, "EMS_ID": null, "AQUIFER_MATERIAL": "Bedrock", "OBJECTID": 122560120, "SE_ANNO_CAD_DATA": null}}, {"type": "Feature", "id": "WHSE_WATER_MANAGEMENT.GW_WATER_WELLS_WRBC_SVW.fid-29e471e6_19f63eee063_20dc", "geometry": {"type": "Point", "coordinates": [-121.166907, 56.418506]}, "geometry_name": "GEOMETRY", "properties": {"GW_WW_SYSID": 49717, "WELL_TAG_NUMBER": 49832, "IDENTIFICATION_PLATE_NUMBER": null, "STREET_ADDRESS": "ALASKA HWY", "CITY": "MONTENY", "LEGAL_LOT": " ", "LEGAL_PLAN": " ", "LEGAL_DISTRICT_LOT": " ", "LEGAL_PID": null, "WELL_LOCATION_DESCRIPTION": " ", "COORDINATE_ACQUISITION_CODE": "E", "WELL_STATUS": "New", "WELL_CLASS": "Unknown", "WELL_SUBCLASS": null, "INTENDED_WATER_USE": "Unknown Well Use", "WELL_DETAILS_URL": "https://apps.nrs.gov.bc.ca/gwells/well/49832", "LICENCE_STATUS": "Unlicensed", "AQUIFER_ID": 451, "PERSON_RESPONSIBLE": " ", "COMPANY_OF_PERSON_RESPONSIBLE": "Ross, Mylo", "FINISHED_WELL_DEPTH": 135, "TOTAL_DEPTH_DRILLED": null, "BEDROCK_DEPTH": null, "YIELD": 1, "YIELD_ESTIMATION_DURATION": null, "ARTESIAN_COND": "N", "ARTESIAN_FLOW": null, "ARTESIAN_PRESSURE": null, "STATIC_WATER_LEVEL": 112, "DIAMETER": null, "FINAL_CASING_STICK_UP": null, "GROUND_ELEVATION": null, "GROUND_ELEVATION_METHOD": "UNKNOWN", "SURFACE_SEAL_DEPTH": null, "SURFACE_SEAL_THICKNESS": null, "SURFACE_SEAL_METHOD": null, "SCREEN_INTAKE_METHOD": null, "WATER_SUPPLY_SYSTEM_NAME": null, "WATER_SUPPLY_SYSTEM_WELL_NAME": null, "CONSTRUCTION_START_DATE": "1982-01-01Z", "CONSTRUCTION_END_DATE": null, "ALTERATION_START_DATE": null, "ALTERATION_END_DATE": null, "DECOMMISSION_START_DATE": null, "DECOMMISSION_END_DATE": null, "DECOMMISSION_REASON": null, "OBSERVATION_WELL_NUMBER": null, "OBSERVATION_WELL_STATUS": null, "EMS_ID": null, "AQUIFER_MATERIAL": "Unconsolidated", "OBJECTID": 122511067, "SE_ANNO_CAD_DATA": null}}, {"type": "Feature", "id": "WHSE_WATER_MANAGEMENT.GW_WATER_WELLS_WRBC_SVW.fid-29e471e6_19f63eee063_20dd", "geometry": {"type": "Point", "coordinates": [-121.175541, 56.419011]}, "geometry_name": "GEOMETRY", "properties": {"GW_WW_SYSID": 21113, "WELL_TAG_NUMBER": 21153, "IDENTIFICATION_PLATE_NUMBER": null, "STREET_ADDRESS": "ALASKA HWY", "CITY": " ", "LEGAL_LOT": " ", "LEGAL_PLAN": " ", "LEGAL_DISTRICT_LOT": " ", "LEGAL_PID": null, "WELL_LOCATION_DESCRIPTION": " ", "COORDINATE_ACQUISITION_CODE": "E", "WELL_STATUS": "New", "WELL_CLASS": "Water Supply", "WELL_SUBCLASS": null, "INTENDED_WATER_USE": "Private Domestic", "WELL_DETAILS_URL": "https://apps.nrs.gov.bc.ca/gwells/well/21153", "LICENCE_STATUS": "Unlicensed", "AQUIFER_ID": 1271, "PERSON_RESPONSIBLE": " ", "COMPANY_OF_PERSON_RESPONSIBLE": "Cliff Baker Drilling", "FINISHED_WELL_DEPTH": 130, "TOTAL_DEPTH_DRILLED": null, "BEDROCK_DEPTH": 20, "YIELD": 0, "YIELD_ESTIMATION_DURATION": null, "ARTESIAN_COND": "N", "ARTESIAN_FLOW": null, "ARTESIAN_PRESSURE": null, "STATIC_WATER_LEVEL": null, "DIAMETER": null, "FINAL_CASING_STICK_UP": null, "GROUND_ELEVATION": null, "GROUND_ELEVATION_METHOD": "UNKNOWN", "SURFACE_SEAL_DEPTH": null, "SURFACE_SEAL_THICKNESS": null, "SURFACE_SEAL_METHOD": null, "SCREEN_INTAKE_METHOD": null, "WATER_SUPPLY_SYSTEM_NAME": null, "WATER_SUPPLY_SYSTEM_WELL_NAME": null, "CONSTRUCTION_START_DATE": "1968-01-01Z", "CONSTRUCTION_END_DATE": "1968-01-01Z", "ALTERATION_START_DATE": null, "ALTERATION_END_DATE": null, "DECOMMISSION_START_DATE": null, "DECOMMISSION_END_DATE": null, "DECOMMISSION_REASON": null, "OBSERVATION_WELL_NUMBER": null, "OBSERVATION_WELL_STATUS": null, "EMS_ID": null, "AQUIFER_MATERIAL": "Bedrock", "OBJECTID": 122482463, "SE_ANNO_CAD_DATA": null}}, {"type": "Feature", "id": "WHSE_WATER_MANAGEMENT.GW_WATER_WELLS_WRBC_SVW.fid-29e471e6_19f63eee063_20de", "geometry": {"type": "Point", "coordinates": [-121.152438, 56.418651]}, "geometry_name": "GEOMETRY", "properties": {"GW_WW_SYSID": 26997, "WELL_TAG_NUMBER": 27049, "IDENTIFICATION_PLATE_NUMBER": null, "STREET_ADDRESS": " ", "CITY": " ", "LEGAL_LOT": " ", "LEGAL_PLAN": " ", "LEGAL_DISTRICT_LOT": " ", "LEGAL_PID": null, "WELL_LOCATION_DESCRIPTION": " ", "COORDINATE_ACQUISITION_CODE": "E", "WELL_STATUS": "New", "WELL_CLASS": "Unknown", "WELL_SUBCLASS": null, "INTENDED_WATER_USE": "Unknown Well Use", "WELL_DETAILS_URL": "https://apps.nrs.gov.bc.ca/gwells/well/27049", "LICENCE_STATUS": "Unlicensed", "AQUIFER_ID": 1271, "PERSON_RESPONSIBLE": " ", "COMPANY_OF_PERSON_RESPONSIBLE": "Cliff Baker Drilling", "FINISHED_WELL_DEPTH": 130, "TOTAL_DEPTH_DRILLED": null, "BEDROCK_DEPTH": 80, "YIELD": 7, "YIELD_ESTIMATION_DURATION": null, "ARTESIAN_COND": "N", "ARTESIAN_FLOW": null, "ARTESIAN_PRESSURE": null, "STATIC_WATER_LEVEL": 110, "DIAMETER": null, "FINAL_CASING_STICK_UP": null, "GROUND_ELEVATION": null, "GROUND_ELEVATION_METHOD": "UNKNOWN", "SURFACE_SEAL_DEPTH": null, "SURFACE_SEAL_THICKNESS": null, "SURFACE_SEAL_METHOD": null, "SCREEN_INTAKE_METHOD": null, "WATER_SUPPLY_SYSTEM_NAME": null, "WATER_SUPPLY_SYSTEM_WELL_NAME": null, "CONSTRUCTION_START_DATE": "1972-10-01Z", "CONSTRUCTION_END_DATE": "1972-10-01Z", "ALTERATION_START_DATE": null, "ALTERATION_END_DATE": null, "DECOMMISSION_START_DATE": null, "DECOMMISSION_END_DATE": null, "DECOMMISSION_REASON": null, "OBSERVATION_WELL_NUMBER": null, "OBSERVATION_WELL_STATUS": null, "EMS_ID": null, "AQUIFER_MATERIAL": "Bedrock", "OBJECTID": 122488347, "SE_ANNO_CAD_DATA": null}}, {"type": "Feature", "id": "WHSE_WATER_MANAGEMENT.GW_WATER_WELLS_WRBC_SVW.fid-29e471e6_19f63eee063_20df", "geometry": {"type": "Point", "coordinates": [-121.14481, 56.438136]}, "geometry_name": "GEOMETRY", "properties": {"GW_WW_SYSID": 24752, "WELL_TAG_NUMBER": 24796, "IDENTIFICATION_PLATE_NUMBER": null, "STREET_ADDRESS": " ", "CITY": " ", "LEGAL_LOT": " ", "LEGAL_PLAN": " ", "LEGAL_DISTRICT_LOT": " ", "LEGAL_PID": null, "WELL_LOCATION_DESCRIPTION": " ", "COORDINATE_ACQUISITION_CODE": "E", "WELL_STATUS": "New", "WELL_CLASS": "Water Supply", "WELL_SUBCLASS": null, "INTENDED_WATER_USE": "Private Domestic", "WELL_DETAILS_URL": "https://apps.nrs.gov.bc.ca/gwells/well/24796", "LICENCE_STATUS": "Unlicensed", "AQUIFER_ID": 1271, "PERSON_RESPONSIBLE": " ", "COMPANY_OF_PERSON_RESPONSIBLE": "Rotella Drilling", "FINISHED_WELL_DEPTH": 127, "TOTAL_DEPTH_DRILLED": null, "BEDROCK_DEPTH": null, "YIELD": 6, "YIELD_ESTIMATION_DURATION": null, "ARTESIAN_COND": "N", "ARTESIAN_FLOW": null, "ARTESIAN_PRESSURE": null, "STATIC_WATER_LEVEL": 93, "DIAMETER": null, "FINAL_CASING_STICK_UP": null, "GROUND_ELEVATION": null, "GROUND_ELEVATION_METHOD": "UNKNOWN", "SURFACE_SEAL_DEPTH": null, "SURFACE_SEAL_THICKNESS": null, "SURFACE_SEAL_METHOD": null, "SCREEN_INTAKE_METHOD": null, "WATER_SUPPLY_SYSTEM_NAME": null, "WATER_SUPPLY_SYSTEM_WELL_NAME": null, "CONSTRUCTION_START_DATE": "1971-05-01Z", "CONSTRUCTION_END_DATE": "1971-05-01Z", "ALTERATION_START_DATE": null, "ALTERATION_END_DATE": null, "DECOMMISSION_START_DATE": null, "DECOMMISSION_END_DATE": null, "DECOMMISSION_REASON": null, "OBSERVATION_WELL_NUMBER": null, "OBSERVATION_WELL_STATUS": null, "EMS_ID": null, "AQUIFER_MATERIAL": "Unconsolidated", "OBJECTID": 122486102, "SE_ANNO_CAD_DATA": null}}, {"type": "Feature", "id": "WHSE_WATER_MANAGEMENT.GW_WATER_WELLS_WRBC_SVW.fid-29e471e6_19f63eee063_20e0", "geometry": {"type": "Point", "coordinates": [-121.143957, 56.439004]}, "geometry_name": "GEOMETRY", "properties": {"GW_WW_SYSID": 98707, "WELL_TAG_NUMBER": 102835, "IDENTIFICATION_PLATE_NUMBER": null, "STREET_ADDRESS": " ", "CITY": " ", "LEGAL_LOT": " ", "LEGAL_PLAN": " ", "LEGAL_DISTRICT_LOT": " ", "LEGAL_PID": 11473983, "WELL_LOCATION_DESCRIPTION": "SOUTHEAST 1/4. W6M.", "COORDINATE_ACQUISITION_CODE": "J", "WELL_STATUS": "New", "WELL_CLASS": "Water Supply", "WELL_SUBCLASS": "Not Applicable", "INTENDED_WATER_USE": "Private Domestic", "WELL_DETAILS_URL": "https://apps.nrs.gov.bc.ca/gwells/well/102835", "LICENCE_STATUS": "Unlicensed", "AQUIFER_ID": 1271, "PERSON_RESPONSIBLE": " ", "COMPANY_OF_PERSON_RESPONSIBLE": null, "FINISHED_WELL_DEPTH": 155, "TOTAL_DEPTH_DRILLED": 155, "BEDROCK_DEPTH": 93, "YIELD": 5, "YIELD_ESTIMATION_DURATION": null, "ARTESIAN_COND": "N", "ARTESIAN_FLOW": null, "ARTESIAN_PRESSURE": null, "STATIC_WATER_LEVEL": null, "DIAMETER": 6, "FINAL_CASING_STICK_UP": 24, "GROUND_ELEVATION": null, "GROUND_ELEVATION_METHOD": "UNKNOWN", "SURFACE_SEAL_DEPTH": null, "SURFACE_SEAL_THICKNESS": null, "SURFACE_SEAL_METHOD": null, "SCREEN_INTAKE_METHOD": null, "WATER_SUPPLY_SYSTEM_NAME": null, "WATER_SUPPLY_SYSTEM_WELL_NAME": null, "CONSTRUCTION_START_DATE": "1996-06-22Z", "CONSTRUCTION_END_DATE": "1996-06-22Z", "ALTERATION_START_DATE": null, "ALTERATION_END_DATE": null, "DECOMMISSION_START_DATE": null, "DECOMMISSION_END_DATE": null, "DECOMMISSION_REASON": null, "OBSERVATION_WELL_NUMBER": null, "OBSERVATION_WELL_STATUS": null, "EMS_ID": null, "AQUIFER_MATERIAL": "Bedrock", "OBJECTID": 122560057, "SE_ANNO_CAD_DATA": null}}, {"type": "Feature", "id": "WHSE_WATER_MANAGEMENT.GW_WATER_WELLS_WRBC_SVW.fid-29e471e6_19f63eee063_20e1", "geometry": {"type": "Point", "coordinates": [-121.17777, 56.44601]}, "geometry_name": "GEOMETRY", "properties": {"GW_WW_SYSID": 98646, "WELL_TAG_NUMBER": 102774, "IDENTIFICATION_PLATE_NUMBER": null, "STREET_ADDRESS": "11114 97 Highway N", "CITY": "Charlie Lake", "LEGAL_LOT": null, "LEGAL_PLAN": null, "LEGAL_DISTRICT_LOT": null, "LEGAL_PID": 10807799, "WELL_LOCATION_DESCRIPTION": "NW 1/4, W6, MILE 66 ALASKA HIGHWAY WEST.", "COORDINATE_ACQUISITION_CODE": "J", "WELL_STATUS": "New", "WELL_CLASS": "Water Supply", "WELL_SUBCLASS": "Not Applicable", "INTENDED_WATER_USE": "Private Domestic", "WELL_DETAILS_URL": "https://apps.nrs.gov.bc.ca/gwells/well/102774", "LICENCE_STATUS": "Unlicensed", "AQUIFER_ID": 451, "PERSON_RESPONSIBLE": " ", "COMPANY_OF_PERSON_RESPONSIBLE": null, "FINISHED_WELL_DEPTH": 198, "TOTAL_DEPTH_DRILLED": 198, "BEDROCK_DEPTH": 37, "YIELD": 1.5, "YIELD_ESTIMATION_DURATION": null, "ARTESIAN_COND": "N", "ARTESIAN_FLOW": null, "ARTESIAN_PRESSURE": null, "STATIC_WATER_LEVEL": 162, "DIAMETER": 6.13, "FINAL_CASING_STICK_UP": 24, "GROUND_ELEVATION": null, "GROUND_ELEVATION_METHOD": "UNKNOWN", "SURFACE_SEAL_DEPTH": null, "SURFACE_SEAL_THICKNESS": null, "SURFACE_SEAL_METHOD": null, "SCREEN_INTAKE_METHOD": null, "WATER_SUPPLY_SYSTEM_NAME": null, "WATER_SUPPLY_SYSTEM_WELL_NAME": null, "CONSTRUCTION_START_DATE": "1998-07-18Z", "CONSTRUCTION_END_DATE": "1998-07-18Z", "ALTERATION_START_DATE": null, "ALTERATION_END_DATE": null, "DECOMMISSION_START_DATE": null, "DECOMMISSION_END_DATE": null, "DECOMMISSION_REASON": null, "OBSERVATION_WELL_NUMBER": null, "OBSERVATION_WELL_STATUS": null, "EMS_ID": null, "AQUIFER_MATERIAL": "Bedrock", "OBJECTID": 122559996, "SE_ANNO_CAD_DATA": null}}, {"type": "Feature", "id": "WHSE_WATER_MANAGEMENT.GW_WATER_WELLS_WRBC_SVW.fid-29e471e6_19f63eee063_20e2", "geometry": {"type": "Point", "coordinates": [-121.17776, 56.44619]}, "geometry_name": "GEOMETRY", "properties": {"GW_WW_SYSID": 98648, "WELL_TAG_NUMBER": 102776, "IDENTIFICATION_PLATE_NUMBER": null, "STREET_ADDRESS": "11114 97 Highway N", "CITY": "Charlie Lake", "LEGAL_LOT": null, "LEGAL_PLAN": null, "LEGAL_DISTRICT_LOT": null, "LEGAL_PID": 10807799, "WELL_LOCATION_DESCRIPTION": "NW 1/4, MILE 66 ALASKA HIGHWAY WEST", "COORDINATE_ACQUISITION_CODE": "J", "WELL_STATUS": "New", "WELL_CLASS": "Water Supply", "WELL_SUBCLASS": "Not Applicable", "INTENDED_WATER_USE": "Private Domestic", "WELL_DETAILS_URL": "https://apps.nrs.gov.bc.ca/gwells/well/102776", "LICENCE_STATUS": "Unlicensed", "AQUIFER_ID": 1271, "PERSON_RESPONSIBLE": " ", "COMPANY_OF_PERSON_RESPONSIBLE": null, "FINISHED_WELL_DEPTH": 398, "TOTAL_DEPTH_DRILLED": 398, "BEDROCK_DEPTH": 37, "YIELD": 1.5, "YIELD_ESTIMATION_DURATION": null, "ARTESIAN_COND": "N", "ARTESIAN_FLOW": null, "ARTESIAN_PRESSURE": null, "STATIC_WATER_LEVEL": 162, "DIAMETER": 6.13, "FINAL_CASING_STICK_UP": 24, "GROUND_ELEVATION": null, "GROUND_ELEVATION_METHOD": "UNKNOWN", "SURFACE_SEAL_DEPTH": null, "SURFACE_SEAL_THICKNESS": null, "SURFACE_SEAL_METHOD": null, "SCREEN_INTAKE_METHOD": null, "WATER_SUPPLY_SYSTEM_NAME": null, "WATER_SUPPLY_SYSTEM_WELL_NAME": null, "CONSTRUCTION_START_DATE": "1998-07-17Z", "CONSTRUCTION_END_DATE": "1998-07-17Z", "ALTERATION_START_DATE": null, "ALTERATION_END_DATE": null, "DECOMMISSION_START_DATE": null, "DECOMMISSION_END_DATE": null, "DECOMMISSION_REASON": null, "OBSERVATION_WELL_NUMBER": null, "OBSERVATION_WELL_STATUS": null, "EMS_ID": null, "AQUIFER_MATERIAL": "Bedrock", "OBJECTID": 122559998, "SE_ANNO_CAD_DATA": null}}, {"type": "Feature", "id": "WHSE_WATER_MANAGEMENT.GW_WATER_WELLS_WRBC_SVW.fid-29e471e6_19f63eee063_20e3", "geometry": {"type": "Point", "coordinates": [-121.13976, 56.4468]}, "geometry_name": "GEOMETRY", "properties": {"GW_WW_SYSID": 23152, "WELL_TAG_NUMBER": 23195, "IDENTIFICATION_PLATE_NUMBER": null, "STREET_ADDRESS": "14110 256 Road", "CITY": "Montney", "LEGAL_LOT": null, "LEGAL_PLAN": null, "LEGAL_DISTRICT_LOT": null, "LEGAL_PID": null, "WELL_LOCATION_DESCRIPTION": null, "COORDINATE_ACQUISITION_CODE": "E", "WELL_STATUS": "New", "WELL_CLASS": "Water Supply", "WELL_SUBCLASS": null, "INTENDED_WATER_USE": "Private Domestic", "WELL_DETAILS_URL": "https://apps.nrs.gov.bc.ca/gwells/well/23195", "LICENCE_STATUS": "Unlicensed", "AQUIFER_ID": null, "PERSON_RESPONSIBLE": " ", "COMPANY_OF_PERSON_RESPONSIBLE": "Knight's Rat Hole Drilling", "FINISHED_WELL_DEPTH": 30, "TOTAL_DEPTH_DRILLED": null, "BEDROCK_DEPTH": null, "YIELD": 0, "YIELD_ESTIMATION_DURATION": null, "ARTESIAN_COND": "N", "ARTESIAN_FLOW": null, "ARTESIAN_PRESSURE": null, "STATIC_WATER_LEVEL": null, "DIAMETER": null, "FINAL_CASING_STICK_UP": null, "GROUND_ELEVATION": null, "GROUND_ELEVATION_METHOD": "UNKNOWN", "SURFACE_SEAL_DEPTH": null, "SURFACE_SEAL_THICKNESS": null, "SURFACE_SEAL_METHOD": null, "SCREEN_INTAKE_METHOD": null, "WATER_SUPPLY_SYSTEM_NAME": null, "WATER_SUPPLY_SYSTEM_WELL_NAME": null, "CONSTRUCTION_START_DATE": "1970-01-01Z", "CONSTRUCTION_END_DATE": "1970-01-01Z", "ALTERATION_START_DATE": null, "ALTERATION_END_DATE": null, "DECOMMISSION_START_DATE": null, "DECOMMISSION_END_DATE": null, "DECOMMISSION_REASON": null, "OBSERVATION_WELL_NUMBER": null, "OBSERVATION_WELL_STATUS": null, "EMS_ID": null, "AQUIFER_MATERIAL": "Unconsolidated", "OBJECTID": 122484502, "SE_ANNO_CAD_DATA": null}}, {"type": "Feature", "id": "WHSE_WATER_MANAGEMENT.GW_WATER_WELLS_WRBC_SVW.fid-29e471e6_19f63eee063_20e4", "geometry": {"type": "Point", "coordinates": [-121.182678, 56.450549]}, "geometry_name": "GEOMETRY", "properties": {"GW_WW_SYSID": 48682, "WELL_TAG_NUMBER": 48794, "IDENTIFICATION_PLATE_NUMBER": null, "STREET_ADDRESS": "ALASKA HWY", "CITY": " ", "LEGAL_LOT": "2", "LEGAL_PLAN": "23434", "LEGAL_DISTRICT_LOT": " ", "LEGAL_PID": null, "WELL_LOCATION_DESCRIPTION": " ", "COORDINATE_ACQUISITION_CODE": "E", "WELL_STATUS": "New", "WELL_CLASS": "Unknown", "WELL_SUBCLASS": null, "INTENDED_WATER_USE": "Unknown Well Use", "WELL_DETAILS_URL": "https://apps.nrs.gov.bc.ca/gwells/well/48794", "LICENCE_STATUS": "Unlicensed", "AQUIFER_ID": 1271, "PERSON_RESPONSIBLE": " ", "COMPANY_OF_PERSON_RESPONSIBLE": "Bob's Water Drilling", "FINISHED_WELL_DEPTH": 122, "TOTAL_DEPTH_DRILLED": null, "BEDROCK_DEPTH": null, "YIELD": 0, "YIELD_ESTIMATION_DURATION": null, "ARTESIAN_COND": "N", "ARTESIAN_FLOW": null, "ARTESIAN_PRESSURE": null, "STATIC_WATER_LEVEL": 110, "DIAMETER": null, "FINAL_CASING_STICK_UP": null, "GROUND_ELEVATION": null, "GROUND_ELEVATION_METHOD": "UNKNOWN", "SURFACE_SEAL_DEPTH": null, "SURFACE_SEAL_THICKNESS": null, "SURFACE_SEAL_METHOD": null, "SCREEN_INTAKE_METHOD": null, "WATER_SUPPLY_SYSTEM_NAME": null, "WATER_SUPPLY_SYSTEM_WELL_NAME": null, "CONSTRUCTION_START_DATE": "1981-08-08Z", "CONSTRUCTION_END_DATE": "1981-08-08Z", "ALTERATION_START_DATE": null, "ALTERATION_END_DATE": null, "DECOMMISSION_START_DATE": null, "DECOMMISSION_END_DATE": null, "DECOMMISSION_REASON": null, "OBSERVATION_WELL_NUMBER": null, "OBSERVATION_WELL_STATUS": null, "EMS_ID": null, "AQUIFER_MATERIAL": "Unconsolidated", "OBJECTID": 122510032, "SE_ANNO_CAD_DATA": null}}, {"type": "Feature", "id": "WHSE_WATER_MANAGEMENT.GW_WATER_WELLS_WRBC_SVW.fid-29e471e6_19f63eee063_20e5", "geometry": {"type": "Point", "coordinates": [-121.17499, 56.45046]}, "geometry_name": "GEOMETRY", "properties": {"GW_WW_SYSID": 90469, "WELL_TAG_NUMBER": 94414, "IDENTIFICATION_PLATE_NUMBER": null, "STREET_ADDRESS": null, "CITY": "CHARLIE LAKE", "LEGAL_LOT": null, "LEGAL_PLAN": "W6M", "LEGAL_DISTRICT_LOT": null, "LEGAL_PID": 11563478, "WELL_LOCATION_DESCRIPTION": "WEST 1/2 OF SEC 13, 1KM EAST OF ALASKA HWY ON 256th ROAD.", "COORDINATE_ACQUISITION_CODE": "J", "WELL_STATUS": "New", "WELL_CLASS": "Water Supply", "WELL_SUBCLASS": "Not Applicable", "INTENDED_WATER_USE": "Private Domestic", "WELL_DETAILS_URL": "https://apps.nrs.gov.bc.ca/gwells/well/94414", "LICENCE_STATUS": "Unlicensed", "AQUIFER_ID": 1271, "PERSON_RESPONSIBLE": " ", "COMPANY_OF_PERSON_RESPONSIBLE": "Anderson Water Wells", "FINISHED_WELL_DEPTH": 123, "TOTAL_DEPTH_DRILLED": 123, "BEDROCK_DEPTH": 14, "YIELD": 4, "YIELD_ESTIMATION_DURATION": null, "ARTESIAN_COND": "N", "ARTESIAN_FLOW": null, "ARTESIAN_PRESSURE": null, "STATIC_WATER_LEVEL": 60, "DIAMETER": 5.9, "FINAL_CASING_STICK_UP": 24, "GROUND_ELEVATION": null, "GROUND_ELEVATION_METHOD": "UNKNOWN", "SURFACE_SEAL_DEPTH": null, "SURFACE_SEAL_THICKNESS": null, "SURFACE_SEAL_METHOD": null, "SCREEN_INTAKE_METHOD": null, "WATER_SUPPLY_SYSTEM_NAME": null, "WATER_SUPPLY_SYSTEM_WELL_NAME": null, "CONSTRUCTION_START_DATE": "1998-08-10Z", "CONSTRUCTION_END_DATE": "1998-08-10Z", "ALTERATION_START_DATE": null, "ALTERATION_END_DATE": null, "DECOMMISSION_START_DATE": null, "DECOMMISSION_END_DATE": null, "DECOMMISSION_REASON": null, "OBSERVATION_WELL_NUMBER": null, "OBSERVATION_WELL_STATUS": null, "EMS_ID": null, "AQUIFER_MATERIAL": "Bedrock", "OBJECTID": 122551819, "SE_ANNO_CAD_DATA": null}}, {"type": "Feature", "id": "WHSE_WATER_MANAGEMENT.GW_WATER_WELLS_WRBC_SVW.fid-29e471e6_19f63eee063_20e6", "geometry": {"type": "Point", "coordinates": [-121.133649, 56.450055]}, "geometry_name": "GEOMETRY", "properties": {"GW_WW_SYSID": 23148, "WELL_TAG_NUMBER": 23191, "IDENTIFICATION_PLATE_NUMBER": null, "STREET_ADDRESS": " ", "CITY": " ", "LEGAL_LOT": " ", "LEGAL_PLAN": " ", "LEGAL_DISTRICT_LOT": " ", "LEGAL_PID": null, "WELL_LOCATION_DESCRIPTION": "IN FRONT OF HOUSE", "COORDINATE_ACQUISITION_CODE": "E", "WELL_STATUS": "New", "WELL_CLASS": "Water Supply", "WELL_SUBCLASS": null, "INTENDED_WATER_USE": "Private Domestic", "WELL_DETAILS_URL": "https://apps.nrs.gov.bc.ca/gwells/well/23191", "LICENCE_STATUS": "Unlicensed", "AQUIFER_ID": null, "PERSON_RESPONSIBLE": " ", "COMPANY_OF_PERSON_RESPONSIBLE": "Knight's Rat Hole Drilling", "FINISHED_WELL_DEPTH": 30, "TOTAL_DEPTH_DRILLED": null, "BEDROCK_DEPTH": null, "YIELD": 0, "YIELD_ESTIMATION_DURATION": null, "ARTESIAN_COND": "N", "ARTESIAN_FLOW": null, "ARTESIAN_PRESSURE": null, "STATIC_WATER_LEVEL": 2, "DIAMETER": null, "FINAL_CASING_STICK_UP": null, "GROUND_ELEVATION": null, "GROUND_ELEVATION_METHOD": "UNKNOWN", "SURFACE_SEAL_DEPTH": null, "SURFACE_SEAL_THICKNESS": null, "SURFACE_SEAL_METHOD": null, "SCREEN_INTAKE_METHOD": null, "WATER_SUPPLY_SYSTEM_NAME": null, "WATER_SUPPLY_SYSTEM_WELL_NAME": null, "CONSTRUCTION_START_DATE": "1970-01-01Z", "CONSTRUCTION_END_DATE": "1970-01-01Z", "ALTERATION_START_DATE": null, "ALTERATION_END_DATE": null, "DECOMMISSION_START_DATE": null, "DECOMMISSION_END_DATE": null, "DECOMMISSION_REASON": null, "OBSERVATION_WELL_NUMBER": null, "OBSERVATION_WELL_STATUS": null, "EMS_ID": null, "AQUIFER_MATERIAL": "Unconsolidated", "OBJECTID": 122484498, "SE_ANNO_CAD_DATA": null}}, {"type": "Feature", "id": "WHSE_WATER_MANAGEMENT.GW_WATER_WELLS_WRBC_SVW.fid-29e471e6_19f63eee063_20e7", "geometry": {"type": "Point", "coordinates": [-121.16908, 56.4516]}, "geometry_name": "GEOMETRY", "properties": {"GW_WW_SYSID": 120253, "WELL_TAG_NUMBER": 125295, "IDENTIFICATION_PLATE_NUMBER": null, "STREET_ADDRESS": "14348 256 Road", "CITY": "Charlie Lake", "LEGAL_LOT": null, "LEGAL_PLAN": null, "LEGAL_DISTRICT_LOT": null, "LEGAL_PID": 16605357, "WELL_LOCATION_DESCRIPTION": "behind a shop,  E 1/2 of SE 1/4", "COORDINATE_ACQUISITION_CODE": "H", "WELL_STATUS": "New", "WELL_CLASS": "Water Supply", "WELL_SUBCLASS": "Not Applicable", "INTENDED_WATER_USE": "Private Domestic", "WELL_DETAILS_URL": "https://apps.nrs.gov.bc.ca/gwells/well/125295", "LICENCE_STATUS": "Unlicensed", "AQUIFER_ID": 1271, "PERSON_RESPONSIBLE": " ", "COMPANY_OF_PERSON_RESPONSIBLE": null, "FINISHED_WELL_DEPTH": 210, "TOTAL_DEPTH_DRILLED": null, "BEDROCK_DEPTH": null, "YIELD": 10, "YIELD_ESTIMATION_DURATION": null, "ARTESIAN_COND": "N", "ARTESIAN_FLOW": null, "ARTESIAN_PRESSURE": null, "STATIC_WATER_LEVEL": 150, "DIAMETER": 6, "FINAL_CASING_STICK_UP": 24, "GROUND_ELEVATION": null, "GROUND_ELEVATION_METHOD": null, "SURFACE_SEAL_DEPTH": null, "SURFACE_SEAL_THICKNESS": null, "SURFACE_SEAL_METHOD": null, "SCREEN_INTAKE_METHOD": null, "WATER_SUPPLY_SYSTEM_NAME": null, "WATER_SUPPLY_SYSTEM_WELL_NAME": null, "CONSTRUCTION_START_DATE": "1980-01-01Z", "CONSTRUCTION_END_DATE": "1980-01-01Z", "ALTERATION_START_DATE": null, "ALTERATION_END_DATE": null, "DECOMMISSION_START_DATE": null, "DECOMMISSION_END_DATE": null, "DECOMMISSION_REASON": null, "OBSERVATION_WELL_NUMBER": null, "OBSERVATION_WELL_STATUS": null, "EMS_ID": null, "AQUIFER_MATERIAL": null, "OBJECTID": 122581603, "SE_ANNO_CAD_DATA": null}}, {"type": "Feature", "id": "WHSE_WATER_MANAGEMENT.GW_WATER_WELLS_WRBC_SVW.fid-29e471e6_19f63eee063_20e8", "geometry": {"type": "Point", "coordinates": [-121.152822, 56.451195]}, "geometry_name": "GEOMETRY", "properties": {"GW_WW_SYSID": 98459, "WELL_TAG_NUMBER": 102584, "IDENTIFICATION_PLATE_NUMBER": null, "STREET_ADDRESS": "256 ROAD", "CITY": " ", "LEGAL_LOT": " ", "LEGAL_PLAN": " ", "LEGAL_DISTRICT_LOT": " ", "LEGAL_PID": 14800802, "WELL_LOCATION_DESCRIPTION": "SW-18-86-20-W6.", "COORDINATE_ACQUISITION_CODE": "J", "WELL_STATUS": "New", "WELL_CLASS": "Water Supply", "WELL_SUBCLASS": "Not Applicable", "INTENDED_WATER_USE": "Private Domestic", "WELL_DETAILS_URL": "https://apps.nrs.gov.bc.ca/gwells/well/102584", "LICENCE_STATUS": "Unlicensed", "AQUIFER_ID": 1271, "PERSON_RESPONSIBLE": " ", "COMPANY_OF_PERSON_RESPONSIBLE": "Anderson Water Wells", "FINISHED_WELL_DEPTH": 76, "TOTAL_DEPTH_DRILLED": 76, "BEDROCK_DEPTH": 32, "YIELD": 10, "YIELD_ESTIMATION_DURATION": null, "ARTESIAN_COND": "N", "ARTESIAN_FLOW": null, "ARTESIAN_PRESSURE": null, "STATIC_WATER_LEVEL": 40, "DIAMETER": 5.63, "FINAL_CASING_STICK_UP": null, "GROUND_ELEVATION": null, "GROUND_ELEVATION_METHOD": "UNKNOWN", "SURFACE_SEAL_DEPTH": null, "SURFACE_SEAL_THICKNESS": null, "SURFACE_SEAL_METHOD": null, "SCREEN_INTAKE_METHOD": null, "WATER_SUPPLY_SYSTEM_NAME": null, "WATER_SUPPLY_SYSTEM_WELL_NAME": null, "CONSTRUCTION_START_DATE": "2001-10-15Z", "CONSTRUCTION_END_DATE": "2001-10-15Z", "ALTERATION_START_DATE": null, "ALTERATION_END_DATE": null, "DECOMMISSION_START_DATE": null, "DECOMMISSION_END_DATE": null, "DECOMMISSION_REASON": null, "OBSERVATION_WELL_NUMBER": null, "OBSERVATION_WELL_STATUS": null, "EMS_ID": null, "AQUIFER_MATERIAL": "Bedrock", "OBJECTID": 122559809, "SE_ANNO_CAD_DATA": null}}, {"type": "Feature", "id": "WHSE_WATER_MANAGEMENT.GW_WATER_WELLS_WRBC_SVW.fid-29e471e6_19f63eee063_20e9", "geometry": {"type": "Point", "coordinates": [-121.178234, 56.45389]}, "geometry_name": "GEOMETRY", "properties": {"GW_WW_SYSID": 58862, "WELL_TAG_NUMBER": 59017, "IDENTIFICATION_PLATE_NUMBER": null, "STREET_ADDRESS": " ", "CITY": "CHARLIE LAKE", "LEGAL_LOT": "1", "LEGAL_PLAN": "22492", "LEGAL_DISTRICT_LOT": " ", "LEGAL_PID": null, "WELL_LOCATION_DESCRIPTION": " ", "COORDINATE_ACQUISITION_CODE": "G", "WELL_STATUS": "New", "WELL_CLASS": "Water Supply", "WELL_SUBCLASS": "Not Applicable", "INTENDED_WATER_USE": "Private Domestic", "WELL_DETAILS_URL": "https://apps.nrs.gov.bc.ca/gwells/well/59017", "LICENCE_STATUS": "Unlicensed", "AQUIFER_ID": 1271, "PERSON_RESPONSIBLE": " ", "COMPANY_OF_PERSON_RESPONSIBLE": "Anderson Air Drilling", "FINISHED_WELL_DEPTH": 247, "TOTAL_DEPTH_DRILLED": null, "BEDROCK_DEPTH": 6, "YIELD": 9.2, "YIELD_ESTIMATION_DURATION": null, "ARTESIAN_COND": "N", "ARTESIAN_FLOW": null, "ARTESIAN_PRESSURE": null, "STATIC_WATER_LEVEL": 207, "DIAMETER": null, "FINAL_CASING_STICK_UP": null, "GROUND_ELEVATION": null, "GROUND_ELEVATION_METHOD": "UNKNOWN", "SURFACE_SEAL_DEPTH": null, "SURFACE_SEAL_THICKNESS": null, "SURFACE_SEAL_METHOD": null, "SCREEN_INTAKE_METHOD": null, "WATER_SUPPLY_SYSTEM_NAME": null, "WATER_SUPPLY_SYSTEM_WELL_NAME": null, "CONSTRUCTION_START_DATE": "1989-08-18Z", "CONSTRUCTION_END_DATE": null, "ALTERATION_START_DATE": null, "ALTERATION_END_DATE": null, "DECOMMISSION_START_DATE": null, "DECOMMISSION_END_DATE": null, "DECOMMISSION_REASON": null, "OBSERVATION_WELL_NUMBER": null, "OBSERVATION_WELL_STATUS": null, "EMS_ID": null, "AQUIFER_MATERIAL": "Bedrock", "OBJECTID": 122520212, "SE_ANNO_CAD_DATA": null}}, {"type": "Feature", "id": "WHSE_WATER_MANAGEMENT.GW_WATER_WELLS_WRBC_SVW.fid-29e471e6_19f63eee063_20ea", "geometry": {"type": "Point", "coordinates": [-121.171222, 56.537967]}, "geometry_name": "GEOMETRY", "properties": {"GW_WW_SYSID": 21114, "WELL_TAG_NUMBER": 21154, "IDENTIFICATION_PLATE_NUMBER": null, "STREET_ADDRESS": " ", "CITY": " ", "LEGAL_LOT": " ", "LEGAL_PLAN": " ", "LEGAL_DISTRICT_LOT": " ", "LEGAL_PID": null, "WELL_LOCATION_DESCRIPTION": " ", "COORDINATE_ACQUISITION_CODE": "E", "WELL_STATUS": "New", "WELL_CLASS": "Water Supply", "WELL_SUBCLASS": null, "INTENDED_WATER_USE": "Private Domestic", "WELL_DETAILS_URL": "https://apps.nrs.gov.bc.ca/gwells/well/21154", "LICENCE_STATUS": "Unlicensed", "AQUIFER_ID": 1271, "PERSON_RESPONSIBLE": " ", "COMPANY_OF_PERSON_RESPONSIBLE": "Cliff Baker Drilling", "FINISHED_WELL_DEPTH": 90, "TOTAL_DEPTH_DRILLED": null, "BEDROCK_DEPTH": 30, "YIELD": 7, "YIELD_ESTIMATION_DURATION": null, "ARTESIAN_COND": "N", "ARTESIAN_FLOW": null, "ARTESIAN_PRESSURE": null, "STATIC_WATER_LEVEL": 30, "DIAMETER": null, "FINAL_CASING_STICK_UP": null, "GROUND_ELEVATION": null, "GROUND_ELEVATION_METHOD": "UNKNOWN", "SURFACE_SEAL_DEPTH": null, "SURFACE_SEAL_THICKNESS": null, "SURFACE_SEAL_METHOD": null, "SCREEN_INTAKE_METHOD": null, "WATER_SUPPLY_SYSTEM_NAME": null, "WATER_SUPPLY_SYSTEM_WELL_NAME": null, "CONSTRUCTION_START_DATE": "1968-01-01Z", "CONSTRUCTION_END_DATE": "1968-01-01Z", "ALTERATION_START_DATE": null, "ALTERATION_END_DATE": null, "DECOMMISSION_START_DATE": null, "DECOMMISSION_END_DATE": null, "DECOMMISSION_REASON": null, "OBSERVATION_WELL_NUMBER": null, "OBSERVATION_WELL_STATUS": null, "EMS_ID": null, "AQUIFER_MATERIAL": "Bedrock", "OBJECTID": 122482464, "SE_ANNO_CAD_DATA": null}}, {"type": "Feature", "id": "WHSE_WATER_MANAGEMENT.GW_WATER_WELLS_WRBC_SVW.fid-29e471e6_19f63eee063_20eb", "geometry": {"type": "Point", "coordinates": [-121.040531, 56.53469]}, "geometry_name": "GEOMETRY", "properties": {"GW_WW_SYSID": 36410, "WELL_TAG_NUMBER": 36490, "IDENTIFICATION_PLATE_NUMBER": null, "STREET_ADDRESS": " ", "CITY": "MURDALE", "LEGAL_LOT": " ", "LEGAL_PLAN": " ", "LEGAL_DISTRICT_LOT": " ", "LEGAL_PID": null, "WELL_LOCATION_DESCRIPTION": " ", "COORDINATE_ACQUISITION_CODE": "A", "WELL_STATUS": "New", "WELL_CLASS": "Unknown", "WELL_SUBCLASS": null, "INTENDED_WATER_USE": "Unknown Well Use", "WELL_DETAILS_URL": "https://apps.nrs.gov.bc.ca/gwells/well/36490", "LICENCE_STATUS": "Unlicensed", "AQUIFER_ID": 1270, "PERSON_RESPONSIBLE": " ", "COMPANY_OF_PERSON_RESPONSIBLE": "Bob's Water Drilling", "FINISHED_WELL_DEPTH": 79.5, "TOTAL_DEPTH_DRILLED": null, "BEDROCK_DEPTH": null, "YIELD": null, "YIELD_ESTIMATION_DURATION": null, "ARTESIAN_COND": "N", "ARTESIAN_FLOW": null, "ARTESIAN_PRESSURE": null, "STATIC_WATER_LEVEL": null, "DIAMETER": null, "FINAL_CASING_STICK_UP": null, "GROUND_ELEVATION": null, "GROUND_ELEVATION_METHOD": "UNKNOWN", "SURFACE_SEAL_DEPTH": null, "SURFACE_SEAL_THICKNESS": null, "SURFACE_SEAL_METHOD": null, "SCREEN_INTAKE_METHOD": null, "WATER_SUPPLY_SYSTEM_NAME": null, "WATER_SUPPLY_SYSTEM_WELL_NAME": null, "CONSTRUCTION_START_DATE": "1977-01-01Z", "CONSTRUCTION_END_DATE": "1977-01-01Z", "ALTERATION_START_DATE": null, "ALTERATION_END_DATE": null, "DECOMMISSION_START_DATE": null, "DECOMMISSION_END_DATE": null, "DECOMMISSION_REASON": null, "OBSERVATION_WELL_NUMBER": null, "OBSERVATION_WELL_STATUS": null, "EMS_ID": null, "AQUIFER_MATERIAL": "Unconsolidated", "OBJECTID": 122497760, "SE_ANNO_CAD_DATA": null}}, {"type": "Feature", "id": "WHSE_WATER_MANAGEMENT.GW_WATER_WELLS_WRBC_SVW.fid-29e471e6_19f63eee063_20ec", "geometry": {"type": "Point", "coordinates": [-121.027947, 56.55269]}, "geometry_name": "GEOMETRY", "properties": {"GW_WW_SYSID": 123920, "WELL_TAG_NUMBER": 129126, "IDENTIFICATION_PLATE_NUMBER": 60301, "STREET_ADDRESS": null, "CITY": null, "LEGAL_LOT": null, "LEGAL_PLAN": null, "LEGAL_DISTRICT_LOT": null, "LEGAL_PID": 4600398, "WELL_LOCATION_DESCRIPTION": null, "COORDINATE_ACQUISITION_CODE": "H", "WELL_STATUS": "New", "WELL_CLASS": "Water Supply", "WELL_SUBCLASS": "Not Applicable", "INTENDED_WATER_USE": "Commercial and Industrial", "WELL_DETAILS_URL": "https://apps.nrs.gov.bc.ca/gwells/well/129126", "LICENCE_STATUS": "Licensed", "AQUIFER_ID": 1270, "PERSON_RESPONSIBLE": " ", "COMPANY_OF_PERSON_RESPONSIBLE": null, "FINISHED_WELL_DEPTH": null, "TOTAL_DEPTH_DRILLED": null, "BEDROCK_DEPTH": null, "YIELD": null, "YIELD_ESTIMATION_DURATION": null, "ARTESIAN_COND": "N", "ARTESIAN_FLOW": null, "ARTESIAN_PRESSURE": null, "STATIC_WATER_LEVEL": null, "DIAMETER": null, "FINAL_CASING_STICK_UP": null, "GROUND_ELEVATION": null, "GROUND_ELEVATION_METHOD": null, "SURFACE_SEAL_DEPTH": null, "SURFACE_SEAL_THICKNESS": null, "SURFACE_SEAL_METHOD": null, "SCREEN_INTAKE_METHOD": null, "WATER_SUPPLY_SYSTEM_NAME": null, "WATER_SUPPLY_SYSTEM_WELL_NAME": null, "CONSTRUCTION_START_DATE": null, "CONSTRUCTION_END_DATE": null, "ALTERATION_START_DATE": null, "ALTERATION_END_DATE": null, "DECOMMISSION_START_DATE": null, "DECOMMISSION_END_DATE": null, "DECOMMISSION_REASON": null, "OBSERVATION_WELL_NUMBER": null, "OBSERVATION_WELL_STATUS": null, "EMS_ID": null, "AQUIFER_MATERIAL": null, "OBJECTID": 122585270, "SE_ANNO_CAD_DATA": null}}, {"type": "Feature", "id": "WHSE_WATER_MANAGEMENT.GW_WATER_WELLS_WRBC_SVW.fid-29e471e6_19f63eee063_20ed", "geometry": {"type": "Point", "coordinates": [-121.02014, 56.55319]}, "geometry_name": "GEOMETRY", "properties": {"GW_WW_SYSID": 104885, "WELL_TAG_NUMBER": 109301, "IDENTIFICATION_PLATE_NUMBER": 38944, "STREET_ADDRESS": "13390 NOT PROVIDED", "CITY": "PRESPATOU", "LEGAL_LOT": null, "LEGAL_PLAN": null, "LEGAL_DISTRICT_LOT": null, "LEGAL_PID": null, "WELL_LOCATION_DESCRIPTION": "WELL DESCRIPTION NOT PROVIDED", "COORDINATE_ACQUISITION_CODE": "H", "WELL_STATUS": "New", "WELL_CLASS": "Water Supply", "WELL_SUBCLASS": "Not Applicable", "INTENDED_WATER_USE": "Private Domestic", "WELL_DETAILS_URL": "https://apps.nrs.gov.bc.ca/gwells/well/109301", "LICENCE_STATUS": "Unlicensed", "AQUIFER_ID": 1270, "PERSON_RESPONSIBLE": " ", "COMPANY_OF_PERSON_RESPONSIBLE": "Anderson Water Serv", "FINISHED_WELL_DEPTH": 95, "TOTAL_DEPTH_DRILLED": 95, "BEDROCK_DEPTH": 25, "YIELD": 25, "YIELD_ESTIMATION_DURATION": 1, "ARTESIAN_COND": "N", "ARTESIAN_FLOW": null, "ARTESIAN_PRESSURE": null, "STATIC_WATER_LEVEL": 23, "DIAMETER": 6, "FINAL_CASING_STICK_UP": 2, "GROUND_ELEVATION": null, "GROUND_ELEVATION_METHOD": "UNKNOWN", "SURFACE_SEAL_DEPTH": 30, "SURFACE_SEAL_THICKNESS": 1.5, "SURFACE_SEAL_METHOD": "POURED", "SCREEN_INTAKE_METHOD": null, "WATER_SUPPLY_SYSTEM_NAME": null, "WATER_SUPPLY_SYSTEM_WELL_NAME": null, "CONSTRUCTION_START_DATE": "2014-03-26Z", "CONSTRUCTION_END_DATE": "2014-03-26Z", "ALTERATION_START_DATE": null, "ALTERATION_END_DATE": null, "DECOMMISSION_START_DATE": null, "DECOMMISSION_END_DATE": null, "DECOMMISSION_REASON": null, "OBSERVATION_WELL_NUMBER": null, "OBSERVATION_WELL_STATUS": null, "EMS_ID": null, "AQUIFER_MATERIAL": "Unknown", "OBJECTID": 122566235, "SE_ANNO_CAD_DATA": null}}, {"type": "Feature", "id": "WHSE_WATER_MANAGEMENT.GW_WATER_WELLS_WRBC_SVW.fid-29e471e6_19f63eee063_20ee", "geometry": {"type": "Point", "coordinates": [-121.003256, 56.564659]}, "geometry_name": "GEOMETRY", "properties": {"GW_WW_SYSID": 50696, "WELL_TAG_NUMBER": 50811, "IDENTIFICATION_PLATE_NUMBER": null, "STREET_ADDRESS": "MONTNEY RD", "CITY": " ", "LEGAL_LOT": " ", "LEGAL_PLAN": " ", "LEGAL_DISTRICT_LOT": " ", "LEGAL_PID": null, "WELL_LOCATION_DESCRIPTION": " ", "COORDINATE_ACQUISITION_CODE": "E", "WELL_STATUS": "New", "WELL_CLASS": "Water Supply", "WELL_SUBCLASS": null, "INTENDED_WATER_USE": "Private Domestic", "WELL_DETAILS_URL": "https://apps.nrs.gov.bc.ca/gwells/well/50811", "LICENCE_STATUS": "Unlicensed", "AQUIFER_ID": 1270, "PERSON_RESPONSIBLE": " ", "COMPANY_OF_PERSON_RESPONSIBLE": "I . & M.  Drilling", "FINISHED_WELL_DEPTH": 130, "TOTAL_DEPTH_DRILLED": null, "BEDROCK_DEPTH": null, "YIELD": 18, "YIELD_ESTIMATION_DURATION": null, "ARTESIAN_COND": "N", "ARTESIAN_FLOW": null, "ARTESIAN_PRESSURE": null, "STATIC_WATER_LEVEL": 115, "DIAMETER": null, "FINAL_CASING_STICK_UP": null, "GROUND_ELEVATION": null, "GROUND_ELEVATION_METHOD": "UNKNOWN", "SURFACE_SEAL_DEPTH": null, "SURFACE_SEAL_THICKNESS": null, "SURFACE_SEAL_METHOD": null, "SCREEN_INTAKE_METHOD": null, "WATER_SUPPLY_SYSTEM_NAME": null, "WATER_SUPPLY_SYSTEM_WELL_NAME": null, "CONSTRUCTION_START_DATE": "1982-08-20Z", "CONSTRUCTION_END_DATE": null, "ALTERATION_START_DATE": null, "ALTERATION_END_DATE": null, "DECOMMISSION_START_DATE": null, "DECOMMISSION_END_DATE": null, "DECOMMISSION_REASON": null, "OBSERVATION_WELL_NUMBER": null, "OBSERVATION_WELL_STATUS": null, "EMS_ID": null, "AQUIFER_MATERIAL": "Unconsolidated", "OBJECTID": 122512046, "SE_ANNO_CAD_DATA": null}}, {"type": "Feature", "id": "WHSE_WATER_MANAGEMENT.GW_WATER_WELLS_WRBC_SVW.fid-29e471e6_19f63eee063_20ef", "geometry": {"type": "Point", "coordinates": [-121.003338, 56.549518]}, "geometry_name": "GEOMETRY", "properties": {"GW_WW_SYSID": 79776, "WELL_TAG_NUMBER": 83253, "IDENTIFICATION_PLATE_NUMBER": null, "STREET_ADDRESS": " ", "CITY": " ", "LEGAL_LOT": " ", "LEGAL_PLAN": " ", "LEGAL_DISTRICT_LOT": " ", "LEGAL_PID": null, "WELL_LOCATION_DESCRIPTION": " ", "COORDINATE_ACQUISITION_CODE": "J", "WELL_STATUS": "New", "WELL_CLASS": "Water Supply", "WELL_SUBCLASS": "Not Applicable", "INTENDED_WATER_USE": "Private Domestic", "WELL_DETAILS_URL": "https://apps.nrs.gov.bc.ca/gwells/well/83253", "LICENCE_STATUS": "Unlicensed", "AQUIFER_ID": 1270, "PERSON_RESPONSIBLE": " ", "COMPANY_OF_PERSON_RESPONSIBLE": "Jacob's Water Wells", "FINISHED_WELL_DEPTH": 185, "TOTAL_DEPTH_DRILLED": 185, "BEDROCK_DEPTH": 50, "YIELD": 100, "YIELD_ESTIMATION_DURATION": null, "ARTESIAN_COND": "N", "ARTESIAN_FLOW": null, "ARTESIAN_PRESSURE": null, "STATIC_WATER_LEVEL": null, "DIAMETER": null, "FINAL_CASING_STICK_UP": null, "GROUND_ELEVATION": null, "GROUND_ELEVATION_METHOD": "UNKNOWN", "SURFACE_SEAL_DEPTH": null, "SURFACE_SEAL_THICKNESS": null, "SURFACE_SEAL_METHOD": null, "SCREEN_INTAKE_METHOD": null, "WATER_SUPPLY_SYSTEM_NAME": null, "WATER_SUPPLY_SYSTEM_WELL_NAME": null, "CONSTRUCTION_START_DATE": "2003-10-14Z", "CONSTRUCTION_END_DATE": "2003-10-14Z", "ALTERATION_START_DATE": null, "ALTERATION_END_DATE": null, "DECOMMISSION_START_DATE": null, "DECOMMISSION_END_DATE": null, "DECOMMISSION_REASON": null, "OBSERVATION_WELL_NUMBER": null, "OBSERVATION_WELL_STATUS": null, "EMS_ID": null, "AQUIFER_MATERIAL": "Bedrock", "OBJECTID": 122541126, "SE_ANNO_CAD_DATA": null}}, {"type": "Feature", "id": "WHSE_WATER_MANAGEMENT.GW_WATER_WELLS_WRBC_SVW.fid-29e471e6_19f63eee063_20f0", "geometry": {"type": "Point", "coordinates": [-120.946819, 56.564225]}, "geometry_name": "GEOMETRY", "properties": {"GW_WW_SYSID": 94519, "WELL_TAG_NUMBER": 98547, "IDENTIFICATION_PLATE_NUMBER": 22326, "STREET_ADDRESS": "12663 264 ROAD", "CITY": " ", "LEGAL_LOT": " ", "LEGAL_PLAN": " ", "LEGAL_DISTRICT_LOT": " ", "LEGAL_PID": 14614367, "WELL_LOCATION_DESCRIPTION": "NOT PROVIDED.", "COORDINATE_ACQUISITION_CODE": "J", "WELL_STATUS": "New", "WELL_CLASS": "Water Supply", "WELL_SUBCLASS": "Not Applicable", "INTENDED_WATER_USE": "Private Domestic", "WELL_DETAILS_URL": "https://apps.nrs.gov.bc.ca/gwells/well/98547", "LICENCE_STATUS": "Unlicensed", "AQUIFER_ID": 451, "PERSON_RESPONSIBLE": " ", "COMPANY_OF_PERSON_RESPONSIBLE": "Anderson Water Serv", "FINISHED_WELL_DEPTH": 195, "TOTAL_DEPTH_DRILLED": 195, "BEDROCK_DEPTH": 10, "YIELD": 2, "YIELD_ESTIMATION_DURATION": 1, "ARTESIAN_COND": "N", "ARTESIAN_FLOW": null, "ARTESIAN_PRESSURE": null, "STATIC_WATER_LEVEL": 43, "DIAMETER": 6.63, "FINAL_CASING_STICK_UP": 2, "GROUND_ELEVATION": null, "GROUND_ELEVATION_METHOD": "UNKNOWN", "SURFACE_SEAL_DEPTH": 18, "SURFACE_SEAL_THICKNESS": null, "SURFACE_SEAL_METHOD": "POURED", "SCREEN_INTAKE_METHOD": "SCREEN", "WATER_SUPPLY_SYSTEM_NAME": null, "WATER_SUPPLY_SYSTEM_WELL_NAME": null, "CONSTRUCTION_START_DATE": "2008-10-02Z", "CONSTRUCTION_END_DATE": "2008-10-02Z", "ALTERATION_START_DATE": null, "ALTERATION_END_DATE": null, "DECOMMISSION_START_DATE": null, "DECOMMISSION_END_DATE": null, "DECOMMISSION_REASON": null, "OBSERVATION_WELL_NUMBER": null, "OBSERVATION_WELL_STATUS": null, "EMS_ID": null, "AQUIFER_MATERIAL": "Unknown", "OBJECTID": 122555869, "SE_ANNO_CAD_DATA": null}}, {"type": "Feature", "id": "WHSE_WATER_MANAGEMENT.GW_WATER_WELLS_WRBC_SVW.fid-29e471e6_19f63eee063_20f1", "geometry": {"type": "Point", "coordinates": [-120.88595, 56.53807]}, "geometry_name": "GEOMETRY", "properties": {"GW_WW_SYSID": 126578, "WELL_TAG_NUMBER": 131886, "IDENTIFICATION_PLATE_NUMBER": 65615, "STREET_ADDRESS": "12020 262 Rd", "CITY": "Murdale", "LEGAL_LOT": null, "LEGAL_PLAN": null, "LEGAL_DISTRICT_LOT": null, "LEGAL_PID": 14604078, "WELL_LOCATION_DESCRIPTION": null, "COORDINATE_ACQUISITION_CODE": "H", "WELL_STATUS": "New", "WELL_CLASS": "Water Supply", "WELL_SUBCLASS": "Not Applicable", "INTENDED_WATER_USE": "Private Domestic", "WELL_DETAILS_URL": "https://apps.nrs.gov.bc.ca/gwells/well/131886", "LICENCE_STATUS": "Unlicensed", "AQUIFER_ID": null, "PERSON_RESPONSIBLE": "Martin Peters", "COMPANY_OF_PERSON_RESPONSIBLE": null, "FINISHED_WELL_DEPTH": 50, "TOTAL_DEPTH_DRILLED": 50, "BEDROCK_DEPTH": 24, "YIELD": 35, "YIELD_ESTIMATION_DURATION": 0.5, "ARTESIAN_COND": "N", "ARTESIAN_FLOW": null, "ARTESIAN_PRESSURE": null, "STATIC_WATER_LEVEL": 3.5, "DIAMETER": 6, "FINAL_CASING_STICK_UP": 24, "GROUND_ELEVATION": 2470, "GROUND_ELEVATION_METHOD": "GPS", "SURFACE_SEAL_DEPTH": 25, "SURFACE_SEAL_THICKNESS": 1, "SURFACE_SEAL_METHOD": "POURED", "SCREEN_INTAKE_METHOD": "SCREEN", "WATER_SUPPLY_SYSTEM_NAME": null, "WATER_SUPPLY_SYSTEM_WELL_NAME": null, "CONSTRUCTION_START_DATE": "2024-08-07Z", "CONSTRUCTION_END_DATE": "2024-08-08Z", "ALTERATION_START_DATE": null, "ALTERATION_END_DATE": null, "DECOMMISSION_START_DATE": null, "DECOMMISSION_END_DATE": null, "DECOMMISSION_REASON": null, "OBSERVATION_WELL_NUMBER": null, "OBSERVATION_WELL_STATUS": null, "EMS_ID": null, "AQUIFER_MATERIAL": null, "OBJECTID": 122587928, "SE_ANNO_CAD_DATA": null}}, {"type": "Feature", "id": "WHSE_WATER_MANAGEMENT.GW_WATER_WELLS_WRBC_SVW.fid-29e471e6_19f63eee063_20f2", "geometry": {"type": "Point", "coordinates": [-120.88326, 56.53753]}, "geometry_name": "GEOMETRY", "properties": {"GW_WW_SYSID": 120156, "WELL_TAG_NUMBER": 125198, "IDENTIFICATION_PLATE_NUMBER": null, "STREET_ADDRESS": "12018 262 ROAD", "CITY": "MONTNEY/Rose Prairie", "LEGAL_LOT": null, "LEGAL_PLAN": null, "LEGAL_DISTRICT_LOT": null, "LEGAL_PID": 14604078, "WELL_LOCATION_DESCRIPTION": "THE EAST 1/2 OF; 5 meters away from the south end of the house.", "COORDINATE_ACQUISITION_CODE": "A", "WELL_STATUS": "New", "WELL_CLASS": "Water Supply", "WELL_SUBCLASS": "Not Applicable", "INTENDED_WATER_USE": "Private Domestic", "WELL_DETAILS_URL": "https://apps.nrs.gov.bc.ca/gwells/well/125198", "LICENCE_STATUS": "Unlicensed", "AQUIFER_ID": null, "PERSON_RESPONSIBLE": " ", "COMPANY_OF_PERSON_RESPONSIBLE": null, "FINISHED_WELL_DEPTH": null, "TOTAL_DEPTH_DRILLED": null, "BEDROCK_DEPTH": null, "YIELD": null, "YIELD_ESTIMATION_DURATION": null, "ARTESIAN_COND": "N", "ARTESIAN_FLOW": null, "ARTESIAN_PRESSURE": null, "STATIC_WATER_LEVEL": null, "DIAMETER": null, "FINAL_CASING_STICK_UP": null, "GROUND_ELEVATION": null, "GROUND_ELEVATION_METHOD": null, "SURFACE_SEAL_DEPTH": null, "SURFACE_SEAL_THICKNESS": null, "SURFACE_SEAL_METHOD": null, "SCREEN_INTAKE_METHOD": null, "WATER_SUPPLY_SYSTEM_NAME": null, "WATER_SUPPLY_SYSTEM_WELL_NAME": null, "CONSTRUCTION_START_DATE": null, "CONSTRUCTION_END_DATE": null, "ALTERATION_START_DATE": null, "ALTERATION_END_DATE": null, "DECOMMISSION_START_DATE": null, "DECOMMISSION_END_DATE": null, "DECOMMISSION_REASON": null, "OBSERVATION_WELL_NUMBER": null, "OBSERVATION_WELL_STATUS": null, "EMS_ID": null, "AQUIFER_MATERIAL": null, "OBJECTID": 122581506, "SE_ANNO_CAD_DATA": null}}, {"type": "Feature", "id": "WHSE_WATER_MANAGEMENT.GW_WATER_WELLS_WRBC_SVW.fid-29e471e6_19f63eee063_20f3", "geometry": {"type": "Point", "coordinates": [-121.230781, 56.52155]}, "geometry_name": "GEOMETRY", "properties": {"GW_WW_SYSID": 42160, "WELL_TAG_NUMBER": 42254, "IDENTIFICATION_PLATE_NUMBER": null, "STREET_ADDRESS": "ALASKA HWY", "CITY": " ", "LEGAL_LOT": " ", "LEGAL_PLAN": " ", "LEGAL_DISTRICT_LOT": " ", "LEGAL_PID": null, "WELL_LOCATION_DESCRIPTION": " ", "COORDINATE_ACQUISITION_CODE": "E", "WELL_STATUS": "New", "WELL_CLASS": "Unknown", "WELL_SUBCLASS": null, "INTENDED_WATER_USE": "Unknown Well Use", "WELL_DETAILS_URL": "https://apps.nrs.gov.bc.ca/gwells/well/42254", "LICENCE_STATUS": "Unlicensed", "AQUIFER_ID": 1271, "PERSON_RESPONSIBLE": " ", "COMPANY_OF_PERSON_RESPONSIBLE": "I . & M.  Drilling", "FINISHED_WELL_DEPTH": 133, "TOTAL_DEPTH_DRILLED": null, "BEDROCK_DEPTH": 112, "YIELD": 4, "YIELD_ESTIMATION_DURATION": null, "ARTESIAN_COND": "N", "ARTESIAN_FLOW": null, "ARTESIAN_PRESSURE": null, "STATIC_WATER_LEVEL": null, "DIAMETER": null, "FINAL_CASING_STICK_UP": null, "GROUND_ELEVATION": null, "GROUND_ELEVATION_METHOD": "UNKNOWN", "SURFACE_SEAL_DEPTH": null, "SURFACE_SEAL_THICKNESS": null, "SURFACE_SEAL_METHOD": null, "SCREEN_INTAKE_METHOD": null, "WATER_SUPPLY_SYSTEM_NAME": null, "WATER_SUPPLY_SYSTEM_WELL_NAME": null, "CONSTRUCTION_START_DATE": "1979-05-01Z", "CONSTRUCTION_END_DATE": "1979-05-01Z", "ALTERATION_START_DATE": null, "ALTERATION_END_DATE": null, "DECOMMISSION_START_DATE": null, "DECOMMISSION_END_DATE": null, "DECOMMISSION_REASON": null, "OBSERVATION_WELL_NUMBER": null, "OBSERVATION_WELL_STATUS": null, "EMS_ID": null, "AQUIFER_MATERIAL": "Bedrock", "OBJECTID": 122503510, "SE_ANNO_CAD_DATA": null}}, {"type": "Feature", "id": "WHSE_WATER_MANAGEMENT.GW_WATER_WELLS_WRBC_SVW.fid-29e471e6_19f63eee063_20f4", "geometry": {"type": "Point", "coordinates": [-121.22832, 56.50138]}, "geometry_name": "GEOMETRY", "properties": {"GW_WW_SYSID": 118725, "WELL_TAG_NUMBER": 123720, "IDENTIFICATION_PLATE_NUMBER": 51164, "STREET_ADDRESS": "HIGHWAY 97", "CITY": "PEACE RIVER REGIONAL DISTRICT", "LEGAL_LOT": null, "LEGAL_PLAN": null, "LEGAL_DISTRICT_LOT": null, "LEGAL_PID": null, "WELL_LOCATION_DESCRIPTION": null, "COORDINATE_ACQUISITION_CODE": "H", "WELL_STATUS": "Closure", "WELL_CLASS": "Water Supply", "WELL_SUBCLASS": "Not Applicable", "INTENDED_WATER_USE": "Commercial and Industrial", "WELL_DETAILS_URL": "https://apps.nrs.gov.bc.ca/gwells/well/123720", "LICENCE_STATUS": "Unlicensed", "AQUIFER_ID": null, "PERSON_RESPONSIBLE": "Jon McLean", "COMPANY_OF_PERSON_RESPONSIBLE": "Aqua North Water Systems", "FINISHED_WELL_DEPTH": 575, "TOTAL_DEPTH_DRILLED": null, "BEDROCK_DEPTH": null, "YIELD": null, "YIELD_ESTIMATION_DURATION": null, "ARTESIAN_COND": "N", "ARTESIAN_FLOW": null, "ARTESIAN_PRESSURE": null, "STATIC_WATER_LEVEL": null, "DIAMETER": 5, "FINAL_CASING_STICK_UP": null, "GROUND_ELEVATION": null, "GROUND_ELEVATION_METHOD": null, "SURFACE_SEAL_DEPTH": null, "SURFACE_SEAL_THICKNESS": null, "SURFACE_SEAL_METHOD": null, "SCREEN_INTAKE_METHOD": null, "WATER_SUPPLY_SYSTEM_NAME": null, "WATER_SUPPLY_SYSTEM_WELL_NAME": null, "CONSTRUCTION_START_DATE": null, "CONSTRUCTION_END_DATE": null, "ALTERATION_START_DATE": null, "ALTERATION_END_DATE": null, "DECOMMISSION_START_DATE": "2021-07-23Z", "DECOMMISSION_END_DATE": "2021-07-26Z", "DECOMMISSION_REASON": "NOT IN USE", "OBSERVATION_WELL_NUMBER": null, "OBSERVATION_WELL_STATUS": null, "EMS_ID": null, "AQUIFER_MATERIAL": null, "OBJECTID": 122580075, "SE_ANNO_CAD_DATA": null}}, {"type": "Feature", "id": "WHSE_WATER_MANAGEMENT.GW_WATER_WELLS_WRBC_SVW.fid-29e471e6_19f63eee063_20f5", "geometry": {"type": "Point", "coordinates": [-121.230033, 56.464353]}, "geometry_name": "GEOMETRY", "properties": {"GW_WW_SYSID": 87718, "WELL_TAG_NUMBER": 91558, "IDENTIFICATION_PLATE_NUMBER": 22011, "STREET_ADDRESS": " ", "CITY": " ", "LEGAL_LOT": " ", "LEGAL_PLAN": " ", "LEGAL_DISTRICT_LOT": " ", "LEGAL_PID": 4381424, "WELL_LOCATION_DESCRIPTION": "NOT PROVIDED.", "COORDINATE_ACQUISITION_CODE": "J", "WELL_STATUS": "New", "WELL_CLASS": "Water Supply", "WELL_SUBCLASS": "Not Applicable", "INTENDED_WATER_USE": "Private Domestic", "WELL_DETAILS_URL": "https://apps.nrs.gov.bc.ca/gwells/well/91558", "LICENCE_STATUS": "Unlicensed", "AQUIFER_ID": 1271, "PERSON_RESPONSIBLE": " ", "COMPANY_OF_PERSON_RESPONSIBLE": "Jacob's Water Wells", "FINISHED_WELL_DEPTH": 507, "TOTAL_DEPTH_DRILLED": 507, "BEDROCK_DEPTH": 69, "YIELD": 2.7, "YIELD_ESTIMATION_DURATION": 2, "ARTESIAN_COND": "N", "ARTESIAN_FLOW": null, "ARTESIAN_PRESSURE": null, "STATIC_WATER_LEVEL": 339, "DIAMETER": 6, "FINAL_CASING_STICK_UP": 26, "GROUND_ELEVATION": 2720, "GROUND_ELEVATION_METHOD": "GPS", "SURFACE_SEAL_DEPTH": 25, "SURFACE_SEAL_THICKNESS": 1, "SURFACE_SEAL_METHOD": "POURED", "SCREEN_INTAKE_METHOD": null, "WATER_SUPPLY_SYSTEM_NAME": null, "WATER_SUPPLY_SYSTEM_WELL_NAME": null, "CONSTRUCTION_START_DATE": "2007-10-10Z", "CONSTRUCTION_END_DATE": "2007-10-31Z", "ALTERATION_START_DATE": null, "ALTERATION_END_DATE": null, "DECOMMISSION_START_DATE": null, "DECOMMISSION_END_DATE": null, "DECOMMISSION_REASON": null, "OBSERVATION_WELL_NUMBER": null, "OBSERVATION_WELL_STATUS": null, "EMS_ID": null, "AQUIFER_MATERIAL": "Bedrock", "OBJECTID": 122549068, "SE_ANNO_CAD_DATA": null}}, {"type": "Feature", "id": "WHSE_WATER_MANAGEMENT.GW_WATER_WELLS_WRBC_SVW.fid-29e471e6_19f63eee063_20f6", "geometry": {"type": "Point", "coordinates": [-121.226585, 56.462417]}, "geometry_name": "GEOMETRY", "properties": {"GW_WW_SYSID": 98790, "WELL_TAG_NUMBER": 102919, "IDENTIFICATION_PLATE_NUMBER": null, "STREET_ADDRESS": " ", "CITY": " ", "LEGAL_LOT": "A", "LEGAL_PLAN": "26259", "LEGAL_DISTRICT_LOT": " ", "LEGAL_PID": 6153305, "WELL_LOCATION_DESCRIPTION": "W6. 1 MILE FROM ALASKA HWY DOWN LOWER CASH ROAD 2ND DRIVE ON RIGHT. ", "COORDINATE_ACQUISITION_CODE": "J", "WELL_STATUS": "New", "WELL_CLASS": "Water Supply", "WELL_SUBCLASS": "Not Applicable", "INTENDED_WATER_USE": "Unknown Well Use", "WELL_DETAILS_URL": "https://apps.nrs.gov.bc.ca/gwells/well/102919", "LICENCE_STATUS": "Unlicensed", "AQUIFER_ID": 1271, "PERSON_RESPONSIBLE": " ", "COMPANY_OF_PERSON_RESPONSIBLE": null, "FINISHED_WELL_DEPTH": 150, "TOTAL_DEPTH_DRILLED": 150, "BEDROCK_DEPTH": null, "YIELD": 10, "YIELD_ESTIMATION_DURATION": null, "ARTESIAN_COND": "N", "ARTESIAN_FLOW": null, "ARTESIAN_PRESSURE": null, "STATIC_WATER_LEVEL": 99, "DIAMETER": 6.63, "FINAL_CASING_STICK_UP": 24, "GROUND_ELEVATION": null, "GROUND_ELEVATION_METHOD": "UNKNOWN", "SURFACE_SEAL_DEPTH": null, "SURFACE_SEAL_THICKNESS": null, "SURFACE_SEAL_METHOD": null, "SCREEN_INTAKE_METHOD": null, "WATER_SUPPLY_SYSTEM_NAME": null, "WATER_SUPPLY_SYSTEM_WELL_NAME": null, "CONSTRUCTION_START_DATE": "1998-11-21Z", "CONSTRUCTION_END_DATE": "1998-11-21Z", "ALTERATION_START_DATE": null, "ALTERATION_END_DATE": null, "DECOMMISSION_START_DATE": null, "DECOMMISSION_END_DATE": null, "DECOMMISSION_REASON": null, "OBSERVATION_WELL_NUMBER": null, "OBSERVATION_WELL_STATUS": null, "EMS_ID": null, "AQUIFER_MATERIAL": "Unknown", "OBJECTID": 122560140, "SE_ANNO_CAD_DATA": null}}, {"type": "Feature", "id": "WHSE_WATER_MANAGEMENT.GW_WATER_WELLS_WRBC_SVW.fid-29e471e6_19f63eee063_20f7", "geometry": {"type": "Point", "coordinates": [-121.206181, 56.483429]}, "geometry_name": "GEOMETRY", "properties": {"GW_WW_SYSID": 75054, "WELL_TAG_NUMBER": 77953, "IDENTIFICATION_PLATE_NUMBER": null, "STREET_ADDRESS": "BOX 136", "CITY": "CHARLIE LAKE BC", "LEGAL_LOT": "A", "LEGAL_PLAN": " ", "LEGAL_DISTRICT_LOT": " ", "LEGAL_PID": null, "WELL_LOCATION_DESCRIPTION": "M6 SW 1/4", "COORDINATE_ACQUISITION_CODE": "J", "WELL_STATUS": "New", "WELL_CLASS": "Water Supply", "WELL_SUBCLASS": null, "INTENDED_WATER_USE": "Private Domestic", "WELL_DETAILS_URL": "https://apps.nrs.gov.bc.ca/gwells/well/77953", "LICENCE_STATUS": "Unlicensed", "AQUIFER_ID": null, "PERSON_RESPONSIBLE": " ", "COMPANY_OF_PERSON_RESPONSIBLE": "Jacob's Water Wells", "FINISHED_WELL_DEPTH": 113, "TOTAL_DEPTH_DRILLED": null, "BEDROCK_DEPTH": null, "YIELD": 8, "YIELD_ESTIMATION_DURATION": null, "ARTESIAN_COND": "N", "ARTESIAN_FLOW": null, "ARTESIAN_PRESSURE": null, "STATIC_WATER_LEVEL": 78, "DIAMETER": 0, "FINAL_CASING_STICK_UP": null, "GROUND_ELEVATION": null, "GROUND_ELEVATION_METHOD": "UNKNOWN", "SURFACE_SEAL_DEPTH": null, "SURFACE_SEAL_THICKNESS": null, "SURFACE_SEAL_METHOD": null, "SCREEN_INTAKE_METHOD": null, "WATER_SUPPLY_SYSTEM_NAME": null, "WATER_SUPPLY_SYSTEM_WELL_NAME": null, "CONSTRUCTION_START_DATE": "1998-10-09Z", "CONSTRUCTION_END_DATE": "1998-10-09Z", "ALTERATION_START_DATE": null, "ALTERATION_END_DATE": null, "DECOMMISSION_START_DATE": null, "DECOMMISSION_END_DATE": null, "DECOMMISSION_REASON": null, "OBSERVATION_WELL_NUMBER": null, "OBSERVATION_WELL_STATUS": null, "EMS_ID": null, "AQUIFER_MATERIAL": "Unknown", "OBJECTID": 122536404, "SE_ANNO_CAD_DATA": null}}, {"type": "Feature", "id": "WHSE_WATER_MANAGEMENT.GW_WATER_WELLS_WRBC_SVW.fid-29e471e6_19f63eee063_20f8", "geometry": {"type": "Point", "coordinates": [-121.20579, 56.482417]}, "geometry_name": "GEOMETRY", "properties": {"GW_WW_SYSID": 95495, "WELL_TAG_NUMBER": 99543, "IDENTIFICATION_PLATE_NUMBER": 11433, "STREET_ADDRESS": null, "CITY": null, "LEGAL_LOT": null, "LEGAL_PLAN": null, "LEGAL_DISTRICT_LOT": null, "LEGAL_PID": 14653702, "WELL_LOCATION_DESCRIPTION": "NOT PROVIDED", "COORDINATE_ACQUISITION_CODE": "J", "WELL_STATUS": "New", "WELL_CLASS": "Water Supply", "WELL_SUBCLASS": "Not Applicable", "INTENDED_WATER_USE": "Private Domestic", "WELL_DETAILS_URL": "https://apps.nrs.gov.bc.ca/gwells/well/99543", "LICENCE_STATUS": "Unlicensed", "AQUIFER_ID": null, "PERSON_RESPONSIBLE": " ", "COMPANY_OF_PERSON_RESPONSIBLE": "Clearwater Drilling", "FINISHED_WELL_DEPTH": 480, "TOTAL_DEPTH_DRILLED": 480, "BEDROCK_DEPTH": 96, "YIELD": 20, "YIELD_ESTIMATION_DURATION": 1, "ARTESIAN_COND": "N", "ARTESIAN_FLOW": null, "ARTESIAN_PRESSURE": null, "STATIC_WATER_LEVEL": 373.5, "DIAMETER": 6.62, "FINAL_CASING_STICK_UP": 24, "GROUND_ELEVATION": null, "GROUND_ELEVATION_METHOD": "UNKNOWN", "SURFACE_SEAL_DEPTH": 15, "SURFACE_SEAL_THICKNESS": 2, "SURFACE_SEAL_METHOD": "POURED", "SCREEN_INTAKE_METHOD": null, "WATER_SUPPLY_SYSTEM_NAME": null, "WATER_SUPPLY_SYSTEM_WELL_NAME": null, "CONSTRUCTION_START_DATE": "2005-10-28Z", "CONSTRUCTION_END_DATE": "2005-10-29Z", "ALTERATION_START_DATE": null, "ALTERATION_END_DATE": null, "DECOMMISSION_START_DATE": null, "DECOMMISSION_END_DATE": null, "DECOMMISSION_REASON": null, "OBSERVATION_WELL_NUMBER": null, "OBSERVATION_WELL_STATUS": null, "EMS_ID": null, "AQUIFER_MATERIAL": "Bedrock", "OBJECTID": 122556845, "SE_ANNO_CAD_DATA": null}}, {"type": "Feature", "id": "WHSE_WATER_MANAGEMENT.GW_WATER_WELLS_WRBC_SVW.fid-29e471e6_19f63eee063_20f9", "geometry": {"type": "Point", "coordinates": [-121.19877, 56.47267]}, "geometry_name": "GEOMETRY", "properties": {"GW_WW_SYSID": 94273, "WELL_TAG_NUMBER": 98294, "IDENTIFICATION_PLATE_NUMBER": 22392, "STREET_ADDRESS": null, "CITY": null, "LEGAL_LOT": null, "LEGAL_PLAN": null, "LEGAL_DISTRICT_LOT": null, "LEGAL_PID": 16605403, "WELL_LOCATION_DESCRIPTION": "NOT PROVIDED.", "COORDINATE_ACQUISITION_CODE": "H", "WELL_STATUS": "New", "WELL_CLASS": "Water Supply", "WELL_SUBCLASS": "Not Applicable", "INTENDED_WATER_USE": "Private Domestic", "WELL_DETAILS_URL": "https://apps.nrs.gov.bc.ca/gwells/well/98294", "LICENCE_STATUS": "Unlicensed", "AQUIFER_ID": 451, "PERSON_RESPONSIBLE": " ", "COMPANY_OF_PERSON_RESPONSIBLE": "Anderson Water Serv", "FINISHED_WELL_DEPTH": 218, "TOTAL_DEPTH_DRILLED": 218, "BEDROCK_DEPTH": 60, "YIELD": 5, "YIELD_ESTIMATION_DURATION": 2, "ARTESIAN_COND": "N", "ARTESIAN_FLOW": null, "ARTESIAN_PRESSURE": null, "STATIC_WATER_LEVEL": 112, "DIAMETER": 6, "FINAL_CASING_STICK_UP": 24, "GROUND_ELEVATION": null, "GROUND_ELEVATION_METHOD": "UNKNOWN", "SURFACE_SEAL_DEPTH": 60, "SURFACE_SEAL_THICKNESS": 250, "SURFACE_SEAL_METHOD": "POURED", "SCREEN_INTAKE_METHOD": null, "WATER_SUPPLY_SYSTEM_NAME": null, "WATER_SUPPLY_SYSTEM_WELL_NAME": null, "CONSTRUCTION_START_DATE": "2008-10-09Z", "CONSTRUCTION_END_DATE": "2008-10-09Z", "ALTERATION_START_DATE": null, "ALTERATION_END_DATE": null, "DECOMMISSION_START_DATE": null, "DECOMMISSION_END_DATE": null, "DECOMMISSION_REASON": null, "OBSERVATION_WELL_NUMBER": null, "OBSERVATION_WELL_STATUS": null, "EMS_ID": null, "AQUIFER_MATERIAL": "Bedrock", "OBJECTID": 122555623, "SE_ANNO_CAD_DATA": null}}, {"type": "Feature", "id": "WHSE_WATER_MANAGEMENT.GW_WATER_WELLS_WRBC_SVW.fid-29e471e6_19f63eee063_20fa", "geometry": {"type": "Point", "coordinates": [-121.193905, 56.456392]}, "geometry_name": "GEOMETRY", "properties": {"GW_WW_SYSID": 100530, "WELL_TAG_NUMBER": 104716, "IDENTIFICATION_PLATE_NUMBER": 22069, "STREET_ADDRESS": "11232 HIGHWAY 97 NORTH", "CITY": "CHARLIE LAKE", "LEGAL_LOT": " ", "LEGAL_PLAN": " ", "LEGAL_DISTRICT_LOT": " ", "LEGAL_PID": null, "WELL_LOCATION_DESCRIPTION": " ", "COORDINATE_ACQUISITION_CODE": "H", "WELL_STATUS": "Alteration", "WELL_CLASS": "Water Supply", "WELL_SUBCLASS": "Not Applicable", "INTENDED_WATER_USE": "Private Domestic", "WELL_DETAILS_URL": "https://apps.nrs.gov.bc.ca/gwells/well/104716", "LICENCE_STATUS": "Unlicensed", "AQUIFER_ID": 1271, "PERSON_RESPONSIBLE": " ", "COMPANY_OF_PERSON_RESPONSIBLE": "Jacob's Water Wells", "FINISHED_WELL_DEPTH": 529, "TOTAL_DEPTH_DRILLED": 529, "BEDROCK_DEPTH": 101, "YIELD": 60, "YIELD_ESTIMATION_DURATION": 0.5, "ARTESIAN_COND": "N", "ARTESIAN_FLOW": null, "ARTESIAN_PRESSURE": null, "STATIC_WATER_LEVEL": 433.5, "DIAMETER": 6, "FINAL_CASING_STICK_UP": 18, "GROUND_ELEVATION": 2765, "GROUND_ELEVATION_METHOD": "GPS", "SURFACE_SEAL_DEPTH": null, "SURFACE_SEAL_THICKNESS": null, "SURFACE_SEAL_METHOD": null, "SCREEN_INTAKE_METHOD": "SCREEN", "WATER_SUPPLY_SYSTEM_NAME": null, "WATER_SUPPLY_SYSTEM_WELL_NAME": null, "CONSTRUCTION_START_DATE": "2011-10-24Z", "CONSTRUCTION_END_DATE": "2011-10-28Z", "ALTERATION_START_DATE": "2012-10-11Z", "ALTERATION_END_DATE": "2012-10-11Z", "DECOMMISSION_START_DATE": null, "DECOMMISSION_END_DATE": null, "DECOMMISSION_REASON": null, "OBSERVATION_WELL_NUMBER": null, "OBSERVATION_WELL_STATUS": null, "EMS_ID": null, "AQUIFER_MATERIAL": "Bedrock", "OBJECTID": 122561880, "SE_ANNO_CAD_DATA": null}}, {"type": "Feature", "id": "WHSE_WATER_MANAGEMENT.GW_WATER_WELLS_WRBC_SVW.fid-29e471e6_19f63eee063_20fb", "geometry": {"type": "Point", "coordinates": [-121.1899, 56.4787]}, "geometry_name": "GEOMETRY", "properties": {"GW_WW_SYSID": 123826, "WELL_TAG_NUMBER": 129029, "IDENTIFICATION_PLATE_NUMBER": 51159, "STREET_ADDRESS": "Fort St John Rural - 012057.200", "CITY": null, "LEGAL_LOT": null, "LEGAL_PLAN": null, "LEGAL_DISTRICT_LOT": null, "LEGAL_PID": 14653729, "WELL_LOCATION_DESCRIPTION": null, "COORDINATE_ACQUISITION_CODE": "H", "WELL_STATUS": "New", "WELL_CLASS": "Water Supply", "WELL_SUBCLASS": "Not Applicable", "INTENDED_WATER_USE": "Private Domestic", "WELL_DETAILS_URL": "https://apps.nrs.gov.bc.ca/gwells/well/129029", "LICENCE_STATUS": "Unlicensed", "AQUIFER_ID": null, "PERSON_RESPONSIBLE": "Bruce Haynes", "COMPANY_OF_PERSON_RESPONSIBLE": "Anderson Water Services Ltd.", "FINISHED_WELL_DEPTH": 195, "TOTAL_DEPTH_DRILLED": 195, "BEDROCK_DEPTH": 124, "YIELD": 12, "YIELD_ESTIMATION_DURATION": 1, "ARTESIAN_COND": "N", "ARTESIAN_FLOW": null, "ARTESIAN_PRESSURE": null, "STATIC_WATER_LEVEL": 151, "DIAMETER": 6, "FINAL_CASING_STICK_UP": 30, "GROUND_ELEVATION": 2641, "GROUND_ELEVATION_METHOD": "GPS", "SURFACE_SEAL_DEPTH": 40, "SURFACE_SEAL_THICKNESS": 1, "SURFACE_SEAL_METHOD": "POURED", "SCREEN_INTAKE_METHOD": null, "WATER_SUPPLY_SYSTEM_NAME": null, "WATER_SUPPLY_SYSTEM_WELL_NAME": null, "CONSTRUCTION_START_DATE": "2023-03-29Z", "CONSTRUCTION_END_DATE": "2023-03-30Z", "ALTERATION_START_DATE": null, "ALTERATION_END_DATE": null, "DECOMMISSION_START_DATE": null, "DECOMMISSION_END_DATE": null, "DECOMMISSION_REASON": null, "OBSERVATION_WELL_NUMBER": null, "OBSERVATION_WELL_STATUS": null, "EMS_ID": null, "AQUIFER_MATERIAL": null, "OBJECTID": 122585176, "SE_ANNO_CAD_DATA": null}}, {"type": "Feature", "id": "WHSE_WATER_MANAGEMENT.GW_WATER_WELLS_WRBC_SVW.fid-29e471e6_19f63eee063_20fc", "geometry": {"type": "Point", "coordinates": [-121.17719, 56.48225]}, "geometry_name": "GEOMETRY", "properties": {"GW_WW_SYSID": 130309, "WELL_TAG_NUMBER": 136476, "IDENTIFICATION_PLATE_NUMBER": 22380, "STREET_ADDRESS": null, "CITY": null, "LEGAL_LOT": null, "LEGAL_PLAN": null, "LEGAL_DISTRICT_LOT": null, "LEGAL_PID": 24319937, "WELL_LOCATION_DESCRIPTION": null, "COORDINATE_ACQUISITION_CODE": "H", "WELL_STATUS": "New", "WELL_CLASS": "Water Supply", "WELL_SUBCLASS": "Not Applicable", "INTENDED_WATER_USE": "Water Supply System", "WELL_DETAILS_URL": "https://apps.nrs.gov.bc.ca/gwells/well/136476", "LICENCE_STATUS": "Unlicensed", "AQUIFER_ID": null, "PERSON_RESPONSIBLE": "William (Bill) Wiebe", "COMPANY_OF_PERSON_RESPONSIBLE": "Anderson Water Services Ltd.", "FINISHED_WELL_DEPTH": 235, "TOTAL_DEPTH_DRILLED": 235, "BEDROCK_DEPTH": 65, "YIELD": 20, "YIELD_ESTIMATION_DURATION": 2, "ARTESIAN_COND": "N", "ARTESIAN_FLOW": null, "ARTESIAN_PRESSURE": null, "STATIC_WATER_LEVEL": 108.8, "DIAMETER": 6, "FINAL_CASING_STICK_UP": 24, "GROUND_ELEVATION": 2631, "GROUND_ELEVATION_METHOD": "GPS", "SURFACE_SEAL_DEPTH": 20, "SURFACE_SEAL_THICKNESS": 1, "SURFACE_SEAL_METHOD": "POURED", "SCREEN_INTAKE_METHOD": null, "WATER_SUPPLY_SYSTEM_NAME": null, "WATER_SUPPLY_SYSTEM_WELL_NAME": null, "CONSTRUCTION_START_DATE": "2025-11-05Z", "CONSTRUCTION_END_DATE": "2025-11-05Z", "ALTERATION_START_DATE": null, "ALTERATION_END_DATE": null, "DECOMMISSION_START_DATE": null, "DECOMMISSION_END_DATE": null, "DECOMMISSION_REASON": null, "OBSERVATION_WELL_NUMBER": null, "OBSERVATION_WELL_STATUS": null, "EMS_ID": null, "AQUIFER_MATERIAL": null, "OBJECTID": 122591659, "SE_ANNO_CAD_DATA": null}}, {"type": "Feature", "id": "WHSE_WATER_MANAGEMENT.GW_WATER_WELLS_WRBC_SVW.fid-29e471e6_19f63eee063_20fd", "geometry": {"type": "Point", "coordinates": [-121.16153, 56.46805]}, "geometry_name": "GEOMETRY", "properties": {"GW_WW_SYSID": 130311, "WELL_TAG_NUMBER": 136478, "IDENTIFICATION_PLATE_NUMBER": 22321, "STREET_ADDRESS": null, "CITY": null, "LEGAL_LOT": null, "LEGAL_PLAN": null, "LEGAL_DISTRICT_LOT": null, "LEGAL_PID": 14800811, "WELL_LOCATION_DESCRIPTION": null, "COORDINATE_ACQUISITION_CODE": "H", "WELL_STATUS": "New", "WELL_CLASS": "Water Supply", "WELL_SUBCLASS": "Not Applicable", "INTENDED_WATER_USE": "Private Domestic", "WELL_DETAILS_URL": "https://apps.nrs.gov.bc.ca/gwells/well/136478", "LICENCE_STATUS": "Unlicensed", "AQUIFER_ID": null, "PERSON_RESPONSIBLE": "William (Bill) Wiebe", "COMPANY_OF_PERSON_RESPONSIBLE": null, "FINISHED_WELL_DEPTH": 55, "TOTAL_DEPTH_DRILLED": 55, "BEDROCK_DEPTH": 30, "YIELD": 50, "YIELD_ESTIMATION_DURATION": 1, "ARTESIAN_COND": "N", "ARTESIAN_FLOW": null, "ARTESIAN_PRESSURE": null, "STATIC_WATER_LEVEL": 14.9, "DIAMETER": 6, "FINAL_CASING_STICK_UP": 60, "GROUND_ELEVATION": 2303, "GROUND_ELEVATION_METHOD": "GPS", "SURFACE_SEAL_DEPTH": 30, "SURFACE_SEAL_THICKNESS": 1, "SURFACE_SEAL_METHOD": "POURED", "SCREEN_INTAKE_METHOD": null, "WATER_SUPPLY_SYSTEM_NAME": null, "WATER_SUPPLY_SYSTEM_WELL_NAME": null, "CONSTRUCTION_START_DATE": "2025-10-02Z", "CONSTRUCTION_END_DATE": "2025-10-02Z", "ALTERATION_START_DATE": null, "ALTERATION_END_DATE": null, "DECOMMISSION_START_DATE": null, "DECOMMISSION_END_DATE": null, "DECOMMISSION_REASON": null, "OBSERVATION_WELL_NUMBER": null, "OBSERVATION_WELL_STATUS": null, "EMS_ID": null, "AQUIFER_MATERIAL": null, "OBJECTID": 122591661, "SE_ANNO_CAD_DATA": null}}, {"type": "Feature", "id": "WHSE_WATER_MANAGEMENT.GW_WATER_WELLS_WRBC_SVW.fid-29e471e6_19f63eee063_20fe", "geometry": {"type": "Point", "coordinates": [-121.14549, 56.4772]}, "geometry_name": "GEOMETRY", "properties": {"GW_WW_SYSID": 46917, "WELL_TAG_NUMBER": 47020, "IDENTIFICATION_PLATE_NUMBER": null, "STREET_ADDRESS": "14179 258 Road", "CITY": "Montney", "LEGAL_LOT": null, "LEGAL_PLAN": null, "LEGAL_DISTRICT_LOT": null, "LEGAL_PID": 4079591, "WELL_LOCATION_DESCRIPTION": "two well on property", "COORDINATE_ACQUISITION_CODE": "E", "WELL_STATUS": "New", "WELL_CLASS": "Unknown", "WELL_SUBCLASS": null, "INTENDED_WATER_USE": "Not Applicable", "WELL_DETAILS_URL": "https://apps.nrs.gov.bc.ca/gwells/well/47020", "LICENCE_STATUS": "Unlicensed", "AQUIFER_ID": 1271, "PERSON_RESPONSIBLE": " ", "COMPANY_OF_PERSON_RESPONSIBLE": "Ross, Mylo", "FINISHED_WELL_DEPTH": 165, "TOTAL_DEPTH_DRILLED": 165, "BEDROCK_DEPTH": 130, "YIELD": 6, "YIELD_ESTIMATION_DURATION": null, "ARTESIAN_COND": "N", "ARTESIAN_FLOW": null, "ARTESIAN_PRESSURE": null, "STATIC_WATER_LEVEL": 140, "DIAMETER": null, "FINAL_CASING_STICK_UP": null, "GROUND_ELEVATION": null, "GROUND_ELEVATION_METHOD": "UNKNOWN", "SURFACE_SEAL_DEPTH": null, "SURFACE_SEAL_THICKNESS": null, "SURFACE_SEAL_METHOD": null, "SCREEN_INTAKE_METHOD": null, "WATER_SUPPLY_SYSTEM_NAME": null, "WATER_SUPPLY_SYSTEM_WELL_NAME": null, "CONSTRUCTION_START_DATE": "1981-01-01Z", "CONSTRUCTION_END_DATE": "1981-01-01Z", "ALTERATION_START_DATE": null, "ALTERATION_END_DATE": null, "DECOMMISSION_START_DATE": null, "DECOMMISSION_END_DATE": null, "DECOMMISSION_REASON": null, "OBSERVATION_WELL_NUMBER": null, "OBSERVATION_WELL_STATUS": null, "EMS_ID": null, "AQUIFER_MATERIAL": "Bedrock", "OBJECTID": 122508267, "SE_ANNO_CAD_DATA": null}}, {"type": "Feature", "id": "WHSE_WATER_MANAGEMENT.GW_WATER_WELLS_WRBC_SVW.fid-29e471e6_19f63eee063_20ff", "geometry": {"type": "Point", "coordinates": [-121.1365, 56.50346]}, "geometry_name": "GEOMETRY", "properties": {"GW_WW_SYSID": 116872, "WELL_TAG_NUMBER": 121806, "IDENTIFICATION_PLATE_NUMBER": 49804, "STREET_ADDRESS": "16125 - 287 Road", "CITY": "Fort St John", "LEGAL_LOT": null, "LEGAL_PLAN": null, "LEGAL_DISTRICT_LOT": null, "LEGAL_PID": 14796279, "WELL_LOCATION_DESCRIPTION": "between hay shed and shop - SHOP WELL", "COORDINATE_ACQUISITION_CODE": "H", "WELL_STATUS": "New", "WELL_CLASS": "Water Supply", "WELL_SUBCLASS": "Not Applicable", "INTENDED_WATER_USE": "Commercial and Industrial", "WELL_DETAILS_URL": "https://apps.nrs.gov.bc.ca/gwells/well/121806", "LICENCE_STATUS": "Licensed", "AQUIFER_ID": 1271, "PERSON_RESPONSIBLE": "Simon Wolford", "COMPANY_OF_PERSON_RESPONSIBLE": "Carbon Mountain Drilling", "FINISHED_WELL_DEPTH": 160, "TOTAL_DEPTH_DRILLED": 160, "BEDROCK_DEPTH": null, "YIELD": null, "YIELD_ESTIMATION_DURATION": null, "ARTESIAN_COND": "N", "ARTESIAN_FLOW": null, "ARTESIAN_PRESSURE": null, "STATIC_WATER_LEVEL": 50, "DIAMETER": 6.625, "FINAL_CASING_STICK_UP": 30, "GROUND_ELEVATION": null, "GROUND_ELEVATION_METHOD": null, "SURFACE_SEAL_DEPTH": 19, "SURFACE_SEAL_THICKNESS": null, "SURFACE_SEAL_METHOD": null, "SCREEN_INTAKE_METHOD": null, "WATER_SUPPLY_SYSTEM_NAME": null, "WATER_SUPPLY_SYSTEM_WELL_NAME": null, "CONSTRUCTION_START_DATE": "2010-09-19Z", "CONSTRUCTION_END_DATE": "2010-09-19Z", "ALTERATION_START_DATE": null, "ALTERATION_END_DATE": null, "DECOMMISSION_START_DATE": null, "DECOMMISSION_END_DATE": null, "DECOMMISSION_REASON": null, "OBSERVATION_WELL_NUMBER": null, "OBSERVATION_WELL_STATUS": null, "EMS_ID": null, "AQUIFER_MATERIAL": null, "OBJECTID": 122578222, "SE_ANNO_CAD_DATA": null}}, {"type": "Feature", "id": "WHSE_WATER_MANAGEMENT.GW_WATER_WELLS_WRBC_SVW.fid-29e471e6_19f63eee063_2100", "geometry": {"type": "Point", "coordinates": [-121.140053, 56.464789]}, "geometry_name": "GEOMETRY", "properties": {"GW_WW_SYSID": 238, "WELL_TAG_NUMBER": 239, "IDENTIFICATION_PLATE_NUMBER": null, "STREET_ADDRESS": "ALASKA HIGHWAY", "CITY": " ", "LEGAL_LOT": " ", "LEGAL_PLAN": " ", "LEGAL_DISTRICT_LOT": " ", "LEGAL_PID": 5725623, "WELL_LOCATION_DESCRIPTION": " ", "COORDINATE_ACQUISITION_CODE": "J", "WELL_STATUS": "New", "WELL_CLASS": "Water Supply", "WELL_SUBCLASS": null, "INTENDED_WATER_USE": "Private Domestic", "WELL_DETAILS_URL": "https://apps.nrs.gov.bc.ca/gwells/well/239", "LICENCE_STATUS": "Unlicensed", "AQUIFER_ID": null, "PERSON_RESPONSIBLE": " ", "COMPANY_OF_PERSON_RESPONSIBLE": "Anderson Water Wells", "FINISHED_WELL_DEPTH": 176, "TOTAL_DEPTH_DRILLED": null, "BEDROCK_DEPTH": null, "YIELD": 7, "YIELD_ESTIMATION_DURATION": null, "ARTESIAN_COND": "N", "ARTESIAN_FLOW": null, "ARTESIAN_PRESSURE": null, "STATIC_WATER_LEVEL": 54, "DIAMETER": null, "FINAL_CASING_STICK_UP": null, "GROUND_ELEVATION": null, "GROUND_ELEVATION_METHOD": "UNKNOWN", "SURFACE_SEAL_DEPTH": null, "SURFACE_SEAL_THICKNESS": null, "SURFACE_SEAL_METHOD": null, "SCREEN_INTAKE_METHOD": null, "WATER_SUPPLY_SYSTEM_NAME": null, "WATER_SUPPLY_SYSTEM_WELL_NAME": null, "CONSTRUCTION_START_DATE": null, "CONSTRUCTION_END_DATE": null, "ALTERATION_START_DATE": null, "ALTERATION_END_DATE": null, "DECOMMISSION_START_DATE": null, "DECOMMISSION_END_DATE": null, "DECOMMISSION_REASON": null, "OBSERVATION_WELL_NUMBER": null, "OBSERVATION_WELL_STATUS": null, "EMS_ID": null, "AQUIFER_MATERIAL": "Unconsolidated", "OBJECTID": 122459124, "SE_ANNO_CAD_DATA": null}}, {"type": "Feature", "id": "WHSE_WATER_MANAGEMENT.GW_WATER_WELLS_WRBC_SVW.fid-29e471e6_19f63eee063_2101", "geometry": {"type": "Point", "coordinates": [-121.13999, 56.46137]}, "geometry_name": "GEOMETRY", "properties": {"GW_WW_SYSID": 58763, "WELL_TAG_NUMBER": 58918, "IDENTIFICATION_PLATE_NUMBER": null, "STREET_ADDRESS": null, "CITY": "MONTNY", "LEGAL_LOT": null, "LEGAL_PLAN": null, "LEGAL_DISTRICT_LOT": null, "LEGAL_PID": null, "WELL_LOCATION_DESCRIPTION": null, "COORDINATE_ACQUISITION_CODE": "J", "WELL_STATUS": "New", "WELL_CLASS": "Water Supply", "WELL_SUBCLASS": "Not Applicable", "INTENDED_WATER_USE": "Private Domestic", "WELL_DETAILS_URL": "https://apps.nrs.gov.bc.ca/gwells/well/58918", "LICENCE_STATUS": "Unlicensed", "AQUIFER_ID": 451, "PERSON_RESPONSIBLE": " ", "COMPANY_OF_PERSON_RESPONSIBLE": "Anderson Air Drilling", "FINISHED_WELL_DEPTH": 124, "TOTAL_DEPTH_DRILLED": null, "BEDROCK_DEPTH": 10, "YIELD": 25, "YIELD_ESTIMATION_DURATION": null, "ARTESIAN_COND": "N", "ARTESIAN_FLOW": null, "ARTESIAN_PRESSURE": null, "STATIC_WATER_LEVEL": null, "DIAMETER": 6, "FINAL_CASING_STICK_UP": 12, "GROUND_ELEVATION": null, "GROUND_ELEVATION_METHOD": "UNKNOWN", "SURFACE_SEAL_DEPTH": null, "SURFACE_SEAL_THICKNESS": null, "SURFACE_SEAL_METHOD": null, "SCREEN_INTAKE_METHOD": null, "WATER_SUPPLY_SYSTEM_NAME": null, "WATER_SUPPLY_SYSTEM_WELL_NAME": null, "CONSTRUCTION_START_DATE": "1989-07-05Z", "CONSTRUCTION_END_DATE": "1989-07-05Z", "ALTERATION_START_DATE": null, "ALTERATION_END_DATE": null, "DECOMMISSION_START_DATE": null, "DECOMMISSION_END_DATE": null, "DECOMMISSION_REASON": null, "OBSERVATION_WELL_NUMBER": null, "OBSERVATION_WELL_STATUS": null, "EMS_ID": null, "AQUIFER_MATERIAL": "Bedrock", "OBJECTID": 122520113, "SE_ANNO_CAD_DATA": null}}, {"type": "Feature", "id": "WHSE_WATER_MANAGEMENT.GW_WATER_WELLS_WRBC_SVW.fid-29e471e6_19f63eee063_2102", "geometry": {"type": "Point", "coordinates": [-121.13486, 56.50156]}, "geometry_name": "GEOMETRY", "properties": {"GW_WW_SYSID": 116865, "WELL_TAG_NUMBER": 121799, "IDENTIFICATION_PLATE_NUMBER": 49803, "STREET_ADDRESS": "16125-287 ROAD", "CITY": "FORT ST JOHN", "LEGAL_LOT": null, "LEGAL_PLAN": null, "LEGAL_DISTRICT_LOT": null, "LEGAL_PID": 14796279, "WELL_LOCATION_DESCRIPTION": "house well", "COORDINATE_ACQUISITION_CODE": "H", "WELL_STATUS": "New", "WELL_CLASS": "Water Supply", "WELL_SUBCLASS": "Not Applicable", "INTENDED_WATER_USE": "Commercial and Industrial", "WELL_DETAILS_URL": "https://apps.nrs.gov.bc.ca/gwells/well/121799", "LICENCE_STATUS": "Licensed", "AQUIFER_ID": 1271, "PERSON_RESPONSIBLE": " ", "COMPANY_OF_PERSON_RESPONSIBLE": "Carbon Mountain Drilling", "FINISHED_WELL_DEPTH": 160, "TOTAL_DEPTH_DRILLED": 166, "BEDROCK_DEPTH": null, "YIELD": 50, "YIELD_ESTIMATION_DURATION": null, "ARTESIAN_COND": "N", "ARTESIAN_FLOW": null, "ARTESIAN_PRESSURE": null, "STATIC_WATER_LEVEL": 43, "DIAMETER": 6.25, "FINAL_CASING_STICK_UP": 24, "GROUND_ELEVATION": null, "GROUND_ELEVATION_METHOD": null, "SURFACE_SEAL_DEPTH": 18, "SURFACE_SEAL_THICKNESS": 7.85, "SURFACE_SEAL_METHOD": null, "SCREEN_INTAKE_METHOD": null, "WATER_SUPPLY_SYSTEM_NAME": null, "WATER_SUPPLY_SYSTEM_WELL_NAME": null, "CONSTRUCTION_START_DATE": "2008-07-30Z", "CONSTRUCTION_END_DATE": "2008-07-30Z", "ALTERATION_START_DATE": null, "ALTERATION_END_DATE": null, "DECOMMISSION_START_DATE": null, "DECOMMISSION_END_DATE": null, "DECOMMISSION_REASON": null, "OBSERVATION_WELL_NUMBER": null, "OBSERVATION_WELL_STATUS": null, "EMS_ID": null, "AQUIFER_MATERIAL": null, "OBJECTID": 122578215, "SE_ANNO_CAD_DATA": null}}, {"type": "Feature", "id": "WHSE_WATER_MANAGEMENT.GW_WATER_WELLS_WRBC_SVW.fid-29e471e6_19f63eee063_2103", "geometry": {"type": "Point", "coordinates": [-121.13441, 56.50462]}, "geometry_name": "GEOMETRY", "properties": {"GW_WW_SYSID": 102813, "WELL_TAG_NUMBER": 107148, "IDENTIFICATION_PLATE_NUMBER": 49800, "STREET_ADDRESS": null, "CITY": null, "LEGAL_LOT": null, "LEGAL_PLAN": null, "LEGAL_DISTRICT_LOT": null, "LEGAL_PID": 14796279, "WELL_LOCATION_DESCRIPTION": "W 1/2 OF SECTION 32, WEST OF THE 6TH MERIDIAN PEACE RIVER DISTRICT", "COORDINATE_ACQUISITION_CODE": "A", "WELL_STATUS": "New", "WELL_CLASS": "Water Supply", "WELL_SUBCLASS": "Not Applicable", "INTENDED_WATER_USE": "Private Domestic", "WELL_DETAILS_URL": "https://apps.nrs.gov.bc.ca/gwells/well/107148", "LICENCE_STATUS": "Licensed", "AQUIFER_ID": 1271, "PERSON_RESPONSIBLE": " ", "COMPANY_OF_PERSON_RESPONSIBLE": "Anderson Water Serv", "FINISHED_WELL_DEPTH": 142, "TOTAL_DEPTH_DRILLED": 142, "BEDROCK_DEPTH": 132, "YIELD": 50, "YIELD_ESTIMATION_DURATION": 0.5, "ARTESIAN_COND": "N", "ARTESIAN_FLOW": null, "ARTESIAN_PRESSURE": null, "STATIC_WATER_LEVEL": null, "DIAMETER": null, "FINAL_CASING_STICK_UP": 24, "GROUND_ELEVATION": null, "GROUND_ELEVATION_METHOD": "UNKNOWN", "SURFACE_SEAL_DEPTH": 20, "SURFACE_SEAL_THICKNESS": 1.5, "SURFACE_SEAL_METHOD": "POURED", "SCREEN_INTAKE_METHOD": "OPEN_HOLE", "WATER_SUPPLY_SYSTEM_NAME": null, "WATER_SUPPLY_SYSTEM_WELL_NAME": null, "CONSTRUCTION_START_DATE": "2012-08-15Z", "CONSTRUCTION_END_DATE": "2012-08-15Z", "ALTERATION_START_DATE": null, "ALTERATION_END_DATE": null, "DECOMMISSION_START_DATE": null, "DECOMMISSION_END_DATE": null, "DECOMMISSION_REASON": null, "OBSERVATION_WELL_NUMBER": null, "OBSERVATION_WELL_STATUS": null, "EMS_ID": null, "AQUIFER_MATERIAL": "Unknown", "OBJECTID": 122564163, "SE_ANNO_CAD_DATA": null}}, {"type": "Feature", "id": "WHSE_WATER_MANAGEMENT.GW_WATER_WELLS_WRBC_SVW.fid-29e471e6_19f63eee063_2104", "geometry": {"type": "Point", "coordinates": [-121.08967, 56.4806]}, "geometry_name": "GEOMETRY", "properties": {"GW_WW_SYSID": 58395, "WELL_TAG_NUMBER": 58549, "IDENTIFICATION_PLATE_NUMBER": null, "STREET_ADDRESS": null, "CITY": "FORT ST. JOHN", "LEGAL_LOT": "SE1/4", "LEGAL_PLAN": null, "LEGAL_DISTRICT_LOT": null, "LEGAL_PID": 14652927, "WELL_LOCATION_DESCRIPTION": "24 Miles North and West of Fort St John", "COORDINATE_ACQUISITION_CODE": "J", "WELL_STATUS": "New", "WELL_CLASS": "Water Supply", "WELL_SUBCLASS": "Not Applicable", "INTENDED_WATER_USE": "Private Domestic", "WELL_DETAILS_URL": "https://apps.nrs.gov.bc.ca/gwells/well/58549", "LICENCE_STATUS": "Unlicensed", "AQUIFER_ID": 1271, "PERSON_RESPONSIBLE": " ", "COMPANY_OF_PERSON_RESPONSIBLE": "Anderson Water Wells", "FINISHED_WELL_DEPTH": 59, "TOTAL_DEPTH_DRILLED": null, "BEDROCK_DEPTH": null, "YIELD": 6, "YIELD_ESTIMATION_DURATION": null, "ARTESIAN_COND": "N", "ARTESIAN_FLOW": null, "ARTESIAN_PRESSURE": null, "STATIC_WATER_LEVEL": 36, "DIAMETER": 4.5, "FINAL_CASING_STICK_UP": 18, "GROUND_ELEVATION": null, "GROUND_ELEVATION_METHOD": "UNKNOWN", "SURFACE_SEAL_DEPTH": null, "SURFACE_SEAL_THICKNESS": null, "SURFACE_SEAL_METHOD": null, "SCREEN_INTAKE_METHOD": "SCREEN", "WATER_SUPPLY_SYSTEM_NAME": null, "WATER_SUPPLY_SYSTEM_WELL_NAME": null, "CONSTRUCTION_START_DATE": "1988-11-06Z", "CONSTRUCTION_END_DATE": "1988-11-06Z", "ALTERATION_START_DATE": null, "ALTERATION_END_DATE": null, "DECOMMISSION_START_DATE": null, "DECOMMISSION_END_DATE": null, "DECOMMISSION_REASON": null, "OBSERVATION_WELL_NUMBER": null, "OBSERVATION_WELL_STATUS": null, "EMS_ID": null, "AQUIFER_MATERIAL": "Unconsolidated", "OBJECTID": 122519745, "SE_ANNO_CAD_DATA": null}}, {"type": "Feature", "id": "WHSE_WATER_MANAGEMENT.GW_WATER_WELLS_WRBC_SVW.fid-29e471e6_19f63eee063_2105", "geometry": {"type": "Point", "coordinates": [-121.088663, 56.472815]}, "geometry_name": "GEOMETRY", "properties": {"GW_WW_SYSID": 98476, "WELL_TAG_NUMBER": 102601, "IDENTIFICATION_PLATE_NUMBER": null, "STREET_ADDRESS": "283 ROAD", "CITY": "BECKERS HILL NORTH", "LEGAL_LOT": " ", "LEGAL_PLAN": " ", "LEGAL_DISTRICT_LOT": " ", "LEGAL_PID": 14729032, "WELL_LOCATION_DESCRIPTION": "NE 1/4 21-86-20 W6. BECKERS HILL NORTH 283 RD.", "COORDINATE_ACQUISITION_CODE": "J", "WELL_STATUS": "New", "WELL_CLASS": "Water Supply", "WELL_SUBCLASS": "Not Applicable", "INTENDED_WATER_USE": "Private Domestic", "WELL_DETAILS_URL": "https://apps.nrs.gov.bc.ca/gwells/well/102601", "LICENCE_STATUS": "Unlicensed", "AQUIFER_ID": 1271, "PERSON_RESPONSIBLE": " ", "COMPANY_OF_PERSON_RESPONSIBLE": "Anderson Air Drilling", "FINISHED_WELL_DEPTH": 275, "TOTAL_DEPTH_DRILLED": 275, "BEDROCK_DEPTH": null, "YIELD": 5, "YIELD_ESTIMATION_DURATION": null, "ARTESIAN_COND": "N", "ARTESIAN_FLOW": null, "ARTESIAN_PRESSURE": null, "STATIC_WATER_LEVEL": 195, "DIAMETER": 5, "FINAL_CASING_STICK_UP": 24, "GROUND_ELEVATION": null, "GROUND_ELEVATION_METHOD": "UNKNOWN", "SURFACE_SEAL_DEPTH": null, "SURFACE_SEAL_THICKNESS": null, "SURFACE_SEAL_METHOD": null, "SCREEN_INTAKE_METHOD": null, "WATER_SUPPLY_SYSTEM_NAME": null, "WATER_SUPPLY_SYSTEM_WELL_NAME": null, "CONSTRUCTION_START_DATE": "2003-06-13Z", "CONSTRUCTION_END_DATE": "2003-06-13Z", "ALTERATION_START_DATE": null, "ALTERATION_END_DATE": null, "DECOMMISSION_START_DATE": null, "DECOMMISSION_END_DATE": null, "DECOMMISSION_REASON": null, "OBSERVATION_WELL_NUMBER": null, "OBSERVATION_WELL_STATUS": null, "EMS_ID": null, "AQUIFER_MATERIAL": "Bedrock", "OBJECTID": 122559826, "SE_ANNO_CAD_DATA": null}}, {"type": "Feature", "id": "WHSE_WATER_MANAGEMENT.GW_WATER_WELLS_WRBC_SVW.fid-29e471e6_19f63eee063_2106", "geometry": {"type": "Point", "coordinates": [-121.030699, 56.460595]}, "geometry_name": "GEOMETRY", "properties": {"GW_WW_SYSID": 26634, "WELL_TAG_NUMBER": 26684, "IDENTIFICATION_PLATE_NUMBER": null, "STREET_ADDRESS": " ", "CITY": "MONTNEY", "LEGAL_LOT": " ", "LEGAL_PLAN": " ", "LEGAL_DISTRICT_LOT": " ", "LEGAL_PID": null, "WELL_LOCATION_DESCRIPTION": " ", "COORDINATE_ACQUISITION_CODE": "E", "WELL_STATUS": "New", "WELL_CLASS": "Water Supply", "WELL_SUBCLASS": null, "INTENDED_WATER_USE": "Private Domestic", "WELL_DETAILS_URL": "https://apps.nrs.gov.bc.ca/gwells/well/26684", "LICENCE_STATUS": "Unlicensed", "AQUIFER_ID": 1271, "PERSON_RESPONSIBLE": " ", "COMPANY_OF_PERSON_RESPONSIBLE": "Cliff Baker Drilling", "FINISHED_WELL_DEPTH": 290, "TOTAL_DEPTH_DRILLED": null, "BEDROCK_DEPTH": 70, "YIELD": 7, "YIELD_ESTIMATION_DURATION": null, "ARTESIAN_COND": "N", "ARTESIAN_FLOW": null, "ARTESIAN_PRESSURE": null, "STATIC_WATER_LEVEL": 240, "DIAMETER": null, "FINAL_CASING_STICK_UP": null, "GROUND_ELEVATION": null, "GROUND_ELEVATION_METHOD": "UNKNOWN", "SURFACE_SEAL_DEPTH": null, "SURFACE_SEAL_THICKNESS": null, "SURFACE_SEAL_METHOD": null, "SCREEN_INTAKE_METHOD": null, "WATER_SUPPLY_SYSTEM_NAME": null, "WATER_SUPPLY_SYSTEM_WELL_NAME": null, "CONSTRUCTION_START_DATE": "1972-08-01Z", "CONSTRUCTION_END_DATE": "1972-08-01Z", "ALTERATION_START_DATE": null, "ALTERATION_END_DATE": null, "DECOMMISSION_START_DATE": null, "DECOMMISSION_END_DATE": null, "DECOMMISSION_REASON": null, "OBSERVATION_WELL_NUMBER": null, "OBSERVATION_WELL_STATUS": null, "EMS_ID": null, "AQUIFER_MATERIAL": "Bedrock", "OBJECTID": 122487984, "SE_ANNO_CAD_DATA": null}}, {"type": "Feature", "id": "WHSE_WATER_MANAGEMENT.GW_WATER_WELLS_WRBC_SVW.fid-29e471e6_19f63eee063_2107", "geometry": {"type": "Point", "coordinates": [-121.030087, 56.450162]}, "geometry_name": "GEOMETRY", "properties": {"GW_WW_SYSID": 4943, "WELL_TAG_NUMBER": 4951, "IDENTIFICATION_PLATE_NUMBER": null, "STREET_ADDRESS": " ", "CITY": " ", "LEGAL_LOT": " ", "LEGAL_PLAN": " ", "LEGAL_DISTRICT_LOT": " ", "LEGAL_PID": null, "WELL_LOCATION_DESCRIPTION": " ", "COORDINATE_ACQUISITION_CODE": "E", "WELL_STATUS": "Abandoned", "WELL_CLASS": "Unknown", "WELL_SUBCLASS": null, "INTENDED_WATER_USE": "Unknown Well Use", "WELL_DETAILS_URL": "https://apps.nrs.gov.bc.ca/gwells/well/4951", "LICENCE_STATUS": "Unlicensed", "AQUIFER_ID": null, "PERSON_RESPONSIBLE": " ", "COMPANY_OF_PERSON_RESPONSIBLE": "Unknown", "FINISHED_WELL_DEPTH": 112, "TOTAL_DEPTH_DRILLED": null, "BEDROCK_DEPTH": null, "YIELD": null, "YIELD_ESTIMATION_DURATION": null, "ARTESIAN_COND": "N", "ARTESIAN_FLOW": null, "ARTESIAN_PRESSURE": null, "STATIC_WATER_LEVEL": null, "DIAMETER": null, "FINAL_CASING_STICK_UP": null, "GROUND_ELEVATION": null, "GROUND_ELEVATION_METHOD": "UNKNOWN", "SURFACE_SEAL_DEPTH": null, "SURFACE_SEAL_THICKNESS": null, "SURFACE_SEAL_METHOD": null, "SCREEN_INTAKE_METHOD": null, "WATER_SUPPLY_SYSTEM_NAME": null, "WATER_SUPPLY_SYSTEM_WELL_NAME": null, "CONSTRUCTION_START_DATE": "1950-01-01Z", "CONSTRUCTION_END_DATE": "1950-01-01Z", "ALTERATION_START_DATE": null, "ALTERATION_END_DATE": null, "DECOMMISSION_START_DATE": null, "DECOMMISSION_END_DATE": null, "DECOMMISSION_REASON": null, "OBSERVATION_WELL_NUMBER": null, "OBSERVATION_WELL_STATUS": null, "EMS_ID": null, "AQUIFER_MATERIAL": "Unconsolidated", "OBJECTID": 122466293, "SE_ANNO_CAD_DATA": null}}, {"type": "Feature", "id": "WHSE_WATER_MANAGEMENT.GW_WATER_WELLS_WRBC_SVW.fid-29e471e6_19f63eee063_2108", "geometry": {"type": "Point", "coordinates": [-121.007393, 56.492772]}, "geometry_name": "GEOMETRY", "properties": {"GW_WW_SYSID": 98480, "WELL_TAG_NUMBER": 102605, "IDENTIFICATION_PLATE_NUMBER": 22035, "STREET_ADDRESS": "15962 277 ROAD", "CITY": "MONTNEY", "LEGAL_LOT": " ", "LEGAL_PLAN": " ", "LEGAL_DISTRICT_LOT": " ", "LEGAL_PID": 16738462, "WELL_LOCATION_DESCRIPTION": "NOT PROVIDED", "COORDINATE_ACQUISITION_CODE": "H", "WELL_STATUS": "New", "WELL_CLASS": "Water Supply", "WELL_SUBCLASS": "Not Applicable", "INTENDED_WATER_USE": "Private Domestic", "WELL_DETAILS_URL": "https://apps.nrs.gov.bc.ca/gwells/well/102605", "LICENCE_STATUS": "Unlicensed", "AQUIFER_ID": 1270, "PERSON_RESPONSIBLE": " ", "COMPANY_OF_PERSON_RESPONSIBLE": "Jacob's Water Wells", "FINISHED_WELL_DEPTH": 106, "TOTAL_DEPTH_DRILLED": 106, "BEDROCK_DEPTH": 77, "YIELD": 35, "YIELD_ESTIMATION_DURATION": 0.5, "ARTESIAN_COND": "N", "ARTESIAN_FLOW": null, "ARTESIAN_PRESSURE": null, "STATIC_WATER_LEVEL": 59.7, "DIAMETER": 6, "FINAL_CASING_STICK_UP": 24, "GROUND_ELEVATION": 2330, "GROUND_ELEVATION_METHOD": "UNKNOWN", "SURFACE_SEAL_DEPTH": 30, "SURFACE_SEAL_THICKNESS": 1, "SURFACE_SEAL_METHOD": "POURED", "SCREEN_INTAKE_METHOD": "SCREEN", "WATER_SUPPLY_SYSTEM_NAME": null, "WATER_SUPPLY_SYSTEM_WELL_NAME": null, "CONSTRUCTION_START_DATE": "2010-09-17Z", "CONSTRUCTION_END_DATE": "2010-09-21Z", "ALTERATION_START_DATE": null, "ALTERATION_END_DATE": null, "DECOMMISSION_START_DATE": null, "DECOMMISSION_END_DATE": null, "DECOMMISSION_REASON": null, "OBSERVATION_WELL_NUMBER": null, "OBSERVATION_WELL_STATUS": null, "EMS_ID": null, "AQUIFER_MATERIAL": "Bedrock", "OBJECTID": 122559830, "SE_ANNO_CAD_DATA": null}}, {"type": "Feature", "id": "WHSE_WATER_MANAGEMENT.GW_WATER_WELLS_WRBC_SVW.fid-29e471e6_19f63eee063_2109", "geometry": {"type": "Point", "coordinates": [-121.00826, 56.47531]}, "geometry_name": "GEOMETRY", "properties": {"GW_WW_SYSID": 43127, "WELL_TAG_NUMBER": 43221, "IDENTIFICATION_PLATE_NUMBER": null, "STREET_ADDRESS": null, "CITY": "MONTENY", "LEGAL_LOT": null, "LEGAL_PLAN": null, "LEGAL_DISTRICT_LOT": null, "LEGAL_PID": null, "WELL_LOCATION_DESCRIPTION": null, "COORDINATE_ACQUISITION_CODE": "E", "WELL_STATUS": "New", "WELL_CLASS": "Unknown", "WELL_SUBCLASS": null, "INTENDED_WATER_USE": "Not Applicable", "WELL_DETAILS_URL": "https://apps.nrs.gov.bc.ca/gwells/well/43221", "LICENCE_STATUS": "Unlicensed", "AQUIFER_ID": 451, "PERSON_RESPONSIBLE": " ", "COMPANY_OF_PERSON_RESPONSIBLE": "I . & M.  Drilling", "FINISHED_WELL_DEPTH": 136, "TOTAL_DEPTH_DRILLED": null, "BEDROCK_DEPTH": 40, "YIELD": 3, "YIELD_ESTIMATION_DURATION": null, "ARTESIAN_COND": "N", "ARTESIAN_FLOW": null, "ARTESIAN_PRESSURE": null, "STATIC_WATER_LEVEL": null, "DIAMETER": null, "FINAL_CASING_STICK_UP": null, "GROUND_ELEVATION": null, "GROUND_ELEVATION_METHOD": "UNKNOWN", "SURFACE_SEAL_DEPTH": null, "SURFACE_SEAL_THICKNESS": null, "SURFACE_SEAL_METHOD": null, "SCREEN_INTAKE_METHOD": null, "WATER_SUPPLY_SYSTEM_NAME": null, "WATER_SUPPLY_SYSTEM_WELL_NAME": null, "CONSTRUCTION_START_DATE": "1979-08-28Z", "CONSTRUCTION_END_DATE": "1979-08-28Z", "ALTERATION_START_DATE": null, "ALTERATION_END_DATE": null, "DECOMMISSION_START_DATE": null, "DECOMMISSION_END_DATE": null, "DECOMMISSION_REASON": null, "OBSERVATION_WELL_NUMBER": null, "OBSERVATION_WELL_STATUS": null, "EMS_ID": null, "AQUIFER_MATERIAL": "Bedrock", "OBJECTID": 122504477, "SE_ANNO_CAD_DATA": null}}, {"type": "Feature", "id": "WHSE_WATER_MANAGEMENT.GW_WATER_WELLS_WRBC_SVW.fid-29e471e6_19f63eee063_210a", "geometry": {"type": "Point", "coordinates": [-121.003852, 56.50358]}, "geometry_name": "GEOMETRY", "properties": {"GW_WW_SYSID": 94314, "WELL_TAG_NUMBER": 98335, "IDENTIFICATION_PLATE_NUMBER": 22019, "STREET_ADDRESS": "16137 277 ROAD", "CITY": "MONTNEY", "LEGAL_LOT": " ", "LEGAL_PLAN": " ", "LEGAL_DISTRICT_LOT": " ", "LEGAL_PID": null, "WELL_LOCATION_DESCRIPTION": "NOT PROVIDED", "COORDINATE_ACQUISITION_CODE": "H", "WELL_STATUS": "New", "WELL_CLASS": "Water Supply", "WELL_SUBCLASS": "Not Applicable", "INTENDED_WATER_USE": "Private Domestic", "WELL_DETAILS_URL": "https://apps.nrs.gov.bc.ca/gwells/well/98335", "LICENCE_STATUS": "Unlicensed", "AQUIFER_ID": 1270, "PERSON_RESPONSIBLE": " ", "COMPANY_OF_PERSON_RESPONSIBLE": "Jacob's Water Wells", "FINISHED_WELL_DEPTH": 175, "TOTAL_DEPTH_DRILLED": 175, "BEDROCK_DEPTH": 158.5, "YIELD": 160, "YIELD_ESTIMATION_DURATION": 0.5, "ARTESIAN_COND": "N", "ARTESIAN_FLOW": null, "ARTESIAN_PRESSURE": null, "STATIC_WATER_LEVEL": 30.5, "DIAMETER": 6, "FINAL_CASING_STICK_UP": 30, "GROUND_ELEVATION": 2275, "GROUND_ELEVATION_METHOD": "GPS", "SURFACE_SEAL_DEPTH": 20, "SURFACE_SEAL_THICKNESS": 1, "SURFACE_SEAL_METHOD": "POURED", "SCREEN_INTAKE_METHOD": null, "WATER_SUPPLY_SYSTEM_NAME": null, "WATER_SUPPLY_SYSTEM_WELL_NAME": null, "CONSTRUCTION_START_DATE": "2008-08-18Z", "CONSTRUCTION_END_DATE": "2008-08-26Z", "ALTERATION_START_DATE": null, "ALTERATION_END_DATE": null, "DECOMMISSION_START_DATE": null, "DECOMMISSION_END_DATE": null, "DECOMMISSION_REASON": null, "OBSERVATION_WELL_NUMBER": null, "OBSERVATION_WELL_STATUS": null, "EMS_ID": null, "AQUIFER_MATERIAL": "Unknown", "OBJECTID": 122555664, "SE_ANNO_CAD_DATA": null}}, {"type": "Feature", "id": "WHSE_WATER_MANAGEMENT.GW_WATER_WELLS_WRBC_SVW.fid-29e471e6_19f63eee063_210b", "geometry": {"type": "Point", "coordinates": [-121.004233, 56.500283]}, "geometry_name": "GEOMETRY", "properties": {"GW_WW_SYSID": 104003, "WELL_TAG_NUMBER": 108370, "IDENTIFICATION_PLATE_NUMBER": 22048, "STREET_ADDRESS": "16099 277 BUSCHE ROAD", "CITY": "MONTNEY", "LEGAL_LOT": " ", "LEGAL_PLAN": " ", "LEGAL_DISTRICT_LOT": " ", "LEGAL_PID": null, "WELL_LOCATION_DESCRIPTION": "NOT PROVIDED", "COORDINATE_ACQUISITION_CODE": "H", "WELL_STATUS": "New", "WELL_CLASS": "Water Supply", "WELL_SUBCLASS": "Not Applicable", "INTENDED_WATER_USE": "Private Domestic", "WELL_DETAILS_URL": "https://apps.nrs.gov.bc.ca/gwells/well/108370", "LICENCE_STATUS": "Unlicensed", "AQUIFER_ID": 1270, "PERSON_RESPONSIBLE": " ", "COMPANY_OF_PERSON_RESPONSIBLE": "Jacob's Water Wells", "FINISHED_WELL_DEPTH": 163.5, "TOTAL_DEPTH_DRILLED": 163.5, "BEDROCK_DEPTH": 161, "YIELD": 25, "YIELD_ESTIMATION_DURATION": 0.5, "ARTESIAN_COND": "N", "ARTESIAN_FLOW": null, "ARTESIAN_PRESSURE": null, "STATIC_WATER_LEVEL": 32, "DIAMETER": 6, "FINAL_CASING_STICK_UP": 26, "GROUND_ELEVATION": 2260, "GROUND_ELEVATION_METHOD": "UNKNOWN", "SURFACE_SEAL_DEPTH": 30, "SURFACE_SEAL_THICKNESS": 1, "SURFACE_SEAL_METHOD": "POURED", "SCREEN_INTAKE_METHOD": null, "WATER_SUPPLY_SYSTEM_NAME": null, "WATER_SUPPLY_SYSTEM_WELL_NAME": null, "CONSTRUCTION_START_DATE": "2012-04-24Z", "CONSTRUCTION_END_DATE": "2012-05-03Z", "ALTERATION_START_DATE": null, "ALTERATION_END_DATE": null, "DECOMMISSION_START_DATE": null, "DECOMMISSION_END_DATE": null, "DECOMMISSION_REASON": null, "OBSERVATION_WELL_NUMBER": null, "OBSERVATION_WELL_STATUS": null, "EMS_ID": null, "AQUIFER_MATERIAL": "Unknown", "OBJECTID": 122565353, "SE_ANNO_CAD_DATA": null}}, {"type": "Feature", "id": "WHSE_WATER_MANAGEMENT.GW_WATER_WELLS_WRBC_SVW.fid-29e471e6_19f63eee063_210c", "geometry": {"type": "Point", "coordinates": [-121.00827, 56.45413]}, "geometry_name": "GEOMETRY", "properties": {"GW_WW_SYSID": 43464, "WELL_TAG_NUMBER": 43558, "IDENTIFICATION_PLATE_NUMBER": null, "STREET_ADDRESS": "15452 277 Road", "CITY": "Montney", "LEGAL_LOT": null, "LEGAL_PLAN": null, "LEGAL_DISTRICT_LOT": null, "LEGAL_PID": 15263045, "WELL_LOCATION_DESCRIPTION": "S/E 1/4", "COORDINATE_ACQUISITION_CODE": "E", "WELL_STATUS": "New", "WELL_CLASS": "Water Supply", "WELL_SUBCLASS": null, "INTENDED_WATER_USE": "Private Domestic", "WELL_DETAILS_URL": "https://apps.nrs.gov.bc.ca/gwells/well/43558", "LICENCE_STATUS": "Unlicensed", "AQUIFER_ID": 1270, "PERSON_RESPONSIBLE": " ", "COMPANY_OF_PERSON_RESPONSIBLE": "Everett's Water Well Service", "FINISHED_WELL_DEPTH": 285, "TOTAL_DEPTH_DRILLED": null, "BEDROCK_DEPTH": null, "YIELD": 2, "YIELD_ESTIMATION_DURATION": null, "ARTESIAN_COND": "N", "ARTESIAN_FLOW": null, "ARTESIAN_PRESSURE": null, "STATIC_WATER_LEVEL": null, "DIAMETER": null, "FINAL_CASING_STICK_UP": null, "GROUND_ELEVATION": null, "GROUND_ELEVATION_METHOD": "UNKNOWN", "SURFACE_SEAL_DEPTH": null, "SURFACE_SEAL_THICKNESS": null, "SURFACE_SEAL_METHOD": null, "SCREEN_INTAKE_METHOD": null, "WATER_SUPPLY_SYSTEM_NAME": null, "WATER_SUPPLY_SYSTEM_WELL_NAME": null, "CONSTRUCTION_START_DATE": "1979-10-01Z", "CONSTRUCTION_END_DATE": "1979-10-01Z", "ALTERATION_START_DATE": null, "ALTERATION_END_DATE": null, "DECOMMISSION_START_DATE": null, "DECOMMISSION_END_DATE": null, "DECOMMISSION_REASON": null, "OBSERVATION_WELL_NUMBER": null, "OBSERVATION_WELL_STATUS": null, "EMS_ID": null, "AQUIFER_MATERIAL": "Unconsolidated", "OBJECTID": 122504814, "SE_ANNO_CAD_DATA": null}}, {"type": "Feature", "id": "WHSE_WATER_MANAGEMENT.GW_WATER_WELLS_WRBC_SVW.fid-29e471e6_19f63eee063_210d", "geometry": {"type": "Point", "coordinates": [-121.00658, 56.449418]}, "geometry_name": "GEOMETRY", "properties": {"GW_WW_SYSID": 15759, "WELL_TAG_NUMBER": 15787, "IDENTIFICATION_PLATE_NUMBER": null, "STREET_ADDRESS": " ", "CITY": " ", "LEGAL_LOT": " ", "LEGAL_PLAN": " ", "LEGAL_DISTRICT_LOT": " ", "LEGAL_PID": null, "WELL_LOCATION_DESCRIPTION": " ", "COORDINATE_ACQUISITION_CODE": "A", "WELL_STATUS": "New", "WELL_CLASS": "Water Supply", "WELL_SUBCLASS": null, "INTENDED_WATER_USE": "Private Domestic", "WELL_DETAILS_URL": "https://apps.nrs.gov.bc.ca/gwells/well/15787", "LICENCE_STATUS": "Unlicensed", "AQUIFER_ID": 1270, "PERSON_RESPONSIBLE": " ", "COMPANY_OF_PERSON_RESPONSIBLE": "Cliff Baker Drilling", "FINISHED_WELL_DEPTH": 100, "TOTAL_DEPTH_DRILLED": null, "BEDROCK_DEPTH": 30, "YIELD": 0, "YIELD_ESTIMATION_DURATION": null, "ARTESIAN_COND": "N", "ARTESIAN_FLOW": null, "ARTESIAN_PRESSURE": null, "STATIC_WATER_LEVEL": 35, "DIAMETER": 4, "FINAL_CASING_STICK_UP": null, "GROUND_ELEVATION": null, "GROUND_ELEVATION_METHOD": "UNKNOWN", "SURFACE_SEAL_DEPTH": null, "SURFACE_SEAL_THICKNESS": null, "SURFACE_SEAL_METHOD": null, "SCREEN_INTAKE_METHOD": null, "WATER_SUPPLY_SYSTEM_NAME": null, "WATER_SUPPLY_SYSTEM_WELL_NAME": null, "CONSTRUCTION_START_DATE": "1959-01-01Z", "CONSTRUCTION_END_DATE": "1959-01-01Z", "ALTERATION_START_DATE": null, "ALTERATION_END_DATE": null, "DECOMMISSION_START_DATE": null, "DECOMMISSION_END_DATE": null, "DECOMMISSION_REASON": null, "OBSERVATION_WELL_NUMBER": null, "OBSERVATION_WELL_STATUS": null, "EMS_ID": null, "AQUIFER_MATERIAL": "Bedrock", "OBJECTID": 122477109, "SE_ANNO_CAD_DATA": null}}, {"type": "Feature", "id": "WHSE_WATER_MANAGEMENT.GW_WATER_WELLS_WRBC_SVW.fid-29e471e6_19f63eee063_210e", "geometry": {"type": "Point", "coordinates": [-120.99762, 56.47989]}, "geometry_name": "GEOMETRY", "properties": {"GW_WW_SYSID": 62595, "WELL_TAG_NUMBER": 62802, "IDENTIFICATION_PLATE_NUMBER": null, "STREET_ADDRESS": "258 Road", "CITY": "FORT ST. JOHN", "LEGAL_LOT": null, "LEGAL_PLAN": "18940", "LEGAL_DISTRICT_LOT": null, "LEGAL_PID": 14914298, "WELL_LOCATION_DESCRIPTION": null, "COORDINATE_ACQUISITION_CODE": "J", "WELL_STATUS": "New", "WELL_CLASS": "Water Supply", "WELL_SUBCLASS": "Not Applicable", "INTENDED_WATER_USE": "Private Domestic", "WELL_DETAILS_URL": "https://apps.nrs.gov.bc.ca/gwells/well/62802", "LICENCE_STATUS": "Unlicensed", "AQUIFER_ID": 1269, "PERSON_RESPONSIBLE": "Jacob Peters", "COMPANY_OF_PERSON_RESPONSIBLE": "Jacob's Water Wells", "FINISHED_WELL_DEPTH": 33, "TOTAL_DEPTH_DRILLED": null, "BEDROCK_DEPTH": 15, "YIELD": 18, "YIELD_ESTIMATION_DURATION": null, "ARTESIAN_COND": "N", "ARTESIAN_FLOW": null, "ARTESIAN_PRESSURE": null, "STATIC_WATER_LEVEL": 14, "DIAMETER": null, "FINAL_CASING_STICK_UP": null, "GROUND_ELEVATION": null, "GROUND_ELEVATION_METHOD": "UNKNOWN", "SURFACE_SEAL_DEPTH": null, "SURFACE_SEAL_THICKNESS": null, "SURFACE_SEAL_METHOD": null, "SCREEN_INTAKE_METHOD": null, "WATER_SUPPLY_SYSTEM_NAME": null, "WATER_SUPPLY_SYSTEM_WELL_NAME": null, "CONSTRUCTION_START_DATE": "1996-09-04Z", "CONSTRUCTION_END_DATE": "1996-09-04Z", "ALTERATION_START_DATE": null, "ALTERATION_END_DATE": null, "DECOMMISSION_START_DATE": null, "DECOMMISSION_END_DATE": null, "DECOMMISSION_REASON": null, "OBSERVATION_WELL_NUMBER": null, "OBSERVATION_WELL_STATUS": null, "EMS_ID": null, "AQUIFER_MATERIAL": "Bedrock", "OBJECTID": 122523945, "SE_ANNO_CAD_DATA": null}}, {"type": "Feature", "id": "WHSE_WATER_MANAGEMENT.GW_WATER_WELLS_WRBC_SVW.fid-29e471e6_19f63eee063_210f", "geometry": {"type": "Point", "coordinates": [-120.99558, 56.48103]}, "geometry_name": "GEOMETRY", "properties": {"GW_WW_SYSID": 129809, "WELL_TAG_NUMBER": 135949, "IDENTIFICATION_PLATE_NUMBER": 68606, "STREET_ADDRESS": "13038 258 Rd", "CITY": "Montney", "LEGAL_LOT": null, "LEGAL_PLAN": null, "LEGAL_DISTRICT_LOT": null, "LEGAL_PID": 14914298, "WELL_LOCATION_DESCRIPTION": null, "COORDINATE_ACQUISITION_CODE": "H", "WELL_STATUS": "New", "WELL_CLASS": "Water Supply", "WELL_SUBCLASS": "Not Applicable", "INTENDED_WATER_USE": "Private Domestic", "WELL_DETAILS_URL": "https://apps.nrs.gov.bc.ca/gwells/well/135949", "LICENCE_STATUS": "Unlicensed", "AQUIFER_ID": null, "PERSON_RESPONSIBLE": "Martin Peters", "COMPANY_OF_PERSON_RESPONSIBLE": null, "FINISHED_WELL_DEPTH": 140, "TOTAL_DEPTH_DRILLED": 140, "BEDROCK_DEPTH": 105, "YIELD": 19, "YIELD_ESTIMATION_DURATION": 1, "ARTESIAN_COND": "N", "ARTESIAN_FLOW": null, "ARTESIAN_PRESSURE": null, "STATIC_WATER_LEVEL": 61.8, "DIAMETER": 6, "FINAL_CASING_STICK_UP": 24, "GROUND_ELEVATION": 2310, "GROUND_ELEVATION_METHOD": "GPS", "SURFACE_SEAL_DEPTH": 25, "SURFACE_SEAL_THICKNESS": 1, "SURFACE_SEAL_METHOD": "POURED", "SCREEN_INTAKE_METHOD": "SCREEN", "WATER_SUPPLY_SYSTEM_NAME": null, "WATER_SUPPLY_SYSTEM_WELL_NAME": null, "CONSTRUCTION_START_DATE": "2025-09-17Z", "CONSTRUCTION_END_DATE": "2025-09-18Z", "ALTERATION_START_DATE": null, "ALTERATION_END_DATE": null, "DECOMMISSION_START_DATE": null, "DECOMMISSION_END_DATE": null, "DECOMMISSION_REASON": null, "OBSERVATION_WELL_NUMBER": null, "OBSERVATION_WELL_STATUS": null, "EMS_ID": null, "AQUIFER_MATERIAL": null, "OBJECTID": 122591159, "SE_ANNO_CAD_DATA": null}}, {"type": "Feature", "id": "WHSE_WATER_MANAGEMENT.GW_WATER_WELLS_WRBC_SVW.fid-29e471e6_19f63eee063_2110", "geometry": {"type": "Point", "coordinates": [-120.99464, 56.46598]}, "geometry_name": "GEOMETRY", "properties": {"GW_WW_SYSID": 114743, "WELL_TAG_NUMBER": 119614, "IDENTIFICATION_PLATE_NUMBER": null, "STREET_ADDRESS": null, "CITY": null, "LEGAL_LOT": null, "LEGAL_PLAN": null, "LEGAL_DISTRICT_LOT": null, "LEGAL_PID": 10738762, "WELL_LOCATION_DESCRIPTION": "SW 1/4 OF SEC 19 TP 86 R 19 W6M PEACE RIVER", "COORDINATE_ACQUISITION_CODE": "H", "WELL_STATUS": "New", "WELL_CLASS": "Water Supply", "WELL_SUBCLASS": "Not Applicable", "INTENDED_WATER_USE": "Private Domestic", "WELL_DETAILS_URL": "https://apps.nrs.gov.bc.ca/gwells/well/119614", "LICENCE_STATUS": "Unlicensed", "AQUIFER_ID": null, "PERSON_RESPONSIBLE": " ", "COMPANY_OF_PERSON_RESPONSIBLE": null, "FINISHED_WELL_DEPTH": null, "TOTAL_DEPTH_DRILLED": null, "BEDROCK_DEPTH": null, "YIELD": null, "YIELD_ESTIMATION_DURATION": null, "ARTESIAN_COND": "N", "ARTESIAN_FLOW": null, "ARTESIAN_PRESSURE": null, "STATIC_WATER_LEVEL": null, "DIAMETER": null, "FINAL_CASING_STICK_UP": null, "GROUND_ELEVATION": null, "GROUND_ELEVATION_METHOD": null, "SURFACE_SEAL_DEPTH": null, "SURFACE_SEAL_THICKNESS": null, "SURFACE_SEAL_METHOD": null, "SCREEN_INTAKE_METHOD": null, "WATER_SUPPLY_SYSTEM_NAME": null, "WATER_SUPPLY_SYSTEM_WELL_NAME": null, "CONSTRUCTION_START_DATE": "1994-10-09Z", "CONSTRUCTION_END_DATE": "1994-10-09Z", "ALTERATION_START_DATE": null, "ALTERATION_END_DATE": null, "DECOMMISSION_START_DATE": null, "DECOMMISSION_END_DATE": null, "DECOMMISSION_REASON": null, "OBSERVATION_WELL_NUMBER": null, "OBSERVATION_WELL_STATUS": null, "EMS_ID": null, "AQUIFER_MATERIAL": null, "OBJECTID": 122576093, "SE_ANNO_CAD_DATA": null}}, {"type": "Feature", "id": "WHSE_WATER_MANAGEMENT.GW_WATER_WELLS_WRBC_SVW.fid-29e471e6_19f63eee063_2111", "geometry": {"type": "Point", "coordinates": [-120.9889, 56.502404]}, "geometry_name": "GEOMETRY", "properties": {"GW_WW_SYSID": 98351, "WELL_TAG_NUMBER": 102474, "IDENTIFICATION_PLATE_NUMBER": 22092, "STREET_ADDRESS": "16107 PRESPATOU ROAD", "CITY": "MONTNEY", "LEGAL_LOT": null, "LEGAL_PLAN": null, "LEGAL_DISTRICT_LOT": null, "LEGAL_PID": 14900955, "WELL_LOCATION_DESCRIPTION": "NOT PROVIDED", "COORDINATE_ACQUISITION_CODE": "H", "WELL_STATUS": "New", "WELL_CLASS": "Water Supply", "WELL_SUBCLASS": "Not Applicable", "INTENDED_WATER_USE": "Private Domestic", "WELL_DETAILS_URL": "https://apps.nrs.gov.bc.ca/gwells/well/102474", "LICENCE_STATUS": "Unlicensed", "AQUIFER_ID": 451, "PERSON_RESPONSIBLE": " ", "COMPANY_OF_PERSON_RESPONSIBLE": "Jacob's Water Wells", "FINISHED_WELL_DEPTH": 240, "TOTAL_DEPTH_DRILLED": 240, "BEDROCK_DEPTH": 200, "YIELD": 6, "YIELD_ESTIMATION_DURATION": null, "ARTESIAN_COND": "N", "ARTESIAN_FLOW": null, "ARTESIAN_PRESSURE": null, "STATIC_WATER_LEVEL": 135, "DIAMETER": 6, "FINAL_CASING_STICK_UP": 24, "GROUND_ELEVATION": 2425, "GROUND_ELEVATION_METHOD": "GPS", "SURFACE_SEAL_DEPTH": 28, "SURFACE_SEAL_THICKNESS": 1, "SURFACE_SEAL_METHOD": "POURED", "SCREEN_INTAKE_METHOD": "SCREEN", "WATER_SUPPLY_SYSTEM_NAME": null, "WATER_SUPPLY_SYSTEM_WELL_NAME": null, "CONSTRUCTION_START_DATE": "2009-09-23Z", "CONSTRUCTION_END_DATE": "2009-10-20Z", "ALTERATION_START_DATE": null, "ALTERATION_END_DATE": null, "DECOMMISSION_START_DATE": null, "DECOMMISSION_END_DATE": null, "DECOMMISSION_REASON": null, "OBSERVATION_WELL_NUMBER": null, "OBSERVATION_WELL_STATUS": null, "EMS_ID": null, "AQUIFER_MATERIAL": "Bedrock", "OBJECTID": 122559701, "SE_ANNO_CAD_DATA": null}}, {"type": "Feature", "id": "WHSE_WATER_MANAGEMENT.GW_WATER_WELLS_WRBC_SVW.fid-29e471e6_19f63eee063_2112", "geometry": {"type": "Point", "coordinates": [-120.99151, 56.47964]}, "geometry_name": "GEOMETRY", "properties": {"GW_WW_SYSID": 115560, "WELL_TAG_NUMBER": 120448, "IDENTIFICATION_PLATE_NUMBER": null, "STREET_ADDRESS": "12994-258 ROAD", "CITY": "MONTNEY", "LEGAL_LOT": null, "LEGAL_PLAN": "18940", "LEGAL_DISTRICT_LOT": null, "LEGAL_PID": 14614944, "WELL_LOCATION_DESCRIPTION": "APPROX. 120 FEET NORTH OF SOUTH PROPERTY BOUNDARY, 115 FEET EAST OF WEST PROPERTY BOUNDARY; SOUTHWEST CORNER OF PROPERTY; SE 1/4 OF SEC 30 TP 86 R 19 W6M PEACE RIVER EXC PL 18940", "COORDINATE_ACQUISITION_CODE": "H", "WELL_STATUS": "New", "WELL_CLASS": "Water Supply", "WELL_SUBCLASS": "Not Applicable", "INTENDED_WATER_USE": "Private Domestic", "WELL_DETAILS_URL": "https://apps.nrs.gov.bc.ca/gwells/well/120448", "LICENCE_STATUS": "Unlicensed", "AQUIFER_ID": null, "PERSON_RESPONSIBLE": " ", "COMPANY_OF_PERSON_RESPONSIBLE": null, "FINISHED_WELL_DEPTH": null, "TOTAL_DEPTH_DRILLED": null, "BEDROCK_DEPTH": null, "YIELD": null, "YIELD_ESTIMATION_DURATION": null, "ARTESIAN_COND": "N", "ARTESIAN_FLOW": null, "ARTESIAN_PRESSURE": null, "STATIC_WATER_LEVEL": null, "DIAMETER": null, "FINAL_CASING_STICK_UP": null, "GROUND_ELEVATION": null, "GROUND_ELEVATION_METHOD": null, "SURFACE_SEAL_DEPTH": null, "SURFACE_SEAL_THICKNESS": null, "SURFACE_SEAL_METHOD": null, "SCREEN_INTAKE_METHOD": null, "WATER_SUPPLY_SYSTEM_NAME": null, "WATER_SUPPLY_SYSTEM_WELL_NAME": null, "CONSTRUCTION_START_DATE": "1980-07-07Z", "CONSTRUCTION_END_DATE": "1980-07-07Z", "ALTERATION_START_DATE": null, "ALTERATION_END_DATE": null, "DECOMMISSION_START_DATE": null, "DECOMMISSION_END_DATE": null, "DECOMMISSION_REASON": null, "OBSERVATION_WELL_NUMBER": null, "OBSERVATION_WELL_STATUS": null, "EMS_ID": null, "AQUIFER_MATERIAL": null, "OBJECTID": 122576910, "SE_ANNO_CAD_DATA": null}}, {"type": "Feature", "id": "WHSE_WATER_MANAGEMENT.GW_WATER_WELLS_WRBC_SVW.fid-29e471e6_19f63eee063_2113", "geometry": {"type": "Point", "coordinates": [-121.24498, 56.532983]}, "geometry_name": "GEOMETRY", "properties": {"GW_WW_SYSID": 22050, "WELL_TAG_NUMBER": 22091, "IDENTIFICATION_PLATE_NUMBER": null, "STREET_ADDRESS": "ALASKA HWY", "CITY": " ", "LEGAL_LOT": " ", "LEGAL_PLAN": " ", "LEGAL_DISTRICT_LOT": " ", "LEGAL_PID": null, "WELL_LOCATION_DESCRIPTION": " ", "COORDINATE_ACQUISITION_CODE": "E", "WELL_STATUS": "New", "WELL_CLASS": "Water Supply", "WELL_SUBCLASS": null, "INTENDED_WATER_USE": "Private Domestic", "WELL_DETAILS_URL": "https://apps.nrs.gov.bc.ca/gwells/well/22091", "LICENCE_STATUS": "Unlicensed", "AQUIFER_ID": 451, "PERSON_RESPONSIBLE": " ", "COMPANY_OF_PERSON_RESPONSIBLE": "Siluch's Rat Hole Drilling", "FINISHED_WELL_DEPTH": 45, "TOTAL_DEPTH_DRILLED": null, "BEDROCK_DEPTH": null, "YIELD": null, "YIELD_ESTIMATION_DURATION": null, "ARTESIAN_COND": "N", "ARTESIAN_FLOW": null, "ARTESIAN_PRESSURE": null, "STATIC_WATER_LEVEL": 39, "DIAMETER": null, "FINAL_CASING_STICK_UP": null, "GROUND_ELEVATION": null, "GROUND_ELEVATION_METHOD": "UNKNOWN", "SURFACE_SEAL_DEPTH": null, "SURFACE_SEAL_THICKNESS": null, "SURFACE_SEAL_METHOD": null, "SCREEN_INTAKE_METHOD": null, "WATER_SUPPLY_SYSTEM_NAME": null, "WATER_SUPPLY_SYSTEM_WELL_NAME": null, "CONSTRUCTION_START_DATE": "1969-01-01Z", "CONSTRUCTION_END_DATE": "1969-01-01Z", "ALTERATION_START_DATE": null, "ALTERATION_END_DATE": null, "DECOMMISSION_START_DATE": null, "DECOMMISSION_END_DATE": null, "DECOMMISSION_REASON": null, "OBSERVATION_WELL_NUMBER": null, "OBSERVATION_WELL_STATUS": null, "EMS_ID": null, "AQUIFER_MATERIAL": "Bedrock", "OBJECTID": 122483400, "SE_ANNO_CAD_DATA": null}}, {"type": "Feature", "id": "WHSE_WATER_MANAGEMENT.GW_WATER_WELLS_WRBC_SVW.fid-29e471e6_19f63eee063_2114", "geometry": {"type": "Point", "coordinates": [-121.384722, 56.561667]}, "geometry_name": "GEOMETRY", "properties": {"GW_WW_SYSID": 104298, "WELL_TAG_NUMBER": 108666, "IDENTIFICATION_PLATE_NUMBER": 38937, "STREET_ADDRESS": "MILE 80 ALASKA HIGHWAY", "CITY": " ", "LEGAL_LOT": " ", "LEGAL_PLAN": " ", "LEGAL_DISTRICT_LOT": " ", "LEGAL_PID": null, "WELL_LOCATION_DESCRIPTION": "REST AREA", "COORDINATE_ACQUISITION_CODE": "H", "WELL_STATUS": "New", "WELL_CLASS": "Water Supply", "WELL_SUBCLASS": "Not Applicable", "INTENDED_WATER_USE": "Water Supply System", "WELL_DETAILS_URL": "https://apps.nrs.gov.bc.ca/gwells/well/108666", "LICENCE_STATUS": "Unlicensed", "AQUIFER_ID": null, "PERSON_RESPONSIBLE": " ", "COMPANY_OF_PERSON_RESPONSIBLE": "Anderson Well Drilling", "FINISHED_WELL_DEPTH": 315, "TOTAL_DEPTH_DRILLED": 315, "BEDROCK_DEPTH": 10, "YIELD": 10, "YIELD_ESTIMATION_DURATION": 3, "ARTESIAN_COND": "N", "ARTESIAN_FLOW": null, "ARTESIAN_PRESSURE": null, "STATIC_WATER_LEVEL": 70, "DIAMETER": 6, "FINAL_CASING_STICK_UP": 20, "GROUND_ELEVATION": null, "GROUND_ELEVATION_METHOD": "UNKNOWN", "SURFACE_SEAL_DEPTH": 38, "SURFACE_SEAL_THICKNESS": 1.5, "SURFACE_SEAL_METHOD": "POURED", "SCREEN_INTAKE_METHOD": "SCREEN", "WATER_SUPPLY_SYSTEM_NAME": null, "WATER_SUPPLY_SYSTEM_WELL_NAME": null, "CONSTRUCTION_START_DATE": "2014-01-11Z", "CONSTRUCTION_END_DATE": "2014-01-17Z", "ALTERATION_START_DATE": null, "ALTERATION_END_DATE": null, "DECOMMISSION_START_DATE": null, "DECOMMISSION_END_DATE": null, "DECOMMISSION_REASON": null, "OBSERVATION_WELL_NUMBER": null, "OBSERVATION_WELL_STATUS": null, "EMS_ID": null, "AQUIFER_MATERIAL": "Unknown", "OBJECTID": 122565648, "SE_ANNO_CAD_DATA": null}}, {"type": "Feature", "id": "WHSE_WATER_MANAGEMENT.GW_WATER_WELLS_WRBC_SVW.fid-29e471e6_19f63eee063_2115", "geometry": {"type": "Point", "coordinates": [-121.38544, 56.56183]}, "geometry_name": "GEOMETRY", "properties": {"GW_WW_SYSID": 100252, "WELL_TAG_NUMBER": 104422, "IDENTIFICATION_PLATE_NUMBER": 37114, "STREET_ADDRESS": "MILE 80 ALASKA HIGHWAY", "CITY": "UNKNOWN", "LEGAL_LOT": null, "LEGAL_PLAN": null, "LEGAL_DISTRICT_LOT": null, "LEGAL_PID": null, "WELL_LOCATION_DESCRIPTION": "GOVERNMENT REST STOP", "COORDINATE_ACQUISITION_CODE": "G", "WELL_STATUS": "New", "WELL_CLASS": "Water Supply", "WELL_SUBCLASS": "Not Applicable", "INTENDED_WATER_USE": "Water Supply System", "WELL_DETAILS_URL": "https://apps.nrs.gov.bc.ca/gwells/well/104422", "LICENCE_STATUS": "Unlicensed", "AQUIFER_ID": null, "PERSON_RESPONSIBLE": " ", "COMPANY_OF_PERSON_RESPONSIBLE": "Anderson Water Wells", "FINISHED_WELL_DEPTH": 457, "TOTAL_DEPTH_DRILLED": 507, "BEDROCK_DEPTH": null, "YIELD": 44, "YIELD_ESTIMATION_DURATION": null, "ARTESIAN_COND": "N", "ARTESIAN_FLOW": null, "ARTESIAN_PRESSURE": null, "STATIC_WATER_LEVEL": 73, "DIAMETER": 5, "FINAL_CASING_STICK_UP": 24, "GROUND_ELEVATION": null, "GROUND_ELEVATION_METHOD": "UNKNOWN", "SURFACE_SEAL_DEPTH": null, "SURFACE_SEAL_THICKNESS": null, "SURFACE_SEAL_METHOD": null, "SCREEN_INTAKE_METHOD": null, "WATER_SUPPLY_SYSTEM_NAME": "MILE 80 REST AREA", "WATER_SUPPLY_SYSTEM_WELL_NAME": "MILE 80 REST AREA WELL", "CONSTRUCTION_START_DATE": "1991-12-01Z", "CONSTRUCTION_END_DATE": "1991-12-01Z", "ALTERATION_START_DATE": null, "ALTERATION_END_DATE": null, "DECOMMISSION_START_DATE": null, "DECOMMISSION_END_DATE": null, "DECOMMISSION_REASON": null, "OBSERVATION_WELL_NUMBER": null, "OBSERVATION_WELL_STATUS": null, "EMS_ID": null, "AQUIFER_MATERIAL": "Unknown", "OBJECTID": 122561602, "SE_ANNO_CAD_DATA": null}}, {"type": "Feature", "id": "WHSE_WATER_MANAGEMENT.GW_WATER_WELLS_WRBC_SVW.fid-29e471e6_19f63eee063_2116", "geometry": {"type": "Point", "coordinates": [-121.38567, 56.56224]}, "geometry_name": "GEOMETRY", "properties": {"GW_WW_SYSID": 126496, "WELL_TAG_NUMBER": 131801, "IDENTIFICATION_PLATE_NUMBER": null, "STREET_ADDRESS": "Mile 80 Frontage, Rest Area", "CITY": "Between Fort St John and Wonowon", "LEGAL_LOT": null, "LEGAL_PLAN": null, "LEGAL_DISTRICT_LOT": null, "LEGAL_PID": null, "WELL_LOCATION_DESCRIPTION": null, "COORDINATE_ACQUISITION_CODE": "J", "WELL_STATUS": "New", "WELL_CLASS": "Water Supply", "WELL_SUBCLASS": "Not Applicable", "INTENDED_WATER_USE": "Water Supply System", "WELL_DETAILS_URL": "https://apps.nrs.gov.bc.ca/gwells/well/131801", "LICENCE_STATUS": "Unlicensed", "AQUIFER_ID": null, "PERSON_RESPONSIBLE": " ", "COMPANY_OF_PERSON_RESPONSIBLE": null, "FINISHED_WELL_DEPTH": null, "TOTAL_DEPTH_DRILLED": null, "BEDROCK_DEPTH": null, "YIELD": null, "YIELD_ESTIMATION_DURATION": null, "ARTESIAN_COND": "N", "ARTESIAN_FLOW": null, "ARTESIAN_PRESSURE": null, "STATIC_WATER_LEVEL": null, "DIAMETER": null, "FINAL_CASING_STICK_UP": null, "GROUND_ELEVATION": null, "GROUND_ELEVATION_METHOD": null, "SURFACE_SEAL_DEPTH": null, "SURFACE_SEAL_THICKNESS": null, "SURFACE_SEAL_METHOD": null, "SCREEN_INTAKE_METHOD": null, "WATER_SUPPLY_SYSTEM_NAME": "MOT Weigh Scales - Mile 80 Rest Area", "WATER_SUPPLY_SYSTEM_WELL_NAME": "Mile 80 Rest Area", "CONSTRUCTION_START_DATE": null, "CONSTRUCTION_END_DATE": null, "ALTERATION_START_DATE": null, "ALTERATION_END_DATE": null, "DECOMMISSION_START_DATE": null, "DECOMMISSION_END_DATE": null, "DECOMMISSION_REASON": null, "OBSERVATION_WELL_NUMBER": null, "OBSERVATION_WELL_STATUS": null, "EMS_ID": null, "AQUIFER_MATERIAL": null, "OBJECTID": 122587846, "SE_ANNO_CAD_DATA": null}}, {"type": "Feature", "id": "WHSE_WATER_MANAGEMENT.GW_WATER_WELLS_WRBC_SVW.fid-29e471e6_19f63eee063_2117", "geometry": {"type": "Point", "coordinates": [-121.46585, 56.56675]}, "geometry_name": "GEOMETRY", "properties": {"GW_WW_SYSID": 108328, "WELL_TAG_NUMBER": 112861, "IDENTIFICATION_PLATE_NUMBER": 38988, "STREET_ADDRESS": " 300 ROAD", "CITY": " ", "LEGAL_LOT": " ", "LEGAL_PLAN": " ", "LEGAL_DISTRICT_LOT": " ", "LEGAL_PID": null, "WELL_LOCATION_DESCRIPTION": "16-20-87-22-W6", "COORDINATE_ACQUISITION_CODE": "H", "WELL_STATUS": "New", "WELL_CLASS": "Monitoring", "WELL_SUBCLASS": null, "INTENDED_WATER_USE": "Not Applicable", "WELL_DETAILS_URL": "https://apps.nrs.gov.bc.ca/gwells/well/112861", "LICENCE_STATUS": "Unlicensed", "AQUIFER_ID": null, "PERSON_RESPONSIBLE": " ", "COMPANY_OF_PERSON_RESPONSIBLE": "Anderson Water Serv", "FINISHED_WELL_DEPTH": 61, "TOTAL_DEPTH_DRILLED": 61, "BEDROCK_DEPTH": 28, "YIELD": 0.2, "YIELD_ESTIMATION_DURATION": 1, "ARTESIAN_COND": "N", "ARTESIAN_FLOW": null, "ARTESIAN_PRESSURE": null, "STATIC_WATER_LEVEL": 43.2, "DIAMETER": 6.63, "FINAL_CASING_STICK_UP": 24, "GROUND_ELEVATION": 2813, "GROUND_ELEVATION_METHOD": "UNKNOWN", "SURFACE_SEAL_DEPTH": 18, "SURFACE_SEAL_THICKNESS": 1, "SURFACE_SEAL_METHOD": "POURED", "SCREEN_INTAKE_METHOD": "SCREEN", "WATER_SUPPLY_SYSTEM_NAME": null, "WATER_SUPPLY_SYSTEM_WELL_NAME": null, "CONSTRUCTION_START_DATE": "2016-12-21Z", "CONSTRUCTION_END_DATE": "2016-12-21Z", "ALTERATION_START_DATE": null, "ALTERATION_END_DATE": null, "DECOMMISSION_START_DATE": null, "DECOMMISSION_END_DATE": null, "DECOMMISSION_REASON": null, "OBSERVATION_WELL_NUMBER": null, "OBSERVATION_WELL_STATUS": null, "EMS_ID": null, "AQUIFER_MATERIAL": "Unknown", "OBJECTID": 122569678, "SE_ANNO_CAD_DATA": null}}, {"type": "Feature", "id": "WHSE_WATER_MANAGEMENT.GW_WATER_WELLS_WRBC_SVW.fid-29e471e6_19f63eee063_2118", "geometry": {"type": "Point", "coordinates": [-121.61194, 56.54975]}, "geometry_name": "GEOMETRY", "properties": {"GW_WW_SYSID": 98819, "WELL_TAG_NUMBER": 102948, "IDENTIFICATION_PLATE_NUMBER": null, "STREET_ADDRESS": null, "CITY": null, "LEGAL_LOT": "LS13", "LEGAL_PLAN": null, "LEGAL_DISTRICT_LOT": null, "LEGAL_PID": null, "WELL_LOCATION_DESCRIPTION": "NW 1/4", "COORDINATE_ACQUISITION_CODE": "J", "WELL_STATUS": "New", "WELL_CLASS": "Water Supply", "WELL_SUBCLASS": "Not Applicable", "INTENDED_WATER_USE": "Unknown Well Use", "WELL_DETAILS_URL": "https://apps.nrs.gov.bc.ca/gwells/well/102948", "LICENCE_STATUS": "Unlicensed", "AQUIFER_ID": null, "PERSON_RESPONSIBLE": " ", "COMPANY_OF_PERSON_RESPONSIBLE": "Rapid Drilling Ltd.", "FINISHED_WELL_DEPTH": 216, "TOTAL_DEPTH_DRILLED": 216, "BEDROCK_DEPTH": null, "YIELD": null, "YIELD_ESTIMATION_DURATION": null, "ARTESIAN_COND": "N", "ARTESIAN_FLOW": null, "ARTESIAN_PRESSURE": null, "STATIC_WATER_LEVEL": null, "DIAMETER": null, "FINAL_CASING_STICK_UP": null, "GROUND_ELEVATION": 2575, "GROUND_ELEVATION_METHOD": "UNKNOWN", "SURFACE_SEAL_DEPTH": null, "SURFACE_SEAL_THICKNESS": null, "SURFACE_SEAL_METHOD": null, "SCREEN_INTAKE_METHOD": null, "WATER_SUPPLY_SYSTEM_NAME": null, "WATER_SUPPLY_SYSTEM_WELL_NAME": null, "CONSTRUCTION_START_DATE": "1972-07-20Z", "CONSTRUCTION_END_DATE": "1972-08-08Z", "ALTERATION_START_DATE": null, "ALTERATION_END_DATE": null, "DECOMMISSION_START_DATE": null, "DECOMMISSION_END_DATE": null, "DECOMMISSION_REASON": null, "OBSERVATION_WELL_NUMBER": null, "OBSERVATION_WELL_STATUS": null, "EMS_ID": null, "AQUIFER_MATERIAL": "Unknown", "OBJECTID": 122560169, "SE_ANNO_CAD_DATA": null}}, {"type": "Feature", "id": "WHSE_WATER_MANAGEMENT.GW_WATER_WELLS_WRBC_SVW.fid-29e471e6_19f63eee063_2119", "geometry": {"type": "Point", "coordinates": [-121.61583, 56.55116]}, "geometry_name": "GEOMETRY", "properties": {"GW_WW_SYSID": 115023, "WELL_TAG_NUMBER": 119902, "IDENTIFICATION_PLATE_NUMBER": 51183, "STREET_ADDRESS": null, "CITY": null, "LEGAL_LOT": null, "LEGAL_PLAN": null, "LEGAL_DISTRICT_LOT": null, "LEGAL_PID": null, "WELL_LOCATION_DESCRIPTION": "INGA SOURCE WELL; 13-16-087-23W6", "COORDINATE_ACQUISITION_CODE": "H", "WELL_STATUS": "Closure", "WELL_CLASS": "Water Supply", "WELL_SUBCLASS": null, "INTENDED_WATER_USE": "Unknown Well Use", "WELL_DETAILS_URL": "https://apps.nrs.gov.bc.ca/gwells/well/119902", "LICENCE_STATUS": "Unlicensed", "AQUIFER_ID": null, "PERSON_RESPONSIBLE": "Jon McLean", "COMPANY_OF_PERSON_RESPONSIBLE": "Aqua North Water Systems", "FINISHED_WELL_DEPTH": 195, "TOTAL_DEPTH_DRILLED": 195, "BEDROCK_DEPTH": null, "YIELD": null, "YIELD_ESTIMATION_DURATION": null, "ARTESIAN_COND": "N", "ARTESIAN_FLOW": null, "ARTESIAN_PRESSURE": null, "STATIC_WATER_LEVEL": null, "DIAMETER": null, "FINAL_CASING_STICK_UP": null, "GROUND_ELEVATION": null, "GROUND_ELEVATION_METHOD": null, "SURFACE_SEAL_DEPTH": null, "SURFACE_SEAL_THICKNESS": null, "SURFACE_SEAL_METHOD": null, "SCREEN_INTAKE_METHOD": null, "WATER_SUPPLY_SYSTEM_NAME": null, "WATER_SUPPLY_SYSTEM_WELL_NAME": null, "CONSTRUCTION_START_DATE": "2019-01-09Z", "CONSTRUCTION_END_DATE": "2019-01-09Z", "ALTERATION_START_DATE": null, "ALTERATION_END_DATE": null, "DECOMMISSION_START_DATE": "2019-01-09Z", "DECOMMISSION_END_DATE": "2019-01-09Z", "DECOMMISSION_REASON": "NOT IN USE", "OBSERVATION_WELL_NUMBER": null, "OBSERVATION_WELL_STATUS": null, "EMS_ID": null, "AQUIFER_MATERIAL": null, "OBJECTID": 122576373, "SE_ANNO_CAD_DATA": null}}, {"type": "Feature", "id": "WHSE_WATER_MANAGEMENT.GW_WATER_WELLS_WRBC_SVW.fid-29e471e6_19f63eee063_211a", "geometry": {"type": "Point", "coordinates": [-121.63481, 56.56511]}, "geometry_name": "GEOMETRY", "properties": {"GW_WW_SYSID": 98807, "WELL_TAG_NUMBER": 102936, "IDENTIFICATION_PLATE_NUMBER": null, "STREET_ADDRESS": null, "CITY": null, "LEGAL_LOT": "LS14", "LEGAL_PLAN": null, "LEGAL_DISTRICT_LOT": null, "LEGAL_PID": null, "WELL_LOCATION_DESCRIPTION": "NW 1/4", "COORDINATE_ACQUISITION_CODE": "J", "WELL_STATUS": "New", "WELL_CLASS": "Water Supply", "WELL_SUBCLASS": "Not Applicable", "INTENDED_WATER_USE": "Unknown Well Use", "WELL_DETAILS_URL": "https://apps.nrs.gov.bc.ca/gwells/well/102936", "LICENCE_STATUS": "Unlicensed", "AQUIFER_ID": null, "PERSON_RESPONSIBLE": " ", "COMPANY_OF_PERSON_RESPONSIBLE": "Cliff Baker Drilling", "FINISHED_WELL_DEPTH": 220, "TOTAL_DEPTH_DRILLED": 220, "BEDROCK_DEPTH": null, "YIELD": null, "YIELD_ESTIMATION_DURATION": null, "ARTESIAN_COND": "N", "ARTESIAN_FLOW": null, "ARTESIAN_PRESSURE": null, "STATIC_WATER_LEVEL": null, "DIAMETER": null, "FINAL_CASING_STICK_UP": null, "GROUND_ELEVATION": 2750, "GROUND_ELEVATION_METHOD": "UNKNOWN", "SURFACE_SEAL_DEPTH": null, "SURFACE_SEAL_THICKNESS": null, "SURFACE_SEAL_METHOD": null, "SCREEN_INTAKE_METHOD": null, "WATER_SUPPLY_SYSTEM_NAME": null, "WATER_SUPPLY_SYSTEM_WELL_NAME": null, "CONSTRUCTION_START_DATE": "1979-07-18Z", "CONSTRUCTION_END_DATE": "1979-07-27Z", "ALTERATION_START_DATE": null, "ALTERATION_END_DATE": null, "DECOMMISSION_START_DATE": null, "DECOMMISSION_END_DATE": null, "DECOMMISSION_REASON": null, "OBSERVATION_WELL_NUMBER": null, "OBSERVATION_WELL_STATUS": null, "EMS_ID": null, "AQUIFER_MATERIAL": "Unknown", "OBJECTID": 122560157, "SE_ANNO_CAD_DATA": null}}, {"type": "Feature", "id": "WHSE_WATER_MANAGEMENT.GW_WATER_WELLS_WRBC_SVW.fid-29e471e6_19f63eee063_211b", "geometry": {"type": "Point", "coordinates": [-121.62326, 56.56524]}, "geometry_name": "GEOMETRY", "properties": {"GW_WW_SYSID": 98808, "WELL_TAG_NUMBER": 102937, "IDENTIFICATION_PLATE_NUMBER": null, "STREET_ADDRESS": null, "CITY": null, "LEGAL_LOT": "LS16", "LEGAL_PLAN": null, "LEGAL_DISTRICT_LOT": null, "LEGAL_PID": null, "WELL_LOCATION_DESCRIPTION": "NE 1/4", "COORDINATE_ACQUISITION_CODE": "J", "WELL_STATUS": "New", "WELL_CLASS": "Water Supply", "WELL_SUBCLASS": "Not Applicable", "INTENDED_WATER_USE": "Unknown Well Use", "WELL_DETAILS_URL": "https://apps.nrs.gov.bc.ca/gwells/well/102937", "LICENCE_STATUS": "Unlicensed", "AQUIFER_ID": null, "PERSON_RESPONSIBLE": " ", "COMPANY_OF_PERSON_RESPONSIBLE": "Rapid Drilling Ltd.", "FINISHED_WELL_DEPTH": 156, "TOTAL_DEPTH_DRILLED": 156, "BEDROCK_DEPTH": null, "YIELD": null, "YIELD_ESTIMATION_DURATION": null, "ARTESIAN_COND": "N", "ARTESIAN_FLOW": null, "ARTESIAN_PRESSURE": null, "STATIC_WATER_LEVEL": null, "DIAMETER": null, "FINAL_CASING_STICK_UP": null, "GROUND_ELEVATION": 2550, "GROUND_ELEVATION_METHOD": "UNKNOWN", "SURFACE_SEAL_DEPTH": null, "SURFACE_SEAL_THICKNESS": null, "SURFACE_SEAL_METHOD": null, "SCREEN_INTAKE_METHOD": null, "WATER_SUPPLY_SYSTEM_NAME": null, "WATER_SUPPLY_SYSTEM_WELL_NAME": null, "CONSTRUCTION_START_DATE": "1971-08-28Z", "CONSTRUCTION_END_DATE": "1971-09-12Z", "ALTERATION_START_DATE": null, "ALTERATION_END_DATE": null, "DECOMMISSION_START_DATE": null, "DECOMMISSION_END_DATE": null, "DECOMMISSION_REASON": null, "OBSERVATION_WELL_NUMBER": null, "OBSERVATION_WELL_STATUS": null, "EMS_ID": null, "AQUIFER_MATERIAL": "Unknown", "OBJECTID": 122560158, "SE_ANNO_CAD_DATA": null}}, {"type": "Feature", "id": "WHSE_WATER_MANAGEMENT.GW_WATER_WELLS_WRBC_SVW.fid-29e471e6_19f63eee063_211c", "geometry": {"type": "Point", "coordinates": [-121.63092, 56.56704]}, "geometry_name": "GEOMETRY", "properties": {"GW_WW_SYSID": 98806, "WELL_TAG_NUMBER": 102935, "IDENTIFICATION_PLATE_NUMBER": null, "STREET_ADDRESS": null, "CITY": null, "LEGAL_LOT": "LS2", "LEGAL_PLAN": null, "LEGAL_DISTRICT_LOT": null, "LEGAL_PID": null, "WELL_LOCATION_DESCRIPTION": "SE 1/4", "COORDINATE_ACQUISITION_CODE": "J", "WELL_STATUS": "New", "WELL_CLASS": "Water Supply", "WELL_SUBCLASS": "Not Applicable", "INTENDED_WATER_USE": "Unknown Well Use", "WELL_DETAILS_URL": "https://apps.nrs.gov.bc.ca/gwells/well/102935", "LICENCE_STATUS": "Unlicensed", "AQUIFER_ID": null, "PERSON_RESPONSIBLE": " ", "COMPANY_OF_PERSON_RESPONSIBLE": "Rapid Drilling Ltd.", "FINISHED_WELL_DEPTH": 58, "TOTAL_DEPTH_DRILLED": 58, "BEDROCK_DEPTH": null, "YIELD": null, "YIELD_ESTIMATION_DURATION": null, "ARTESIAN_COND": "N", "ARTESIAN_FLOW": null, "ARTESIAN_PRESSURE": null, "STATIC_WATER_LEVEL": null, "DIAMETER": null, "FINAL_CASING_STICK_UP": null, "GROUND_ELEVATION": 2635, "GROUND_ELEVATION_METHOD": "UNKNOWN", "SURFACE_SEAL_DEPTH": null, "SURFACE_SEAL_THICKNESS": null, "SURFACE_SEAL_METHOD": null, "SCREEN_INTAKE_METHOD": null, "WATER_SUPPLY_SYSTEM_NAME": null, "WATER_SUPPLY_SYSTEM_WELL_NAME": null, "CONSTRUCTION_START_DATE": "1971-08-11Z", "CONSTRUCTION_END_DATE": "1971-08-24Z", "ALTERATION_START_DATE": null, "ALTERATION_END_DATE": null, "DECOMMISSION_START_DATE": null, "DECOMMISSION_END_DATE": null, "DECOMMISSION_REASON": null, "OBSERVATION_WELL_NUMBER": null, "OBSERVATION_WELL_STATUS": null, "EMS_ID": null, "AQUIFER_MATERIAL": "Unknown", "OBJECTID": 122560156, "SE_ANNO_CAD_DATA": null}}, {"type": "Feature", "id": "WHSE_WATER_MANAGEMENT.GW_WATER_WELLS_WRBC_SVW.fid-29e471e6_19f63eee063_211d", "geometry": {"type": "Point", "coordinates": [-121.4659, 56.566816]}, "geometry_name": "GEOMETRY", "properties": {"GW_WW_SYSID": 108327, "WELL_TAG_NUMBER": 112860, "IDENTIFICATION_PLATE_NUMBER": 38978, "STREET_ADDRESS": " 300RD", "CITY": " ", "LEGAL_LOT": " ", "LEGAL_PLAN": " ", "LEGAL_DISTRICT_LOT": " ", "LEGAL_PID": null, "WELL_LOCATION_DESCRIPTION": "16-20-87-22-W6", "COORDINATE_ACQUISITION_CODE": "H", "WELL_STATUS": "New", "WELL_CLASS": "Monitoring", "WELL_SUBCLASS": null, "INTENDED_WATER_USE": "Not Applicable", "WELL_DETAILS_URL": "https://apps.nrs.gov.bc.ca/gwells/well/112860", "LICENCE_STATUS": "Unlicensed", "AQUIFER_ID": 451, "PERSON_RESPONSIBLE": " ", "COMPANY_OF_PERSON_RESPONSIBLE": "Anderson Water Serv", "FINISHED_WELL_DEPTH": 341, "TOTAL_DEPTH_DRILLED": 341, "BEDROCK_DEPTH": 28, "YIELD": 4, "YIELD_ESTIMATION_DURATION": 1, "ARTESIAN_COND": "Y", "ARTESIAN_FLOW": 121, "ARTESIAN_PRESSURE": null, "STATIC_WATER_LEVEL": 121, "DIAMETER": 6.63, "FINAL_CASING_STICK_UP": 24, "GROUND_ELEVATION": 2817, "GROUND_ELEVATION_METHOD": "UNKNOWN", "SURFACE_SEAL_DEPTH": 58, "SURFACE_SEAL_THICKNESS": 1, "SURFACE_SEAL_METHOD": "POURED", "SCREEN_INTAKE_METHOD": "SCREEN", "WATER_SUPPLY_SYSTEM_NAME": null, "WATER_SUPPLY_SYSTEM_WELL_NAME": null, "CONSTRUCTION_START_DATE": "2016-12-20Z", "CONSTRUCTION_END_DATE": "2016-12-21Z", "ALTERATION_START_DATE": null, "ALTERATION_END_DATE": null, "DECOMMISSION_START_DATE": null, "DECOMMISSION_END_DATE": null, "DECOMMISSION_REASON": null, "OBSERVATION_WELL_NUMBER": null, "OBSERVATION_WELL_STATUS": null, "EMS_ID": null, "AQUIFER_MATERIAL": "Unknown", "OBJECTID": 122569677, "SE_ANNO_CAD_DATA": null}}, {"type": "Feature", "id": "WHSE_WATER_MANAGEMENT.GW_WATER_WELLS_WRBC_SVW.fid-29e471e6_19f63eee063_211e", "geometry": {"type": "Point", "coordinates": [-121.645, 56.57972]}, "geometry_name": "GEOMETRY", "properties": {"GW_WW_SYSID": 98836, "WELL_TAG_NUMBER": 102965, "IDENTIFICATION_PLATE_NUMBER": null, "STREET_ADDRESS": null, "CITY": null, "LEGAL_LOT": "LS16", "LEGAL_PLAN": null, "LEGAL_DISTRICT_LOT": null, "LEGAL_PID": null, "WELL_LOCATION_DESCRIPTION": "NE 1/4", "COORDINATE_ACQUISITION_CODE": "J", "WELL_STATUS": "New", "WELL_CLASS": "Water Supply", "WELL_SUBCLASS": "Not Applicable", "INTENDED_WATER_USE": "Unknown Well Use", "WELL_DETAILS_URL": "https://apps.nrs.gov.bc.ca/gwells/well/102965", "LICENCE_STATUS": "Unlicensed", "AQUIFER_ID": null, "PERSON_RESPONSIBLE": " ", "COMPANY_OF_PERSON_RESPONSIBLE": "Webster Drilling", "FINISHED_WELL_DEPTH": 470, "TOTAL_DEPTH_DRILLED": 470, "BEDROCK_DEPTH": null, "YIELD": null, "YIELD_ESTIMATION_DURATION": null, "ARTESIAN_COND": "N", "ARTESIAN_FLOW": null, "ARTESIAN_PRESSURE": null, "STATIC_WATER_LEVEL": null, "DIAMETER": null, "FINAL_CASING_STICK_UP": null, "GROUND_ELEVATION": 2831, "GROUND_ELEVATION_METHOD": "UNKNOWN", "SURFACE_SEAL_DEPTH": null, "SURFACE_SEAL_THICKNESS": null, "SURFACE_SEAL_METHOD": null, "SCREEN_INTAKE_METHOD": null, "WATER_SUPPLY_SYSTEM_NAME": null, "WATER_SUPPLY_SYSTEM_WELL_NAME": null, "CONSTRUCTION_START_DATE": "1970-02-08Z", "CONSTRUCTION_END_DATE": "1970-02-22Z", "ALTERATION_START_DATE": null, "ALTERATION_END_DATE": null, "DECOMMISSION_START_DATE": null, "DECOMMISSION_END_DATE": null, "DECOMMISSION_REASON": null, "OBSERVATION_WELL_NUMBER": null, "OBSERVATION_WELL_STATUS": null, "EMS_ID": null, "AQUIFER_MATERIAL": "Unknown", "OBJECTID": 122560186, "SE_ANNO_CAD_DATA": null}}, {"type": "Feature", "id": "WHSE_WATER_MANAGEMENT.GW_WATER_WELLS_WRBC_SVW.fid-29e471e6_19f63eee063_211f", "geometry": {"type": "Point", "coordinates": [-121.63869, 56.58634]}, "geometry_name": "GEOMETRY", "properties": {"GW_WW_SYSID": 98811, "WELL_TAG_NUMBER": 102940, "IDENTIFICATION_PLATE_NUMBER": null, "STREET_ADDRESS": null, "CITY": null, "LEGAL_LOT": "LS5", "LEGAL_PLAN": null, "LEGAL_DISTRICT_LOT": null, "LEGAL_PID": null, "WELL_LOCATION_DESCRIPTION": "NE 1/4", "COORDINATE_ACQUISITION_CODE": "J", "WELL_STATUS": "New", "WELL_CLASS": "Water Supply", "WELL_SUBCLASS": "Not Applicable", "INTENDED_WATER_USE": "Unknown Well Use", "WELL_DETAILS_URL": "https://apps.nrs.gov.bc.ca/gwells/well/102940", "LICENCE_STATUS": "Unlicensed", "AQUIFER_ID": null, "PERSON_RESPONSIBLE": " ", "COMPANY_OF_PERSON_RESPONSIBLE": "Webster Drilling", "FINISHED_WELL_DEPTH": 180, "TOTAL_DEPTH_DRILLED": 180, "BEDROCK_DEPTH": null, "YIELD": null, "YIELD_ESTIMATION_DURATION": null, "ARTESIAN_COND": "N", "ARTESIAN_FLOW": null, "ARTESIAN_PRESSURE": null, "STATIC_WATER_LEVEL": null, "DIAMETER": null, "FINAL_CASING_STICK_UP": null, "GROUND_ELEVATION": 2711, "GROUND_ELEVATION_METHOD": "UNKNOWN", "SURFACE_SEAL_DEPTH": null, "SURFACE_SEAL_THICKNESS": null, "SURFACE_SEAL_METHOD": null, "SCREEN_INTAKE_METHOD": null, "WATER_SUPPLY_SYSTEM_NAME": null, "WATER_SUPPLY_SYSTEM_WELL_NAME": null, "CONSTRUCTION_START_DATE": "1970-04-01Z", "CONSTRUCTION_END_DATE": "1970-04-04Z", "ALTERATION_START_DATE": null, "ALTERATION_END_DATE": null, "DECOMMISSION_START_DATE": null, "DECOMMISSION_END_DATE": null, "DECOMMISSION_REASON": null, "OBSERVATION_WELL_NUMBER": null, "OBSERVATION_WELL_STATUS": null, "EMS_ID": null, "AQUIFER_MATERIAL": "Unknown", "OBJECTID": 122560161, "SE_ANNO_CAD_DATA": null}}, {"type": "Feature", "id": "WHSE_WATER_MANAGEMENT.GW_WATER_WELLS_WRBC_SVW.fid-29e471e6_19f63eee063_2120", "geometry": {"type": "Point", "coordinates": [-121.64378, 56.587]}, "geometry_name": "GEOMETRY", "properties": {"GW_WW_SYSID": 98812, "WELL_TAG_NUMBER": 102941, "IDENTIFICATION_PLATE_NUMBER": null, "STREET_ADDRESS": null, "CITY": null, "LEGAL_LOT": "LS5", "LEGAL_PLAN": null, "LEGAL_DISTRICT_LOT": null, "LEGAL_PID": null, "WELL_LOCATION_DESCRIPTION": "SW 1/4", "COORDINATE_ACQUISITION_CODE": "J", "WELL_STATUS": "New", "WELL_CLASS": "Water Supply", "WELL_SUBCLASS": "Not Applicable", "INTENDED_WATER_USE": "Unknown Well Use", "WELL_DETAILS_URL": "https://apps.nrs.gov.bc.ca/gwells/well/102941", "LICENCE_STATUS": "Unlicensed", "AQUIFER_ID": null, "PERSON_RESPONSIBLE": " ", "COMPANY_OF_PERSON_RESPONSIBLE": "Webster Drilling", "FINISHED_WELL_DEPTH": 160, "TOTAL_DEPTH_DRILLED": 160, "BEDROCK_DEPTH": null, "YIELD": null, "YIELD_ESTIMATION_DURATION": null, "ARTESIAN_COND": "N", "ARTESIAN_FLOW": null, "ARTESIAN_PRESSURE": null, "STATIC_WATER_LEVEL": null, "DIAMETER": null, "FINAL_CASING_STICK_UP": null, "GROUND_ELEVATION": 2762, "GROUND_ELEVATION_METHOD": "UNKNOWN", "SURFACE_SEAL_DEPTH": null, "SURFACE_SEAL_THICKNESS": null, "SURFACE_SEAL_METHOD": null, "SCREEN_INTAKE_METHOD": null, "WATER_SUPPLY_SYSTEM_NAME": null, "WATER_SUPPLY_SYSTEM_WELL_NAME": null, "CONSTRUCTION_START_DATE": "1970-04-09Z", "CONSTRUCTION_END_DATE": "1970-04-12Z", "ALTERATION_START_DATE": null, "ALTERATION_END_DATE": null, "DECOMMISSION_START_DATE": null, "DECOMMISSION_END_DATE": null, "DECOMMISSION_REASON": null, "OBSERVATION_WELL_NUMBER": null, "OBSERVATION_WELL_STATUS": null, "EMS_ID": null, "AQUIFER_MATERIAL": "Unknown", "OBJECTID": 122560162, "SE_ANNO_CAD_DATA": null}}, {"type": "Feature", "id": "WHSE_WATER_MANAGEMENT.GW_WATER_WELLS_WRBC_SVW.fid-29e471e6_19f63eee063_2121", "geometry": {"type": "Point", "coordinates": [-121.64942, 56.55295]}, "geometry_name": "GEOMETRY", "properties": {"GW_WW_SYSID": 113702, "WELL_TAG_NUMBER": 118471, "IDENTIFICATION_PLATE_NUMBER": 51585, "STREET_ADDRESS": null, "CITY": "INGA", "LEGAL_LOT": null, "LEGAL_PLAN": null, "LEGAL_DISTRICT_LOT": null, "LEGAL_PID": null, "WELL_LOCATION_DESCRIPTION": "YOHO HZ INGA (11-24-87-24) location on IMAP is a rough estimate", "COORDINATE_ACQUISITION_CODE": "H", "WELL_STATUS": "New", "WELL_CLASS": "Unknown", "WELL_SUBCLASS": null, "INTENDED_WATER_USE": "Not Applicable", "WELL_DETAILS_URL": "https://apps.nrs.gov.bc.ca/gwells/well/118471", "LICENCE_STATUS": "Unlicensed", "AQUIFER_ID": 932, "PERSON_RESPONSIBLE": "William (Bill) Wiebe", "COMPANY_OF_PERSON_RESPONSIBLE": "Anderson Water Services Ltd.", "FINISHED_WELL_DEPTH": 160, "TOTAL_DEPTH_DRILLED": 160, "BEDROCK_DEPTH": null, "YIELD": 14, "YIELD_ESTIMATION_DURATION": 2, "ARTESIAN_COND": "N", "ARTESIAN_FLOW": null, "ARTESIAN_PRESSURE": null, "STATIC_WATER_LEVEL": 110, "DIAMETER": 6.625, "FINAL_CASING_STICK_UP": 24, "GROUND_ELEVATION": 2789, "GROUND_ELEVATION_METHOD": "GPS", "SURFACE_SEAL_DEPTH": 20, "SURFACE_SEAL_THICKNESS": 1, "SURFACE_SEAL_METHOD": null, "SCREEN_INTAKE_METHOD": null, "WATER_SUPPLY_SYSTEM_NAME": null, "WATER_SUPPLY_SYSTEM_WELL_NAME": null, "CONSTRUCTION_START_DATE": "2018-05-14Z", "CONSTRUCTION_END_DATE": "2018-05-15Z", "ALTERATION_START_DATE": null, "ALTERATION_END_DATE": null, "DECOMMISSION_START_DATE": null, "DECOMMISSION_END_DATE": null, "DECOMMISSION_REASON": null, "OBSERVATION_WELL_NUMBER": null, "OBSERVATION_WELL_STATUS": null, "EMS_ID": null, "AQUIFER_MATERIAL": null, "OBJECTID": 122575052, "SE_ANNO_CAD_DATA": null}}, {"type": "Feature", "id": "WHSE_WATER_MANAGEMENT.GW_WATER_WELLS_WRBC_SVW.fid-29e471e6_19f63eee063_2122", "geometry": {"type": "Point", "coordinates": [-121.64835, 56.55393]}, "geometry_name": "GEOMETRY", "properties": {"GW_WW_SYSID": 114479, "WELL_TAG_NUMBER": 119341, "IDENTIFICATION_PLATE_NUMBER": 51185, "STREET_ADDRESS": null, "CITY": "INGA", "LEGAL_LOT": null, "LEGAL_PLAN": null, "LEGAL_DISTRICT_LOT": null, "LEGAL_PID": null, "WELL_LOCATION_DESCRIPTION": "1-19-87-23 YOHO INGA", "COORDINATE_ACQUISITION_CODE": "H", "WELL_STATUS": "Closure", "WELL_CLASS": "Unknown", "WELL_SUBCLASS": null, "INTENDED_WATER_USE": "Not Applicable", "WELL_DETAILS_URL": "https://apps.nrs.gov.bc.ca/gwells/well/119341", "LICENCE_STATUS": "Unlicensed", "AQUIFER_ID": 932, "PERSON_RESPONSIBLE": "William (Bill) Wiebe", "COMPANY_OF_PERSON_RESPONSIBLE": "Anderson Water Services Ltd.", "FINISHED_WELL_DEPTH": null, "TOTAL_DEPTH_DRILLED": null, "BEDROCK_DEPTH": null, "YIELD": null, "YIELD_ESTIMATION_DURATION": null, "ARTESIAN_COND": "N", "ARTESIAN_FLOW": null, "ARTESIAN_PRESSURE": null, "STATIC_WATER_LEVEL": null, "DIAMETER": 6.625, "FINAL_CASING_STICK_UP": null, "GROUND_ELEVATION": null, "GROUND_ELEVATION_METHOD": null, "SURFACE_SEAL_DEPTH": 36, "SURFACE_SEAL_THICKNESS": null, "SURFACE_SEAL_METHOD": "POURED", "SCREEN_INTAKE_METHOD": "UNCASD_HLE", "WATER_SUPPLY_SYSTEM_NAME": null, "WATER_SUPPLY_SYSTEM_WELL_NAME": null, "CONSTRUCTION_START_DATE": null, "CONSTRUCTION_END_DATE": null, "ALTERATION_START_DATE": null, "ALTERATION_END_DATE": null, "DECOMMISSION_START_DATE": "2018-05-30Z", "DECOMMISSION_END_DATE": "2018-06-01Z", "DECOMMISSION_REASON": "INSUFFICIENT FLOW", "OBSERVATION_WELL_NUMBER": null, "OBSERVATION_WELL_STATUS": null, "EMS_ID": null, "AQUIFER_MATERIAL": null, "OBJECTID": 122575829, "SE_ANNO_CAD_DATA": null}}, {"type": "Feature", "id": "WHSE_WATER_MANAGEMENT.GW_WATER_WELLS_WRBC_SVW.fid-29e471e6_19f63eee063_2123", "geometry": {"type": "Point", "coordinates": [-121.64459, 56.5865]}, "geometry_name": "GEOMETRY", "properties": {"GW_WW_SYSID": 98810, "WELL_TAG_NUMBER": 102939, "IDENTIFICATION_PLATE_NUMBER": null, "STREET_ADDRESS": null, "CITY": null, "LEGAL_LOT": "LS5", "LEGAL_PLAN": null, "LEGAL_DISTRICT_LOT": null, "LEGAL_PID": null, "WELL_LOCATION_DESCRIPTION": "SW 1/4", "COORDINATE_ACQUISITION_CODE": "J", "WELL_STATUS": "New", "WELL_CLASS": "Water Supply", "WELL_SUBCLASS": "Not Applicable", "INTENDED_WATER_USE": "Unknown Well Use", "WELL_DETAILS_URL": "https://apps.nrs.gov.bc.ca/gwells/well/102939", "LICENCE_STATUS": "Unlicensed", "AQUIFER_ID": null, "PERSON_RESPONSIBLE": " ", "COMPANY_OF_PERSON_RESPONSIBLE": "Webster Drilling", "FINISHED_WELL_DEPTH": 185, "TOTAL_DEPTH_DRILLED": 185, "BEDROCK_DEPTH": null, "YIELD": null, "YIELD_ESTIMATION_DURATION": null, "ARTESIAN_COND": "N", "ARTESIAN_FLOW": null, "ARTESIAN_PRESSURE": null, "STATIC_WATER_LEVEL": null, "DIAMETER": null, "FINAL_CASING_STICK_UP": null, "GROUND_ELEVATION": 2772, "GROUND_ELEVATION_METHOD": "UNKNOWN", "SURFACE_SEAL_DEPTH": null, "SURFACE_SEAL_THICKNESS": null, "SURFACE_SEAL_METHOD": null, "SCREEN_INTAKE_METHOD": null, "WATER_SUPPLY_SYSTEM_NAME": null, "WATER_SUPPLY_SYSTEM_WELL_NAME": null, "CONSTRUCTION_START_DATE": "1970-02-28Z", "CONSTRUCTION_END_DATE": "1970-03-23Z", "ALTERATION_START_DATE": null, "ALTERATION_END_DATE": null, "DECOMMISSION_START_DATE": null, "DECOMMISSION_END_DATE": null, "DECOMMISSION_REASON": null, "OBSERVATION_WELL_NUMBER": null, "OBSERVATION_WELL_STATUS": null, "EMS_ID": null, "AQUIFER_MATERIAL": "Unknown", "OBJECTID": 122560160, "SE_ANNO_CAD_DATA": null}}, {"type": "Feature", "id": "WHSE_WATER_MANAGEMENT.GW_WATER_WELLS_WRBC_SVW.fid-29e471e6_19f63eee063_2124", "geometry": {"type": "Point", "coordinates": [-121.782, 56.52116]}, "geometry_name": "GEOMETRY", "properties": {"GW_WW_SYSID": 121014, "WELL_TAG_NUMBER": 126078, "IDENTIFICATION_PLATE_NUMBER": 45529, "STREET_ADDRESS": "Upper Halfway Road", "CITY": null, "LEGAL_LOT": null, "LEGAL_PLAN": null, "LEGAL_DISTRICT_LOT": null, "LEGAL_PID": null, "WELL_LOCATION_DESCRIPTION": "Where Alexander Creek meets Upper Halfway Road", "COORDINATE_ACQUISITION_CODE": "H", "WELL_STATUS": "New", "WELL_CLASS": "Monitoring", "WELL_SUBCLASS": null, "INTENDED_WATER_USE": "Not Applicable", "WELL_DETAILS_URL": "https://apps.nrs.gov.bc.ca/gwells/well/126078", "LICENCE_STATUS": "Unlicensed", "AQUIFER_ID": null, "PERSON_RESPONSIBLE": "William (Bill) Wiebe", "COMPANY_OF_PERSON_RESPONSIBLE": "Anderson Water Services Ltd.", "FINISHED_WELL_DEPTH": 20, "TOTAL_DEPTH_DRILLED": 23, "BEDROCK_DEPTH": 20, "YIELD": 5, "YIELD_ESTIMATION_DURATION": null, "ARTESIAN_COND": "N", "ARTESIAN_FLOW": null, "ARTESIAN_PRESSURE": null, "STATIC_WATER_LEVEL": 13.1, "DIAMETER": 6.625, "FINAL_CASING_STICK_UP": 35, "GROUND_ELEVATION": null, "GROUND_ELEVATION_METHOD": null, "SURFACE_SEAL_DEPTH": 8, "SURFACE_SEAL_THICKNESS": 1, "SURFACE_SEAL_METHOD": "POURED", "SCREEN_INTAKE_METHOD": "SCREEN", "WATER_SUPPLY_SYSTEM_NAME": null, "WATER_SUPPLY_SYSTEM_WELL_NAME": null, "CONSTRUCTION_START_DATE": "2022-03-17Z", "CONSTRUCTION_END_DATE": "2022-03-17Z", "ALTERATION_START_DATE": null, "ALTERATION_END_DATE": null, "DECOMMISSION_START_DATE": null, "DECOMMISSION_END_DATE": null, "DECOMMISSION_REASON": null, "OBSERVATION_WELL_NUMBER": null, "OBSERVATION_WELL_STATUS": null, "EMS_ID": null, "AQUIFER_MATERIAL": null, "OBJECTID": 122582364, "SE_ANNO_CAD_DATA": null}}, {"type": "Feature", "id": "WHSE_WATER_MANAGEMENT.GW_WATER_WELLS_WRBC_SVW.fid-29e471e6_19f63eee063_2125", "geometry": {"type": "Point", "coordinates": [-121.70765, 56.52098]}, "geometry_name": "GEOMETRY", "properties": {"GW_WW_SYSID": 98878, "WELL_TAG_NUMBER": 103007, "IDENTIFICATION_PLATE_NUMBER": null, "STREET_ADDRESS": null, "CITY": null, "LEGAL_LOT": "LS15", "LEGAL_PLAN": null, "LEGAL_DISTRICT_LOT": null, "LEGAL_PID": null, "WELL_LOCATION_DESCRIPTION": "NE 1/4", "COORDINATE_ACQUISITION_CODE": "J", "WELL_STATUS": "Abandoned", "WELL_CLASS": "Water Supply", "WELL_SUBCLASS": "Not Applicable", "INTENDED_WATER_USE": "Unknown Well Use", "WELL_DETAILS_URL": "https://apps.nrs.gov.bc.ca/gwells/well/103007", "LICENCE_STATUS": "Unlicensed", "AQUIFER_ID": null, "PERSON_RESPONSIBLE": " ", "COMPANY_OF_PERSON_RESPONSIBLE": "Rapid Drilling Ltd.", "FINISHED_WELL_DEPTH": 125, "TOTAL_DEPTH_DRILLED": 125, "BEDROCK_DEPTH": null, "YIELD": null, "YIELD_ESTIMATION_DURATION": null, "ARTESIAN_COND": "N", "ARTESIAN_FLOW": null, "ARTESIAN_PRESSURE": null, "STATIC_WATER_LEVEL": null, "DIAMETER": null, "FINAL_CASING_STICK_UP": null, "GROUND_ELEVATION": null, "GROUND_ELEVATION_METHOD": "UNKNOWN", "SURFACE_SEAL_DEPTH": null, "SURFACE_SEAL_THICKNESS": null, "SURFACE_SEAL_METHOD": null, "SCREEN_INTAKE_METHOD": null, "WATER_SUPPLY_SYSTEM_NAME": null, "WATER_SUPPLY_SYSTEM_WELL_NAME": null, "CONSTRUCTION_START_DATE": "1970-05-19Z", "CONSTRUCTION_END_DATE": "1970-05-23Z", "ALTERATION_START_DATE": null, "ALTERATION_END_DATE": null, "DECOMMISSION_START_DATE": null, "DECOMMISSION_END_DATE": null, "DECOMMISSION_REASON": null, "OBSERVATION_WELL_NUMBER": null, "OBSERVATION_WELL_STATUS": null, "EMS_ID": null, "AQUIFER_MATERIAL": "Unknown", "OBJECTID": 122560228, "SE_ANNO_CAD_DATA": null}}, {"type": "Feature", "id": "WHSE_WATER_MANAGEMENT.GW_WATER_WELLS_WRBC_SVW.fid-29e471e6_19f63eee063_2126", "geometry": {"type": "Point", "coordinates": [-121.61445, 56.47713]}, "geometry_name": "GEOMETRY", "properties": {"GW_WW_SYSID": 98801, "WELL_TAG_NUMBER": 102930, "IDENTIFICATION_PLATE_NUMBER": null, "STREET_ADDRESS": null, "CITY": "INGA", "LEGAL_LOT": "LS16", "LEGAL_PLAN": null, "LEGAL_DISTRICT_LOT": null, "LEGAL_PID": null, "WELL_LOCATION_DESCRIPTION": "NE 1/4", "COORDINATE_ACQUISITION_CODE": "J", "WELL_STATUS": "New", "WELL_CLASS": "Water Supply", "WELL_SUBCLASS": "Not Applicable", "INTENDED_WATER_USE": "Unknown Well Use", "WELL_DETAILS_URL": "https://apps.nrs.gov.bc.ca/gwells/well/102930", "LICENCE_STATUS": "Unlicensed", "AQUIFER_ID": null, "PERSON_RESPONSIBLE": " ", "COMPANY_OF_PERSON_RESPONSIBLE": "Rapid Drilling Ltd.", "FINISHED_WELL_DEPTH": 190, "TOTAL_DEPTH_DRILLED": 190, "BEDROCK_DEPTH": null, "YIELD": null, "YIELD_ESTIMATION_DURATION": null, "ARTESIAN_COND": "N", "ARTESIAN_FLOW": null, "ARTESIAN_PRESSURE": null, "STATIC_WATER_LEVEL": null, "DIAMETER": null, "FINAL_CASING_STICK_UP": null, "GROUND_ELEVATION": null, "GROUND_ELEVATION_METHOD": "UNKNOWN", "SURFACE_SEAL_DEPTH": null, "SURFACE_SEAL_THICKNESS": null, "SURFACE_SEAL_METHOD": null, "SCREEN_INTAKE_METHOD": null, "WATER_SUPPLY_SYSTEM_NAME": null, "WATER_SUPPLY_SYSTEM_WELL_NAME": null, "CONSTRUCTION_START_DATE": "1970-02-17Z", "CONSTRUCTION_END_DATE": "1970-02-19Z", "ALTERATION_START_DATE": null, "ALTERATION_END_DATE": null, "DECOMMISSION_START_DATE": null, "DECOMMISSION_END_DATE": null, "DECOMMISSION_REASON": null, "OBSERVATION_WELL_NUMBER": null, "OBSERVATION_WELL_STATUS": null, "EMS_ID": null, "AQUIFER_MATERIAL": "Unknown", "OBJECTID": 122560151, "SE_ANNO_CAD_DATA": null}}, {"type": "Feature", "id": "WHSE_WATER_MANAGEMENT.GW_WATER_WELLS_WRBC_SVW.fid-29e471e6_19f63eee063_2127", "geometry": {"type": "Point", "coordinates": [-121.60493, 56.482]}, "geometry_name": "GEOMETRY", "properties": {"GW_WW_SYSID": 98803, "WELL_TAG_NUMBER": 102932, "IDENTIFICATION_PLATE_NUMBER": null, "STREET_ADDRESS": null, "CITY": null, "LEGAL_LOT": "LS6", "LEGAL_PLAN": null, "LEGAL_DISTRICT_LOT": null, "LEGAL_PID": null, "WELL_LOCATION_DESCRIPTION": "SW 1/4", "COORDINATE_ACQUISITION_CODE": "J", "WELL_STATUS": "New", "WELL_CLASS": "Water Supply", "WELL_SUBCLASS": "Not Applicable", "INTENDED_WATER_USE": "Unknown Well Use", "WELL_DETAILS_URL": "https://apps.nrs.gov.bc.ca/gwells/well/102932", "LICENCE_STATUS": "Unlicensed", "AQUIFER_ID": null, "PERSON_RESPONSIBLE": " ", "COMPANY_OF_PERSON_RESPONSIBLE": "Rapid Drilling Ltd.", "FINISHED_WELL_DEPTH": 177, "TOTAL_DEPTH_DRILLED": 177, "BEDROCK_DEPTH": null, "YIELD": null, "YIELD_ESTIMATION_DURATION": null, "ARTESIAN_COND": "N", "ARTESIAN_FLOW": null, "ARTESIAN_PRESSURE": null, "STATIC_WATER_LEVEL": null, "DIAMETER": null, "FINAL_CASING_STICK_UP": null, "GROUND_ELEVATION": null, "GROUND_ELEVATION_METHOD": "UNKNOWN", "SURFACE_SEAL_DEPTH": null, "SURFACE_SEAL_THICKNESS": null, "SURFACE_SEAL_METHOD": null, "SCREEN_INTAKE_METHOD": null, "WATER_SUPPLY_SYSTEM_NAME": null, "WATER_SUPPLY_SYSTEM_WELL_NAME": null, "CONSTRUCTION_START_DATE": "1970-02-16Z", "CONSTRUCTION_END_DATE": "1970-02-19Z", "ALTERATION_START_DATE": null, "ALTERATION_END_DATE": null, "DECOMMISSION_START_DATE": null, "DECOMMISSION_END_DATE": null, "DECOMMISSION_REASON": null, "OBSERVATION_WELL_NUMBER": null, "OBSERVATION_WELL_STATUS": null, "EMS_ID": null, "AQUIFER_MATERIAL": "Unknown", "OBJECTID": 122560153, "SE_ANNO_CAD_DATA": null}}, {"type": "Feature", "id": "WHSE_WATER_MANAGEMENT.GW_WATER_WELLS_WRBC_SVW.fid-29e471e6_19f63eee063_2128", "geometry": {"type": "Point", "coordinates": [-121.287253, 56.505017]}, "geometry_name": "GEOMETRY", "properties": {"GW_WW_SYSID": 31408, "WELL_TAG_NUMBER": 31473, "IDENTIFICATION_PLATE_NUMBER": null, "STREET_ADDRESS": " ", "CITY": " ", "LEGAL_LOT": " ", "LEGAL_PLAN": " ", "LEGAL_DISTRICT_LOT": " ", "LEGAL_PID": null, "WELL_LOCATION_DESCRIPTION": " ", "COORDINATE_ACQUISITION_CODE": "E", "WELL_STATUS": "New", "WELL_CLASS": "Unknown", "WELL_SUBCLASS": null, "INTENDED_WATER_USE": "Unknown Well Use", "WELL_DETAILS_URL": "https://apps.nrs.gov.bc.ca/gwells/well/31473", "LICENCE_STATUS": "Unlicensed", "AQUIFER_ID": 1271, "PERSON_RESPONSIBLE": " ", "COMPANY_OF_PERSON_RESPONSIBLE": "Cliff Baker Drilling", "FINISHED_WELL_DEPTH": 195, "TOTAL_DEPTH_DRILLED": null, "BEDROCK_DEPTH": 45, "YIELD": 3.5, "YIELD_ESTIMATION_DURATION": null, "ARTESIAN_COND": "N", "ARTESIAN_FLOW": null, "ARTESIAN_PRESSURE": null, "STATIC_WATER_LEVEL": null, "DIAMETER": null, "FINAL_CASING_STICK_UP": null, "GROUND_ELEVATION": null, "GROUND_ELEVATION_METHOD": "UNKNOWN", "SURFACE_SEAL_DEPTH": null, "SURFACE_SEAL_THICKNESS": null, "SURFACE_SEAL_METHOD": null, "SCREEN_INTAKE_METHOD": null, "WATER_SUPPLY_SYSTEM_NAME": null, "WATER_SUPPLY_SYSTEM_WELL_NAME": null, "CONSTRUCTION_START_DATE": "1974-10-12Z", "CONSTRUCTION_END_DATE": "1974-10-12Z", "ALTERATION_START_DATE": null, "ALTERATION_END_DATE": null, "DECOMMISSION_START_DATE": null, "DECOMMISSION_END_DATE": null, "DECOMMISSION_REASON": null, "OBSERVATION_WELL_NUMBER": null, "OBSERVATION_WELL_STATUS": null, "EMS_ID": null, "AQUIFER_MATERIAL": "Bedrock", "OBJECTID": 122492758, "SE_ANNO_CAD_DATA": null}}, {"type": "Feature", "id": "WHSE_WATER_MANAGEMENT.GW_WATER_WELLS_WRBC_SVW.fid-29e471e6_19f63eee063_2129", "geometry": {"type": "Point", "coordinates": [-121.28187, 56.53198]}, "geometry_name": "GEOMETRY", "properties": {"GW_WW_SYSID": 117344, "WELL_TAG_NUMBER": 122294, "IDENTIFICATION_PLATE_NUMBER": 50544, "STREET_ADDRESS": null, "CITY": "Fort St. John", "LEGAL_LOT": null, "LEGAL_PLAN": null, "LEGAL_DISTRICT_LOT": null, "LEGAL_PID": null, "WELL_LOCATION_DESCRIPTION": "Surface location 10-09-87-20", "COORDINATE_ACQUISITION_CODE": "H", "WELL_STATUS": "New", "WELL_CLASS": "Water Supply", "WELL_SUBCLASS": "Not Applicable", "INTENDED_WATER_USE": "Commercial and Industrial", "WELL_DETAILS_URL": "https://apps.nrs.gov.bc.ca/gwells/well/122294", "LICENCE_STATUS": "Licensed", "AQUIFER_ID": 1271, "PERSON_RESPONSIBLE": "Cameron Wiebe", "COMPANY_OF_PERSON_RESPONSIBLE": null, "FINISHED_WELL_DEPTH": 300, "TOTAL_DEPTH_DRILLED": 300, "BEDROCK_DEPTH": null, "YIELD": 18, "YIELD_ESTIMATION_DURATION": 0.5, "ARTESIAN_COND": "N", "ARTESIAN_FLOW": null, "ARTESIAN_PRESSURE": null, "STATIC_WATER_LEVEL": 141.8, "DIAMETER": null, "FINAL_CASING_STICK_UP": 30, "GROUND_ELEVATION": 2765, "GROUND_ELEVATION_METHOD": "GPS", "SURFACE_SEAL_DEPTH": null, "SURFACE_SEAL_THICKNESS": null, "SURFACE_SEAL_METHOD": null, "SCREEN_INTAKE_METHOD": "SCREEN", "WATER_SUPPLY_SYSTEM_NAME": null, "WATER_SUPPLY_SYSTEM_WELL_NAME": null, "CONSTRUCTION_START_DATE": "2020-06-08Z", "CONSTRUCTION_END_DATE": "2020-06-12Z", "ALTERATION_START_DATE": null, "ALTERATION_END_DATE": null, "DECOMMISSION_START_DATE": null, "DECOMMISSION_END_DATE": null, "DECOMMISSION_REASON": null, "OBSERVATION_WELL_NUMBER": null, "OBSERVATION_WELL_STATUS": null, "EMS_ID": null, "AQUIFER_MATERIAL": null, "OBJECTID": 122578694, "SE_ANNO_CAD_DATA": null}}, {"type": "Feature", "id": "WHSE_WATER_MANAGEMENT.GW_WATER_WELLS_WRBC_SVW.fid-29e471e6_19f63eee063_212a", "geometry": {"type": "Point", "coordinates": [-121.26994, 56.49051]}, "geometry_name": "GEOMETRY", "properties": {"GW_WW_SYSID": 111421, "WELL_TAG_NUMBER": 116103, "IDENTIFICATION_PLATE_NUMBER": 50764, "STREET_ADDRESS": " ", "CITY": " ", "LEGAL_LOT": " ", "LEGAL_PLAN": " ", "LEGAL_DISTRICT_LOT": " ", "LEGAL_PID": 8349835, "WELL_LOCATION_DESCRIPTION": "THE NORTH 1/2 OF SECTION 29 TOWNSHIP 86 RANGE 21 WEST OF THE 6TH MERIDIAN PEACE RIVER DISTRICT", "COORDINATE_ACQUISITION_CODE": "H", "WELL_STATUS": "New", "WELL_CLASS": "Water Supply", "WELL_SUBCLASS": null, "INTENDED_WATER_USE": "Unknown Well Use", "WELL_DETAILS_URL": "https://apps.nrs.gov.bc.ca/gwells/well/116103", "LICENCE_STATUS": "Licensed", "AQUIFER_ID": 1271, "PERSON_RESPONSIBLE": " ", "COMPANY_OF_PERSON_RESPONSIBLE": null, "FINISHED_WELL_DEPTH": 14, "TOTAL_DEPTH_DRILLED": null, "BEDROCK_DEPTH": null, "YIELD": null, "YIELD_ESTIMATION_DURATION": null, "ARTESIAN_COND": "N", "ARTESIAN_FLOW": null, "ARTESIAN_PRESSURE": null, "STATIC_WATER_LEVEL": null, "DIAMETER": null, "FINAL_CASING_STICK_UP": null, "GROUND_ELEVATION": null, "GROUND_ELEVATION_METHOD": "UNKNOWN", "SURFACE_SEAL_DEPTH": null, "SURFACE_SEAL_THICKNESS": null, "SURFACE_SEAL_METHOD": null, "SCREEN_INTAKE_METHOD": null, "WATER_SUPPLY_SYSTEM_NAME": null, "WATER_SUPPLY_SYSTEM_WELL_NAME": null, "CONSTRUCTION_START_DATE": "2018-12-14Z", "CONSTRUCTION_END_DATE": "2018-12-14Z", "ALTERATION_START_DATE": null, "ALTERATION_END_DATE": null, "DECOMMISSION_START_DATE": null, "DECOMMISSION_END_DATE": null, "DECOMMISSION_REASON": null, "OBSERVATION_WELL_NUMBER": null, "OBSERVATION_WELL_STATUS": null, "EMS_ID": null, "AQUIFER_MATERIAL": "Unknown", "OBJECTID": 122572771, "SE_ANNO_CAD_DATA": null}}, {"type": "Feature", "id": "WHSE_WATER_MANAGEMENT.GW_WATER_WELLS_WRBC_SVW.fid-29e471e6_19f63eee063_212b", "geometry": {"type": "Point", "coordinates": [-121.26788, 56.48654]}, "geometry_name": "GEOMETRY", "properties": {"GW_WW_SYSID": 128127, "WELL_TAG_NUMBER": 133494, "IDENTIFICATION_PLATE_NUMBER": 65639, "STREET_ADDRESS": "11560 Hwy 97", "CITY": "Montney", "LEGAL_LOT": null, "LEGAL_PLAN": null, "LEGAL_DISTRICT_LOT": null, "LEGAL_PID": 8349789, "WELL_LOCATION_DESCRIPTION": null, "COORDINATE_ACQUISITION_CODE": "H", "WELL_STATUS": "New", "WELL_CLASS": "Water Supply", "WELL_SUBCLASS": "Not Applicable", "INTENDED_WATER_USE": "Private Domestic", "WELL_DETAILS_URL": "https://apps.nrs.gov.bc.ca/gwells/well/133494", "LICENCE_STATUS": "Unlicensed", "AQUIFER_ID": null, "PERSON_RESPONSIBLE": "Martin Peters", "COMPANY_OF_PERSON_RESPONSIBLE": null, "FINISHED_WELL_DEPTH": 153, "TOTAL_DEPTH_DRILLED": 153, "BEDROCK_DEPTH": 129, "YIELD": 150, "YIELD_ESTIMATION_DURATION": 2, "ARTESIAN_COND": "Y", "ARTESIAN_FLOW": 25, "ARTESIAN_PRESSURE": 4.33, "STATIC_WATER_LEVEL": null, "DIAMETER": 6, "FINAL_CASING_STICK_UP": 24, "GROUND_ELEVATION": 2400, "GROUND_ELEVATION_METHOD": "GPS", "SURFACE_SEAL_DEPTH": 25, "SURFACE_SEAL_THICKNESS": 1, "SURFACE_SEAL_METHOD": "POURED", "SCREEN_INTAKE_METHOD": "SCREEN", "WATER_SUPPLY_SYSTEM_NAME": null, "WATER_SUPPLY_SYSTEM_WELL_NAME": null, "CONSTRUCTION_START_DATE": "2025-04-24Z", "CONSTRUCTION_END_DATE": "2025-04-28Z", "ALTERATION_START_DATE": null, "ALTERATION_END_DATE": null, "DECOMMISSION_START_DATE": null, "DECOMMISSION_END_DATE": null, "DECOMMISSION_REASON": null, "OBSERVATION_WELL_NUMBER": null, "OBSERVATION_WELL_STATUS": null, "EMS_ID": null, "AQUIFER_MATERIAL": null, "OBJECTID": 122589477, "SE_ANNO_CAD_DATA": null}}, {"type": "Feature", "id": "WHSE_WATER_MANAGEMENT.GW_WATER_WELLS_WRBC_SVW.fid-29e471e6_19f63eee063_212c", "geometry": {"type": "Point", "coordinates": [-121.2618, 56.48647]}, "geometry_name": "GEOMETRY", "properties": {"GW_WW_SYSID": 4896, "WELL_TAG_NUMBER": 4904, "IDENTIFICATION_PLATE_NUMBER": 50763, "STREET_ADDRESS": " ", "CITY": " ", "LEGAL_LOT": " ", "LEGAL_PLAN": " ", "LEGAL_DISTRICT_LOT": " ", "LEGAL_PID": 8349789, "WELL_LOCATION_DESCRIPTION": "WEST OF THE 6TH MERIDIAN PEACE RIVER DISTRICT", "COORDINATE_ACQUISITION_CODE": "A", "WELL_STATUS": "New", "WELL_CLASS": "Water Supply", "WELL_SUBCLASS": null, "INTENDED_WATER_USE": "Unknown Well Use", "WELL_DETAILS_URL": "https://apps.nrs.gov.bc.ca/gwells/well/4904", "LICENCE_STATUS": "Licensed", "AQUIFER_ID": 1271, "PERSON_RESPONSIBLE": " ", "COMPANY_OF_PERSON_RESPONSIBLE": "Unknown", "FINISHED_WELL_DEPTH": null, "TOTAL_DEPTH_DRILLED": null, "BEDROCK_DEPTH": null, "YIELD": null, "YIELD_ESTIMATION_DURATION": null, "ARTESIAN_COND": "Y", "ARTESIAN_FLOW": 6, "ARTESIAN_PRESSURE": null, "STATIC_WATER_LEVEL": null, "DIAMETER": null, "FINAL_CASING_STICK_UP": null, "GROUND_ELEVATION": null, "GROUND_ELEVATION_METHOD": "UNKNOWN", "SURFACE_SEAL_DEPTH": null, "SURFACE_SEAL_THICKNESS": null, "SURFACE_SEAL_METHOD": null, "SCREEN_INTAKE_METHOD": null, "WATER_SUPPLY_SYSTEM_NAME": null, "WATER_SUPPLY_SYSTEM_WELL_NAME": null, "CONSTRUCTION_START_DATE": "1950-01-01Z", "CONSTRUCTION_END_DATE": "1950-01-01Z", "ALTERATION_START_DATE": null, "ALTERATION_END_DATE": null, "DECOMMISSION_START_DATE": null, "DECOMMISSION_END_DATE": null, "DECOMMISSION_REASON": null, "OBSERVATION_WELL_NUMBER": null, "OBSERVATION_WELL_STATUS": null, "EMS_ID": null, "AQUIFER_MATERIAL": "Unconsolidated", "OBJECTID": 122466246, "SE_ANNO_CAD_DATA": null}}, {"type": "Feature", "id": "WHSE_WATER_MANAGEMENT.GW_WATER_WELLS_WRBC_SVW.fid-29e471e6_19f63eee063_212d", "geometry": {"type": "Point", "coordinates": [-121.25748, 56.51713]}, "geometry_name": "GEOMETRY", "properties": {"GW_WW_SYSID": 125385, "WELL_TAG_NUMBER": 130656, "IDENTIFICATION_PLATE_NUMBER": 60343, "STREET_ADDRESS": "Neighbourhood: 240 - Montney", "CITY": "CHARLIE LAKE", "LEGAL_LOT": null, "LEGAL_PLAN": null, "LEGAL_DISTRICT_LOT": null, "LEGAL_PID": null, "WELL_LOCATION_DESCRIPTION": "UNSURVEYED CROWN LAND", "COORDINATE_ACQUISITION_CODE": "H", "WELL_STATUS": "New", "WELL_CLASS": "Water Supply", "WELL_SUBCLASS": "Not Applicable", "INTENDED_WATER_USE": "Commercial and Industrial", "WELL_DETAILS_URL": "https://apps.nrs.gov.bc.ca/gwells/well/130656", "LICENCE_STATUS": "Licensed", "AQUIFER_ID": null, "PERSON_RESPONSIBLE": " ", "COMPANY_OF_PERSON_RESPONSIBLE": null, "FINISHED_WELL_DEPTH": 7, "TOTAL_DEPTH_DRILLED": null, "BEDROCK_DEPTH": null, "YIELD": null, "YIELD_ESTIMATION_DURATION": null, "ARTESIAN_COND": "N", "ARTESIAN_FLOW": null, "ARTESIAN_PRESSURE": null, "STATIC_WATER_LEVEL": null, "DIAMETER": null, "FINAL_CASING_STICK_UP": null, "GROUND_ELEVATION": null, "GROUND_ELEVATION_METHOD": null, "SURFACE_SEAL_DEPTH": null, "SURFACE_SEAL_THICKNESS": null, "SURFACE_SEAL_METHOD": null, "SCREEN_INTAKE_METHOD": null, "WATER_SUPPLY_SYSTEM_NAME": null, "WATER_SUPPLY_SYSTEM_WELL_NAME": null, "CONSTRUCTION_START_DATE": "1990-09-01Z", "CONSTRUCTION_END_DATE": "1990-09-01Z", "ALTERATION_START_DATE": null, "ALTERATION_END_DATE": null, "DECOMMISSION_START_DATE": null, "DECOMMISSION_END_DATE": null, "DECOMMISSION_REASON": null, "OBSERVATION_WELL_NUMBER": null, "OBSERVATION_WELL_STATUS": null, "EMS_ID": null, "AQUIFER_MATERIAL": null, "OBJECTID": 122586735, "SE_ANNO_CAD_DATA": null}}, {"type": "Feature", "id": "WHSE_WATER_MANAGEMENT.GW_WATER_WELLS_WRBC_SVW.fid-29e471e6_19f63eee063_212e", "geometry": {"type": "Point", "coordinates": [-121.24131, 56.53066]}, "geometry_name": "GEOMETRY", "properties": {"GW_WW_SYSID": 128285, "WELL_TAG_NUMBER": 133658, "IDENTIFICATION_PLATE_NUMBER": 65630, "STREET_ADDRESS": "12162 Hwy 97 N", "CITY": "Charlie Lake", "LEGAL_LOT": null, "LEGAL_PLAN": null, "LEGAL_DISTRICT_LOT": null, "LEGAL_PID": 14653664, "WELL_LOCATION_DESCRIPTION": null, "COORDINATE_ACQUISITION_CODE": "H", "WELL_STATUS": "Alteration", "WELL_CLASS": "Water Supply", "WELL_SUBCLASS": "Not Applicable", "INTENDED_WATER_USE": "Private Domestic", "WELL_DETAILS_URL": "https://apps.nrs.gov.bc.ca/gwells/well/133658", "LICENCE_STATUS": "Unlicensed", "AQUIFER_ID": null, "PERSON_RESPONSIBLE": "Martin Peters", "COMPANY_OF_PERSON_RESPONSIBLE": null, "FINISHED_WELL_DEPTH": 100, "TOTAL_DEPTH_DRILLED": 100, "BEDROCK_DEPTH": null, "YIELD": 50, "YIELD_ESTIMATION_DURATION": 1, "ARTESIAN_COND": "N", "ARTESIAN_FLOW": null, "ARTESIAN_PRESSURE": null, "STATIC_WATER_LEVEL": 62, "DIAMETER": 6, "FINAL_CASING_STICK_UP": 18, "GROUND_ELEVATION": 2820, "GROUND_ELEVATION_METHOD": "GPS", "SURFACE_SEAL_DEPTH": null, "SURFACE_SEAL_THICKNESS": null, "SURFACE_SEAL_METHOD": null, "SCREEN_INTAKE_METHOD": "SCREEN", "WATER_SUPPLY_SYSTEM_NAME": null, "WATER_SUPPLY_SYSTEM_WELL_NAME": null, "CONSTRUCTION_START_DATE": null, "CONSTRUCTION_END_DATE": null, "ALTERATION_START_DATE": "2025-03-24Z", "ALTERATION_END_DATE": "2025-03-25Z", "DECOMMISSION_START_DATE": null, "DECOMMISSION_END_DATE": null, "DECOMMISSION_REASON": null, "OBSERVATION_WELL_NUMBER": null, "OBSERVATION_WELL_STATUS": null, "EMS_ID": null, "AQUIFER_MATERIAL": null, "OBJECTID": 122589635, "SE_ANNO_CAD_DATA": null}}, {"type": "Feature", "id": "WHSE_WATER_MANAGEMENT.GW_WATER_WELLS_WRBC_SVW.fid-29e471e6_19f63eee063_212f", "geometry": {"type": "Point", "coordinates": [-121.235904, 56.528497]}, "geometry_name": "GEOMETRY", "properties": {"GW_WW_SYSID": 40287, "WELL_TAG_NUMBER": 40373, "IDENTIFICATION_PLATE_NUMBER": null, "STREET_ADDRESS": "ALASKA HWY", "CITY": null, "LEGAL_LOT": null, "LEGAL_PLAN": null, "LEGAL_DISTRICT_LOT": "153", "LEGAL_PID": null, "WELL_LOCATION_DESCRIPTION": null, "COORDINATE_ACQUISITION_CODE": "E", "WELL_STATUS": "New", "WELL_CLASS": "Unknown", "WELL_SUBCLASS": null, "INTENDED_WATER_USE": "Not Applicable", "WELL_DETAILS_URL": "https://apps.nrs.gov.bc.ca/gwells/well/40373", "LICENCE_STATUS": "Unlicensed", "AQUIFER_ID": 451, "PERSON_RESPONSIBLE": " ", "COMPANY_OF_PERSON_RESPONSIBLE": "I . & M.  Drilling", "FINISHED_WELL_DEPTH": 150, "TOTAL_DEPTH_DRILLED": null, "BEDROCK_DEPTH": null, "YIELD": 7, "YIELD_ESTIMATION_DURATION": null, "ARTESIAN_COND": "N", "ARTESIAN_FLOW": null, "ARTESIAN_PRESSURE": null, "STATIC_WATER_LEVEL": null, "DIAMETER": null, "FINAL_CASING_STICK_UP": null, "GROUND_ELEVATION": null, "GROUND_ELEVATION_METHOD": "UNKNOWN", "SURFACE_SEAL_DEPTH": null, "SURFACE_SEAL_THICKNESS": null, "SURFACE_SEAL_METHOD": null, "SCREEN_INTAKE_METHOD": null, "WATER_SUPPLY_SYSTEM_NAME": null, "WATER_SUPPLY_SYSTEM_WELL_NAME": null, "CONSTRUCTION_START_DATE": "1978-08-12Z", "CONSTRUCTION_END_DATE": "1978-08-12Z", "ALTERATION_START_DATE": null, "ALTERATION_END_DATE": null, "DECOMMISSION_START_DATE": null, "DECOMMISSION_END_DATE": null, "DECOMMISSION_REASON": null, "OBSERVATION_WELL_NUMBER": null, "OBSERVATION_WELL_STATUS": null, "EMS_ID": null, "AQUIFER_MATERIAL": "Unconsolidated", "OBJECTID": 122501637, "SE_ANNO_CAD_DATA": null}}, {"type": "Feature", "id": "WHSE_WATER_MANAGEMENT.GW_WATER_WELLS_WRBC_SVW.fid-29e471e6_19f63eee063_2130", "geometry": {"type": "Point", "coordinates": [-121.235329, 56.521264]}, "geometry_name": "GEOMETRY", "properties": {"GW_WW_SYSID": 44800, "WELL_TAG_NUMBER": 44900, "IDENTIFICATION_PLATE_NUMBER": null, "STREET_ADDRESS": "ALASKA HWY", "CITY": " ", "LEGAL_LOT": " ", "LEGAL_PLAN": " ", "LEGAL_DISTRICT_LOT": "284", "LEGAL_PID": null, "WELL_LOCATION_DESCRIPTION": " ", "COORDINATE_ACQUISITION_CODE": "E", "WELL_STATUS": "New", "WELL_CLASS": "Unknown", "WELL_SUBCLASS": null, "INTENDED_WATER_USE": "Unknown Well Use", "WELL_DETAILS_URL": "https://apps.nrs.gov.bc.ca/gwells/well/44900", "LICENCE_STATUS": "Unlicensed", "AQUIFER_ID": 1271, "PERSON_RESPONSIBLE": " ", "COMPANY_OF_PERSON_RESPONSIBLE": "I . & M.  Drilling", "FINISHED_WELL_DEPTH": 180, "TOTAL_DEPTH_DRILLED": null, "BEDROCK_DEPTH": 20, "YIELD": 7, "YIELD_ESTIMATION_DURATION": null, "ARTESIAN_COND": "N", "ARTESIAN_FLOW": null, "ARTESIAN_PRESSURE": null, "STATIC_WATER_LEVEL": null, "DIAMETER": null, "FINAL_CASING_STICK_UP": null, "GROUND_ELEVATION": null, "GROUND_ELEVATION_METHOD": "UNKNOWN", "SURFACE_SEAL_DEPTH": null, "SURFACE_SEAL_THICKNESS": null, "SURFACE_SEAL_METHOD": null, "SCREEN_INTAKE_METHOD": null, "WATER_SUPPLY_SYSTEM_NAME": null, "WATER_SUPPLY_SYSTEM_WELL_NAME": null, "CONSTRUCTION_START_DATE": "1980-04-29Z", "CONSTRUCTION_END_DATE": "1980-04-29Z", "ALTERATION_START_DATE": null, "ALTERATION_END_DATE": null, "DECOMMISSION_START_DATE": null, "DECOMMISSION_END_DATE": null, "DECOMMISSION_REASON": null, "OBSERVATION_WELL_NUMBER": null, "OBSERVATION_WELL_STATUS": null, "EMS_ID": null, "AQUIFER_MATERIAL": "Bedrock", "OBJECTID": 122506150, "SE_ANNO_CAD_DATA": null}}, {"type": "Feature", "id": "WHSE_WATER_MANAGEMENT.GW_WATER_WELLS_WRBC_SVW.fid-29e471e6_19f63eee063_2131", "geometry": {"type": "Point", "coordinates": [-121.234457, 56.526392]}, "geometry_name": "GEOMETRY", "properties": {"GW_WW_SYSID": 94344, "WELL_TAG_NUMBER": 98366, "IDENTIFICATION_PLATE_NUMBER": 22013, "STREET_ADDRESS": "ALASKA HIGHWAY", "CITY": "CHARLIE LAKE", "LEGAL_LOT": " ", "LEGAL_PLAN": " ", "LEGAL_DISTRICT_LOT": "3057", "LEGAL_PID": 14927012, "WELL_LOCATION_DESCRIPTION": "NOT PROVIDED", "COORDINATE_ACQUISITION_CODE": "H", "WELL_STATUS": "New", "WELL_CLASS": "Water Supply", "WELL_SUBCLASS": "Not Applicable", "INTENDED_WATER_USE": "Private Domestic", "WELL_DETAILS_URL": "https://apps.nrs.gov.bc.ca/gwells/well/98366", "LICENCE_STATUS": "Unlicensed", "AQUIFER_ID": 1271, "PERSON_RESPONSIBLE": " ", "COMPANY_OF_PERSON_RESPONSIBLE": "Jacob's Water Wells", "FINISHED_WELL_DEPTH": 105, "TOTAL_DEPTH_DRILLED": 105, "BEDROCK_DEPTH": 48, "YIELD": 6, "YIELD_ESTIMATION_DURATION": 0.5, "ARTESIAN_COND": "N", "ARTESIAN_FLOW": null, "ARTESIAN_PRESSURE": null, "STATIC_WATER_LEVEL": 92.7, "DIAMETER": 6, "FINAL_CASING_STICK_UP": 24, "GROUND_ELEVATION": 2718, "GROUND_ELEVATION_METHOD": "GPS", "SURFACE_SEAL_DEPTH": 27, "SURFACE_SEAL_THICKNESS": 1, "SURFACE_SEAL_METHOD": "POURED", "SCREEN_INTAKE_METHOD": null, "WATER_SUPPLY_SYSTEM_NAME": null, "WATER_SUPPLY_SYSTEM_WELL_NAME": null, "CONSTRUCTION_START_DATE": "2008-01-16Z", "CONSTRUCTION_END_DATE": "2008-01-23Z", "ALTERATION_START_DATE": null, "ALTERATION_END_DATE": null, "DECOMMISSION_START_DATE": null, "DECOMMISSION_END_DATE": null, "DECOMMISSION_REASON": null, "OBSERVATION_WELL_NUMBER": null, "OBSERVATION_WELL_STATUS": null, "EMS_ID": null, "AQUIFER_MATERIAL": "Bedrock", "OBJECTID": 122555694, "SE_ANNO_CAD_DATA": null}}, {"type": "Feature", "id": "WHSE_WATER_MANAGEMENT.GW_WATER_WELLS_WRBC_SVW.fid-29e471e6_19f63eee063_2132", "geometry": {"type": "Point", "coordinates": [-121.234054, 56.527365]}, "geometry_name": "GEOMETRY", "properties": {"GW_WW_SYSID": 21115, "WELL_TAG_NUMBER": 21155, "IDENTIFICATION_PLATE_NUMBER": null, "STREET_ADDRESS": "ALASKA HWY", "CITY": " ", "LEGAL_LOT": " ", "LEGAL_PLAN": " ", "LEGAL_DISTRICT_LOT": " ", "LEGAL_PID": null, "WELL_LOCATION_DESCRIPTION": " ", "COORDINATE_ACQUISITION_CODE": "E", "WELL_STATUS": "New", "WELL_CLASS": "Water Supply", "WELL_SUBCLASS": null, "INTENDED_WATER_USE": "Private Domestic", "WELL_DETAILS_URL": "https://apps.nrs.gov.bc.ca/gwells/well/21155", "LICENCE_STATUS": "Unlicensed", "AQUIFER_ID": 1271, "PERSON_RESPONSIBLE": " ", "COMPANY_OF_PERSON_RESPONSIBLE": "Knight's Rat Hole Drilling", "FINISHED_WELL_DEPTH": 32, "TOTAL_DEPTH_DRILLED": null, "BEDROCK_DEPTH": 22, "YIELD": 0, "YIELD_ESTIMATION_DURATION": null, "ARTESIAN_COND": "N", "ARTESIAN_FLOW": null, "ARTESIAN_PRESSURE": null, "STATIC_WATER_LEVEL": 12, "DIAMETER": null, "FINAL_CASING_STICK_UP": null, "GROUND_ELEVATION": null, "GROUND_ELEVATION_METHOD": "UNKNOWN", "SURFACE_SEAL_DEPTH": null, "SURFACE_SEAL_THICKNESS": null, "SURFACE_SEAL_METHOD": null, "SCREEN_INTAKE_METHOD": null, "WATER_SUPPLY_SYSTEM_NAME": null, "WATER_SUPPLY_SYSTEM_WELL_NAME": null, "CONSTRUCTION_START_DATE": "1968-01-01Z", "CONSTRUCTION_END_DATE": "1968-01-01Z", "ALTERATION_START_DATE": null, "ALTERATION_END_DATE": null, "DECOMMISSION_START_DATE": null, "DECOMMISSION_END_DATE": null, "DECOMMISSION_REASON": null, "OBSERVATION_WELL_NUMBER": null, "OBSERVATION_WELL_STATUS": null, "EMS_ID": null, "AQUIFER_MATERIAL": "Bedrock", "OBJECTID": 122482465, "SE_ANNO_CAD_DATA": null}}, {"type": "Feature", "id": "WHSE_WATER_MANAGEMENT.GW_WATER_WELLS_WRBC_SVW.fid-29e471e6_19f63eee063_2133", "geometry": {"type": "Point", "coordinates": [-121.2335, 56.52495]}, "geometry_name": "GEOMETRY", "properties": {"GW_WW_SYSID": 98267, "WELL_TAG_NUMBER": 102384, "IDENTIFICATION_PLATE_NUMBER": 24608, "STREET_ADDRESS": "11892 Shepherds Inn Frontage Rd", "CITY": "MONTNEY", "LEGAL_LOT": null, "LEGAL_PLAN": null, "LEGAL_DISTRICT_LOT": null, "LEGAL_PID": null, "WELL_LOCATION_DESCRIPTION": "IN ACTIVITY AREA OF THE SITE. BEHIND THE MOTEL. 83 PACES FROM ROHOUSE.", "COORDINATE_ACQUISITION_CODE": "H", "WELL_STATUS": "New", "WELL_CLASS": "Water Supply", "WELL_SUBCLASS": "Not Applicable", "INTENDED_WATER_USE": "Water Supply System", "WELL_DETAILS_URL": "https://apps.nrs.gov.bc.ca/gwells/well/102384", "LICENCE_STATUS": "Licensed", "AQUIFER_ID": 1271, "PERSON_RESPONSIBLE": " ", "COMPANY_OF_PERSON_RESPONSIBLE": null, "FINISHED_WELL_DEPTH": 202, "TOTAL_DEPTH_DRILLED": null, "BEDROCK_DEPTH": null, "YIELD": 5, "YIELD_ESTIMATION_DURATION": null, "ARTESIAN_COND": "N", "ARTESIAN_FLOW": null, "ARTESIAN_PRESSURE": null, "STATIC_WATER_LEVEL": 66, "DIAMETER": null, "FINAL_CASING_STICK_UP": 24, "GROUND_ELEVATION": null, "GROUND_ELEVATION_METHOD": "UNKNOWN", "SURFACE_SEAL_DEPTH": null, "SURFACE_SEAL_THICKNESS": null, "SURFACE_SEAL_METHOD": null, "SCREEN_INTAKE_METHOD": null, "WATER_SUPPLY_SYSTEM_NAME": "SHEPHERD'S INN HOUSING & RV PARK", "WATER_SUPPLY_SYSTEM_WELL_NAME": "SHEPHERD'S INN HOUSING WELL #2 BEHIND MOTEL", "CONSTRUCTION_START_DATE": "1987-01-01Z", "CONSTRUCTION_END_DATE": "1987-01-01Z", "ALTERATION_START_DATE": null, "ALTERATION_END_DATE": null, "DECOMMISSION_START_DATE": null, "DECOMMISSION_END_DATE": null, "DECOMMISSION_REASON": null, "OBSERVATION_WELL_NUMBER": null, "OBSERVATION_WELL_STATUS": null, "EMS_ID": null, "AQUIFER_MATERIAL": "Unknown", "OBJECTID": 122559617, "SE_ANNO_CAD_DATA": null}}, {"type": "Feature", "id": "WHSE_WATER_MANAGEMENT.GW_WATER_WELLS_WRBC_SVW.fid-29e471e6_19f63eee063_2134", "geometry": {"type": "Point", "coordinates": [-121.23314, 56.52569]}, "geometry_name": "GEOMETRY", "properties": {"GW_WW_SYSID": 42229, "WELL_TAG_NUMBER": 42323, "IDENTIFICATION_PLATE_NUMBER": null, "STREET_ADDRESS": "ALASKA HWY", "CITY": " ", "LEGAL_LOT": " ", "LEGAL_PLAN": " ", "LEGAL_DISTRICT_LOT": "3183", "LEGAL_PID": null, "WELL_LOCATION_DESCRIPTION": " ", "COORDINATE_ACQUISITION_CODE": "E", "WELL_STATUS": "New", "WELL_CLASS": "Unknown", "WELL_SUBCLASS": null, "INTENDED_WATER_USE": "Unknown Well Use", "WELL_DETAILS_URL": "https://apps.nrs.gov.bc.ca/gwells/well/42323", "LICENCE_STATUS": "Unlicensed", "AQUIFER_ID": 1271, "PERSON_RESPONSIBLE": " ", "COMPANY_OF_PERSON_RESPONSIBLE": "I . & M.  Drilling", "FINISHED_WELL_DEPTH": 130, "TOTAL_DEPTH_DRILLED": null, "BEDROCK_DEPTH": 45, "YIELD": 8, "YIELD_ESTIMATION_DURATION": null, "ARTESIAN_COND": "N", "ARTESIAN_FLOW": null, "ARTESIAN_PRESSURE": null, "STATIC_WATER_LEVEL": null, "DIAMETER": null, "FINAL_CASING_STICK_UP": null, "GROUND_ELEVATION": null, "GROUND_ELEVATION_METHOD": "UNKNOWN", "SURFACE_SEAL_DEPTH": null, "SURFACE_SEAL_THICKNESS": null, "SURFACE_SEAL_METHOD": null, "SCREEN_INTAKE_METHOD": null, "WATER_SUPPLY_SYSTEM_NAME": null, "WATER_SUPPLY_SYSTEM_WELL_NAME": null, "CONSTRUCTION_START_DATE": "1979-05-11Z", "CONSTRUCTION_END_DATE": "1979-05-11Z", "ALTERATION_START_DATE": null, "ALTERATION_END_DATE": null, "DECOMMISSION_START_DATE": null, "DECOMMISSION_END_DATE": null, "DECOMMISSION_REASON": null, "OBSERVATION_WELL_NUMBER": null, "OBSERVATION_WELL_STATUS": null, "EMS_ID": null, "AQUIFER_MATERIAL": "Bedrock", "OBJECTID": 122503579, "SE_ANNO_CAD_DATA": null}}, {"type": "Feature", "id": "WHSE_WATER_MANAGEMENT.GW_WATER_WELLS_WRBC_SVW.fid-29e471e6_19f63eee063_2135", "geometry": {"type": "Point", "coordinates": [-121.23231, 56.52474]}, "geometry_name": "GEOMETRY", "properties": {"GW_WW_SYSID": 98266, "WELL_TAG_NUMBER": 102383, "IDENTIFICATION_PLATE_NUMBER": 35909, "STREET_ADDRESS": "MILE 72 ALASKA HWY", "CITY": null, "LEGAL_LOT": null, "LEGAL_PLAN": "34198", "LEGAL_DISTRICT_LOT": "3183", "LEGAL_PID": null, "WELL_LOCATION_DESCRIPTION": "INSIDE SHED BY THE PUMPHOUSE. PUMPHOUSE BEHIND ROHOUSE. WELL 3 & WELL 1 OPERATE TOGETHER. DL 3183-3457. LAND DISTRICT PCLA.", "COORDINATE_ACQUISITION_CODE": "H", "WELL_STATUS": "New", "WELL_CLASS": "Water Supply", "WELL_SUBCLASS": "Not Applicable", "INTENDED_WATER_USE": "Water Supply System", "WELL_DETAILS_URL": "https://apps.nrs.gov.bc.ca/gwells/well/102383", "LICENCE_STATUS": "Licensed", "AQUIFER_ID": 1271, "PERSON_RESPONSIBLE": " ", "COMPANY_OF_PERSON_RESPONSIBLE": null, "FINISHED_WELL_DEPTH": 370, "TOTAL_DEPTH_DRILLED": null, "BEDROCK_DEPTH": null, "YIELD": 1, "YIELD_ESTIMATION_DURATION": null, "ARTESIAN_COND": "N", "ARTESIAN_FLOW": null, "ARTESIAN_PRESSURE": null, "STATIC_WATER_LEVEL": 183, "DIAMETER": 6, "FINAL_CASING_STICK_UP": null, "GROUND_ELEVATION": null, "GROUND_ELEVATION_METHOD": "UNKNOWN", "SURFACE_SEAL_DEPTH": null, "SURFACE_SEAL_THICKNESS": null, "SURFACE_SEAL_METHOD": null, "SCREEN_INTAKE_METHOD": null, "WATER_SUPPLY_SYSTEM_NAME": "SHEPHERD'S INN HOUSING & RV PARK", "WATER_SUPPLY_SYSTEM_WELL_NAME": "SHEPHERD'S INN HOUSING - WELL #1 PUMPHOUSE", "CONSTRUCTION_START_DATE": null, "CONSTRUCTION_END_DATE": null, "ALTERATION_START_DATE": null, "ALTERATION_END_DATE": null, "DECOMMISSION_START_DATE": null, "DECOMMISSION_END_DATE": null, "DECOMMISSION_REASON": null, "OBSERVATION_WELL_NUMBER": null, "OBSERVATION_WELL_STATUS": null, "EMS_ID": null, "AQUIFER_MATERIAL": "Unknown", "OBJECTID": 122559616, "SE_ANNO_CAD_DATA": null}}, {"type": "Feature", "id": "WHSE_WATER_MANAGEMENT.GW_WATER_WELLS_WRBC_SVW.fid-29e471e6_19f63eee063_2136", "geometry": {"type": "Point", "coordinates": [-121.232, 56.52407]}, "geometry_name": "GEOMETRY", "properties": {"GW_WW_SYSID": 95496, "WELL_TAG_NUMBER": 99544, "IDENTIFICATION_PLATE_NUMBER": 24607, "STREET_ADDRESS": "11892 SHEPARDS INN FRONTAGE ROAD", "CITY": "MONTNEY", "LEGAL_LOT": null, "LEGAL_PLAN": null, "LEGAL_DISTRICT_LOT": null, "LEGAL_PID": null, "WELL_LOCATION_DESCRIPTION": "PICNIC AREA. 43 PACES FROM WELL #1 PUMPHOUSE. WELL 3 & WELL1 OPERATE TOGETHER.", "COORDINATE_ACQUISITION_CODE": "H", "WELL_STATUS": "Alteration", "WELL_CLASS": "Water Supply", "WELL_SUBCLASS": "Not Applicable", "INTENDED_WATER_USE": "Water Supply System", "WELL_DETAILS_URL": "https://apps.nrs.gov.bc.ca/gwells/well/99544", "LICENCE_STATUS": "Licensed", "AQUIFER_ID": 1271, "PERSON_RESPONSIBLE": " ", "COMPANY_OF_PERSON_RESPONSIBLE": "Jacob's Water Wells", "FINISHED_WELL_DEPTH": 483, "TOTAL_DEPTH_DRILLED": 483, "BEDROCK_DEPTH": 80, "YIELD": 2.5, "YIELD_ESTIMATION_DURATION": null, "ARTESIAN_COND": "N", "ARTESIAN_FLOW": null, "ARTESIAN_PRESSURE": null, "STATIC_WATER_LEVEL": 280, "DIAMETER": 4.5, "FINAL_CASING_STICK_UP": 24, "GROUND_ELEVATION": 2710, "GROUND_ELEVATION_METHOD": "GPS", "SURFACE_SEAL_DEPTH": null, "SURFACE_SEAL_THICKNESS": null, "SURFACE_SEAL_METHOD": null, "SCREEN_INTAKE_METHOD": "SCREEN", "WATER_SUPPLY_SYSTEM_NAME": "SHEPHERD'S INN HOUSING & RV PARK", "WATER_SUPPLY_SYSTEM_WELL_NAME": "SHEPHERD'S INN HOUSING - WELL #3 PICNIC AREA", "CONSTRUCTION_START_DATE": null, "CONSTRUCTION_END_DATE": null, "ALTERATION_START_DATE": "2005-08-05Z", "ALTERATION_END_DATE": "2005-08-05Z", "DECOMMISSION_START_DATE": null, "DECOMMISSION_END_DATE": null, "DECOMMISSION_REASON": null, "OBSERVATION_WELL_NUMBER": null, "OBSERVATION_WELL_STATUS": null, "EMS_ID": null, "AQUIFER_MATERIAL": "Unknown", "OBJECTID": 122556846, "SE_ANNO_CAD_DATA": null}}, {"type": "Feature", "id": "WHSE_WATER_MANAGEMENT.GW_WATER_WELLS_WRBC_SVW.fid-29e471e6_19f63eee063_2137", "geometry": {"type": "Point", "coordinates": [-121.230895, 56.529558]}, "geometry_name": "GEOMETRY", "properties": {"GW_WW_SYSID": 97711, "WELL_TAG_NUMBER": 101815, "IDENTIFICATION_PLATE_NUMBER": null, "STREET_ADDRESS": null, "CITY": null, "LEGAL_LOT": null, "LEGAL_PLAN": null, "LEGAL_DISTRICT_LOT": null, "LEGAL_PID": null, "WELL_LOCATION_DESCRIPTION": "MILE 72 ALASKA HWY. SOUTHWEST QUARTER OF SEC 11.", "COORDINATE_ACQUISITION_CODE": "G", "WELL_STATUS": "New", "WELL_CLASS": "Water Supply", "WELL_SUBCLASS": "Not Applicable", "INTENDED_WATER_USE": "Private Domestic", "WELL_DETAILS_URL": "https://apps.nrs.gov.bc.ca/gwells/well/101815", "LICENCE_STATUS": "Unlicensed", "AQUIFER_ID": null, "PERSON_RESPONSIBLE": " ", "COMPANY_OF_PERSON_RESPONSIBLE": null, "FINISHED_WELL_DEPTH": null, "TOTAL_DEPTH_DRILLED": null, "BEDROCK_DEPTH": null, "YIELD": null, "YIELD_ESTIMATION_DURATION": null, "ARTESIAN_COND": "N", "ARTESIAN_FLOW": null, "ARTESIAN_PRESSURE": null, "STATIC_WATER_LEVEL": null, "DIAMETER": null, "FINAL_CASING_STICK_UP": null, "GROUND_ELEVATION": null, "GROUND_ELEVATION_METHOD": "UNKNOWN", "SURFACE_SEAL_DEPTH": null, "SURFACE_SEAL_THICKNESS": null, "SURFACE_SEAL_METHOD": null, "SCREEN_INTAKE_METHOD": null, "WATER_SUPPLY_SYSTEM_NAME": null, "WATER_SUPPLY_SYSTEM_WELL_NAME": null, "CONSTRUCTION_START_DATE": "1962-09-20Z", "CONSTRUCTION_END_DATE": "1962-09-20Z", "ALTERATION_START_DATE": null, "ALTERATION_END_DATE": null, "DECOMMISSION_START_DATE": null, "DECOMMISSION_END_DATE": null, "DECOMMISSION_REASON": null, "OBSERVATION_WELL_NUMBER": null, "OBSERVATION_WELL_STATUS": null, "EMS_ID": null, "AQUIFER_MATERIAL": "Unknown", "OBJECTID": 122559061, "SE_ANNO_CAD_DATA": null}}, {"type": "Feature", "id": "WHSE_WATER_MANAGEMENT.GW_WATER_WELLS_WRBC_SVW.fid-29e471e6_19f63eee063_2138", "geometry": {"type": "Point", "coordinates": [-121.231235, 56.522266]}, "geometry_name": "GEOMETRY", "properties": {"GW_WW_SYSID": 42285, "WELL_TAG_NUMBER": 42379, "IDENTIFICATION_PLATE_NUMBER": null, "STREET_ADDRESS": "ALASKA HWY", "CITY": " ", "LEGAL_LOT": " ", "LEGAL_PLAN": " ", "LEGAL_DISTRICT_LOT": " ", "LEGAL_PID": null, "WELL_LOCATION_DESCRIPTION": " ", "COORDINATE_ACQUISITION_CODE": "E", "WELL_STATUS": "New", "WELL_CLASS": "Unknown", "WELL_SUBCLASS": null, "INTENDED_WATER_USE": "Unknown Well Use", "WELL_DETAILS_URL": "https://apps.nrs.gov.bc.ca/gwells/well/42379", "LICENCE_STATUS": "Unlicensed", "AQUIFER_ID": 451, "PERSON_RESPONSIBLE": " ", "COMPANY_OF_PERSON_RESPONSIBLE": "I . & M.  Drilling", "FINISHED_WELL_DEPTH": 121, "TOTAL_DEPTH_DRILLED": null, "BEDROCK_DEPTH": null, "YIELD": 5, "YIELD_ESTIMATION_DURATION": null, "ARTESIAN_COND": "N", "ARTESIAN_FLOW": null, "ARTESIAN_PRESSURE": null, "STATIC_WATER_LEVEL": null, "DIAMETER": null, "FINAL_CASING_STICK_UP": null, "GROUND_ELEVATION": null, "GROUND_ELEVATION_METHOD": "UNKNOWN", "SURFACE_SEAL_DEPTH": null, "SURFACE_SEAL_THICKNESS": null, "SURFACE_SEAL_METHOD": null, "SCREEN_INTAKE_METHOD": null, "WATER_SUPPLY_SYSTEM_NAME": null, "WATER_SUPPLY_SYSTEM_WELL_NAME": null, "CONSTRUCTION_START_DATE": "1979-05-23Z", "CONSTRUCTION_END_DATE": "1979-05-23Z", "ALTERATION_START_DATE": null, "ALTERATION_END_DATE": null, "DECOMMISSION_START_DATE": null, "DECOMMISSION_END_DATE": null, "DECOMMISSION_REASON": null, "OBSERVATION_WELL_NUMBER": null, "OBSERVATION_WELL_STATUS": null, "EMS_ID": null, "AQUIFER_MATERIAL": "Unconsolidated", "OBJECTID": 122503635, "SE_ANNO_CAD_DATA": null}}, {"type": "Feature", "id": "WHSE_WATER_MANAGEMENT.GW_WATER_WELLS_WRBC_SVW.fid-29e471e6_19f63eee063_2139", "geometry": {"type": "Point", "coordinates": [-122.076742, 56.501335]}, "geometry_name": "GEOMETRY", "properties": {"GW_WW_SYSID": 98697, "WELL_TAG_NUMBER": 102825, "IDENTIFICATION_PLATE_NUMBER": null, "STREET_ADDRESS": " ", "CITY": " ", "LEGAL_LOT": " ", "LEGAL_PLAN": " ", "LEGAL_DISTRICT_LOT": "1307", "LEGAL_PID": 24243299, "WELL_LOCATION_DESCRIPTION": "KM 41 ROAD 117 UPPER HALFWAY RIVER.", "COORDINATE_ACQUISITION_CODE": "G", "WELL_STATUS": "New", "WELL_CLASS": "Water Supply", "WELL_SUBCLASS": "Not Applicable", "INTENDED_WATER_USE": "Private Domestic", "WELL_DETAILS_URL": "https://apps.nrs.gov.bc.ca/gwells/well/102825", "LICENCE_STATUS": "Unlicensed", "AQUIFER_ID": 934, "PERSON_RESPONSIBLE": " ", "COMPANY_OF_PERSON_RESPONSIBLE": null, "FINISHED_WELL_DEPTH": 404, "TOTAL_DEPTH_DRILLED": 404, "BEDROCK_DEPTH": null, "YIELD": 1.5, "YIELD_ESTIMATION_DURATION": null, "ARTESIAN_COND": "N", "ARTESIAN_FLOW": null, "ARTESIAN_PRESSURE": null, "STATIC_WATER_LEVEL": null, "DIAMETER": 6.63, "FINAL_CASING_STICK_UP": 24, "GROUND_ELEVATION": null, "GROUND_ELEVATION_METHOD": "UNKNOWN", "SURFACE_SEAL_DEPTH": null, "SURFACE_SEAL_THICKNESS": null, "SURFACE_SEAL_METHOD": null, "SCREEN_INTAKE_METHOD": null, "WATER_SUPPLY_SYSTEM_NAME": null, "WATER_SUPPLY_SYSTEM_WELL_NAME": null, "CONSTRUCTION_START_DATE": "1992-11-05Z", "CONSTRUCTION_END_DATE": "1992-11-05Z", "ALTERATION_START_DATE": null, "ALTERATION_END_DATE": null, "DECOMMISSION_START_DATE": null, "DECOMMISSION_END_DATE": null, "DECOMMISSION_REASON": null, "OBSERVATION_WELL_NUMBER": null, "OBSERVATION_WELL_STATUS": null, "EMS_ID": null, "AQUIFER_MATERIAL": "Bedrock", "OBJECTID": 122560047, "SE_ANNO_CAD_DATA": null}}, {"type": "Feature", "id": "WHSE_WATER_MANAGEMENT.GW_WATER_WELLS_WRBC_SVW.fid-29e471e6_19f63eee063_213a", "geometry": {"type": "Point", "coordinates": [-122.0637, 56.4971]}, "geometry_name": "GEOMETRY", "properties": {"GW_WW_SYSID": 98700, "WELL_TAG_NUMBER": 102828, "IDENTIFICATION_PLATE_NUMBER": null, "STREET_ADDRESS": "Upper Halfway Road", "CITY": "Upper Halfway", "LEGAL_LOT": null, "LEGAL_PLAN": null, "LEGAL_DISTRICT_LOT": "1306", "LEGAL_PID": null, "WELL_LOCATION_DESCRIPTION": "KM 40 ON MILE 95 ROAD.  Northeast Natural Resource Region", "COORDINATE_ACQUISITION_CODE": "G", "WELL_STATUS": "New", "WELL_CLASS": "Water Supply", "WELL_SUBCLASS": "Not Applicable", "INTENDED_WATER_USE": "Private Domestic", "WELL_DETAILS_URL": "https://apps.nrs.gov.bc.ca/gwells/well/102828", "LICENCE_STATUS": "Unlicensed", "AQUIFER_ID": 908, "PERSON_RESPONSIBLE": " ", "COMPANY_OF_PERSON_RESPONSIBLE": null, "FINISHED_WELL_DEPTH": 14.5, "TOTAL_DEPTH_DRILLED": 14.5, "BEDROCK_DEPTH": null, "YIELD": 15, "YIELD_ESTIMATION_DURATION": null, "ARTESIAN_COND": "N", "ARTESIAN_FLOW": null, "ARTESIAN_PRESSURE": null, "STATIC_WATER_LEVEL": null, "DIAMETER": 6.63, "FINAL_CASING_STICK_UP": 24, "GROUND_ELEVATION": null, "GROUND_ELEVATION_METHOD": "UNKNOWN", "SURFACE_SEAL_DEPTH": null, "SURFACE_SEAL_THICKNESS": null, "SURFACE_SEAL_METHOD": null, "SCREEN_INTAKE_METHOD": null, "WATER_SUPPLY_SYSTEM_NAME": null, "WATER_SUPPLY_SYSTEM_WELL_NAME": null, "CONSTRUCTION_START_DATE": "1995-08-02Z", "CONSTRUCTION_END_DATE": "1995-08-02Z", "ALTERATION_START_DATE": null, "ALTERATION_END_DATE": null, "DECOMMISSION_START_DATE": null, "DECOMMISSION_END_DATE": null, "DECOMMISSION_REASON": null, "OBSERVATION_WELL_NUMBER": null, "OBSERVATION_WELL_STATUS": null, "EMS_ID": null, "AQUIFER_MATERIAL": "Unconsolidated", "OBJECTID": 122560050, "SE_ANNO_CAD_DATA": null}}, {"type": "Feature", "id": "WHSE_WATER_MANAGEMENT.GW_WATER_WELLS_WRBC_SVW.fid-29e471e6_19f63eee063_213b", "geometry": {"type": "Point", "coordinates": [-122.02769, 56.493324]}, "geometry_name": "GEOMETRY", "properties": {"GW_WW_SYSID": 98547, "WELL_TAG_NUMBER": 102672, "IDENTIFICATION_PLATE_NUMBER": null, "STREET_ADDRESS": " ", "CITY": " ", "LEGAL_LOT": " ", "LEGAL_PLAN": " ", "LEGAL_DISTRICT_LOT": "1302", "LEGAL_PID": 14898519, "WELL_LOCATION_DESCRIPTION": "HALF WAY RANCH. H495380.", "COORDINATE_ACQUISITION_CODE": "J", "WELL_STATUS": "New", "WELL_CLASS": "Water Supply", "WELL_SUBCLASS": "Not Applicable", "INTENDED_WATER_USE": "Private Domestic", "WELL_DETAILS_URL": "https://apps.nrs.gov.bc.ca/gwells/well/102672", "LICENCE_STATUS": "Unlicensed", "AQUIFER_ID": 934, "PERSON_RESPONSIBLE": " ", "COMPANY_OF_PERSON_RESPONSIBLE": "Anderson Water Wells", "FINISHED_WELL_DEPTH": 41, "TOTAL_DEPTH_DRILLED": 41, "BEDROCK_DEPTH": null, "YIELD": null, "YIELD_ESTIMATION_DURATION": null, "ARTESIAN_COND": "N", "ARTESIAN_FLOW": null, "ARTESIAN_PRESSURE": null, "STATIC_WATER_LEVEL": 18, "DIAMETER": 6.63, "FINAL_CASING_STICK_UP": 24, "GROUND_ELEVATION": null, "GROUND_ELEVATION_METHOD": "UNKNOWN", "SURFACE_SEAL_DEPTH": null, "SURFACE_SEAL_THICKNESS": null, "SURFACE_SEAL_METHOD": null, "SCREEN_INTAKE_METHOD": null, "WATER_SUPPLY_SYSTEM_NAME": null, "WATER_SUPPLY_SYSTEM_WELL_NAME": null, "CONSTRUCTION_START_DATE": "1989-10-21Z", "CONSTRUCTION_END_DATE": "1989-10-21Z", "ALTERATION_START_DATE": null, "ALTERATION_END_DATE": null, "DECOMMISSION_START_DATE": null, "DECOMMISSION_END_DATE": null, "DECOMMISSION_REASON": null, "OBSERVATION_WELL_NUMBER": null, "OBSERVATION_WELL_STATUS": null, "EMS_ID": null, "AQUIFER_MATERIAL": "Unconsolidated", "OBJECTID": 122559897, "SE_ANNO_CAD_DATA": null}}, {"type": "Feature", "id": "WHSE_WATER_MANAGEMENT.GW_WATER_WELLS_WRBC_SVW.fid-29e471e6_19f63eee063_213c", "geometry": {"type": "Point", "coordinates": [-122.013217, 56.5054]}, "geometry_name": "GEOMETRY", "properties": {"GW_WW_SYSID": 105485, "WELL_TAG_NUMBER": 109909, "IDENTIFICATION_PLATE_NUMBER": 22082, "STREET_ADDRESS": "20762 UPPER HALFWAY ROAD", "CITY": "WONOWON", "LEGAL_LOT": " ", "LEGAL_PLAN": " ", "LEGAL_DISTRICT_LOT": " ", "LEGAL_PID": null, "WELL_LOCATION_DESCRIPTION": "WELL DESCRIPTION NOT PROVIDED", "COORDINATE_ACQUISITION_CODE": "H", "WELL_STATUS": "New", "WELL_CLASS": "Water Supply", "WELL_SUBCLASS": "Not Applicable", "INTENDED_WATER_USE": "Private Domestic", "WELL_DETAILS_URL": "https://apps.nrs.gov.bc.ca/gwells/well/109909", "LICENCE_STATUS": "Unlicensed", "AQUIFER_ID": 934, "PERSON_RESPONSIBLE": " ", "COMPANY_OF_PERSON_RESPONSIBLE": "Jacob's Water Wells", "FINISHED_WELL_DEPTH": 135, "TOTAL_DEPTH_DRILLED": 135, "BEDROCK_DEPTH": 122, "YIELD": 14, "YIELD_ESTIMATION_DURATION": 0.5, "ARTESIAN_COND": "N", "ARTESIAN_FLOW": null, "ARTESIAN_PRESSURE": null, "STATIC_WATER_LEVEL": 70, "DIAMETER": 6, "FINAL_CASING_STICK_UP": 30, "GROUND_ELEVATION": 2060, "GROUND_ELEVATION_METHOD": "GPS", "SURFACE_SEAL_DEPTH": null, "SURFACE_SEAL_THICKNESS": null, "SURFACE_SEAL_METHOD": null, "SCREEN_INTAKE_METHOD": "SCREEN", "WATER_SUPPLY_SYSTEM_NAME": null, "WATER_SUPPLY_SYSTEM_WELL_NAME": null, "CONSTRUCTION_START_DATE": "2014-08-12Z", "CONSTRUCTION_END_DATE": "2014-08-21Z", "ALTERATION_START_DATE": null, "ALTERATION_END_DATE": null, "DECOMMISSION_START_DATE": null, "DECOMMISSION_END_DATE": null, "DECOMMISSION_REASON": null, "OBSERVATION_WELL_NUMBER": null, "OBSERVATION_WELL_STATUS": null, "EMS_ID": null, "AQUIFER_MATERIAL": "Unknown", "OBJECTID": 122566835, "SE_ANNO_CAD_DATA": null}}, {"type": "Feature", "id": "WHSE_WATER_MANAGEMENT.GW_WATER_WELLS_WRBC_SVW.fid-29e471e6_19f63eee063_213d", "geometry": {"type": "Point", "coordinates": [-121.982361, 56.500333]}, "geometry_name": "GEOMETRY", "properties": {"GW_WW_SYSID": 109714, "WELL_TAG_NUMBER": 114340, "IDENTIFICATION_PLATE_NUMBER": 51565, "STREET_ADDRESS": " ", "CITY": " ", "LEGAL_LOT": " ", "LEGAL_PLAN": " ", "LEGAL_DISTRICT_LOT": " ", "LEGAL_PID": 14826241, "WELL_LOCATION_DESCRIPTION": "MILE 95 WATER SOURCE BH17-01", "COORDINATE_ACQUISITION_CODE": "H", "WELL_STATUS": "New", "WELL_CLASS": "Monitoring", "WELL_SUBCLASS": null, "INTENDED_WATER_USE": "Not Applicable", "WELL_DETAILS_URL": "https://apps.nrs.gov.bc.ca/gwells/well/114340", "LICENCE_STATUS": "Unlicensed", "AQUIFER_ID": 908, "PERSON_RESPONSIBLE": " ", "COMPANY_OF_PERSON_RESPONSIBLE": "Anderson Water Serv", "FINISHED_WELL_DEPTH": 20, "TOTAL_DEPTH_DRILLED": 21, "BEDROCK_DEPTH": 20, "YIELD": null, "YIELD_ESTIMATION_DURATION": null, "ARTESIAN_COND": "N", "ARTESIAN_FLOW": null, "ARTESIAN_PRESSURE": null, "STATIC_WATER_LEVEL": null, "DIAMETER": 6.63, "FINAL_CASING_STICK_UP": 24, "GROUND_ELEVATION": null, "GROUND_ELEVATION_METHOD": "UNKNOWN", "SURFACE_SEAL_DEPTH": 10, "SURFACE_SEAL_THICKNESS": 1.5, "SURFACE_SEAL_METHOD": null, "SCREEN_INTAKE_METHOD": null, "WATER_SUPPLY_SYSTEM_NAME": null, "WATER_SUPPLY_SYSTEM_WELL_NAME": null, "CONSTRUCTION_START_DATE": "2017-10-17Z", "CONSTRUCTION_END_DATE": "2017-10-17Z", "ALTERATION_START_DATE": null, "ALTERATION_END_DATE": null, "DECOMMISSION_START_DATE": null, "DECOMMISSION_END_DATE": null, "DECOMMISSION_REASON": null, "OBSERVATION_WELL_NUMBER": null, "OBSERVATION_WELL_STATUS": null, "EMS_ID": null, "AQUIFER_MATERIAL": "Unknown", "OBJECTID": 122571064, "SE_ANNO_CAD_DATA": null}}, {"type": "Feature", "id": "WHSE_WATER_MANAGEMENT.GW_WATER_WELLS_WRBC_SVW.fid-29e471e6_19f63eee063_213e", "geometry": {"type": "Point", "coordinates": [-121.981945, 56.5005]}, "geometry_name": "GEOMETRY", "properties": {"GW_WW_SYSID": 109715, "WELL_TAG_NUMBER": 114341, "IDENTIFICATION_PLATE_NUMBER": 51568, "STREET_ADDRESS": " ", "CITY": " ", "LEGAL_LOT": " ", "LEGAL_PLAN": " ", "LEGAL_DISTRICT_LOT": " ", "LEGAL_PID": 14826241, "WELL_LOCATION_DESCRIPTION": "MILE 95 WATER SOURCE; BH17-02", "COORDINATE_ACQUISITION_CODE": "H", "WELL_STATUS": "New", "WELL_CLASS": "Monitoring", "WELL_SUBCLASS": null, "INTENDED_WATER_USE": "Not Applicable", "WELL_DETAILS_URL": "https://apps.nrs.gov.bc.ca/gwells/well/114341", "LICENCE_STATUS": "Unlicensed", "AQUIFER_ID": 908, "PERSON_RESPONSIBLE": " ", "COMPANY_OF_PERSON_RESPONSIBLE": "Anderson Water Serv", "FINISHED_WELL_DEPTH": 20, "TOTAL_DEPTH_DRILLED": 21, "BEDROCK_DEPTH": null, "YIELD": null, "YIELD_ESTIMATION_DURATION": null, "ARTESIAN_COND": "N", "ARTESIAN_FLOW": null, "ARTESIAN_PRESSURE": null, "STATIC_WATER_LEVEL": null, "DIAMETER": 6.63, "FINAL_CASING_STICK_UP": 14, "GROUND_ELEVATION": null, "GROUND_ELEVATION_METHOD": "UNKNOWN", "SURFACE_SEAL_DEPTH": 10, "SURFACE_SEAL_THICKNESS": 1.5, "SURFACE_SEAL_METHOD": null, "SCREEN_INTAKE_METHOD": null, "WATER_SUPPLY_SYSTEM_NAME": null, "WATER_SUPPLY_SYSTEM_WELL_NAME": null, "CONSTRUCTION_START_DATE": "2017-10-17Z", "CONSTRUCTION_END_DATE": "2017-10-17Z", "ALTERATION_START_DATE": null, "ALTERATION_END_DATE": null, "DECOMMISSION_START_DATE": null, "DECOMMISSION_END_DATE": null, "DECOMMISSION_REASON": null, "OBSERVATION_WELL_NUMBER": null, "OBSERVATION_WELL_STATUS": null, "EMS_ID": null, "AQUIFER_MATERIAL": "Unknown", "OBJECTID": 122571065, "SE_ANNO_CAD_DATA": null}}, {"type": "Feature", "id": "WHSE_WATER_MANAGEMENT.GW_WATER_WELLS_WRBC_SVW.fid-29e471e6_19f63eee063_213f", "geometry": {"type": "Point", "coordinates": [-121.97902, 56.50727]}, "geometry_name": "GEOMETRY", "properties": {"GW_WW_SYSID": 114459, "WELL_TAG_NUMBER": 119321, "IDENTIFICATION_PLATE_NUMBER": 51187, "STREET_ADDRESS": "UPPER HALFWAY ROAD", "CITY": "HALFWAY RIVER RESERVE", "LEGAL_LOT": null, "LEGAL_PLAN": null, "LEGAL_DISTRICT_LOT": null, "LEGAL_PID": 15279220, "WELL_LOCATION_DESCRIPTION": null, "COORDINATE_ACQUISITION_CODE": "H", "WELL_STATUS": "Closure", "WELL_CLASS": "Unknown", "WELL_SUBCLASS": null, "INTENDED_WATER_USE": "Not Applicable", "WELL_DETAILS_URL": "https://apps.nrs.gov.bc.ca/gwells/well/119321", "LICENCE_STATUS": "Unlicensed", "AQUIFER_ID": 934, "PERSON_RESPONSIBLE": "William (Bill) Wiebe", "COMPANY_OF_PERSON_RESPONSIBLE": "Anderson Water Services Ltd.", "FINISHED_WELL_DEPTH": 25.5, "TOTAL_DEPTH_DRILLED": 25.5, "BEDROCK_DEPTH": null, "YIELD": null, "YIELD_ESTIMATION_DURATION": null, "ARTESIAN_COND": "N", "ARTESIAN_FLOW": null, "ARTESIAN_PRESSURE": null, "STATIC_WATER_LEVEL": null, "DIAMETER": null, "FINAL_CASING_STICK_UP": null, "GROUND_ELEVATION": 1996, "GROUND_ELEVATION_METHOD": "GPS", "SURFACE_SEAL_DEPTH": null, "SURFACE_SEAL_THICKNESS": null, "SURFACE_SEAL_METHOD": null, "SCREEN_INTAKE_METHOD": null, "WATER_SUPPLY_SYSTEM_NAME": null, "WATER_SUPPLY_SYSTEM_WELL_NAME": null, "CONSTRUCTION_START_DATE": "2018-05-09Z", "CONSTRUCTION_END_DATE": "2018-05-09Z", "ALTERATION_START_DATE": null, "ALTERATION_END_DATE": null, "DECOMMISSION_START_DATE": "2018-05-09Z", "DECOMMISSION_END_DATE": "2018-05-09Z", "DECOMMISSION_REASON": "INSUFFICIENT AQUIFER", "OBSERVATION_WELL_NUMBER": null, "OBSERVATION_WELL_STATUS": null, "EMS_ID": null, "AQUIFER_MATERIAL": null, "OBJECTID": 122575809, "SE_ANNO_CAD_DATA": null}}, {"type": "Feature", "id": "WHSE_WATER_MANAGEMENT.GW_WATER_WELLS_WRBC_SVW.fid-29e471e6_19f63eee063_2140", "geometry": {"type": "Point", "coordinates": [-121.96393, 56.5144]}, "geometry_name": "GEOMETRY", "properties": {"GW_WW_SYSID": 109713, "WELL_TAG_NUMBER": 114339, "IDENTIFICATION_PLATE_NUMBER": 46583, "STREET_ADDRESS": null, "CITY": null, "LEGAL_LOT": null, "LEGAL_PLAN": null, "LEGAL_DISTRICT_LOT": null, "LEGAL_PID": null, "WELL_LOCATION_DESCRIPTION": "NOT PROVIDED", "COORDINATE_ACQUISITION_CODE": "J", "WELL_STATUS": "New", "WELL_CLASS": "Water Supply", "WELL_SUBCLASS": "Not Applicable", "INTENDED_WATER_USE": "Water Supply System", "WELL_DETAILS_URL": "https://apps.nrs.gov.bc.ca/gwells/well/114339", "LICENCE_STATUS": "Unlicensed", "AQUIFER_ID": 934, "PERSON_RESPONSIBLE": " ", "COMPANY_OF_PERSON_RESPONSIBLE": "Anderson Water Serv", "FINISHED_WELL_DEPTH": 160, "TOTAL_DEPTH_DRILLED": 160, "BEDROCK_DEPTH": 25, "YIELD": null, "YIELD_ESTIMATION_DURATION": null, "ARTESIAN_COND": "N", "ARTESIAN_FLOW": null, "ARTESIAN_PRESSURE": null, "STATIC_WATER_LEVEL": null, "DIAMETER": 6.63, "FINAL_CASING_STICK_UP": 24, "GROUND_ELEVATION": 964.82, "GROUND_ELEVATION_METHOD": "GPS", "SURFACE_SEAL_DEPTH": 18, "SURFACE_SEAL_THICKNESS": 1.5, "SURFACE_SEAL_METHOD": null, "SCREEN_INTAKE_METHOD": null, "WATER_SUPPLY_SYSTEM_NAME": null, "WATER_SUPPLY_SYSTEM_WELL_NAME": null, "CONSTRUCTION_START_DATE": "2017-10-30Z", "CONSTRUCTION_END_DATE": "2017-10-30Z", "ALTERATION_START_DATE": null, "ALTERATION_END_DATE": null, "DECOMMISSION_START_DATE": null, "DECOMMISSION_END_DATE": null, "DECOMMISSION_REASON": "HIT GAS", "OBSERVATION_WELL_NUMBER": null, "OBSERVATION_WELL_STATUS": null, "EMS_ID": null, "AQUIFER_MATERIAL": "Unknown", "OBJECTID": 122571063, "SE_ANNO_CAD_DATA": null}}, {"type": "Feature", "id": "WHSE_WATER_MANAGEMENT.GW_WATER_WELLS_WRBC_SVW.fid-29e471e6_19f63eee063_2141", "geometry": {"type": "Point", "coordinates": [-121.96088, 56.50548]}, "geometry_name": "GEOMETRY", "properties": {"GW_WW_SYSID": 114460, "WELL_TAG_NUMBER": 119322, "IDENTIFICATION_PLATE_NUMBER": 51186, "STREET_ADDRESS": "UPPER HALFWAY ROAD", "CITY": "HALWAY RIVER RESERVE", "LEGAL_LOT": null, "LEGAL_PLAN": null, "LEGAL_DISTRICT_LOT": null, "LEGAL_PID": 15279220, "WELL_LOCATION_DESCRIPTION": null, "COORDINATE_ACQUISITION_CODE": "H", "WELL_STATUS": "Closure", "WELL_CLASS": "Unknown", "WELL_SUBCLASS": null, "INTENDED_WATER_USE": "Not Applicable", "WELL_DETAILS_URL": "https://apps.nrs.gov.bc.ca/gwells/well/119322", "LICENCE_STATUS": "Unlicensed", "AQUIFER_ID": 934, "PERSON_RESPONSIBLE": "William (Bill) Wiebe", "COMPANY_OF_PERSON_RESPONSIBLE": "Anderson Water Services Ltd.", "FINISHED_WELL_DEPTH": 26.5, "TOTAL_DEPTH_DRILLED": 26.5, "BEDROCK_DEPTH": null, "YIELD": null, "YIELD_ESTIMATION_DURATION": null, "ARTESIAN_COND": "N", "ARTESIAN_FLOW": null, "ARTESIAN_PRESSURE": null, "STATIC_WATER_LEVEL": null, "DIAMETER": 6.625, "FINAL_CASING_STICK_UP": null, "GROUND_ELEVATION": 1984, "GROUND_ELEVATION_METHOD": "GPS", "SURFACE_SEAL_DEPTH": 24, "SURFACE_SEAL_THICKNESS": 1, "SURFACE_SEAL_METHOD": "POURED", "SCREEN_INTAKE_METHOD": null, "WATER_SUPPLY_SYSTEM_NAME": null, "WATER_SUPPLY_SYSTEM_WELL_NAME": null, "CONSTRUCTION_START_DATE": "2018-05-09Z", "CONSTRUCTION_END_DATE": "2018-05-09Z", "ALTERATION_START_DATE": null, "ALTERATION_END_DATE": null, "DECOMMISSION_START_DATE": "2018-05-09Z", "DECOMMISSION_END_DATE": "2018-05-09Z", "DECOMMISSION_REASON": "INSUFFICIENT AQUIFER", "OBSERVATION_WELL_NUMBER": null, "OBSERVATION_WELL_STATUS": null, "EMS_ID": null, "AQUIFER_MATERIAL": null, "OBJECTID": 122575810, "SE_ANNO_CAD_DATA": null}}, {"type": "Feature", "id": "WHSE_WATER_MANAGEMENT.GW_WATER_WELLS_WRBC_SVW.fid-29e471e6_19f63eee063_2142", "geometry": {"type": "Point", "coordinates": [-121.94456, 56.50163]}, "geometry_name": "GEOMETRY", "properties": {"GW_WW_SYSID": 115090, "WELL_TAG_NUMBER": 119971, "IDENTIFICATION_PLATE_NUMBER": 22338, "STREET_ADDRESS": "HALFWAY RIVER FIRST NATION 168", "CITY": "WONOWON", "LEGAL_LOT": null, "LEGAL_PLAN": null, "LEGAL_DISTRICT_LOT": null, "LEGAL_PID": null, "WELL_LOCATION_DESCRIPTION": "LOCATED ON THE NORTH BANK OF THE HALFWAY RIVER, ~1700 METER SOUTH OF THE OLD VILLAGE", "COORDINATE_ACQUISITION_CODE": "A", "WELL_STATUS": "New", "WELL_CLASS": "Water Supply", "WELL_SUBCLASS": "Not Applicable", "INTENDED_WATER_USE": "Private Domestic", "WELL_DETAILS_URL": "https://apps.nrs.gov.bc.ca/gwells/well/119971", "LICENCE_STATUS": "Licensed", "AQUIFER_ID": 908, "PERSON_RESPONSIBLE": " ", "COMPANY_OF_PERSON_RESPONSIBLE": null, "FINISHED_WELL_DEPTH": 31, "TOTAL_DEPTH_DRILLED": null, "BEDROCK_DEPTH": null, "YIELD": null, "YIELD_ESTIMATION_DURATION": null, "ARTESIAN_COND": "N", "ARTESIAN_FLOW": null, "ARTESIAN_PRESSURE": null, "STATIC_WATER_LEVEL": null, "DIAMETER": null, "FINAL_CASING_STICK_UP": null, "GROUND_ELEVATION": null, "GROUND_ELEVATION_METHOD": null, "SURFACE_SEAL_DEPTH": null, "SURFACE_SEAL_THICKNESS": null, "SURFACE_SEAL_METHOD": null, "SCREEN_INTAKE_METHOD": null, "WATER_SUPPLY_SYSTEM_NAME": null, "WATER_SUPPLY_SYSTEM_WELL_NAME": null, "CONSTRUCTION_START_DATE": "1986-09-22Z", "CONSTRUCTION_END_DATE": "1986-09-22Z", "ALTERATION_START_DATE": null, "ALTERATION_END_DATE": null, "DECOMMISSION_START_DATE": null, "DECOMMISSION_END_DATE": null, "DECOMMISSION_REASON": null, "OBSERVATION_WELL_NUMBER": null, "OBSERVATION_WELL_STATUS": null, "EMS_ID": null, "AQUIFER_MATERIAL": null, "OBJECTID": 122576440, "SE_ANNO_CAD_DATA": null}}, {"type": "Feature", "id": "WHSE_WATER_MANAGEMENT.GW_WATER_WELLS_WRBC_SVW.fid-29e471e6_19f63eee063_2143", "geometry": {"type": "Point", "coordinates": [-121.94407, 56.5017]}, "geometry_name": "GEOMETRY", "properties": {"GW_WW_SYSID": 115103, "WELL_TAG_NUMBER": 119985, "IDENTIFICATION_PLATE_NUMBER": 22376, "STREET_ADDRESS": "HALFWAY RIVER FIRST NATION 168", "CITY": "WONOWON", "LEGAL_LOT": null, "LEGAL_PLAN": null, "LEGAL_DISTRICT_LOT": null, "LEGAL_PID": null, "WELL_LOCATION_DESCRIPTION": "IR 168 HALFWAY RIVER; LOCATED ON THE NORTH BANK OF THE HALFWAY RIVER, ~ 1700 METERS SOUTH  OF THE OLD VILLAGE", "COORDINATE_ACQUISITION_CODE": "H", "WELL_STATUS": "New", "WELL_CLASS": "Water Supply", "WELL_SUBCLASS": "Not Applicable", "INTENDED_WATER_USE": "Private Domestic", "WELL_DETAILS_URL": "https://apps.nrs.gov.bc.ca/gwells/well/119985", "LICENCE_STATUS": "Licensed", "AQUIFER_ID": 908, "PERSON_RESPONSIBLE": " ", "COMPANY_OF_PERSON_RESPONSIBLE": null, "FINISHED_WELL_DEPTH": 29, "TOTAL_DEPTH_DRILLED": null, "BEDROCK_DEPTH": null, "YIELD": null, "YIELD_ESTIMATION_DURATION": null, "ARTESIAN_COND": "N", "ARTESIAN_FLOW": null, "ARTESIAN_PRESSURE": null, "STATIC_WATER_LEVEL": null, "DIAMETER": null, "FINAL_CASING_STICK_UP": null, "GROUND_ELEVATION": null, "GROUND_ELEVATION_METHOD": null, "SURFACE_SEAL_DEPTH": null, "SURFACE_SEAL_THICKNESS": null, "SURFACE_SEAL_METHOD": null, "SCREEN_INTAKE_METHOD": null, "WATER_SUPPLY_SYSTEM_NAME": null, "WATER_SUPPLY_SYSTEM_WELL_NAME": null, "CONSTRUCTION_START_DATE": "1986-09-22Z", "CONSTRUCTION_END_DATE": "1986-09-22Z", "ALTERATION_START_DATE": null, "ALTERATION_END_DATE": null, "DECOMMISSION_START_DATE": null, "DECOMMISSION_END_DATE": null, "DECOMMISSION_REASON": null, "OBSERVATION_WELL_NUMBER": null, "OBSERVATION_WELL_STATUS": null, "EMS_ID": null, "AQUIFER_MATERIAL": null, "OBJECTID": 122576453, "SE_ANNO_CAD_DATA": null}}, {"type": "Feature", "id": "WHSE_WATER_MANAGEMENT.GW_WATER_WELLS_WRBC_SVW.fid-29e471e6_19f63eee063_2144", "geometry": {"type": "Point", "coordinates": [-121.939636, 56.501031]}, "geometry_name": "GEOMETRY", "properties": {"GW_WW_SYSID": 100280, "WELL_TAG_NUMBER": 104450, "IDENTIFICATION_PLATE_NUMBER": null, "STREET_ADDRESS": " ", "CITY": " ", "LEGAL_LOT": " ", "LEGAL_PLAN": " ", "LEGAL_DISTRICT_LOT": " ", "LEGAL_PID": null, "WELL_LOCATION_DESCRIPTION": "HALFWAY RIVER INDIAN RESERVE WEST OF WONOWON ALASKA HWY TH #2", "COORDINATE_ACQUISITION_CODE": "G", "WELL_STATUS": "New", "WELL_CLASS": "Water Supply", "WELL_SUBCLASS": "Not Applicable", "INTENDED_WATER_USE": "Private Domestic", "WELL_DETAILS_URL": "https://apps.nrs.gov.bc.ca/gwells/well/104450", "LICENCE_STATUS": "Unlicensed", "AQUIFER_ID": 934, "PERSON_RESPONSIBLE": " ", "COMPANY_OF_PERSON_RESPONSIBLE": "Cariboo Water Wells", "FINISHED_WELL_DEPTH": 160, "TOTAL_DEPTH_DRILLED": 160, "BEDROCK_DEPTH": null, "YIELD": null, "YIELD_ESTIMATION_DURATION": null, "ARTESIAN_COND": "N", "ARTESIAN_FLOW": null, "ARTESIAN_PRESSURE": null, "STATIC_WATER_LEVEL": null, "DIAMETER": 6, "FINAL_CASING_STICK_UP": 12, "GROUND_ELEVATION": null, "GROUND_ELEVATION_METHOD": "UNKNOWN", "SURFACE_SEAL_DEPTH": null, "SURFACE_SEAL_THICKNESS": null, "SURFACE_SEAL_METHOD": null, "SCREEN_INTAKE_METHOD": null, "WATER_SUPPLY_SYSTEM_NAME": null, "WATER_SUPPLY_SYSTEM_WELL_NAME": null, "CONSTRUCTION_START_DATE": "1983-09-24Z", "CONSTRUCTION_END_DATE": "1983-09-24Z", "ALTERATION_START_DATE": null, "ALTERATION_END_DATE": null, "DECOMMISSION_START_DATE": null, "DECOMMISSION_END_DATE": null, "DECOMMISSION_REASON": null, "OBSERVATION_WELL_NUMBER": null, "OBSERVATION_WELL_STATUS": null, "EMS_ID": null, "AQUIFER_MATERIAL": "Unknown", "OBJECTID": 122561630, "SE_ANNO_CAD_DATA": null}}, {"type": "Feature", "id": "WHSE_WATER_MANAGEMENT.GW_WATER_WELLS_WRBC_SVW.fid-29e471e6_19f63eee063_2145", "geometry": {"type": "Point", "coordinates": [-121.939198, 56.501028]}, "geometry_name": "GEOMETRY", "properties": {"GW_WW_SYSID": 100281, "WELL_TAG_NUMBER": 104451, "IDENTIFICATION_PLATE_NUMBER": null, "STREET_ADDRESS": " ", "CITY": " ", "LEGAL_LOT": " ", "LEGAL_PLAN": " ", "LEGAL_DISTRICT_LOT": " ", "LEGAL_PID": null, "WELL_LOCATION_DESCRIPTION": "HALFWAY RIVER INDIAN RESERVE WEST OF WONOWON ALASKA HWY TH #3", "COORDINATE_ACQUISITION_CODE": "J", "WELL_STATUS": "New", "WELL_CLASS": "Water Supply", "WELL_SUBCLASS": "Not Applicable", "INTENDED_WATER_USE": "Private Domestic", "WELL_DETAILS_URL": "https://apps.nrs.gov.bc.ca/gwells/well/104451", "LICENCE_STATUS": "Unlicensed", "AQUIFER_ID": 934, "PERSON_RESPONSIBLE": " ", "COMPANY_OF_PERSON_RESPONSIBLE": "Cariboo Water Wells", "FINISHED_WELL_DEPTH": 360, "TOTAL_DEPTH_DRILLED": 360, "BEDROCK_DEPTH": null, "YIELD": null, "YIELD_ESTIMATION_DURATION": null, "ARTESIAN_COND": "N", "ARTESIAN_FLOW": null, "ARTESIAN_PRESSURE": null, "STATIC_WATER_LEVEL": null, "DIAMETER": 6, "FINAL_CASING_STICK_UP": 12, "GROUND_ELEVATION": null, "GROUND_ELEVATION_METHOD": "UNKNOWN", "SURFACE_SEAL_DEPTH": null, "SURFACE_SEAL_THICKNESS": null, "SURFACE_SEAL_METHOD": null, "SCREEN_INTAKE_METHOD": null, "WATER_SUPPLY_SYSTEM_NAME": null, "WATER_SUPPLY_SYSTEM_WELL_NAME": null, "CONSTRUCTION_START_DATE": "1983-09-25Z", "CONSTRUCTION_END_DATE": "1983-09-25Z", "ALTERATION_START_DATE": null, "ALTERATION_END_DATE": null, "DECOMMISSION_START_DATE": null, "DECOMMISSION_END_DATE": null, "DECOMMISSION_REASON": null, "OBSERVATION_WELL_NUMBER": null, "OBSERVATION_WELL_STATUS": null, "EMS_ID": null, "AQUIFER_MATERIAL": "Unknown", "OBJECTID": 122561631, "SE_ANNO_CAD_DATA": null}}, {"type": "Feature", "id": "WHSE_WATER_MANAGEMENT.GW_WATER_WELLS_WRBC_SVW.fid-29e471e6_19f63eee063_2146", "geometry": {"type": "Point", "coordinates": [-121.93871, 56.501024]}, "geometry_name": "GEOMETRY", "properties": {"GW_WW_SYSID": 100282, "WELL_TAG_NUMBER": 104452, "IDENTIFICATION_PLATE_NUMBER": null, "STREET_ADDRESS": " ", "CITY": " ", "LEGAL_LOT": " ", "LEGAL_PLAN": " ", "LEGAL_DISTRICT_LOT": " ", "LEGAL_PID": null, "WELL_LOCATION_DESCRIPTION": "HALFWAY INDIAN RESERVE WEST OF WONOWON ALASKA HWY TH #1", "COORDINATE_ACQUISITION_CODE": "G", "WELL_STATUS": "New", "WELL_CLASS": "Water Supply", "WELL_SUBCLASS": "Not Applicable", "INTENDED_WATER_USE": "Private Domestic", "WELL_DETAILS_URL": "https://apps.nrs.gov.bc.ca/gwells/well/104452", "LICENCE_STATUS": "Unlicensed", "AQUIFER_ID": 934, "PERSON_RESPONSIBLE": " ", "COMPANY_OF_PERSON_RESPONSIBLE": "Cariboo Water Wells", "FINISHED_WELL_DEPTH": 240, "TOTAL_DEPTH_DRILLED": 240, "BEDROCK_DEPTH": null, "YIELD": null, "YIELD_ESTIMATION_DURATION": null, "ARTESIAN_COND": "N", "ARTESIAN_FLOW": null, "ARTESIAN_PRESSURE": null, "STATIC_WATER_LEVEL": null, "DIAMETER": 6, "FINAL_CASING_STICK_UP": null, "GROUND_ELEVATION": null, "GROUND_ELEVATION_METHOD": "UNKNOWN", "SURFACE_SEAL_DEPTH": null, "SURFACE_SEAL_THICKNESS": null, "SURFACE_SEAL_METHOD": null, "SCREEN_INTAKE_METHOD": null, "WATER_SUPPLY_SYSTEM_NAME": null, "WATER_SUPPLY_SYSTEM_WELL_NAME": null, "CONSTRUCTION_START_DATE": "1983-09-23Z", "CONSTRUCTION_END_DATE": "1983-09-23Z", "ALTERATION_START_DATE": null, "ALTERATION_END_DATE": null, "DECOMMISSION_START_DATE": null, "DECOMMISSION_END_DATE": null, "DECOMMISSION_REASON": null, "OBSERVATION_WELL_NUMBER": null, "OBSERVATION_WELL_STATUS": null, "EMS_ID": null, "AQUIFER_MATERIAL": "Unknown", "OBJECTID": 122561632, "SE_ANNO_CAD_DATA": null}}, {"type": "Feature", "id": "WHSE_WATER_MANAGEMENT.GW_WATER_WELLS_WRBC_SVW.fid-29e471e6_19f63eee063_2147", "geometry": {"type": "Point", "coordinates": [-121.92419, 56.52692]}, "geometry_name": "GEOMETRY", "properties": {"GW_WW_SYSID": 121799, "WELL_TAG_NUMBER": 126903, "IDENTIFICATION_PLATE_NUMBER": 51559, "STREET_ADDRESS": "20052 Upper Halfway Road", "CITY": "Fort St John", "LEGAL_LOT": null, "LEGAL_PLAN": null, "LEGAL_DISTRICT_LOT": null, "LEGAL_PID": 14681668, "WELL_LOCATION_DESCRIPTION": "THE SOUTH 1/2 OF SECTION 9", "COORDINATE_ACQUISITION_CODE": "J", "WELL_STATUS": "New", "WELL_CLASS": "Water Supply", "WELL_SUBCLASS": "Not Applicable", "INTENDED_WATER_USE": "Private Domestic", "WELL_DETAILS_URL": "https://apps.nrs.gov.bc.ca/gwells/well/126903", "LICENCE_STATUS": "Unlicensed", "AQUIFER_ID": null, "PERSON_RESPONSIBLE": "William (Bill) Wiebe", "COMPANY_OF_PERSON_RESPONSIBLE": "Anderson Water Services Ltd.", "FINISHED_WELL_DEPTH": 735, "TOTAL_DEPTH_DRILLED": 735, "BEDROCK_DEPTH": 40, "YIELD": 5, "YIELD_ESTIMATION_DURATION": 2, "ARTESIAN_COND": "N", "ARTESIAN_FLOW": null, "ARTESIAN_PRESSURE": null, "STATIC_WATER_LEVEL": 67.2, "DIAMETER": 6.63, "FINAL_CASING_STICK_UP": 24, "GROUND_ELEVATION": null, "GROUND_ELEVATION_METHOD": null, "SURFACE_SEAL_DEPTH": 40, "SURFACE_SEAL_THICKNESS": 1, "SURFACE_SEAL_METHOD": null, "SCREEN_INTAKE_METHOD": "SCREEN", "WATER_SUPPLY_SYSTEM_NAME": null, "WATER_SUPPLY_SYSTEM_WELL_NAME": null, "CONSTRUCTION_START_DATE": "2017-11-23Z", "CONSTRUCTION_END_DATE": "2017-11-26Z", "ALTERATION_START_DATE": null, "ALTERATION_END_DATE": null, "DECOMMISSION_START_DATE": null, "DECOMMISSION_END_DATE": null, "DECOMMISSION_REASON": null, "OBSERVATION_WELL_NUMBER": null, "OBSERVATION_WELL_STATUS": null, "EMS_ID": null, "AQUIFER_MATERIAL": null, "OBJECTID": 122583149, "SE_ANNO_CAD_DATA": null}}, {"type": "Feature", "id": "WHSE_WATER_MANAGEMENT.GW_WATER_WELLS_WRBC_SVW.fid-29e471e6_19f63eee063_2148", "geometry": {"type": "Point", "coordinates": [-121.921416, 56.497566]}, "geometry_name": "GEOMETRY", "properties": {"GW_WW_SYSID": 113724, "WELL_TAG_NUMBER": 118495, "IDENTIFICATION_PLATE_NUMBER": 51500, "STREET_ADDRESS": "HALFWAY RIVER RESERVE", "CITY": "WONOWON", "LEGAL_LOT": null, "LEGAL_PLAN": null, "LEGAL_DISTRICT_LOT": null, "LEGAL_PID": null, "WELL_LOCATION_DESCRIPTION": null, "COORDINATE_ACQUISITION_CODE": "H", "WELL_STATUS": "New", "WELL_CLASS": "Water Supply", "WELL_SUBCLASS": null, "INTENDED_WATER_USE": "Water Supply System", "WELL_DETAILS_URL": "https://apps.nrs.gov.bc.ca/gwells/well/118495", "LICENCE_STATUS": "Unlicensed", "AQUIFER_ID": 934, "PERSON_RESPONSIBLE": "William (Bill) Wiebe", "COMPANY_OF_PERSON_RESPONSIBLE": "Anderson Water Services Ltd.", "FINISHED_WELL_DEPTH": 61, "TOTAL_DEPTH_DRILLED": 61, "BEDROCK_DEPTH": 59, "YIELD": 10, "YIELD_ESTIMATION_DURATION": 3, "ARTESIAN_COND": "N", "ARTESIAN_FLOW": null, "ARTESIAN_PRESSURE": null, "STATIC_WATER_LEVEL": 43.3, "DIAMETER": 6.625, "FINAL_CASING_STICK_UP": 30, "GROUND_ELEVATION": 1964, "GROUND_ELEVATION_METHOD": "GPS", "SURFACE_SEAL_DEPTH": 20, "SURFACE_SEAL_THICKNESS": 1, "SURFACE_SEAL_METHOD": "POURED", "SCREEN_INTAKE_METHOD": "SCREEN", "WATER_SUPPLY_SYSTEM_NAME": null, "WATER_SUPPLY_SYSTEM_WELL_NAME": null, "CONSTRUCTION_START_DATE": "2018-05-09Z", "CONSTRUCTION_END_DATE": "2018-05-10Z", "ALTERATION_START_DATE": null, "ALTERATION_END_DATE": null, "DECOMMISSION_START_DATE": null, "DECOMMISSION_END_DATE": null, "DECOMMISSION_REASON": null, "OBSERVATION_WELL_NUMBER": null, "OBSERVATION_WELL_STATUS": null, "EMS_ID": null, "AQUIFER_MATERIAL": null, "OBJECTID": 122575074, "SE_ANNO_CAD_DATA": null}}, {"type": "Feature", "id": "WHSE_WATER_MANAGEMENT.GW_WATER_WELLS_WRBC_SVW.fid-29e471e6_19f63eee063_2149", "geometry": {"type": "Point", "coordinates": [-121.863068, 56.513553]}, "geometry_name": "GEOMETRY", "properties": {"GW_WW_SYSID": 94339, "WELL_TAG_NUMBER": 98361, "IDENTIFICATION_PLATE_NUMBER": 22100, "STREET_ADDRESS": "19527 UPPER HALFWAY ROAD", "CITY": "WONOWON", "LEGAL_LOT": " ", "LEGAL_PLAN": " ", "LEGAL_DISTRICT_LOT": " ", "LEGAL_PID": null, "WELL_LOCATION_DESCRIPTION": "NOT PROVIDED", "COORDINATE_ACQUISITION_CODE": "H", "WELL_STATUS": "New", "WELL_CLASS": "Water Supply", "WELL_SUBCLASS": "Not Applicable", "INTENDED_WATER_USE": "Private Domestic", "WELL_DETAILS_URL": "https://apps.nrs.gov.bc.ca/gwells/well/98361", "LICENCE_STATUS": "Unlicensed", "AQUIFER_ID": 934, "PERSON_RESPONSIBLE": " ", "COMPANY_OF_PERSON_RESPONSIBLE": "Jacob's Water Wells", "FINISHED_WELL_DEPTH": 120, "TOTAL_DEPTH_DRILLED": 120, "BEDROCK_DEPTH": 30, "YIELD": 3, "YIELD_ESTIMATION_DURATION": null, "ARTESIAN_COND": "N", "ARTESIAN_FLOW": null, "ARTESIAN_PRESSURE": null, "STATIC_WATER_LEVEL": 17, "DIAMETER": 6, "FINAL_CASING_STICK_UP": null, "GROUND_ELEVATION": null, "GROUND_ELEVATION_METHOD": "GPS", "SURFACE_SEAL_DEPTH": 25, "SURFACE_SEAL_THICKNESS": 1, "SURFACE_SEAL_METHOD": "POURED", "SCREEN_INTAKE_METHOD": null, "WATER_SUPPLY_SYSTEM_NAME": null, "WATER_SUPPLY_SYSTEM_WELL_NAME": null, "CONSTRUCTION_START_DATE": "2008-04-07Z", "CONSTRUCTION_END_DATE": "2008-04-10Z", "ALTERATION_START_DATE": null, "ALTERATION_END_DATE": null, "DECOMMISSION_START_DATE": null, "DECOMMISSION_END_DATE": null, "DECOMMISSION_REASON": null, "OBSERVATION_WELL_NUMBER": null, "OBSERVATION_WELL_STATUS": null, "EMS_ID": null, "AQUIFER_MATERIAL": "Bedrock", "OBJECTID": 122555689, "SE_ANNO_CAD_DATA": null}}, {"type": "Feature", "id": "WHSE_WATER_MANAGEMENT.GW_WATER_WELLS_WRBC_SVW.fid-29e471e6_19f63eee063_214a", "geometry": {"type": "Point", "coordinates": [-121.92885, 56.58922]}, "geometry_name": "GEOMETRY", "properties": {"GW_WW_SYSID": 106621, "WELL_TAG_NUMBER": 111088, "IDENTIFICATION_PLATE_NUMBER": 22303, "STREET_ADDRESS": null, "CITY": "WONOWAN", "LEGAL_LOT": null, "LEGAL_PLAN": null, "LEGAL_DISTRICT_LOT": null, "LEGAL_PID": null, "WELL_LOCATION_DESCRIPTION": "LAND DISTRICT: WG", "COORDINATE_ACQUISITION_CODE": "H", "WELL_STATUS": "Alteration", "WELL_CLASS": "Water Supply", "WELL_SUBCLASS": "Not Applicable", "INTENDED_WATER_USE": "Private Domestic", "WELL_DETAILS_URL": "https://apps.nrs.gov.bc.ca/gwells/well/111088", "LICENCE_STATUS": "Unlicensed", "AQUIFER_ID": null, "PERSON_RESPONSIBLE": " ", "COMPANY_OF_PERSON_RESPONSIBLE": "Jacob's Water Wells", "FINISHED_WELL_DEPTH": 418, "TOTAL_DEPTH_DRILLED": 418, "BEDROCK_DEPTH": 78, "YIELD": 1.8, "YIELD_ESTIMATION_DURATION": 1, "ARTESIAN_COND": "N", "ARTESIAN_FLOW": null, "ARTESIAN_PRESSURE": null, "STATIC_WATER_LEVEL": 73.2, "DIAMETER": 6, "FINAL_CASING_STICK_UP": 25, "GROUND_ELEVATION": 2200, "GROUND_ELEVATION_METHOD": "GPS", "SURFACE_SEAL_DEPTH": null, "SURFACE_SEAL_THICKNESS": 0, "SURFACE_SEAL_METHOD": null, "SCREEN_INTAKE_METHOD": "SCREEN", "WATER_SUPPLY_SYSTEM_NAME": null, "WATER_SUPPLY_SYSTEM_WELL_NAME": null, "CONSTRUCTION_START_DATE": null, "CONSTRUCTION_END_DATE": null, "ALTERATION_START_DATE": "2015-05-14Z", "ALTERATION_END_DATE": "2015-05-15Z", "DECOMMISSION_START_DATE": null, "DECOMMISSION_END_DATE": null, "DECOMMISSION_REASON": null, "OBSERVATION_WELL_NUMBER": null, "OBSERVATION_WELL_STATUS": null, "EMS_ID": null, "AQUIFER_MATERIAL": "Unknown", "OBJECTID": 122567971, "SE_ANNO_CAD_DATA": null}}, {"type": "Feature", "id": "WHSE_WATER_MANAGEMENT.GW_WATER_WELLS_WRBC_SVW.fid-29e471e6_19f63eee063_214b", "geometry": {"type": "Point", "coordinates": [-121.9268, 56.5892]}, "geometry_name": "GEOMETRY", "properties": {"GW_WW_SYSID": 106622, "WELL_TAG_NUMBER": 111089, "IDENTIFICATION_PLATE_NUMBER": 22304, "STREET_ADDRESS": null, "CITY": "WONOWON, Fort St. John Rural", "LEGAL_LOT": null, "LEGAL_PLAN": null, "LEGAL_DISTRICT_LOT": null, "LEGAL_PID": 3979636, "WELL_LOCATION_DESCRIPTION": "THE NORTH WEST 1/4 OF SECTION 33 TOWNSHIP 87 RANGE 25 WEST OF THE 6TH MERIDIAN PEACE RIVER DISTRICT", "COORDINATE_ACQUISITION_CODE": "H", "WELL_STATUS": "New", "WELL_CLASS": "Water Supply", "WELL_SUBCLASS": "Not Applicable", "INTENDED_WATER_USE": "Commercial and Industrial", "WELL_DETAILS_URL": "https://apps.nrs.gov.bc.ca/gwells/well/111089", "LICENCE_STATUS": "Licensed", "AQUIFER_ID": 932, "PERSON_RESPONSIBLE": " ", "COMPANY_OF_PERSON_RESPONSIBLE": "Jacob's Water Wells", "FINISHED_WELL_DEPTH": 180, "TOTAL_DEPTH_DRILLED": 180, "BEDROCK_DEPTH": 138, "YIELD": 1.7, "YIELD_ESTIMATION_DURATION": 0.5, "ARTESIAN_COND": "N", "ARTESIAN_FLOW": null, "ARTESIAN_PRESSURE": null, "STATIC_WATER_LEVEL": 146, "DIAMETER": 6, "FINAL_CASING_STICK_UP": 30, "GROUND_ELEVATION": 2200, "GROUND_ELEVATION_METHOD": "GPS", "SURFACE_SEAL_DEPTH": 20, "SURFACE_SEAL_THICKNESS": 1, "SURFACE_SEAL_METHOD": "POURED", "SCREEN_INTAKE_METHOD": "SCREEN", "WATER_SUPPLY_SYSTEM_NAME": null, "WATER_SUPPLY_SYSTEM_WELL_NAME": null, "CONSTRUCTION_START_DATE": "2015-05-16Z", "CONSTRUCTION_END_DATE": "2015-05-21Z", "ALTERATION_START_DATE": null, "ALTERATION_END_DATE": null, "DECOMMISSION_START_DATE": null, "DECOMMISSION_END_DATE": null, "DECOMMISSION_REASON": null, "OBSERVATION_WELL_NUMBER": null, "OBSERVATION_WELL_STATUS": null, "EMS_ID": null, "AQUIFER_MATERIAL": "Unknown", "OBJECTID": 122567972, "SE_ANNO_CAD_DATA": null}}, {"type": "Feature", "id": "WHSE_WATER_MANAGEMENT.GW_WATER_WELLS_WRBC_SVW.fid-29e471e6_19f63eee063_214c", "geometry": {"type": "Point", "coordinates": [-121.75487, 56.59333]}, "geometry_name": "GEOMETRY", "properties": {"GW_WW_SYSID": 107743, "WELL_TAG_NUMBER": 112239, "IDENTIFICATION_PLATE_NUMBER": 48503, "STREET_ADDRESS": "18701 UPPER HALFWAY", "CITY": "WONOWON", "LEGAL_LOT": null, "LEGAL_PLAN": null, "LEGAL_DISTRICT_LOT": null, "LEGAL_PID": 14868547, "WELL_LOCATION_DESCRIPTION": "NOT PROVIDED", "COORDINATE_ACQUISITION_CODE": "H", "WELL_STATUS": "New", "WELL_CLASS": "Water Supply", "WELL_SUBCLASS": "Not Applicable", "INTENDED_WATER_USE": "Private Domestic", "WELL_DETAILS_URL": "https://apps.nrs.gov.bc.ca/gwells/well/112239", "LICENCE_STATUS": "Unlicensed", "AQUIFER_ID": null, "PERSON_RESPONSIBLE": " ", "COMPANY_OF_PERSON_RESPONSIBLE": "Jacob's Water Wells", "FINISHED_WELL_DEPTH": 325, "TOTAL_DEPTH_DRILLED": 325, "BEDROCK_DEPTH": null, "YIELD": 60, "YIELD_ESTIMATION_DURATION": 0.5, "ARTESIAN_COND": "N", "ARTESIAN_FLOW": null, "ARTESIAN_PRESSURE": null, "STATIC_WATER_LEVEL": 272.6, "DIAMETER": 6, "FINAL_CASING_STICK_UP": 30, "GROUND_ELEVATION": 2385, "GROUND_ELEVATION_METHOD": "GPS", "SURFACE_SEAL_DEPTH": 20, "SURFACE_SEAL_THICKNESS": 1, "SURFACE_SEAL_METHOD": "POURED", "SCREEN_INTAKE_METHOD": "SCREEN", "WATER_SUPPLY_SYSTEM_NAME": null, "WATER_SUPPLY_SYSTEM_WELL_NAME": null, "CONSTRUCTION_START_DATE": "2016-06-27Z", "CONSTRUCTION_END_DATE": "2016-07-15Z", "ALTERATION_START_DATE": null, "ALTERATION_END_DATE": null, "DECOMMISSION_START_DATE": null, "DECOMMISSION_END_DATE": null, "DECOMMISSION_REASON": null, "OBSERVATION_WELL_NUMBER": null, "OBSERVATION_WELL_STATUS": null, "EMS_ID": null, "AQUIFER_MATERIAL": "Unknown", "OBJECTID": 122569093, "SE_ANNO_CAD_DATA": null}}, {"type": "Feature", "id": "WHSE_WATER_MANAGEMENT.GW_WATER_WELLS_WRBC_SVW.fid-29e471e6_19f63eee063_214d", "geometry": {"type": "Point", "coordinates": [-121.6745, 56.55005]}, "geometry_name": "GEOMETRY", "properties": {"GW_WW_SYSID": 98804, "WELL_TAG_NUMBER": 102933, "IDENTIFICATION_PLATE_NUMBER": null, "STREET_ADDRESS": null, "CITY": "INGA", "LEGAL_LOT": "LS16", "LEGAL_PLAN": null, "LEGAL_DISTRICT_LOT": null, "LEGAL_PID": null, "WELL_LOCATION_DESCRIPTION": "NE 1/4", "COORDINATE_ACQUISITION_CODE": "J", "WELL_STATUS": "New", "WELL_CLASS": "Water Supply", "WELL_SUBCLASS": "Not Applicable", "INTENDED_WATER_USE": "Unknown Well Use", "WELL_DETAILS_URL": "https://apps.nrs.gov.bc.ca/gwells/well/102933", "LICENCE_STATUS": "Unlicensed", "AQUIFER_ID": null, "PERSON_RESPONSIBLE": " ", "COMPANY_OF_PERSON_RESPONSIBLE": "Rapid Drilling Ltd.", "FINISHED_WELL_DEPTH": 225, "TOTAL_DEPTH_DRILLED": 225, "BEDROCK_DEPTH": null, "YIELD": null, "YIELD_ESTIMATION_DURATION": null, "ARTESIAN_COND": "N", "ARTESIAN_FLOW": null, "ARTESIAN_PRESSURE": null, "STATIC_WATER_LEVEL": null, "DIAMETER": null, "FINAL_CASING_STICK_UP": null, "GROUND_ELEVATION": null, "GROUND_ELEVATION_METHOD": "UNKNOWN", "SURFACE_SEAL_DEPTH": null, "SURFACE_SEAL_THICKNESS": null, "SURFACE_SEAL_METHOD": null, "SCREEN_INTAKE_METHOD": null, "WATER_SUPPLY_SYSTEM_NAME": null, "WATER_SUPPLY_SYSTEM_WELL_NAME": null, "CONSTRUCTION_START_DATE": "1970-02-18Z", "CONSTRUCTION_END_DATE": "1970-02-19Z", "ALTERATION_START_DATE": null, "ALTERATION_END_DATE": null, "DECOMMISSION_START_DATE": null, "DECOMMISSION_END_DATE": null, "DECOMMISSION_REASON": null, "OBSERVATION_WELL_NUMBER": null, "OBSERVATION_WELL_STATUS": null, "EMS_ID": null, "AQUIFER_MATERIAL": "Unknown", "OBJECTID": 122560154, "SE_ANNO_CAD_DATA": null}}, {"type": "Feature", "id": "WHSE_WATER_MANAGEMENT.GW_WATER_WELLS_WRBC_SVW.fid-29e471e6_19f63eee063_214e", "geometry": {"type": "Point", "coordinates": [-122.166247, 56.40984]}, "geometry_name": "GEOMETRY", "properties": {"GW_WW_SYSID": 109012, "WELL_TAG_NUMBER": 113579, "IDENTIFICATION_PLATE_NUMBER": null, "STREET_ADDRESS": " ", "CITY": " ", "LEGAL_LOT": " ", "LEGAL_PLAN": " ", "LEGAL_DISTRICT_LOT": " ", "LEGAL_PID": null, "WELL_LOCATION_DESCRIPTION": "Legal description of the dam: a-94-G/94-B-8. Permitted under OGC file 9636484 (Land tenure 944589)", "COORDINATE_ACQUISITION_CODE": "H", "WELL_STATUS": "New", "WELL_CLASS": "Unknown", "WELL_SUBCLASS": null, "INTENDED_WATER_USE": "Not Applicable", "WELL_DETAILS_URL": "https://apps.nrs.gov.bc.ca/gwells/well/113579", "LICENCE_STATUS": "Unlicensed", "AQUIFER_ID": null, "PERSON_RESPONSIBLE": " ", "COMPANY_OF_PERSON_RESPONSIBLE": null, "FINISHED_WELL_DEPTH": null, "TOTAL_DEPTH_DRILLED": null, "BEDROCK_DEPTH": null, "YIELD": null, "YIELD_ESTIMATION_DURATION": null, "ARTESIAN_COND": "N", "ARTESIAN_FLOW": null, "ARTESIAN_PRESSURE": null, "STATIC_WATER_LEVEL": null, "DIAMETER": null, "FINAL_CASING_STICK_UP": null, "GROUND_ELEVATION": null, "GROUND_ELEVATION_METHOD": "UNKNOWN", "SURFACE_SEAL_DEPTH": null, "SURFACE_SEAL_THICKNESS": null, "SURFACE_SEAL_METHOD": null, "SCREEN_INTAKE_METHOD": null, "WATER_SUPPLY_SYSTEM_NAME": null, "WATER_SUPPLY_SYSTEM_WELL_NAME": null, "CONSTRUCTION_START_DATE": null, "CONSTRUCTION_END_DATE": null, "ALTERATION_START_DATE": null, "ALTERATION_END_DATE": null, "DECOMMISSION_START_DATE": null, "DECOMMISSION_END_DATE": null, "DECOMMISSION_REASON": null, "OBSERVATION_WELL_NUMBER": null, "OBSERVATION_WELL_STATUS": null, "EMS_ID": null, "AQUIFER_MATERIAL": "Unknown", "OBJECTID": 122570362, "SE_ANNO_CAD_DATA": null}}, {"type": "Feature", "id": "WHSE_WATER_MANAGEMENT.GW_WATER_WELLS_WRBC_SVW.fid-29e471e6_19f63eee063_214f", "geometry": {"type": "Point", "coordinates": [-122.1218, 56.377]}, "geometry_name": "GEOMETRY", "properties": {"GW_WW_SYSID": 107047, "WELL_TAG_NUMBER": 111527, "IDENTIFICATION_PLATE_NUMBER": 38910, "STREET_ADDRESS": "Kobes Creek Rd, (5 KM GROUNDBIRCH ROAD)", "CITY": "Peace River", "LEGAL_LOT": null, "LEGAL_PLAN": null, "LEGAL_DISTRICT_LOT": null, "LEGAL_PID": null, "WELL_LOCATION_DESCRIPTION": "KOBES CREEK (LOCATION: B-60-H/94 B-08) OR AFE: 15-052", "COORDINATE_ACQUISITION_CODE": "H", "WELL_STATUS": "New", "WELL_CLASS": "Water Supply", "WELL_SUBCLASS": null, "INTENDED_WATER_USE": "Water Supply System", "WELL_DETAILS_URL": "https://apps.nrs.gov.bc.ca/gwells/well/111527", "LICENCE_STATUS": "Unlicensed", "AQUIFER_ID": null, "PERSON_RESPONSIBLE": " ", "COMPANY_OF_PERSON_RESPONSIBLE": "Anderson Water Serv", "FINISHED_WELL_DEPTH": 276, "TOTAL_DEPTH_DRILLED": 276, "BEDROCK_DEPTH": 195, "YIELD": 13, "YIELD_ESTIMATION_DURATION": 2, "ARTESIAN_COND": "N", "ARTESIAN_FLOW": null, "ARTESIAN_PRESSURE": null, "STATIC_WATER_LEVEL": 47.5, "DIAMETER": 6.63, "FINAL_CASING_STICK_UP": 24, "GROUND_ELEVATION": 2549, "GROUND_ELEVATION_METHOD": "UNKNOWN", "SURFACE_SEAL_DEPTH": 20, "SURFACE_SEAL_THICKNESS": 1, "SURFACE_SEAL_METHOD": "POURED", "SCREEN_INTAKE_METHOD": "SCREEN", "WATER_SUPPLY_SYSTEM_NAME": "Kobes Creek Lodge", "WATER_SUPPLY_SYSTEM_WELL_NAME": "Well #1", "CONSTRUCTION_START_DATE": "2015-10-14Z", "CONSTRUCTION_END_DATE": "2015-10-15Z", "ALTERATION_START_DATE": null, "ALTERATION_END_DATE": null, "DECOMMISSION_START_DATE": null, "DECOMMISSION_END_DATE": null, "DECOMMISSION_REASON": null, "OBSERVATION_WELL_NUMBER": null, "OBSERVATION_WELL_STATUS": null, "EMS_ID": null, "AQUIFER_MATERIAL": "Unknown", "OBJECTID": 122568397, "SE_ANNO_CAD_DATA": null}}, {"type": "Feature", "id": "WHSE_WATER_MANAGEMENT.GW_WATER_WELLS_WRBC_SVW.fid-29e471e6_19f63eee063_2150", "geometry": {"type": "Point", "coordinates": [-122.11608, 56.34739]}, "geometry_name": "GEOMETRY", "properties": {"GW_WW_SYSID": 110114, "WELL_TAG_NUMBER": 114744, "IDENTIFICATION_PLATE_NUMBER": 31938, "STREET_ADDRESS": "BIRCH ROAD", "CITY": null, "LEGAL_LOT": null, "LEGAL_PLAN": null, "LEGAL_DISTRICT_LOT": null, "LEGAL_PID": null, "WELL_LOCATION_DESCRIPTION": "SKETCH ATTACHED; CAMPSITE (D-20-H/94-B-8)", "COORDINATE_ACQUISITION_CODE": "H", "WELL_STATUS": "New", "WELL_CLASS": "Water Supply", "WELL_SUBCLASS": "Not Applicable", "INTENDED_WATER_USE": "Water Supply System", "WELL_DETAILS_URL": "https://apps.nrs.gov.bc.ca/gwells/well/114744", "LICENCE_STATUS": "Unlicensed", "AQUIFER_ID": null, "PERSON_RESPONSIBLE": " ", "COMPANY_OF_PERSON_RESPONSIBLE": "Anderson Water Serv", "FINISHED_WELL_DEPTH": 490, "TOTAL_DEPTH_DRILLED": 490, "BEDROCK_DEPTH": null, "YIELD": null, "YIELD_ESTIMATION_DURATION": null, "ARTESIAN_COND": "N", "ARTESIAN_FLOW": null, "ARTESIAN_PRESSURE": null, "STATIC_WATER_LEVEL": null, "DIAMETER": 6.13, "FINAL_CASING_STICK_UP": 24, "GROUND_ELEVATION": null, "GROUND_ELEVATION_METHOD": "UNKNOWN", "SURFACE_SEAL_DEPTH": 34, "SURFACE_SEAL_THICKNESS": 1, "SURFACE_SEAL_METHOD": "POURED", "SCREEN_INTAKE_METHOD": "UNCASD_HLE", "WATER_SUPPLY_SYSTEM_NAME": null, "WATER_SUPPLY_SYSTEM_WELL_NAME": null, "CONSTRUCTION_START_DATE": "2016-10-04Z", "CONSTRUCTION_END_DATE": "2016-10-05Z", "ALTERATION_START_DATE": null, "ALTERATION_END_DATE": null, "DECOMMISSION_START_DATE": null, "DECOMMISSION_END_DATE": null, "DECOMMISSION_REASON": null, "OBSERVATION_WELL_NUMBER": null, "OBSERVATION_WELL_STATUS": null, "EMS_ID": null, "AQUIFER_MATERIAL": "Unknown", "OBJECTID": 122571464, "SE_ANNO_CAD_DATA": null}}, {"type": "Feature", "id": "WHSE_WATER_MANAGEMENT.GW_WATER_WELLS_WRBC_SVW.fid-29e471e6_19f63eee063_2151", "geometry": {"type": "Point", "coordinates": [-122.11606, 56.3474]}, "geometry_name": "GEOMETRY", "properties": {"GW_WW_SYSID": 110115, "WELL_TAG_NUMBER": 114745, "IDENTIFICATION_PLATE_NUMBER": 51599, "STREET_ADDRESS": "BIRCH ROAD", "CITY": null, "LEGAL_LOT": null, "LEGAL_PLAN": null, "LEGAL_DISTRICT_LOT": null, "LEGAL_PID": null, "WELL_LOCATION_DESCRIPTION": "PLEASE SEE ATTACHED SKETCH CAMPSITE (D-20-H/94-B-8)", "COORDINATE_ACQUISITION_CODE": "H", "WELL_STATUS": "New", "WELL_CLASS": "Water Supply", "WELL_SUBCLASS": "Not Applicable", "INTENDED_WATER_USE": "Water Supply System", "WELL_DETAILS_URL": "https://apps.nrs.gov.bc.ca/gwells/well/114745", "LICENCE_STATUS": "Unlicensed", "AQUIFER_ID": null, "PERSON_RESPONSIBLE": " ", "COMPANY_OF_PERSON_RESPONSIBLE": "Anderson Water Serv", "FINISHED_WELL_DEPTH": 205, "TOTAL_DEPTH_DRILLED": 205, "BEDROCK_DEPTH": null, "YIELD": null, "YIELD_ESTIMATION_DURATION": null, "ARTESIAN_COND": "N", "ARTESIAN_FLOW": null, "ARTESIAN_PRESSURE": null, "STATIC_WATER_LEVEL": null, "DIAMETER": 6.13, "FINAL_CASING_STICK_UP": 24, "GROUND_ELEVATION": null, "GROUND_ELEVATION_METHOD": "UNKNOWN", "SURFACE_SEAL_DEPTH": 18, "SURFACE_SEAL_THICKNESS": 1, "SURFACE_SEAL_METHOD": "POURED", "SCREEN_INTAKE_METHOD": "UNCASD_HLE", "WATER_SUPPLY_SYSTEM_NAME": null, "WATER_SUPPLY_SYSTEM_WELL_NAME": null, "CONSTRUCTION_START_DATE": "2016-10-05Z", "CONSTRUCTION_END_DATE": "2016-10-05Z", "ALTERATION_START_DATE": null, "ALTERATION_END_DATE": null, "DECOMMISSION_START_DATE": null, "DECOMMISSION_END_DATE": null, "DECOMMISSION_REASON": null, "OBSERVATION_WELL_NUMBER": null, "OBSERVATION_WELL_STATUS": null, "EMS_ID": null, "AQUIFER_MATERIAL": "Unknown", "OBJECTID": 122571465, "SE_ANNO_CAD_DATA": null}}, {"type": "Feature", "id": "WHSE_WATER_MANAGEMENT.GW_WATER_WELLS_WRBC_SVW.fid-29e471e6_19f63eee063_2152", "geometry": {"type": "Point", "coordinates": [-121.83343, 56.45247]}, "geometry_name": "GEOMETRY", "properties": {"GW_WW_SYSID": 100217, "WELL_TAG_NUMBER": 104386, "IDENTIFICATION_PLATE_NUMBER": null, "STREET_ADDRESS": null, "CITY": null, "LEGAL_LOT": null, "LEGAL_PLAN": null, "LEGAL_DISTRICT_LOT": null, "LEGAL_PID": null, "WELL_LOCATION_DESCRIPTION": "HALFWAY INDIAN RESERVE 28.5 KM W OF WONOWON OFF ALASKA HWY", "COORDINATE_ACQUISITION_CODE": "G", "WELL_STATUS": "New", "WELL_CLASS": "Water Supply", "WELL_SUBCLASS": "Not Applicable", "INTENDED_WATER_USE": "Private Domestic", "WELL_DETAILS_URL": "https://apps.nrs.gov.bc.ca/gwells/well/104386", "LICENCE_STATUS": "Unlicensed", "AQUIFER_ID": 908, "PERSON_RESPONSIBLE": " ", "COMPANY_OF_PERSON_RESPONSIBLE": "Cariboo Water Wells", "FINISHED_WELL_DEPTH": 36, "TOTAL_DEPTH_DRILLED": 46, "BEDROCK_DEPTH": 36, "YIELD": 10, "YIELD_ESTIMATION_DURATION": null, "ARTESIAN_COND": "N", "ARTESIAN_FLOW": null, "ARTESIAN_PRESSURE": null, "STATIC_WATER_LEVEL": 21, "DIAMETER": 6, "FINAL_CASING_STICK_UP": 12, "GROUND_ELEVATION": null, "GROUND_ELEVATION_METHOD": "UNKNOWN", "SURFACE_SEAL_DEPTH": null, "SURFACE_SEAL_THICKNESS": null, "SURFACE_SEAL_METHOD": null, "SCREEN_INTAKE_METHOD": null, "WATER_SUPPLY_SYSTEM_NAME": null, "WATER_SUPPLY_SYSTEM_WELL_NAME": null, "CONSTRUCTION_START_DATE": "1980-06-15Z", "CONSTRUCTION_END_DATE": "1980-06-15Z", "ALTERATION_START_DATE": null, "ALTERATION_END_DATE": null, "DECOMMISSION_START_DATE": null, "DECOMMISSION_END_DATE": null, "DECOMMISSION_REASON": null, "OBSERVATION_WELL_NUMBER": null, "OBSERVATION_WELL_STATUS": null, "EMS_ID": null, "AQUIFER_MATERIAL": "Unknown", "OBJECTID": 122561567, "SE_ANNO_CAD_DATA": null}}, {"type": "Feature", "id": "WHSE_WATER_MANAGEMENT.GW_WATER_WELLS_WRBC_SVW.fid-29e471e6_19f63eee063_2153", "geometry": {"type": "Point", "coordinates": [-121.66714, 56.38987]}, "geometry_name": "GEOMETRY", "properties": {"GW_WW_SYSID": 98802, "WELL_TAG_NUMBER": 102931, "IDENTIFICATION_PLATE_NUMBER": null, "STREET_ADDRESS": null, "CITY": null, "LEGAL_LOT": "LS16", "LEGAL_PLAN": null, "LEGAL_DISTRICT_LOT": null, "LEGAL_PID": null, "WELL_LOCATION_DESCRIPTION": "NE 1/4", "COORDINATE_ACQUISITION_CODE": "J", "WELL_STATUS": "New", "WELL_CLASS": "Water Supply", "WELL_SUBCLASS": "Not Applicable", "INTENDED_WATER_USE": "Unknown Well Use", "WELL_DETAILS_URL": "https://apps.nrs.gov.bc.ca/gwells/well/102931", "LICENCE_STATUS": "Unlicensed", "AQUIFER_ID": null, "PERSON_RESPONSIBLE": " ", "COMPANY_OF_PERSON_RESPONSIBLE": "Knight's Rat Hole Drilling", "FINISHED_WELL_DEPTH": 18, "TOTAL_DEPTH_DRILLED": 18, "BEDROCK_DEPTH": null, "YIELD": null, "YIELD_ESTIMATION_DURATION": null, "ARTESIAN_COND": "N", "ARTESIAN_FLOW": null, "ARTESIAN_PRESSURE": null, "STATIC_WATER_LEVEL": null, "DIAMETER": null, "FINAL_CASING_STICK_UP": null, "GROUND_ELEVATION": null, "GROUND_ELEVATION_METHOD": "UNKNOWN", "SURFACE_SEAL_DEPTH": null, "SURFACE_SEAL_THICKNESS": null, "SURFACE_SEAL_METHOD": null, "SCREEN_INTAKE_METHOD": null, "WATER_SUPPLY_SYSTEM_NAME": null, "WATER_SUPPLY_SYSTEM_WELL_NAME": null, "CONSTRUCTION_START_DATE": "1970-04-01Z", "CONSTRUCTION_END_DATE": "1970-04-02Z", "ALTERATION_START_DATE": null, "ALTERATION_END_DATE": null, "DECOMMISSION_START_DATE": null, "DECOMMISSION_END_DATE": null, "DECOMMISSION_REASON": null, "OBSERVATION_WELL_NUMBER": null, "OBSERVATION_WELL_STATUS": null, "EMS_ID": null, "AQUIFER_MATERIAL": "Unknown", "OBJECTID": 122560152, "SE_ANNO_CAD_DATA": null}}, {"type": "Feature", "id": "WHSE_WATER_MANAGEMENT.GW_WATER_WELLS_WRBC_SVW.fid-29e471e6_19f63eee063_2154", "geometry": {"type": "Point", "coordinates": [-121.57935, 56.38377]}, "geometry_name": "GEOMETRY", "properties": {"GW_WW_SYSID": 59626, "WELL_TAG_NUMBER": 59789, "IDENTIFICATION_PLATE_NUMBER": 71617, "STREET_ADDRESS": null, "CITY": "FORT ST. JOHN", "LEGAL_LOT": "SW", "LEGAL_PLAN": null, "LEGAL_DISTRICT_LOT": null, "LEGAL_PID": 14662361, "WELL_LOCATION_DESCRIPTION": null, "COORDINATE_ACQUISITION_CODE": "J", "WELL_STATUS": "New", "WELL_CLASS": "Water Supply", "WELL_SUBCLASS": "Not Applicable", "INTENDED_WATER_USE": "Commercial and Industrial", "WELL_DETAILS_URL": "https://apps.nrs.gov.bc.ca/gwells/well/59789", "LICENCE_STATUS": "Licensed", "AQUIFER_ID": null, "PERSON_RESPONSIBLE": " ", "COMPANY_OF_PERSON_RESPONSIBLE": "Anderson Air Drilling", "FINISHED_WELL_DEPTH": 265, "TOTAL_DEPTH_DRILLED": null, "BEDROCK_DEPTH": null, "YIELD": 60, "YIELD_ESTIMATION_DURATION": null, "ARTESIAN_COND": "N", "ARTESIAN_FLOW": null, "ARTESIAN_PRESSURE": null, "STATIC_WATER_LEVEL": null, "DIAMETER": 663, "FINAL_CASING_STICK_UP": 24, "GROUND_ELEVATION": null, "GROUND_ELEVATION_METHOD": "UNKNOWN", "SURFACE_SEAL_DEPTH": null, "SURFACE_SEAL_THICKNESS": null, "SURFACE_SEAL_METHOD": null, "SCREEN_INTAKE_METHOD": null, "WATER_SUPPLY_SYSTEM_NAME": null, "WATER_SUPPLY_SYSTEM_WELL_NAME": null, "CONSTRUCTION_START_DATE": "1991-08-14Z", "CONSTRUCTION_END_DATE": "1991-08-14Z", "ALTERATION_START_DATE": null, "ALTERATION_END_DATE": null, "DECOMMISSION_START_DATE": null, "DECOMMISSION_END_DATE": null, "DECOMMISSION_REASON": null, "OBSERVATION_WELL_NUMBER": null, "OBSERVATION_WELL_STATUS": null, "EMS_ID": null, "AQUIFER_MATERIAL": "Unconsolidated", "OBJECTID": 122520976, "SE_ANNO_CAD_DATA": null}}, {"type": "Feature", "id": "WHSE_WATER_MANAGEMENT.GW_WATER_WELLS_WRBC_SVW.fid-29e471e6_19f63eee063_2155", "geometry": {"type": "Point", "coordinates": [-121.552747, 56.410192]}, "geometry_name": "GEOMETRY", "properties": {"GW_WW_SYSID": 98751, "WELL_TAG_NUMBER": 102879, "IDENTIFICATION_PLATE_NUMBER": null, "STREET_ADDRESS": " ", "CITY": " ", "LEGAL_LOT": " ", "LEGAL_PLAN": " ", "LEGAL_DISTRICT_LOT": " ", "LEGAL_PID": null, "WELL_LOCATION_DESCRIPTION": "SW 1/4, W6M, UPPER CACHE", "COORDINATE_ACQUISITION_CODE": "J", "WELL_STATUS": "New", "WELL_CLASS": "Water Supply", "WELL_SUBCLASS": "Not Applicable", "INTENDED_WATER_USE": "Private Domestic", "WELL_DETAILS_URL": "https://apps.nrs.gov.bc.ca/gwells/well/102879", "LICENCE_STATUS": "Unlicensed", "AQUIFER_ID": null, "PERSON_RESPONSIBLE": " ", "COMPANY_OF_PERSON_RESPONSIBLE": "Anderson Water Wells", "FINISHED_WELL_DEPTH": 200, "TOTAL_DEPTH_DRILLED": 200, "BEDROCK_DEPTH": 36, "YIELD": null, "YIELD_ESTIMATION_DURATION": null, "ARTESIAN_COND": "N", "ARTESIAN_FLOW": null, "ARTESIAN_PRESSURE": null, "STATIC_WATER_LEVEL": null, "DIAMETER": null, "FINAL_CASING_STICK_UP": null, "GROUND_ELEVATION": null, "GROUND_ELEVATION_METHOD": "UNKNOWN", "SURFACE_SEAL_DEPTH": null, "SURFACE_SEAL_THICKNESS": null, "SURFACE_SEAL_METHOD": null, "SCREEN_INTAKE_METHOD": null, "WATER_SUPPLY_SYSTEM_NAME": null, "WATER_SUPPLY_SYSTEM_WELL_NAME": null, "CONSTRUCTION_START_DATE": "1991-08-13Z", "CONSTRUCTION_END_DATE": "1991-08-13Z", "ALTERATION_START_DATE": null, "ALTERATION_END_DATE": null, "DECOMMISSION_START_DATE": null, "DECOMMISSION_END_DATE": null, "DECOMMISSION_REASON": null, "OBSERVATION_WELL_NUMBER": null, "OBSERVATION_WELL_STATUS": null, "EMS_ID": null, "AQUIFER_MATERIAL": "Unknown", "OBJECTID": 122560101, "SE_ANNO_CAD_DATA": null}}, {"type": "Feature", "id": "WHSE_WATER_MANAGEMENT.GW_WATER_WELLS_WRBC_SVW.fid-29e471e6_19f63eee063_2156", "geometry": {"type": "Point", "coordinates": [-121.526579, 56.40284]}, "geometry_name": "GEOMETRY", "properties": {"GW_WW_SYSID": 98745, "WELL_TAG_NUMBER": 102873, "IDENTIFICATION_PLATE_NUMBER": null, "STREET_ADDRESS": null, "CITY": null, "LEGAL_LOT": null, "LEGAL_PLAN": null, "LEGAL_DISTRICT_LOT": null, "LEGAL_PID": null, "WELL_LOCATION_DESCRIPTION": "UPPER CACHE. OTHER WELLS IN SEC 18,24,26,34 TP 85 RGE 23 OWN FOR HOLE AREA-MOST OF SEC 9+36 50+ SQ KM.", "COORDINATE_ACQUISITION_CODE": "G", "WELL_STATUS": "New", "WELL_CLASS": "Water Supply", "WELL_SUBCLASS": "Not Applicable", "INTENDED_WATER_USE": "Private Domestic", "WELL_DETAILS_URL": "https://apps.nrs.gov.bc.ca/gwells/well/102873", "LICENCE_STATUS": "Unlicensed", "AQUIFER_ID": 451, "PERSON_RESPONSIBLE": " ", "COMPANY_OF_PERSON_RESPONSIBLE": "Anderson Water Wells", "FINISHED_WELL_DEPTH": 90, "TOTAL_DEPTH_DRILLED": 90, "BEDROCK_DEPTH": 15, "YIELD": 6.9, "YIELD_ESTIMATION_DURATION": null, "ARTESIAN_COND": "N", "ARTESIAN_FLOW": null, "ARTESIAN_PRESSURE": null, "STATIC_WATER_LEVEL": null, "DIAMETER": 4.5, "FINAL_CASING_STICK_UP": 24, "GROUND_ELEVATION": null, "GROUND_ELEVATION_METHOD": "UNKNOWN", "SURFACE_SEAL_DEPTH": null, "SURFACE_SEAL_THICKNESS": null, "SURFACE_SEAL_METHOD": null, "SCREEN_INTAKE_METHOD": null, "WATER_SUPPLY_SYSTEM_NAME": null, "WATER_SUPPLY_SYSTEM_WELL_NAME": null, "CONSTRUCTION_START_DATE": "1990-04-30Z", "CONSTRUCTION_END_DATE": "1990-04-30Z", "ALTERATION_START_DATE": null, "ALTERATION_END_DATE": null, "DECOMMISSION_START_DATE": null, "DECOMMISSION_END_DATE": null, "DECOMMISSION_REASON": null, "OBSERVATION_WELL_NUMBER": null, "OBSERVATION_WELL_STATUS": null, "EMS_ID": null, "AQUIFER_MATERIAL": "Bedrock", "OBJECTID": 122560095, "SE_ANNO_CAD_DATA": null}}, {"type": "Feature", "id": "WHSE_WATER_MANAGEMENT.GW_WATER_WELLS_WRBC_SVW.fid-29e471e6_19f63eee063_2157", "geometry": {"type": "Point", "coordinates": [-121.52112, 56.40071]}, "geometry_name": "GEOMETRY", "properties": {"GW_WW_SYSID": 98747, "WELL_TAG_NUMBER": 102875, "IDENTIFICATION_PLATE_NUMBER": 71619, "STREET_ADDRESS": null, "CITY": null, "LEGAL_LOT": null, "LEGAL_PLAN": null, "LEGAL_DISTRICT_LOT": null, "LEGAL_PID": 12675083, "WELL_LOCATION_DESCRIPTION": "W6M, UPPER CACHE.", "COORDINATE_ACQUISITION_CODE": "G", "WELL_STATUS": "New", "WELL_CLASS": "Water Supply", "WELL_SUBCLASS": "Not Applicable", "INTENDED_WATER_USE": "Commercial and Industrial", "WELL_DETAILS_URL": "https://apps.nrs.gov.bc.ca/gwells/well/102875", "LICENCE_STATUS": "Licensed", "AQUIFER_ID": 451, "PERSON_RESPONSIBLE": " ", "COMPANY_OF_PERSON_RESPONSIBLE": "Anderson Water Wells", "FINISHED_WELL_DEPTH": 97, "TOTAL_DEPTH_DRILLED": 97, "BEDROCK_DEPTH": 32, "YIELD": 14, "YIELD_ESTIMATION_DURATION": null, "ARTESIAN_COND": "N", "ARTESIAN_FLOW": null, "ARTESIAN_PRESSURE": null, "STATIC_WATER_LEVEL": null, "DIAMETER": 4.5, "FINAL_CASING_STICK_UP": 24, "GROUND_ELEVATION": null, "GROUND_ELEVATION_METHOD": "UNKNOWN", "SURFACE_SEAL_DEPTH": null, "SURFACE_SEAL_THICKNESS": null, "SURFACE_SEAL_METHOD": null, "SCREEN_INTAKE_METHOD": null, "WATER_SUPPLY_SYSTEM_NAME": null, "WATER_SUPPLY_SYSTEM_WELL_NAME": null, "CONSTRUCTION_START_DATE": "1993-08-10Z", "CONSTRUCTION_END_DATE": "1993-08-10Z", "ALTERATION_START_DATE": null, "ALTERATION_END_DATE": null, "DECOMMISSION_START_DATE": null, "DECOMMISSION_END_DATE": null, "DECOMMISSION_REASON": null, "OBSERVATION_WELL_NUMBER": null, "OBSERVATION_WELL_STATUS": null, "EMS_ID": null, "AQUIFER_MATERIAL": "Bedrock", "OBJECTID": 122560097, "SE_ANNO_CAD_DATA": null}}, {"type": "Feature", "id": "WHSE_WATER_MANAGEMENT.GW_WATER_WELLS_WRBC_SVW.fid-29e471e6_19f63eee063_2158", "geometry": {"type": "Point", "coordinates": [-121.49727, 56.38902]}, "geometry_name": "GEOMETRY", "properties": {"GW_WW_SYSID": 55916, "WELL_TAG_NUMBER": 56054, "IDENTIFICATION_PLATE_NUMBER": 71618, "STREET_ADDRESS": null, "CITY": null, "LEGAL_LOT": null, "LEGAL_PLAN": null, "LEGAL_DISTRICT_LOT": null, "LEGAL_PID": 12674991, "WELL_LOCATION_DESCRIPTION": "LS 13 of NW1/4 Sec 24 TP 85 Rg 23 W6W", "COORDINATE_ACQUISITION_CODE": "G", "WELL_STATUS": "New", "WELL_CLASS": "Water Supply", "WELL_SUBCLASS": "Not Applicable", "INTENDED_WATER_USE": "Commercial and Industrial", "WELL_DETAILS_URL": "https://apps.nrs.gov.bc.ca/gwells/well/56054", "LICENCE_STATUS": "Licensed", "AQUIFER_ID": 451, "PERSON_RESPONSIBLE": " ", "COMPANY_OF_PERSON_RESPONSIBLE": "Anderson Water Wells", "FINISHED_WELL_DEPTH": 37, "TOTAL_DEPTH_DRILLED": null, "BEDROCK_DEPTH": null, "YIELD": 15, "YIELD_ESTIMATION_DURATION": null, "ARTESIAN_COND": "N", "ARTESIAN_FLOW": null, "ARTESIAN_PRESSURE": null, "STATIC_WATER_LEVEL": 10, "DIAMETER": 4.5, "FINAL_CASING_STICK_UP": null, "GROUND_ELEVATION": null, "GROUND_ELEVATION_METHOD": "UNKNOWN", "SURFACE_SEAL_DEPTH": null, "SURFACE_SEAL_THICKNESS": null, "SURFACE_SEAL_METHOD": null, "SCREEN_INTAKE_METHOD": "SCREEN", "WATER_SUPPLY_SYSTEM_NAME": null, "WATER_SUPPLY_SYSTEM_WELL_NAME": null, "CONSTRUCTION_START_DATE": "1986-06-01Z", "CONSTRUCTION_END_DATE": "1986-06-01Z", "ALTERATION_START_DATE": null, "ALTERATION_END_DATE": null, "DECOMMISSION_START_DATE": null, "DECOMMISSION_END_DATE": null, "DECOMMISSION_REASON": null, "OBSERVATION_WELL_NUMBER": null, "OBSERVATION_WELL_STATUS": null, "EMS_ID": null, "AQUIFER_MATERIAL": "Unconsolidated", "OBJECTID": 122517266, "SE_ANNO_CAD_DATA": null}}, {"type": "Feature", "id": "WHSE_WATER_MANAGEMENT.GW_WATER_WELLS_WRBC_SVW.fid-29e471e6_19f63eee063_2159", "geometry": {"type": "Point", "coordinates": [-121.4966, 56.390245]}, "geometry_name": "GEOMETRY", "properties": {"GW_WW_SYSID": 1054, "WELL_TAG_NUMBER": 1060, "IDENTIFICATION_PLATE_NUMBER": 71616, "STREET_ADDRESS": "UPPER CACHE ROAD", "CITY": "FORT ST.JOHN", "LEGAL_LOT": null, "LEGAL_PLAN": null, "LEGAL_DISTRICT_LOT": null, "LEGAL_PID": 12674991, "WELL_LOCATION_DESCRIPTION": "Upper Cache Road on Highway 29", "COORDINATE_ACQUISITION_CODE": "G", "WELL_STATUS": "New", "WELL_CLASS": "Water Supply", "WELL_SUBCLASS": "Not Applicable", "INTENDED_WATER_USE": "Commercial and Industrial", "WELL_DETAILS_URL": "https://apps.nrs.gov.bc.ca/gwells/well/1060", "LICENCE_STATUS": "Licensed", "AQUIFER_ID": 451, "PERSON_RESPONSIBLE": " ", "COMPANY_OF_PERSON_RESPONSIBLE": "Anderson Water Wells", "FINISHED_WELL_DEPTH": 115, "TOTAL_DEPTH_DRILLED": 115, "BEDROCK_DEPTH": 32, "YIELD": 17, "YIELD_ESTIMATION_DURATION": null, "ARTESIAN_COND": "N", "ARTESIAN_FLOW": null, "ARTESIAN_PRESSURE": null, "STATIC_WATER_LEVEL": 27.5, "DIAMETER": 4.5, "FINAL_CASING_STICK_UP": 24, "GROUND_ELEVATION": null, "GROUND_ELEVATION_METHOD": "UNKNOWN", "SURFACE_SEAL_DEPTH": null, "SURFACE_SEAL_THICKNESS": null, "SURFACE_SEAL_METHOD": null, "SCREEN_INTAKE_METHOD": "SCREEN", "WATER_SUPPLY_SYSTEM_NAME": null, "WATER_SUPPLY_SYSTEM_WELL_NAME": null, "CONSTRUCTION_START_DATE": null, "CONSTRUCTION_END_DATE": null, "ALTERATION_START_DATE": null, "ALTERATION_END_DATE": null, "DECOMMISSION_START_DATE": null, "DECOMMISSION_END_DATE": null, "DECOMMISSION_REASON": null, "OBSERVATION_WELL_NUMBER": null, "OBSERVATION_WELL_STATUS": null, "EMS_ID": null, "AQUIFER_MATERIAL": "Bedrock", "OBJECTID": 122462404, "SE_ANNO_CAD_DATA": null}}, {"type": "Feature", "id": "WHSE_WATER_MANAGEMENT.GW_WATER_WELLS_WRBC_SVW.fid-29e471e6_19f63eee063_215a", "geometry": {"type": "Point", "coordinates": [-121.217059, 56.405543]}, "geometry_name": "GEOMETRY", "properties": {"GW_WW_SYSID": 98526, "WELL_TAG_NUMBER": 102651, "IDENTIFICATION_PLATE_NUMBER": null, "STREET_ADDRESS": " ", "CITY": " ", "LEGAL_LOT": " ", "LEGAL_PLAN": "PGP 47393", "LEGAL_DISTRICT_LOT": "4084", "LEGAL_PID": 25216457, "WELL_LOCATION_DESCRIPTION": "PCL A MILE 63.5 2ND LAST HOUSE ON LEFT WHITE WAGON WHEELS", "COORDINATE_ACQUISITION_CODE": "J", "WELL_STATUS": "New", "WELL_CLASS": "Water Supply", "WELL_SUBCLASS": "Not Applicable", "INTENDED_WATER_USE": "Private Domestic", "WELL_DETAILS_URL": "https://apps.nrs.gov.bc.ca/gwells/well/102651", "LICENCE_STATUS": "Unlicensed", "AQUIFER_ID": 1271, "PERSON_RESPONSIBLE": " ", "COMPANY_OF_PERSON_RESPONSIBLE": "Anderson Air Drilling", "FINISHED_WELL_DEPTH": 275, "TOTAL_DEPTH_DRILLED": 275, "BEDROCK_DEPTH": 30, "YIELD": 5, "YIELD_ESTIMATION_DURATION": null, "ARTESIAN_COND": "N", "ARTESIAN_FLOW": null, "ARTESIAN_PRESSURE": null, "STATIC_WATER_LEVEL": 120, "DIAMETER": 6.6, "FINAL_CASING_STICK_UP": 24, "GROUND_ELEVATION": null, "GROUND_ELEVATION_METHOD": "UNKNOWN", "SURFACE_SEAL_DEPTH": null, "SURFACE_SEAL_THICKNESS": null, "SURFACE_SEAL_METHOD": null, "SCREEN_INTAKE_METHOD": null, "WATER_SUPPLY_SYSTEM_NAME": null, "WATER_SUPPLY_SYSTEM_WELL_NAME": null, "CONSTRUCTION_START_DATE": "2003-10-29Z", "CONSTRUCTION_END_DATE": "2003-10-29Z", "ALTERATION_START_DATE": null, "ALTERATION_END_DATE": null, "DECOMMISSION_START_DATE": null, "DECOMMISSION_END_DATE": null, "DECOMMISSION_REASON": null, "OBSERVATION_WELL_NUMBER": null, "OBSERVATION_WELL_STATUS": null, "EMS_ID": null, "AQUIFER_MATERIAL": "Bedrock", "OBJECTID": 122559876, "SE_ANNO_CAD_DATA": null}}, {"type": "Feature", "id": "WHSE_WATER_MANAGEMENT.GW_WATER_WELLS_WRBC_SVW.fid-29e471e6_19f63eee063_215b", "geometry": {"type": "Point", "coordinates": [-121.215477, 56.405062]}, "geometry_name": "GEOMETRY", "properties": {"GW_WW_SYSID": 46399, "WELL_TAG_NUMBER": 46502, "IDENTIFICATION_PLATE_NUMBER": null, "STREET_ADDRESS": " ", "CITY": " ", "LEGAL_LOT": "3", "LEGAL_PLAN": "27199", "LEGAL_DISTRICT_LOT": "3059", "LEGAL_PID": null, "WELL_LOCATION_DESCRIPTION": " ", "COORDINATE_ACQUISITION_CODE": "E", "WELL_STATUS": "New", "WELL_CLASS": "Unknown", "WELL_SUBCLASS": null, "INTENDED_WATER_USE": "Unknown Well Use", "WELL_DETAILS_URL": "https://apps.nrs.gov.bc.ca/gwells/well/46502", "LICENCE_STATUS": "Unlicensed", "AQUIFER_ID": 444, "PERSON_RESPONSIBLE": " ", "COMPANY_OF_PERSON_RESPONSIBLE": "Bob's Water Drilling", "FINISHED_WELL_DEPTH": 152, "TOTAL_DEPTH_DRILLED": null, "BEDROCK_DEPTH": null, "YIELD": 0, "YIELD_ESTIMATION_DURATION": null, "ARTESIAN_COND": "N", "ARTESIAN_FLOW": null, "ARTESIAN_PRESSURE": null, "STATIC_WATER_LEVEL": null, "DIAMETER": null, "FINAL_CASING_STICK_UP": null, "GROUND_ELEVATION": null, "GROUND_ELEVATION_METHOD": "UNKNOWN", "SURFACE_SEAL_DEPTH": null, "SURFACE_SEAL_THICKNESS": null, "SURFACE_SEAL_METHOD": null, "SCREEN_INTAKE_METHOD": null, "WATER_SUPPLY_SYSTEM_NAME": null, "WATER_SUPPLY_SYSTEM_WELL_NAME": null, "CONSTRUCTION_START_DATE": "1980-10-31Z", "CONSTRUCTION_END_DATE": "1980-10-31Z", "ALTERATION_START_DATE": null, "ALTERATION_END_DATE": null, "DECOMMISSION_START_DATE": null, "DECOMMISSION_END_DATE": null, "DECOMMISSION_REASON": null, "OBSERVATION_WELL_NUMBER": null, "OBSERVATION_WELL_STATUS": null, "EMS_ID": null, "AQUIFER_MATERIAL": "Unconsolidated", "OBJECTID": 122507749, "SE_ANNO_CAD_DATA": null}}, {"type": "Feature", "id": "WHSE_WATER_MANAGEMENT.GW_WATER_WELLS_WRBC_SVW.fid-29e471e6_19f63eee063_215c", "geometry": {"type": "Point", "coordinates": [-121.213432, 56.405823]}, "geometry_name": "GEOMETRY", "properties": {"GW_WW_SYSID": 46351, "WELL_TAG_NUMBER": 46454, "IDENTIFICATION_PLATE_NUMBER": null, "STREET_ADDRESS": " ", "CITY": "MILE 64", "LEGAL_LOT": "3", "LEGAL_PLAN": "27199", "LEGAL_DISTRICT_LOT": "3059", "LEGAL_PID": null, "WELL_LOCATION_DESCRIPTION": " ", "COORDINATE_ACQUISITION_CODE": "E", "WELL_STATUS": "New", "WELL_CLASS": "Unknown", "WELL_SUBCLASS": null, "INTENDED_WATER_USE": "Unknown Well Use", "WELL_DETAILS_URL": "https://apps.nrs.gov.bc.ca/gwells/well/46454", "LICENCE_STATUS": "Unlicensed", "AQUIFER_ID": 451, "PERSON_RESPONSIBLE": " ", "COMPANY_OF_PERSON_RESPONSIBLE": "Bob's Water Drilling", "FINISHED_WELL_DEPTH": 120, "TOTAL_DEPTH_DRILLED": null, "BEDROCK_DEPTH": null, "YIELD": 0, "YIELD_ESTIMATION_DURATION": null, "ARTESIAN_COND": "N", "ARTESIAN_FLOW": null, "ARTESIAN_PRESSURE": null, "STATIC_WATER_LEVEL": null, "DIAMETER": null, "FINAL_CASING_STICK_UP": null, "GROUND_ELEVATION": null, "GROUND_ELEVATION_METHOD": "UNKNOWN", "SURFACE_SEAL_DEPTH": null, "SURFACE_SEAL_THICKNESS": null, "SURFACE_SEAL_METHOD": null, "SCREEN_INTAKE_METHOD": null, "WATER_SUPPLY_SYSTEM_NAME": null, "WATER_SUPPLY_SYSTEM_WELL_NAME": null, "CONSTRUCTION_START_DATE": "1980-10-27Z", "CONSTRUCTION_END_DATE": "1980-10-27Z", "ALTERATION_START_DATE": null, "ALTERATION_END_DATE": null, "DECOMMISSION_START_DATE": null, "DECOMMISSION_END_DATE": null, "DECOMMISSION_REASON": null, "OBSERVATION_WELL_NUMBER": null, "OBSERVATION_WELL_STATUS": null, "EMS_ID": null, "AQUIFER_MATERIAL": "Unconsolidated", "OBJECTID": 122507701, "SE_ANNO_CAD_DATA": null}}, {"type": "Feature", "id": "WHSE_WATER_MANAGEMENT.GW_WATER_WELLS_WRBC_SVW.fid-29e471e6_19f63eee063_215d", "geometry": {"type": "Point", "coordinates": [-121.211192, 56.406941]}, "geometry_name": "GEOMETRY", "properties": {"GW_WW_SYSID": 49300, "WELL_TAG_NUMBER": 49414, "IDENTIFICATION_PLATE_NUMBER": null, "STREET_ADDRESS": "ALASKA HWY", "CITY": "MILE 63", "LEGAL_LOT": "20", "LEGAL_PLAN": "26592", "LEGAL_DISTRICT_LOT": "1285", "LEGAL_PID": null, "WELL_LOCATION_DESCRIPTION": " ", "COORDINATE_ACQUISITION_CODE": "E", "WELL_STATUS": "New", "WELL_CLASS": "Unknown", "WELL_SUBCLASS": null, "INTENDED_WATER_USE": "Unknown Well Use", "WELL_DETAILS_URL": "https://apps.nrs.gov.bc.ca/gwells/well/49414", "LICENCE_STATUS": "Unlicensed", "AQUIFER_ID": 444, "PERSON_RESPONSIBLE": " ", "COMPANY_OF_PERSON_RESPONSIBLE": "Bob's Water Drilling", "FINISHED_WELL_DEPTH": 172, "TOTAL_DEPTH_DRILLED": null, "BEDROCK_DEPTH": 92, "YIELD": null, "YIELD_ESTIMATION_DURATION": null, "ARTESIAN_COND": "N", "ARTESIAN_FLOW": null, "ARTESIAN_PRESSURE": null, "STATIC_WATER_LEVEL": null, "DIAMETER": null, "FINAL_CASING_STICK_UP": null, "GROUND_ELEVATION": null, "GROUND_ELEVATION_METHOD": "UNKNOWN", "SURFACE_SEAL_DEPTH": null, "SURFACE_SEAL_THICKNESS": null, "SURFACE_SEAL_METHOD": null, "SCREEN_INTAKE_METHOD": null, "WATER_SUPPLY_SYSTEM_NAME": null, "WATER_SUPPLY_SYSTEM_WELL_NAME": null, "CONSTRUCTION_START_DATE": "1981-10-23Z", "CONSTRUCTION_END_DATE": null, "ALTERATION_START_DATE": null, "ALTERATION_END_DATE": null, "DECOMMISSION_START_DATE": null, "DECOMMISSION_END_DATE": null, "DECOMMISSION_REASON": null, "OBSERVATION_WELL_NUMBER": null, "OBSERVATION_WELL_STATUS": null, "EMS_ID": null, "AQUIFER_MATERIAL": "Unconsolidated", "OBJECTID": 122510650, "SE_ANNO_CAD_DATA": null}}, {"type": "Feature", "id": "WHSE_WATER_MANAGEMENT.GW_WATER_WELLS_WRBC_SVW.fid-29e471e6_19f63eee063_215e", "geometry": {"type": "Point", "coordinates": [-121.20951, 56.40858]}, "geometry_name": "GEOMETRY", "properties": {"GW_WW_SYSID": 83834, "WELL_TAG_NUMBER": 87572, "IDENTIFICATION_PLATE_NUMBER": 14623, "STREET_ADDRESS": "14655 RED CREEK ROAD", "CITY": "CHARLIE LAKE", "LEGAL_LOT": null, "LEGAL_PLAN": null, "LEGAL_DISTRICT_LOT": null, "LEGAL_PID": null, "WELL_LOCATION_DESCRIPTION": "NOT PROVIDED", "COORDINATE_ACQUISITION_CODE": "H", "WELL_STATUS": "New", "WELL_CLASS": "Water Supply", "WELL_SUBCLASS": "Not Applicable", "INTENDED_WATER_USE": "Private Domestic", "WELL_DETAILS_URL": "https://apps.nrs.gov.bc.ca/gwells/well/87572", "LICENCE_STATUS": "Unlicensed", "AQUIFER_ID": 1271, "PERSON_RESPONSIBLE": " ", "COMPANY_OF_PERSON_RESPONSIBLE": "Jacob's Water Wells", "FINISHED_WELL_DEPTH": 490, "TOTAL_DEPTH_DRILLED": 490, "BEDROCK_DEPTH": 52, "YIELD": 2.7, "YIELD_ESTIMATION_DURATION": 0.75, "ARTESIAN_COND": "N", "ARTESIAN_FLOW": null, "ARTESIAN_PRESSURE": null, "STATIC_WATER_LEVEL": 220, "DIAMETER": 6, "FINAL_CASING_STICK_UP": 24, "GROUND_ELEVATION": 2806, "GROUND_ELEVATION_METHOD": "GPS", "SURFACE_SEAL_DEPTH": 26, "SURFACE_SEAL_THICKNESS": 1, "SURFACE_SEAL_METHOD": "POURED", "SCREEN_INTAKE_METHOD": null, "WATER_SUPPLY_SYSTEM_NAME": null, "WATER_SUPPLY_SYSTEM_WELL_NAME": null, "CONSTRUCTION_START_DATE": "2007-06-12Z", "CONSTRUCTION_END_DATE": "2007-07-03Z", "ALTERATION_START_DATE": null, "ALTERATION_END_DATE": null, "DECOMMISSION_START_DATE": null, "DECOMMISSION_END_DATE": null, "DECOMMISSION_REASON": null, "OBSERVATION_WELL_NUMBER": null, "OBSERVATION_WELL_STATUS": null, "EMS_ID": null, "AQUIFER_MATERIAL": "Bedrock", "OBJECTID": 122545184, "SE_ANNO_CAD_DATA": null}}, {"type": "Feature", "id": "WHSE_WATER_MANAGEMENT.GW_WATER_WELLS_WRBC_SVW.fid-29e471e6_19f63eee063_215f", "geometry": {"type": "Point", "coordinates": [-121.199074, 56.455524]}, "geometry_name": "GEOMETRY", "properties": {"GW_WW_SYSID": 82146, "WELL_TAG_NUMBER": 85769, "IDENTIFICATION_PLATE_NUMBER": 14611, "STREET_ADDRESS": "11232 HIGHWAY 97 NORTH", "CITY": "CHARLIE LAKE", "LEGAL_LOT": " ", "LEGAL_PLAN": " ", "LEGAL_DISTRICT_LOT": " ", "LEGAL_PID": null, "WELL_LOCATION_DESCRIPTION": "CENTRE OF NE 1/4 SEC 14", "COORDINATE_ACQUISITION_CODE": "H", "WELL_STATUS": "New", "WELL_CLASS": "Water Supply", "WELL_SUBCLASS": "Not Applicable", "INTENDED_WATER_USE": "Private Domestic", "WELL_DETAILS_URL": "https://apps.nrs.gov.bc.ca/gwells/well/85769", "LICENCE_STATUS": "Unlicensed", "AQUIFER_ID": 1271, "PERSON_RESPONSIBLE": " ", "COMPANY_OF_PERSON_RESPONSIBLE": "Jacob's Water Wells", "FINISHED_WELL_DEPTH": 90, "TOTAL_DEPTH_DRILLED": 90, "BEDROCK_DEPTH": 50, "YIELD": 6, "YIELD_ESTIMATION_DURATION": 16, "ARTESIAN_COND": "N", "ARTESIAN_FLOW": null, "ARTESIAN_PRESSURE": null, "STATIC_WATER_LEVEL": 69.4, "DIAMETER": 6, "FINAL_CASING_STICK_UP": 24, "GROUND_ELEVATION": 2838, "GROUND_ELEVATION_METHOD": "GPS", "SURFACE_SEAL_DEPTH": 25, "SURFACE_SEAL_THICKNESS": 1, "SURFACE_SEAL_METHOD": null, "SCREEN_INTAKE_METHOD": null, "WATER_SUPPLY_SYSTEM_NAME": null, "WATER_SUPPLY_SYSTEM_WELL_NAME": null, "CONSTRUCTION_START_DATE": "2006-08-29Z", "CONSTRUCTION_END_DATE": "2006-09-04Z", "ALTERATION_START_DATE": null, "ALTERATION_END_DATE": null, "DECOMMISSION_START_DATE": null, "DECOMMISSION_END_DATE": null, "DECOMMISSION_REASON": null, "OBSERVATION_WELL_NUMBER": null, "OBSERVATION_WELL_STATUS": null, "EMS_ID": null, "AQUIFER_MATERIAL": "Bedrock", "OBJECTID": 122543496, "SE_ANNO_CAD_DATA": null}}, {"type": "Feature", "id": "WHSE_WATER_MANAGEMENT.GW_WATER_WELLS_WRBC_SVW.fid-29e471e6_19f63eee063_2160", "geometry": {"type": "Point", "coordinates": [-121.197406, 56.450665]}, "geometry_name": "GEOMETRY", "properties": {"GW_WW_SYSID": 73362, "WELL_TAG_NUMBER": 75546, "IDENTIFICATION_PLATE_NUMBER": null, "STREET_ADDRESS": "ALASKA HIGHWAY", "CITY": "CHARLIE LAKE", "LEGAL_LOT": " ", "LEGAL_PLAN": " ", "LEGAL_DISTRICT_LOT": " ", "LEGAL_PID": null, "WELL_LOCATION_DESCRIPTION": " ", "COORDINATE_ACQUISITION_CODE": "E", "WELL_STATUS": "Abandoned", "WELL_CLASS": "Unknown", "WELL_SUBCLASS": null, "INTENDED_WATER_USE": "Not Applicable", "WELL_DETAILS_URL": "https://apps.nrs.gov.bc.ca/gwells/well/75546", "LICENCE_STATUS": "Unlicensed", "AQUIFER_ID": 451, "PERSON_RESPONSIBLE": " ", "COMPANY_OF_PERSON_RESPONSIBLE": "Jacob's Water Wells", "FINISHED_WELL_DEPTH": 90, "TOTAL_DEPTH_DRILLED": null, "BEDROCK_DEPTH": null, "YIELD": null, "YIELD_ESTIMATION_DURATION": null, "ARTESIAN_COND": "N", "ARTESIAN_FLOW": null, "ARTESIAN_PRESSURE": null, "STATIC_WATER_LEVEL": 53, "DIAMETER": null, "FINAL_CASING_STICK_UP": null, "GROUND_ELEVATION": null, "GROUND_ELEVATION_METHOD": "UNKNOWN", "SURFACE_SEAL_DEPTH": null, "SURFACE_SEAL_THICKNESS": null, "SURFACE_SEAL_METHOD": null, "SCREEN_INTAKE_METHOD": null, "WATER_SUPPLY_SYSTEM_NAME": null, "WATER_SUPPLY_SYSTEM_WELL_NAME": null, "CONSTRUCTION_START_DATE": "1997-08-30Z", "CONSTRUCTION_END_DATE": null, "ALTERATION_START_DATE": null, "ALTERATION_END_DATE": null, "DECOMMISSION_START_DATE": null, "DECOMMISSION_END_DATE": null, "DECOMMISSION_REASON": null, "OBSERVATION_WELL_NUMBER": null, "OBSERVATION_WELL_STATUS": null, "EMS_ID": null, "AQUIFER_MATERIAL": "Unknown", "OBJECTID": 122534712, "SE_ANNO_CAD_DATA": null}}, {"type": "Feature", "id": "WHSE_WATER_MANAGEMENT.GW_WATER_WELLS_WRBC_SVW.fid-29e471e6_19f63eee063_2161", "geometry": {"type": "Point", "coordinates": [-121.196296, 56.453884]}, "geometry_name": "GEOMETRY", "properties": {"GW_WW_SYSID": 31463, "WELL_TAG_NUMBER": 31528, "IDENTIFICATION_PLATE_NUMBER": null, "STREET_ADDRESS": "ALASKA HIGHWAY", "CITY": "CHARLIE LAKE", "LEGAL_LOT": " ", "LEGAL_PLAN": " ", "LEGAL_DISTRICT_LOT": " ", "LEGAL_PID": null, "WELL_LOCATION_DESCRIPTION": " ", "COORDINATE_ACQUISITION_CODE": "E", "WELL_STATUS": "New", "WELL_CLASS": "Unknown", "WELL_SUBCLASS": null, "INTENDED_WATER_USE": "Unknown Well Use", "WELL_DETAILS_URL": "https://apps.nrs.gov.bc.ca/gwells/well/31528", "LICENCE_STATUS": "Unlicensed", "AQUIFER_ID": null, "PERSON_RESPONSIBLE": " ", "COMPANY_OF_PERSON_RESPONSIBLE": "Bob's Water Drilling", "FINISHED_WELL_DEPTH": 126, "TOTAL_DEPTH_DRILLED": null, "BEDROCK_DEPTH": null, "YIELD": 0, "YIELD_ESTIMATION_DURATION": null, "ARTESIAN_COND": "N", "ARTESIAN_FLOW": null, "ARTESIAN_PRESSURE": null, "STATIC_WATER_LEVEL": null, "DIAMETER": null, "FINAL_CASING_STICK_UP": null, "GROUND_ELEVATION": null, "GROUND_ELEVATION_METHOD": "UNKNOWN", "SURFACE_SEAL_DEPTH": null, "SURFACE_SEAL_THICKNESS": null, "SURFACE_SEAL_METHOD": null, "SCREEN_INTAKE_METHOD": null, "WATER_SUPPLY_SYSTEM_NAME": null, "WATER_SUPPLY_SYSTEM_WELL_NAME": null, "CONSTRUCTION_START_DATE": "1974-10-23Z", "CONSTRUCTION_END_DATE": "1974-10-23Z", "ALTERATION_START_DATE": null, "ALTERATION_END_DATE": null, "DECOMMISSION_START_DATE": null, "DECOMMISSION_END_DATE": null, "DECOMMISSION_REASON": null, "OBSERVATION_WELL_NUMBER": null, "OBSERVATION_WELL_STATUS": null, "EMS_ID": null, "AQUIFER_MATERIAL": "Unconsolidated", "OBJECTID": 122492813, "SE_ANNO_CAD_DATA": null}}, {"type": "Feature", "id": "WHSE_WATER_MANAGEMENT.GW_WATER_WELLS_WRBC_SVW.fid-29e471e6_19f63eee063_2162", "geometry": {"type": "Point", "coordinates": [-121.192991, 56.453764]}, "geometry_name": "GEOMETRY", "properties": {"GW_WW_SYSID": 31413, "WELL_TAG_NUMBER": 31478, "IDENTIFICATION_PLATE_NUMBER": null, "STREET_ADDRESS": "ALASKA HIGHWAY", "CITY": "CHARLIE LAKE", "LEGAL_LOT": " ", "LEGAL_PLAN": " ", "LEGAL_DISTRICT_LOT": " ", "LEGAL_PID": null, "WELL_LOCATION_DESCRIPTION": " ", "COORDINATE_ACQUISITION_CODE": "E", "WELL_STATUS": "New", "WELL_CLASS": "Unknown", "WELL_SUBCLASS": null, "INTENDED_WATER_USE": "Unknown Well Use", "WELL_DETAILS_URL": "https://apps.nrs.gov.bc.ca/gwells/well/31478", "LICENCE_STATUS": "Unlicensed", "AQUIFER_ID": 1271, "PERSON_RESPONSIBLE": " ", "COMPANY_OF_PERSON_RESPONSIBLE": "Bob's Water Drilling", "FINISHED_WELL_DEPTH": 133, "TOTAL_DEPTH_DRILLED": null, "BEDROCK_DEPTH": null, "YIELD": 5, "YIELD_ESTIMATION_DURATION": null, "ARTESIAN_COND": "N", "ARTESIAN_FLOW": null, "ARTESIAN_PRESSURE": null, "STATIC_WATER_LEVEL": 133, "DIAMETER": null, "FINAL_CASING_STICK_UP": null, "GROUND_ELEVATION": null, "GROUND_ELEVATION_METHOD": "UNKNOWN", "SURFACE_SEAL_DEPTH": null, "SURFACE_SEAL_THICKNESS": null, "SURFACE_SEAL_METHOD": null, "SCREEN_INTAKE_METHOD": null, "WATER_SUPPLY_SYSTEM_NAME": null, "WATER_SUPPLY_SYSTEM_WELL_NAME": null, "CONSTRUCTION_START_DATE": "1974-10-14Z", "CONSTRUCTION_END_DATE": "1974-10-14Z", "ALTERATION_START_DATE": null, "ALTERATION_END_DATE": null, "DECOMMISSION_START_DATE": null, "DECOMMISSION_END_DATE": null, "DECOMMISSION_REASON": null, "OBSERVATION_WELL_NUMBER": null, "OBSERVATION_WELL_STATUS": null, "EMS_ID": null, "AQUIFER_MATERIAL": "Unconsolidated", "OBJECTID": 122492763, "SE_ANNO_CAD_DATA": null}}, {"type": "Feature", "id": "WHSE_WATER_MANAGEMENT.GW_WATER_WELLS_WRBC_SVW.fid-29e471e6_19f63eee063_2163", "geometry": {"type": "Point", "coordinates": [-121.193767, 56.440485]}, "geometry_name": "GEOMETRY", "properties": {"GW_WW_SYSID": 98446, "WELL_TAG_NUMBER": 102571, "IDENTIFICATION_PLATE_NUMBER": null, "STREET_ADDRESS": "MILE 65.5 ALASKA HIGHWAY", "CITY": "UNKNOWN", "LEGAL_LOT": " ", "LEGAL_PLAN": " ", "LEGAL_DISTRICT_LOT": " ", "LEGAL_PID": 11305801, "WELL_LOCATION_DESCRIPTION": "S 1/2 SEC 11.", "COORDINATE_ACQUISITION_CODE": "J", "WELL_STATUS": "New", "WELL_CLASS": "Water Supply", "WELL_SUBCLASS": "Not Applicable", "INTENDED_WATER_USE": "Private Domestic", "WELL_DETAILS_URL": "https://apps.nrs.gov.bc.ca/gwells/well/102571", "LICENCE_STATUS": "Unlicensed", "AQUIFER_ID": 1271, "PERSON_RESPONSIBLE": " ", "COMPANY_OF_PERSON_RESPONSIBLE": "Anderson Air Drilling", "FINISHED_WELL_DEPTH": 495, "TOTAL_DEPTH_DRILLED": 495, "BEDROCK_DEPTH": null, "YIELD": null, "YIELD_ESTIMATION_DURATION": null, "ARTESIAN_COND": "N", "ARTESIAN_FLOW": null, "ARTESIAN_PRESSURE": null, "STATIC_WATER_LEVEL": 160, "DIAMETER": 6.63, "FINAL_CASING_STICK_UP": 24, "GROUND_ELEVATION": null, "GROUND_ELEVATION_METHOD": "UNKNOWN", "SURFACE_SEAL_DEPTH": null, "SURFACE_SEAL_THICKNESS": null, "SURFACE_SEAL_METHOD": null, "SCREEN_INTAKE_METHOD": null, "WATER_SUPPLY_SYSTEM_NAME": null, "WATER_SUPPLY_SYSTEM_WELL_NAME": null, "CONSTRUCTION_START_DATE": "2003-05-31Z", "CONSTRUCTION_END_DATE": "2003-05-31Z", "ALTERATION_START_DATE": null, "ALTERATION_END_DATE": null, "DECOMMISSION_START_DATE": null, "DECOMMISSION_END_DATE": null, "DECOMMISSION_REASON": null, "OBSERVATION_WELL_NUMBER": null, "OBSERVATION_WELL_STATUS": null, "EMS_ID": null, "AQUIFER_MATERIAL": "Bedrock", "OBJECTID": 122559796, "SE_ANNO_CAD_DATA": null}}, {"type": "Feature", "id": "WHSE_WATER_MANAGEMENT.GW_WATER_WELLS_WRBC_SVW.fid-29e471e6_19f63eee063_2164", "geometry": {"type": "Point", "coordinates": [-121.196639, 56.411367]}, "geometry_name": "GEOMETRY", "properties": {"GW_WW_SYSID": 49221, "WELL_TAG_NUMBER": 49335, "IDENTIFICATION_PLATE_NUMBER": null, "STREET_ADDRESS": "ALASKA HWY", "CITY": " ", "LEGAL_LOT": "4", "LEGAL_PLAN": "26592", "LEGAL_DISTRICT_LOT": "1285", "LEGAL_PID": null, "WELL_LOCATION_DESCRIPTION": " ", "COORDINATE_ACQUISITION_CODE": "E", "WELL_STATUS": "New", "WELL_CLASS": "Unknown", "WELL_SUBCLASS": null, "INTENDED_WATER_USE": "Unknown Well Use", "WELL_DETAILS_URL": "https://apps.nrs.gov.bc.ca/gwells/well/49335", "LICENCE_STATUS": "Unlicensed", "AQUIFER_ID": 1271, "PERSON_RESPONSIBLE": " ", "COMPANY_OF_PERSON_RESPONSIBLE": "Bob's Water Drilling", "FINISHED_WELL_DEPTH": 129, "TOTAL_DEPTH_DRILLED": null, "BEDROCK_DEPTH": 102, "YIELD": 5, "YIELD_ESTIMATION_DURATION": null, "ARTESIAN_COND": "N", "ARTESIAN_FLOW": null, "ARTESIAN_PRESSURE": null, "STATIC_WATER_LEVEL": 102, "DIAMETER": null, "FINAL_CASING_STICK_UP": null, "GROUND_ELEVATION": null, "GROUND_ELEVATION_METHOD": "UNKNOWN", "SURFACE_SEAL_DEPTH": null, "SURFACE_SEAL_THICKNESS": null, "SURFACE_SEAL_METHOD": null, "SCREEN_INTAKE_METHOD": null, "WATER_SUPPLY_SYSTEM_NAME": null, "WATER_SUPPLY_SYSTEM_WELL_NAME": null, "CONSTRUCTION_START_DATE": "1981-10-11Z", "CONSTRUCTION_END_DATE": null, "ALTERATION_START_DATE": null, "ALTERATION_END_DATE": null, "DECOMMISSION_START_DATE": null, "DECOMMISSION_END_DATE": null, "DECOMMISSION_REASON": null, "OBSERVATION_WELL_NUMBER": null, "OBSERVATION_WELL_STATUS": null, "EMS_ID": null, "AQUIFER_MATERIAL": "Bedrock", "OBJECTID": 122510571, "SE_ANNO_CAD_DATA": null}}, {"type": "Feature", "id": "WHSE_WATER_MANAGEMENT.GW_WATER_WELLS_WRBC_SVW.fid-29e471e6_19f63eee063_2165", "geometry": {"type": "Point", "coordinates": [-121.19063, 56.409886]}, "geometry_name": "GEOMETRY", "properties": {"GW_WW_SYSID": 83836, "WELL_TAG_NUMBER": 87574, "IDENTIFICATION_PLATE_NUMBER": null, "STREET_ADDRESS": "14541 RED CREEK ROAD", "CITY": "CHARLIE LAKE", "LEGAL_LOT": " ", "LEGAL_PLAN": " ", "LEGAL_DISTRICT_LOT": " ", "LEGAL_PID": null, "WELL_LOCATION_DESCRIPTION": "NOT PROVIDED", "COORDINATE_ACQUISITION_CODE": "H", "WELL_STATUS": "New", "WELL_CLASS": "Water Supply", "WELL_SUBCLASS": "Not Applicable", "INTENDED_WATER_USE": "Private Domestic", "WELL_DETAILS_URL": "https://apps.nrs.gov.bc.ca/gwells/well/87574", "LICENCE_STATUS": "Unlicensed", "AQUIFER_ID": 1271, "PERSON_RESPONSIBLE": " ", "COMPANY_OF_PERSON_RESPONSIBLE": "Jacob's Water Wells", "FINISHED_WELL_DEPTH": 335, "TOTAL_DEPTH_DRILLED": 335, "BEDROCK_DEPTH": 87, "YIELD": 4, "YIELD_ESTIMATION_DURATION": 1, "ARTESIAN_COND": "N", "ARTESIAN_FLOW": null, "ARTESIAN_PRESSURE": null, "STATIC_WATER_LEVEL": 261, "DIAMETER": 6, "FINAL_CASING_STICK_UP": 24, "GROUND_ELEVATION": 2800, "GROUND_ELEVATION_METHOD": "GPS", "SURFACE_SEAL_DEPTH": 32, "SURFACE_SEAL_THICKNESS": 1, "SURFACE_SEAL_METHOD": "POURED", "SCREEN_INTAKE_METHOD": null, "WATER_SUPPLY_SYSTEM_NAME": null, "WATER_SUPPLY_SYSTEM_WELL_NAME": null, "CONSTRUCTION_START_DATE": "2007-07-12Z", "CONSTRUCTION_END_DATE": "2007-07-31Z", "ALTERATION_START_DATE": null, "ALTERATION_END_DATE": null, "DECOMMISSION_START_DATE": null, "DECOMMISSION_END_DATE": null, "DECOMMISSION_REASON": null, "OBSERVATION_WELL_NUMBER": null, "OBSERVATION_WELL_STATUS": null, "EMS_ID": null, "AQUIFER_MATERIAL": "Bedrock", "OBJECTID": 122545186, "SE_ANNO_CAD_DATA": null}}, {"type": "Feature", "id": "WHSE_WATER_MANAGEMENT.GW_WATER_WELLS_WRBC_SVW.fid-29e471e6_19f63eee063_2166", "geometry": {"type": "Point", "coordinates": [-121.185605, 56.450403]}, "geometry_name": "GEOMETRY", "properties": {"GW_WW_SYSID": 48636, "WELL_TAG_NUMBER": 48748, "IDENTIFICATION_PLATE_NUMBER": null, "STREET_ADDRESS": "ALASKA HWY", "CITY": " ", "LEGAL_LOT": "1", "LEGAL_PLAN": "25900", "LEGAL_DISTRICT_LOT": " ", "LEGAL_PID": null, "WELL_LOCATION_DESCRIPTION": " ", "COORDINATE_ACQUISITION_CODE": "E", "WELL_STATUS": "New", "WELL_CLASS": "Unknown", "WELL_SUBCLASS": null, "INTENDED_WATER_USE": "Unknown Well Use", "WELL_DETAILS_URL": "https://apps.nrs.gov.bc.ca/gwells/well/48748", "LICENCE_STATUS": "Unlicensed", "AQUIFER_ID": 1271, "PERSON_RESPONSIBLE": " ", "COMPANY_OF_PERSON_RESPONSIBLE": "Bob's Water Drilling", "FINISHED_WELL_DEPTH": 125, "TOTAL_DEPTH_DRILLED": null, "BEDROCK_DEPTH": 73, "YIELD": 2.5, "YIELD_ESTIMATION_DURATION": null, "ARTESIAN_COND": "N", "ARTESIAN_FLOW": null, "ARTESIAN_PRESSURE": null, "STATIC_WATER_LEVEL": 112, "DIAMETER": null, "FINAL_CASING_STICK_UP": null, "GROUND_ELEVATION": null, "GROUND_ELEVATION_METHOD": "UNKNOWN", "SURFACE_SEAL_DEPTH": null, "SURFACE_SEAL_THICKNESS": null, "SURFACE_SEAL_METHOD": null, "SCREEN_INTAKE_METHOD": null, "WATER_SUPPLY_SYSTEM_NAME": null, "WATER_SUPPLY_SYSTEM_WELL_NAME": null, "CONSTRUCTION_START_DATE": "1981-08-04Z", "CONSTRUCTION_END_DATE": "1981-08-04Z", "ALTERATION_START_DATE": null, "ALTERATION_END_DATE": null, "DECOMMISSION_START_DATE": null, "DECOMMISSION_END_DATE": null, "DECOMMISSION_REASON": null, "OBSERVATION_WELL_NUMBER": null, "OBSERVATION_WELL_STATUS": null, "EMS_ID": null, "AQUIFER_MATERIAL": "Bedrock", "OBJECTID": 122509986, "SE_ANNO_CAD_DATA": null}}, {"type": "Feature", "id": "WHSE_WATER_MANAGEMENT.GW_WATER_WELLS_WRBC_SVW.fid-29e471e6_19f63eee063_2167", "geometry": {"type": "Point", "coordinates": [-120.561338, 56.302859]}, "geometry_name": "GEOMETRY", "properties": {"GW_WW_SYSID": 21188, "WELL_TAG_NUMBER": 21228, "IDENTIFICATION_PLATE_NUMBER": null, "STREET_ADDRESS": " ", "CITY": " ", "LEGAL_LOT": " ", "LEGAL_PLAN": " ", "LEGAL_DISTRICT_LOT": " ", "LEGAL_PID": null, "WELL_LOCATION_DESCRIPTION": " ", "COORDINATE_ACQUISITION_CODE": "E", "WELL_STATUS": "New", "WELL_CLASS": "Unknown", "WELL_SUBCLASS": null, "INTENDED_WATER_USE": "Unknown Well Use", "WELL_DETAILS_URL": "https://apps.nrs.gov.bc.ca/gwells/well/21228", "LICENCE_STATUS": "Unlicensed", "AQUIFER_ID": null, "PERSON_RESPONSIBLE": " ", "COMPANY_OF_PERSON_RESPONSIBLE": "Siluch's Rat Hole Drilling", "FINISHED_WELL_DEPTH": 24, "TOTAL_DEPTH_DRILLED": null, "BEDROCK_DEPTH": null, "YIELD": 0, "YIELD_ESTIMATION_DURATION": null, "ARTESIAN_COND": "N", "ARTESIAN_FLOW": null, "ARTESIAN_PRESSURE": null, "STATIC_WATER_LEVEL": 20, "DIAMETER": null, "FINAL_CASING_STICK_UP": null, "GROUND_ELEVATION": null, "GROUND_ELEVATION_METHOD": "UNKNOWN", "SURFACE_SEAL_DEPTH": null, "SURFACE_SEAL_THICKNESS": null, "SURFACE_SEAL_METHOD": null, "SCREEN_INTAKE_METHOD": null, "WATER_SUPPLY_SYSTEM_NAME": null, "WATER_SUPPLY_SYSTEM_WELL_NAME": null, "CONSTRUCTION_START_DATE": "1968-01-01Z", "CONSTRUCTION_END_DATE": "1968-01-01Z", "ALTERATION_START_DATE": null, "ALTERATION_END_DATE": null, "DECOMMISSION_START_DATE": null, "DECOMMISSION_END_DATE": null, "DECOMMISSION_REASON": null, "OBSERVATION_WELL_NUMBER": null, "OBSERVATION_WELL_STATUS": null, "EMS_ID": null, "AQUIFER_MATERIAL": "Unconsolidated", "OBJECTID": 122482538, "SE_ANNO_CAD_DATA": null}}, {"type": "Feature", "id": "WHSE_WATER_MANAGEMENT.GW_WATER_WELLS_WRBC_SVW.fid-29e471e6_19f63eee063_2168", "geometry": {"type": "Point", "coordinates": [-120.559566, 56.303516]}, "geometry_name": "GEOMETRY", "properties": {"GW_WW_SYSID": 45862, "WELL_TAG_NUMBER": 45964, "IDENTIFICATION_PLATE_NUMBER": null, "STREET_ADDRESS": " ", "CITY": " ", "LEGAL_LOT": " ", "LEGAL_PLAN": " ", "LEGAL_DISTRICT_LOT": " ", "LEGAL_PID": null, "WELL_LOCATION_DESCRIPTION": " ", "COORDINATE_ACQUISITION_CODE": "E", "WELL_STATUS": "New", "WELL_CLASS": "Unknown", "WELL_SUBCLASS": null, "INTENDED_WATER_USE": "Unknown Well Use", "WELL_DETAILS_URL": "https://apps.nrs.gov.bc.ca/gwells/well/45964", "LICENCE_STATUS": "Unlicensed", "AQUIFER_ID": 933, "PERSON_RESPONSIBLE": " ", "COMPANY_OF_PERSON_RESPONSIBLE": "Bob's Water Drilling", "FINISHED_WELL_DEPTH": 85.5, "TOTAL_DEPTH_DRILLED": null, "BEDROCK_DEPTH": null, "YIELD": 0, "YIELD_ESTIMATION_DURATION": null, "ARTESIAN_COND": "N", "ARTESIAN_FLOW": null, "ARTESIAN_PRESSURE": null, "STATIC_WATER_LEVEL": 68, "DIAMETER": null, "FINAL_CASING_STICK_UP": null, "GROUND_ELEVATION": null, "GROUND_ELEVATION_METHOD": "UNKNOWN", "SURFACE_SEAL_DEPTH": null, "SURFACE_SEAL_THICKNESS": null, "SURFACE_SEAL_METHOD": null, "SCREEN_INTAKE_METHOD": null, "WATER_SUPPLY_SYSTEM_NAME": null, "WATER_SUPPLY_SYSTEM_WELL_NAME": null, "CONSTRUCTION_START_DATE": "1980-09-01Z", "CONSTRUCTION_END_DATE": "1980-09-01Z", "ALTERATION_START_DATE": null, "ALTERATION_END_DATE": null, "DECOMMISSION_START_DATE": null, "DECOMMISSION_END_DATE": null, "DECOMMISSION_REASON": null, "OBSERVATION_WELL_NUMBER": null, "OBSERVATION_WELL_STATUS": null, "EMS_ID": null, "AQUIFER_MATERIAL": "Unconsolidated", "OBJECTID": 122507212, "SE_ANNO_CAD_DATA": null}}, {"type": "Feature", "id": "WHSE_WATER_MANAGEMENT.GW_WATER_WELLS_WRBC_SVW.fid-29e471e6_19f63eee063_2169", "geometry": {"type": "Point", "coordinates": [-120.556642, 56.304753]}, "geometry_name": "GEOMETRY", "properties": {"GW_WW_SYSID": 40733, "WELL_TAG_NUMBER": 40819, "IDENTIFICATION_PLATE_NUMBER": null, "STREET_ADDRESS": " ", "CITY": "CECIL LAKE", "LEGAL_LOT": " ", "LEGAL_PLAN": " ", "LEGAL_DISTRICT_LOT": " ", "LEGAL_PID": null, "WELL_LOCATION_DESCRIPTION": " ", "COORDINATE_ACQUISITION_CODE": "E", "WELL_STATUS": "New", "WELL_CLASS": "Unknown", "WELL_SUBCLASS": null, "INTENDED_WATER_USE": "Unknown Well Use", "WELL_DETAILS_URL": "https://apps.nrs.gov.bc.ca/gwells/well/40819", "LICENCE_STATUS": "Unlicensed", "AQUIFER_ID": 933, "PERSON_RESPONSIBLE": " ", "COMPANY_OF_PERSON_RESPONSIBLE": "I . & M.  Drilling", "FINISHED_WELL_DEPTH": 108, "TOTAL_DEPTH_DRILLED": null, "BEDROCK_DEPTH": null, "YIELD": 5, "YIELD_ESTIMATION_DURATION": null, "ARTESIAN_COND": "N", "ARTESIAN_FLOW": null, "ARTESIAN_PRESSURE": null, "STATIC_WATER_LEVEL": null, "DIAMETER": null, "FINAL_CASING_STICK_UP": null, "GROUND_ELEVATION": null, "GROUND_ELEVATION_METHOD": "UNKNOWN", "SURFACE_SEAL_DEPTH": null, "SURFACE_SEAL_THICKNESS": null, "SURFACE_SEAL_METHOD": null, "SCREEN_INTAKE_METHOD": null, "WATER_SUPPLY_SYSTEM_NAME": null, "WATER_SUPPLY_SYSTEM_WELL_NAME": null, "CONSTRUCTION_START_DATE": "1978-10-11Z", "CONSTRUCTION_END_DATE": "1978-10-11Z", "ALTERATION_START_DATE": null, "ALTERATION_END_DATE": null, "DECOMMISSION_START_DATE": null, "DECOMMISSION_END_DATE": null, "DECOMMISSION_REASON": null, "OBSERVATION_WELL_NUMBER": null, "OBSERVATION_WELL_STATUS": null, "EMS_ID": null, "AQUIFER_MATERIAL": "Unconsolidated", "OBJECTID": 122502083, "SE_ANNO_CAD_DATA": null}}, {"type": "Feature", "id": "WHSE_WATER_MANAGEMENT.GW_WATER_WELLS_WRBC_SVW.fid-29e471e6_19f63eee063_216a", "geometry": {"type": "Point", "coordinates": [-120.554145, 56.292714]}, "geometry_name": "GEOMETRY", "properties": {"GW_WW_SYSID": 98635, "WELL_TAG_NUMBER": 102763, "IDENTIFICATION_PLATE_NUMBER": null, "STREET_ADDRESS": " ", "CITY": "CECIL LAKE", "LEGAL_LOT": " ", "LEGAL_PLAN": " ", "LEGAL_DISTRICT_LOT": " ", "LEGAL_PID": 14665824, "WELL_LOCATION_DESCRIPTION": "SW 1/4 W6M", "COORDINATE_ACQUISITION_CODE": "J", "WELL_STATUS": "New", "WELL_CLASS": "Water Supply", "WELL_SUBCLASS": "Not Applicable", "INTENDED_WATER_USE": "Private Domestic", "WELL_DETAILS_URL": "https://apps.nrs.gov.bc.ca/gwells/well/102763", "LICENCE_STATUS": "Unlicensed", "AQUIFER_ID": null, "PERSON_RESPONSIBLE": " ", "COMPANY_OF_PERSON_RESPONSIBLE": "Anderson Water Wells", "FINISHED_WELL_DEPTH": 181, "TOTAL_DEPTH_DRILLED": 181, "BEDROCK_DEPTH": null, "YIELD": null, "YIELD_ESTIMATION_DURATION": null, "ARTESIAN_COND": "N", "ARTESIAN_FLOW": null, "ARTESIAN_PRESSURE": null, "STATIC_WATER_LEVEL": null, "DIAMETER": null, "FINAL_CASING_STICK_UP": null, "GROUND_ELEVATION": null, "GROUND_ELEVATION_METHOD": "UNKNOWN", "SURFACE_SEAL_DEPTH": null, "SURFACE_SEAL_THICKNESS": null, "SURFACE_SEAL_METHOD": null, "SCREEN_INTAKE_METHOD": null, "WATER_SUPPLY_SYSTEM_NAME": null, "WATER_SUPPLY_SYSTEM_WELL_NAME": null, "CONSTRUCTION_START_DATE": null, "CONSTRUCTION_END_DATE": null, "ALTERATION_START_DATE": null, "ALTERATION_END_DATE": null, "DECOMMISSION_START_DATE": null, "DECOMMISSION_END_DATE": null, "DECOMMISSION_REASON": null, "OBSERVATION_WELL_NUMBER": null, "OBSERVATION_WELL_STATUS": null, "EMS_ID": null, "AQUIFER_MATERIAL": "Unknown", "OBJECTID": 122559985, "SE_ANNO_CAD_DATA": null}}, {"type": "Feature", "id": "WHSE_WATER_MANAGEMENT.GW_WATER_WELLS_WRBC_SVW.fid-29e471e6_19f63eee063_216b", "geometry": {"type": "Point", "coordinates": [-120.54952, 56.301098]}, "geometry_name": "GEOMETRY", "properties": {"GW_WW_SYSID": 50200, "WELL_TAG_NUMBER": 50315, "IDENTIFICATION_PLATE_NUMBER": null, "STREET_ADDRESS": "CECIL LAKE PO", "CITY": "CECIL LAKE", "LEGAL_LOT": " ", "LEGAL_PLAN": " ", "LEGAL_DISTRICT_LOT": " ", "LEGAL_PID": null, "WELL_LOCATION_DESCRIPTION": " ", "COORDINATE_ACQUISITION_CODE": "E", "WELL_STATUS": "New", "WELL_CLASS": "Water Supply", "WELL_SUBCLASS": null, "INTENDED_WATER_USE": "Private Domestic", "WELL_DETAILS_URL": "https://apps.nrs.gov.bc.ca/gwells/well/50315", "LICENCE_STATUS": "Unlicensed", "AQUIFER_ID": 933, "PERSON_RESPONSIBLE": " ", "COMPANY_OF_PERSON_RESPONSIBLE": "Bob's Water Drilling", "FINISHED_WELL_DEPTH": 146, "TOTAL_DEPTH_DRILLED": null, "BEDROCK_DEPTH": null, "YIELD": 0, "YIELD_ESTIMATION_DURATION": null, "ARTESIAN_COND": "N", "ARTESIAN_FLOW": null, "ARTESIAN_PRESSURE": null, "STATIC_WATER_LEVEL": 90, "DIAMETER": null, "FINAL_CASING_STICK_UP": null, "GROUND_ELEVATION": null, "GROUND_ELEVATION_METHOD": "UNKNOWN", "SURFACE_SEAL_DEPTH": null, "SURFACE_SEAL_THICKNESS": null, "SURFACE_SEAL_METHOD": null, "SCREEN_INTAKE_METHOD": null, "WATER_SUPPLY_SYSTEM_NAME": null, "WATER_SUPPLY_SYSTEM_WELL_NAME": null, "CONSTRUCTION_START_DATE": "1982-05-26Z", "CONSTRUCTION_END_DATE": null, "ALTERATION_START_DATE": null, "ALTERATION_END_DATE": null, "DECOMMISSION_START_DATE": null, "DECOMMISSION_END_DATE": null, "DECOMMISSION_REASON": null, "OBSERVATION_WELL_NUMBER": null, "OBSERVATION_WELL_STATUS": null, "EMS_ID": null, "AQUIFER_MATERIAL": "Unconsolidated", "OBJECTID": 122511550, "SE_ANNO_CAD_DATA": null}}, {"type": "Feature", "id": "WHSE_WATER_MANAGEMENT.GW_WATER_WELLS_WRBC_SVW.fid-29e471e6_19f63eee063_216c", "geometry": {"type": "Point", "coordinates": [-120.547671, 56.291858]}, "geometry_name": "GEOMETRY", "properties": {"GW_WW_SYSID": 58012, "WELL_TAG_NUMBER": 58166, "IDENTIFICATION_PLATE_NUMBER": null, "STREET_ADDRESS": " ", "CITY": "CECIL LAKE", "LEGAL_LOT": " ", "LEGAL_PLAN": " ", "LEGAL_DISTRICT_LOT": " ", "LEGAL_PID": null, "WELL_LOCATION_DESCRIPTION": " ", "COORDINATE_ACQUISITION_CODE": "G", "WELL_STATUS": "New", "WELL_CLASS": "Water Supply", "WELL_SUBCLASS": null, "INTENDED_WATER_USE": "Private Domestic", "WELL_DETAILS_URL": "https://apps.nrs.gov.bc.ca/gwells/well/58166", "LICENCE_STATUS": "Unlicensed", "AQUIFER_ID": null, "PERSON_RESPONSIBLE": " ", "COMPANY_OF_PERSON_RESPONSIBLE": "Anderson Air Drilling", "FINISHED_WELL_DEPTH": 504, "TOTAL_DEPTH_DRILLED": null, "BEDROCK_DEPTH": null, "YIELD": null, "YIELD_ESTIMATION_DURATION": null, "ARTESIAN_COND": "N", "ARTESIAN_FLOW": null, "ARTESIAN_PRESSURE": null, "STATIC_WATER_LEVEL": null, "DIAMETER": null, "FINAL_CASING_STICK_UP": null, "GROUND_ELEVATION": null, "GROUND_ELEVATION_METHOD": "UNKNOWN", "SURFACE_SEAL_DEPTH": null, "SURFACE_SEAL_THICKNESS": null, "SURFACE_SEAL_METHOD": null, "SCREEN_INTAKE_METHOD": null, "WATER_SUPPLY_SYSTEM_NAME": null, "WATER_SUPPLY_SYSTEM_WELL_NAME": null, "CONSTRUCTION_START_DATE": "1988-05-28Z", "CONSTRUCTION_END_DATE": null, "ALTERATION_START_DATE": null, "ALTERATION_END_DATE": null, "DECOMMISSION_START_DATE": null, "DECOMMISSION_END_DATE": null, "DECOMMISSION_REASON": null, "OBSERVATION_WELL_NUMBER": null, "OBSERVATION_WELL_STATUS": null, "EMS_ID": null, "AQUIFER_MATERIAL": "Unconsolidated", "OBJECTID": 122519362, "SE_ANNO_CAD_DATA": null}}, {"type": "Feature", "id": "WHSE_WATER_MANAGEMENT.GW_WATER_WELLS_WRBC_SVW.fid-29e471e6_19f63eee063_216d", "geometry": {"type": "Point", "coordinates": [-120.554801, 56.234622]}, "geometry_name": "GEOMETRY", "properties": {"GW_WW_SYSID": 48388, "WELL_TAG_NUMBER": 48500, "IDENTIFICATION_PLATE_NUMBER": null, "STREET_ADDRESS": " ", "CITY": " ", "LEGAL_LOT": " ", "LEGAL_PLAN": " ", "LEGAL_DISTRICT_LOT": " ", "LEGAL_PID": null, "WELL_LOCATION_DESCRIPTION": " ", "COORDINATE_ACQUISITION_CODE": "E", "WELL_STATUS": "New", "WELL_CLASS": "Unknown", "WELL_SUBCLASS": null, "INTENDED_WATER_USE": "Unknown Well Use", "WELL_DETAILS_URL": "https://apps.nrs.gov.bc.ca/gwells/well/48500", "LICENCE_STATUS": "Unlicensed", "AQUIFER_ID": 451, "PERSON_RESPONSIBLE": " ", "COMPANY_OF_PERSON_RESPONSIBLE": "Bob's Water Drilling", "FINISHED_WELL_DEPTH": 38, "TOTAL_DEPTH_DRILLED": null, "BEDROCK_DEPTH": 10, "YIELD": 8, "YIELD_ESTIMATION_DURATION": null, "ARTESIAN_COND": "N", "ARTESIAN_FLOW": null, "ARTESIAN_PRESSURE": null, "STATIC_WATER_LEVEL": 30, "DIAMETER": null, "FINAL_CASING_STICK_UP": null, "GROUND_ELEVATION": null, "GROUND_ELEVATION_METHOD": "UNKNOWN", "SURFACE_SEAL_DEPTH": null, "SURFACE_SEAL_THICKNESS": null, "SURFACE_SEAL_METHOD": null, "SCREEN_INTAKE_METHOD": null, "WATER_SUPPLY_SYSTEM_NAME": null, "WATER_SUPPLY_SYSTEM_WELL_NAME": null, "CONSTRUCTION_START_DATE": "1981-07-06Z", "CONSTRUCTION_END_DATE": "1981-07-06Z", "ALTERATION_START_DATE": null, "ALTERATION_END_DATE": null, "DECOMMISSION_START_DATE": null, "DECOMMISSION_END_DATE": null, "DECOMMISSION_REASON": null, "OBSERVATION_WELL_NUMBER": null, "OBSERVATION_WELL_STATUS": null, "EMS_ID": null, "AQUIFER_MATERIAL": "Bedrock", "OBJECTID": 122509738, "SE_ANNO_CAD_DATA": null}}, {"type": "Feature", "id": "WHSE_WATER_MANAGEMENT.GW_WATER_WELLS_WRBC_SVW.fid-29e471e6_19f63eee063_216e", "geometry": {"type": "Point", "coordinates": [-120.55312, 56.23544]}, "geometry_name": "GEOMETRY", "properties": {"GW_WW_SYSID": 4859, "WELL_TAG_NUMBER": 4867, "IDENTIFICATION_PLATE_NUMBER": null, "STREET_ADDRESS": null, "CITY": null, "LEGAL_LOT": null, "LEGAL_PLAN": null, "LEGAL_DISTRICT_LOT": null, "LEGAL_PID": null, "WELL_LOCATION_DESCRIPTION": null, "COORDINATE_ACQUISITION_CODE": "E", "WELL_STATUS": "New", "WELL_CLASS": "Water Supply", "WELL_SUBCLASS": null, "INTENDED_WATER_USE": "Private Domestic", "WELL_DETAILS_URL": "https://apps.nrs.gov.bc.ca/gwells/well/4867", "LICENCE_STATUS": "Unlicensed", "AQUIFER_ID": null, "PERSON_RESPONSIBLE": " ", "COMPANY_OF_PERSON_RESPONSIBLE": "Unknown", "FINISHED_WELL_DEPTH": 7, "TOTAL_DEPTH_DRILLED": null, "BEDROCK_DEPTH": null, "YIELD": 0, "YIELD_ESTIMATION_DURATION": null, "ARTESIAN_COND": "N", "ARTESIAN_FLOW": null, "ARTESIAN_PRESSURE": null, "STATIC_WATER_LEVEL": null, "DIAMETER": null, "FINAL_CASING_STICK_UP": null, "GROUND_ELEVATION": null, "GROUND_ELEVATION_METHOD": "UNKNOWN", "SURFACE_SEAL_DEPTH": null, "SURFACE_SEAL_THICKNESS": null, "SURFACE_SEAL_METHOD": null, "SCREEN_INTAKE_METHOD": null, "WATER_SUPPLY_SYSTEM_NAME": null, "WATER_SUPPLY_SYSTEM_WELL_NAME": null, "CONSTRUCTION_START_DATE": "1950-01-01Z", "CONSTRUCTION_END_DATE": "1950-01-01Z", "ALTERATION_START_DATE": null, "ALTERATION_END_DATE": null, "DECOMMISSION_START_DATE": null, "DECOMMISSION_END_DATE": null, "DECOMMISSION_REASON": null, "OBSERVATION_WELL_NUMBER": null, "OBSERVATION_WELL_STATUS": null, "EMS_ID": null, "AQUIFER_MATERIAL": "Unconsolidated", "OBJECTID": 122466209, "SE_ANNO_CAD_DATA": null}}, {"type": "Feature", "id": "WHSE_WATER_MANAGEMENT.GW_WATER_WELLS_WRBC_SVW.fid-29e471e6_19f63eee063_216f", "geometry": {"type": "Point", "coordinates": [-120.555641, 56.214847]}, "geometry_name": "GEOMETRY", "properties": {"GW_WW_SYSID": 16745, "WELL_TAG_NUMBER": 16774, "IDENTIFICATION_PLATE_NUMBER": null, "STREET_ADDRESS": " ", "CITY": " ", "LEGAL_LOT": " ", "LEGAL_PLAN": " ", "LEGAL_DISTRICT_LOT": " ", "LEGAL_PID": null, "WELL_LOCATION_DESCRIPTION": " ", "COORDINATE_ACQUISITION_CODE": "E", "WELL_STATUS": "New", "WELL_CLASS": "Unknown", "WELL_SUBCLASS": null, "INTENDED_WATER_USE": "Unknown Well Use", "WELL_DETAILS_URL": "https://apps.nrs.gov.bc.ca/gwells/well/16774", "LICENCE_STATUS": "Unlicensed", "AQUIFER_ID": null, "PERSON_RESPONSIBLE": " ", "COMPANY_OF_PERSON_RESPONSIBLE": "Ted Lund", "FINISHED_WELL_DEPTH": 110, "TOTAL_DEPTH_DRILLED": null, "BEDROCK_DEPTH": null, "YIELD": null, "YIELD_ESTIMATION_DURATION": null, "ARTESIAN_COND": "N", "ARTESIAN_FLOW": null, "ARTESIAN_PRESSURE": null, "STATIC_WATER_LEVEL": null, "DIAMETER": null, "FINAL_CASING_STICK_UP": null, "GROUND_ELEVATION": null, "GROUND_ELEVATION_METHOD": "UNKNOWN", "SURFACE_SEAL_DEPTH": null, "SURFACE_SEAL_THICKNESS": null, "SURFACE_SEAL_METHOD": null, "SCREEN_INTAKE_METHOD": null, "WATER_SUPPLY_SYSTEM_NAME": null, "WATER_SUPPLY_SYSTEM_WELL_NAME": null, "CONSTRUCTION_START_DATE": "1961-01-01Z", "CONSTRUCTION_END_DATE": "1961-01-01Z", "ALTERATION_START_DATE": null, "ALTERATION_END_DATE": null, "DECOMMISSION_START_DATE": null, "DECOMMISSION_END_DATE": null, "DECOMMISSION_REASON": null, "OBSERVATION_WELL_NUMBER": null, "OBSERVATION_WELL_STATUS": null, "EMS_ID": null, "AQUIFER_MATERIAL": "Unconsolidated", "OBJECTID": 122478095, "SE_ANNO_CAD_DATA": null}}, {"type": "Feature", "id": "WHSE_WATER_MANAGEMENT.GW_WATER_WELLS_WRBC_SVW.fid-29e471e6_19f63eee063_2170", "geometry": {"type": "Point", "coordinates": [-120.548891, 56.216745]}, "geometry_name": "GEOMETRY", "properties": {"GW_WW_SYSID": 1575, "WELL_TAG_NUMBER": 1581, "IDENTIFICATION_PLATE_NUMBER": null, "STREET_ADDRESS": " ", "CITY": " ", "LEGAL_LOT": " ", "LEGAL_PLAN": " ", "LEGAL_DISTRICT_LOT": " ", "LEGAL_PID": null, "WELL_LOCATION_DESCRIPTION": " ", "COORDINATE_ACQUISITION_CODE": "E", "WELL_STATUS": "New", "WELL_CLASS": "Unknown", "WELL_SUBCLASS": null, "INTENDED_WATER_USE": "Unknown Well Use", "WELL_DETAILS_URL": "https://apps.nrs.gov.bc.ca/gwells/well/1581", "LICENCE_STATUS": "Unlicensed", "AQUIFER_ID": null, "PERSON_RESPONSIBLE": " ", "COMPANY_OF_PERSON_RESPONSIBLE": "Unknown", "FINISHED_WELL_DEPTH": 32, "TOTAL_DEPTH_DRILLED": null, "BEDROCK_DEPTH": null, "YIELD": 0, "YIELD_ESTIMATION_DURATION": null, "ARTESIAN_COND": "N", "ARTESIAN_FLOW": null, "ARTESIAN_PRESSURE": null, "STATIC_WATER_LEVEL": 30, "DIAMETER": null, "FINAL_CASING_STICK_UP": null, "GROUND_ELEVATION": null, "GROUND_ELEVATION_METHOD": "UNKNOWN", "SURFACE_SEAL_DEPTH": null, "SURFACE_SEAL_THICKNESS": null, "SURFACE_SEAL_METHOD": null, "SCREEN_INTAKE_METHOD": null, "WATER_SUPPLY_SYSTEM_NAME": null, "WATER_SUPPLY_SYSTEM_WELL_NAME": null, "CONSTRUCTION_START_DATE": "1930-01-01Z", "CONSTRUCTION_END_DATE": "1930-01-01Z", "ALTERATION_START_DATE": null, "ALTERATION_END_DATE": null, "DECOMMISSION_START_DATE": null, "DECOMMISSION_END_DATE": null, "DECOMMISSION_REASON": null, "OBSERVATION_WELL_NUMBER": null, "OBSERVATION_WELL_STATUS": null, "EMS_ID": null, "AQUIFER_MATERIAL": "Unconsolidated", "OBJECTID": 122462925, "SE_ANNO_CAD_DATA": null}}, {"type": "Feature", "id": "WHSE_WATER_MANAGEMENT.GW_WATER_WELLS_WRBC_SVW.fid-29e471e6_19f63eee063_2171", "geometry": {"type": "Point", "coordinates": [-120.49816, 56.28166]}, "geometry_name": "GEOMETRY", "properties": {"GW_WW_SYSID": 125210, "WELL_TAG_NUMBER": 130475, "IDENTIFICATION_PLATE_NUMBER": 71607, "STREET_ADDRESS": null, "CITY": null, "LEGAL_LOT": null, "LEGAL_PLAN": null, "LEGAL_DISTRICT_LOT": null, "LEGAL_PID": 4385543, "WELL_LOCATION_DESCRIPTION": "THE SOUTH WEST 1/4 OF SECTION 17 TOWNSHIP 84 RANGE 16 WEST OF THE 6TH MERIDIAN PEACE RIVER DISTRICT", "COORDINATE_ACQUISITION_CODE": "H", "WELL_STATUS": "New", "WELL_CLASS": "Water Supply", "WELL_SUBCLASS": "Not Applicable", "INTENDED_WATER_USE": "Commercial and Industrial", "WELL_DETAILS_URL": "https://apps.nrs.gov.bc.ca/gwells/well/130475", "LICENCE_STATUS": "Licensed", "AQUIFER_ID": null, "PERSON_RESPONSIBLE": " ", "COMPANY_OF_PERSON_RESPONSIBLE": null, "FINISHED_WELL_DEPTH": 19.69, "TOTAL_DEPTH_DRILLED": null, "BEDROCK_DEPTH": null, "YIELD": null, "YIELD_ESTIMATION_DURATION": null, "ARTESIAN_COND": "N", "ARTESIAN_FLOW": null, "ARTESIAN_PRESSURE": null, "STATIC_WATER_LEVEL": null, "DIAMETER": null, "FINAL_CASING_STICK_UP": null, "GROUND_ELEVATION": null, "GROUND_ELEVATION_METHOD": null, "SURFACE_SEAL_DEPTH": null, "SURFACE_SEAL_THICKNESS": null, "SURFACE_SEAL_METHOD": null, "SCREEN_INTAKE_METHOD": null, "WATER_SUPPLY_SYSTEM_NAME": null, "WATER_SUPPLY_SYSTEM_WELL_NAME": "Shop well", "CONSTRUCTION_START_DATE": null, "CONSTRUCTION_END_DATE": null, "ALTERATION_START_DATE": null, "ALTERATION_END_DATE": null, "DECOMMISSION_START_DATE": null, "DECOMMISSION_END_DATE": null, "DECOMMISSION_REASON": null, "OBSERVATION_WELL_NUMBER": null, "OBSERVATION_WELL_STATUS": null, "EMS_ID": null, "AQUIFER_MATERIAL": null, "OBJECTID": 122586560, "SE_ANNO_CAD_DATA": null}}, {"type": "Feature", "id": "WHSE_WATER_MANAGEMENT.GW_WATER_WELLS_WRBC_SVW.fid-29e471e6_19f63eee063_2172", "geometry": {"type": "Point", "coordinates": [-120.493017, 56.2977]}, "geometry_name": "GEOMETRY", "properties": {"GW_WW_SYSID": 104043, "WELL_TAG_NUMBER": 108410, "IDENTIFICATION_PLATE_NUMBER": 31921, "STREET_ADDRESS": " ", "CITY": "CHARLIE LAKE", "LEGAL_LOT": " ", "LEGAL_PLAN": " ", "LEGAL_DISTRICT_LOT": " ", "LEGAL_PID": null, "WELL_LOCATION_DESCRIPTION": "NOT PROVIDED", "COORDINATE_ACQUISITION_CODE": "H", "WELL_STATUS": "New", "WELL_CLASS": "Water Supply", "WELL_SUBCLASS": "Not Applicable", "INTENDED_WATER_USE": "Private Domestic", "WELL_DETAILS_URL": "https://apps.nrs.gov.bc.ca/gwells/well/108410", "LICENCE_STATUS": "Unlicensed", "AQUIFER_ID": null, "PERSON_RESPONSIBLE": " ", "COMPANY_OF_PERSON_RESPONSIBLE": "Anderson Water Serv", "FINISHED_WELL_DEPTH": 95.5, "TOTAL_DEPTH_DRILLED": 95.5, "BEDROCK_DEPTH": 78, "YIELD": null, "YIELD_ESTIMATION_DURATION": 1, "ARTESIAN_COND": "N", "ARTESIAN_FLOW": null, "ARTESIAN_PRESSURE": null, "STATIC_WATER_LEVEL": 70, "DIAMETER": 6.13, "FINAL_CASING_STICK_UP": null, "GROUND_ELEVATION": null, "GROUND_ELEVATION_METHOD": "UNKNOWN", "SURFACE_SEAL_DEPTH": 40, "SURFACE_SEAL_THICKNESS": null, "SURFACE_SEAL_METHOD": "POURED", "SCREEN_INTAKE_METHOD": null, "WATER_SUPPLY_SYSTEM_NAME": null, "WATER_SUPPLY_SYSTEM_WELL_NAME": null, "CONSTRUCTION_START_DATE": "2013-06-05Z", "CONSTRUCTION_END_DATE": "2013-06-25Z", "ALTERATION_START_DATE": null, "ALTERATION_END_DATE": null, "DECOMMISSION_START_DATE": null, "DECOMMISSION_END_DATE": null, "DECOMMISSION_REASON": null, "OBSERVATION_WELL_NUMBER": null, "OBSERVATION_WELL_STATUS": null, "EMS_ID": null, "AQUIFER_MATERIAL": "Bedrock", "OBJECTID": 122565393, "SE_ANNO_CAD_DATA": null}}, {"type": "Feature", "id": "WHSE_WATER_MANAGEMENT.GW_WATER_WELLS_WRBC_SVW.fid-29e471e6_19f63eee063_2173", "geometry": {"type": "Point", "coordinates": [-120.4771, 56.306708]}, "geometry_name": "GEOMETRY", "properties": {"GW_WW_SYSID": 23146, "WELL_TAG_NUMBER": 23189, "IDENTIFICATION_PLATE_NUMBER": null, "STREET_ADDRESS": " ", "CITY": " ", "LEGAL_LOT": " ", "LEGAL_PLAN": " ", "LEGAL_DISTRICT_LOT": " ", "LEGAL_PID": null, "WELL_LOCATION_DESCRIPTION": " ", "COORDINATE_ACQUISITION_CODE": "E", "WELL_STATUS": "New", "WELL_CLASS": "Unknown", "WELL_SUBCLASS": null, "INTENDED_WATER_USE": "Unknown Well Use", "WELL_DETAILS_URL": "https://apps.nrs.gov.bc.ca/gwells/well/23189", "LICENCE_STATUS": "Unlicensed", "AQUIFER_ID": null, "PERSON_RESPONSIBLE": " ", "COMPANY_OF_PERSON_RESPONSIBLE": "Unknown", "FINISHED_WELL_DEPTH": 80, "TOTAL_DEPTH_DRILLED": null, "BEDROCK_DEPTH": null, "YIELD": 0, "YIELD_ESTIMATION_DURATION": null, "ARTESIAN_COND": "N", "ARTESIAN_FLOW": null, "ARTESIAN_PRESSURE": null, "STATIC_WATER_LEVEL": 76, "DIAMETER": null, "FINAL_CASING_STICK_UP": null, "GROUND_ELEVATION": null, "GROUND_ELEVATION_METHOD": "UNKNOWN", "SURFACE_SEAL_DEPTH": null, "SURFACE_SEAL_THICKNESS": null, "SURFACE_SEAL_METHOD": null, "SCREEN_INTAKE_METHOD": null, "WATER_SUPPLY_SYSTEM_NAME": null, "WATER_SUPPLY_SYSTEM_WELL_NAME": null, "CONSTRUCTION_START_DATE": "1970-01-01Z", "CONSTRUCTION_END_DATE": "1970-01-01Z", "ALTERATION_START_DATE": null, "ALTERATION_END_DATE": null, "DECOMMISSION_START_DATE": null, "DECOMMISSION_END_DATE": null, "DECOMMISSION_REASON": null, "OBSERVATION_WELL_NUMBER": null, "OBSERVATION_WELL_STATUS": null, "EMS_ID": null, "AQUIFER_MATERIAL": "Unconsolidated", "OBJECTID": 122484496, "SE_ANNO_CAD_DATA": null}}, {"type": "Feature", "id": "WHSE_WATER_MANAGEMENT.GW_WATER_WELLS_WRBC_SVW.fid-29e471e6_19f63eee063_2174", "geometry": {"type": "Point", "coordinates": [-120.456037, 56.246318]}, "geometry_name": "GEOMETRY", "properties": {"GW_WW_SYSID": 40858, "WELL_TAG_NUMBER": 40945, "IDENTIFICATION_PLATE_NUMBER": null, "STREET_ADDRESS": "FLAT ROCK", "CITY": "FORT ST JOHN", "LEGAL_LOT": " ", "LEGAL_PLAN": " ", "LEGAL_DISTRICT_LOT": " ", "LEGAL_PID": null, "WELL_LOCATION_DESCRIPTION": " ", "COORDINATE_ACQUISITION_CODE": "E", "WELL_STATUS": "New", "WELL_CLASS": "Unknown", "WELL_SUBCLASS": null, "INTENDED_WATER_USE": "Unknown Well Use", "WELL_DETAILS_URL": "https://apps.nrs.gov.bc.ca/gwells/well/40945", "LICENCE_STATUS": "Unlicensed", "AQUIFER_ID": null, "PERSON_RESPONSIBLE": " ", "COMPANY_OF_PERSON_RESPONSIBLE": "I . & M.  Drilling", "FINISHED_WELL_DEPTH": 310, "TOTAL_DEPTH_DRILLED": null, "BEDROCK_DEPTH": null, "YIELD": null, "YIELD_ESTIMATION_DURATION": null, "ARTESIAN_COND": "N", "ARTESIAN_FLOW": null, "ARTESIAN_PRESSURE": null, "STATIC_WATER_LEVEL": null, "DIAMETER": null, "FINAL_CASING_STICK_UP": null, "GROUND_ELEVATION": null, "GROUND_ELEVATION_METHOD": "UNKNOWN", "SURFACE_SEAL_DEPTH": null, "SURFACE_SEAL_THICKNESS": null, "SURFACE_SEAL_METHOD": null, "SCREEN_INTAKE_METHOD": null, "WATER_SUPPLY_SYSTEM_NAME": null, "WATER_SUPPLY_SYSTEM_WELL_NAME": null, "CONSTRUCTION_START_DATE": "1978-11-06Z", "CONSTRUCTION_END_DATE": "1978-11-06Z", "ALTERATION_START_DATE": null, "ALTERATION_END_DATE": null, "DECOMMISSION_START_DATE": null, "DECOMMISSION_END_DATE": null, "DECOMMISSION_REASON": null, "OBSERVATION_WELL_NUMBER": null, "OBSERVATION_WELL_STATUS": null, "EMS_ID": null, "AQUIFER_MATERIAL": "Unconsolidated", "OBJECTID": 122502208, "SE_ANNO_CAD_DATA": null}}, {"type": "Feature", "id": "WHSE_WATER_MANAGEMENT.GW_WATER_WELLS_WRBC_SVW.fid-29e471e6_19f63eee063_2175", "geometry": {"type": "Point", "coordinates": [-120.45155, 56.254818]}, "geometry_name": "GEOMETRY", "properties": {"GW_WW_SYSID": 43337, "WELL_TAG_NUMBER": 43431, "IDENTIFICATION_PLATE_NUMBER": null, "STREET_ADDRESS": " ", "CITY": "CECIL LAKE", "LEGAL_LOT": " ", "LEGAL_PLAN": " ", "LEGAL_DISTRICT_LOT": " ", "LEGAL_PID": null, "WELL_LOCATION_DESCRIPTION": " ", "COORDINATE_ACQUISITION_CODE": "E", "WELL_STATUS": "New", "WELL_CLASS": "Unknown", "WELL_SUBCLASS": null, "INTENDED_WATER_USE": "Unknown Well Use", "WELL_DETAILS_URL": "https://apps.nrs.gov.bc.ca/gwells/well/43431", "LICENCE_STATUS": "Unlicensed", "AQUIFER_ID": 933, "PERSON_RESPONSIBLE": " ", "COMPANY_OF_PERSON_RESPONSIBLE": "I . & M.  Drilling", "FINISHED_WELL_DEPTH": 220, "TOTAL_DEPTH_DRILLED": null, "BEDROCK_DEPTH": null, "YIELD": 1.5, "YIELD_ESTIMATION_DURATION": null, "ARTESIAN_COND": "N", "ARTESIAN_FLOW": null, "ARTESIAN_PRESSURE": null, "STATIC_WATER_LEVEL": null, "DIAMETER": null, "FINAL_CASING_STICK_UP": null, "GROUND_ELEVATION": null, "GROUND_ELEVATION_METHOD": "UNKNOWN", "SURFACE_SEAL_DEPTH": null, "SURFACE_SEAL_THICKNESS": null, "SURFACE_SEAL_METHOD": null, "SCREEN_INTAKE_METHOD": null, "WATER_SUPPLY_SYSTEM_NAME": null, "WATER_SUPPLY_SYSTEM_WELL_NAME": null, "CONSTRUCTION_START_DATE": "1979-09-21Z", "CONSTRUCTION_END_DATE": "1979-09-21Z", "ALTERATION_START_DATE": null, "ALTERATION_END_DATE": null, "DECOMMISSION_START_DATE": null, "DECOMMISSION_END_DATE": null, "DECOMMISSION_REASON": null, "OBSERVATION_WELL_NUMBER": null, "OBSERVATION_WELL_STATUS": null, "EMS_ID": null, "AQUIFER_MATERIAL": "Unconsolidated", "OBJECTID": 122504687, "SE_ANNO_CAD_DATA": null}}, {"type": "Feature", "id": "WHSE_WATER_MANAGEMENT.GW_WATER_WELLS_WRBC_SVW.fid-29e471e6_19f63eee063_2176", "geometry": {"type": "Point", "coordinates": [-120.449148, 56.254274]}, "geometry_name": "GEOMETRY", "properties": {"GW_WW_SYSID": 40863, "WELL_TAG_NUMBER": 40950, "IDENTIFICATION_PLATE_NUMBER": null, "STREET_ADDRESS": "FLAT ROCK", "CITY": " ", "LEGAL_LOT": " ", "LEGAL_PLAN": " ", "LEGAL_DISTRICT_LOT": " ", "LEGAL_PID": null, "WELL_LOCATION_DESCRIPTION": " ", "COORDINATE_ACQUISITION_CODE": "E", "WELL_STATUS": "New", "WELL_CLASS": "Unknown", "WELL_SUBCLASS": null, "INTENDED_WATER_USE": "Unknown Well Use", "WELL_DETAILS_URL": "https://apps.nrs.gov.bc.ca/gwells/well/40950", "LICENCE_STATUS": "Unlicensed", "AQUIFER_ID": null, "PERSON_RESPONSIBLE": " ", "COMPANY_OF_PERSON_RESPONSIBLE": "I . & M.  Drilling", "FINISHED_WELL_DEPTH": 250, "TOTAL_DEPTH_DRILLED": null, "BEDROCK_DEPTH": null, "YIELD": null, "YIELD_ESTIMATION_DURATION": null, "ARTESIAN_COND": "N", "ARTESIAN_FLOW": null, "ARTESIAN_PRESSURE": null, "STATIC_WATER_LEVEL": null, "DIAMETER": null, "FINAL_CASING_STICK_UP": null, "GROUND_ELEVATION": null, "GROUND_ELEVATION_METHOD": "UNKNOWN", "SURFACE_SEAL_DEPTH": null, "SURFACE_SEAL_THICKNESS": null, "SURFACE_SEAL_METHOD": null, "SCREEN_INTAKE_METHOD": null, "WATER_SUPPLY_SYSTEM_NAME": null, "WATER_SUPPLY_SYSTEM_WELL_NAME": null, "CONSTRUCTION_START_DATE": "1978-11-08Z", "CONSTRUCTION_END_DATE": "1978-11-08Z", "ALTERATION_START_DATE": null, "ALTERATION_END_DATE": null, "DECOMMISSION_START_DATE": null, "DECOMMISSION_END_DATE": null, "DECOMMISSION_REASON": null, "OBSERVATION_WELL_NUMBER": null, "OBSERVATION_WELL_STATUS": null, "EMS_ID": null, "AQUIFER_MATERIAL": "Unconsolidated", "OBJECTID": 122502213, "SE_ANNO_CAD_DATA": null}}, {"type": "Feature", "id": "WHSE_WATER_MANAGEMENT.GW_WATER_WELLS_WRBC_SVW.fid-29e471e6_19f63eee063_2177", "geometry": {"type": "Point", "coordinates": [-120.430218, 56.305896]}, "geometry_name": "GEOMETRY", "properties": {"GW_WW_SYSID": 22095, "WELL_TAG_NUMBER": 22136, "IDENTIFICATION_PLATE_NUMBER": null, "STREET_ADDRESS": " ", "CITY": " ", "LEGAL_LOT": " ", "LEGAL_PLAN": " ", "LEGAL_DISTRICT_LOT": " ", "LEGAL_PID": null, "WELL_LOCATION_DESCRIPTION": " ", "COORDINATE_ACQUISITION_CODE": "E", "WELL_STATUS": "New", "WELL_CLASS": "Unknown", "WELL_SUBCLASS": null, "INTENDED_WATER_USE": "Unknown Well Use", "WELL_DETAILS_URL": "https://apps.nrs.gov.bc.ca/gwells/well/22136", "LICENCE_STATUS": "Unlicensed", "AQUIFER_ID": null, "PERSON_RESPONSIBLE": " ", "COMPANY_OF_PERSON_RESPONSIBLE": "Unknown", "FINISHED_WELL_DEPTH": 63, "TOTAL_DEPTH_DRILLED": null, "BEDROCK_DEPTH": null, "YIELD": 0, "YIELD_ESTIMATION_DURATION": null, "ARTESIAN_COND": "N", "ARTESIAN_FLOW": null, "ARTESIAN_PRESSURE": null, "STATIC_WATER_LEVEL": null, "DIAMETER": null, "FINAL_CASING_STICK_UP": null, "GROUND_ELEVATION": null, "GROUND_ELEVATION_METHOD": "UNKNOWN", "SURFACE_SEAL_DEPTH": null, "SURFACE_SEAL_THICKNESS": null, "SURFACE_SEAL_METHOD": null, "SCREEN_INTAKE_METHOD": null, "WATER_SUPPLY_SYSTEM_NAME": null, "WATER_SUPPLY_SYSTEM_WELL_NAME": null, "CONSTRUCTION_START_DATE": "1969-01-01Z", "CONSTRUCTION_END_DATE": "1969-01-01Z", "ALTERATION_START_DATE": null, "ALTERATION_END_DATE": null, "DECOMMISSION_START_DATE": null, "DECOMMISSION_END_DATE": null, "DECOMMISSION_REASON": null, "OBSERVATION_WELL_NUMBER": null, "OBSERVATION_WELL_STATUS": null, "EMS_ID": null, "AQUIFER_MATERIAL": "Unconsolidated", "OBJECTID": 122483445, "SE_ANNO_CAD_DATA": null}}, {"type": "Feature", "id": "WHSE_WATER_MANAGEMENT.GW_WATER_WELLS_WRBC_SVW.fid-29e471e6_19f63eee063_2178", "geometry": {"type": "Point", "coordinates": [-120.398497, 56.219047]}, "geometry_name": "GEOMETRY", "properties": {"GW_WW_SYSID": 41336, "WELL_TAG_NUMBER": 41427, "IDENTIFICATION_PLATE_NUMBER": null, "STREET_ADDRESS": "FLAT ROCK", "CITY": "CECIL LAKE", "LEGAL_LOT": " ", "LEGAL_PLAN": " ", "LEGAL_DISTRICT_LOT": " ", "LEGAL_PID": null, "WELL_LOCATION_DESCRIPTION": " ", "COORDINATE_ACQUISITION_CODE": "D", "WELL_STATUS": "New", "WELL_CLASS": "Water Supply", "WELL_SUBCLASS": null, "INTENDED_WATER_USE": "Private Domestic", "WELL_DETAILS_URL": "https://apps.nrs.gov.bc.ca/gwells/well/41427", "LICENCE_STATUS": "Unlicensed", "AQUIFER_ID": 933, "PERSON_RESPONSIBLE": " ", "COMPANY_OF_PERSON_RESPONSIBLE": "Everett's Water Well Service", "FINISHED_WELL_DEPTH": 243, "TOTAL_DEPTH_DRILLED": null, "BEDROCK_DEPTH": null, "YIELD": 1.5, "YIELD_ESTIMATION_DURATION": null, "ARTESIAN_COND": "N", "ARTESIAN_FLOW": null, "ARTESIAN_PRESSURE": null, "STATIC_WATER_LEVEL": null, "DIAMETER": null, "FINAL_CASING_STICK_UP": null, "GROUND_ELEVATION": null, "GROUND_ELEVATION_METHOD": "UNKNOWN", "SURFACE_SEAL_DEPTH": null, "SURFACE_SEAL_THICKNESS": null, "SURFACE_SEAL_METHOD": null, "SCREEN_INTAKE_METHOD": null, "WATER_SUPPLY_SYSTEM_NAME": null, "WATER_SUPPLY_SYSTEM_WELL_NAME": null, "CONSTRUCTION_START_DATE": "1979-01-01Z", "CONSTRUCTION_END_DATE": "1979-01-01Z", "ALTERATION_START_DATE": null, "ALTERATION_END_DATE": null, "DECOMMISSION_START_DATE": null, "DECOMMISSION_END_DATE": null, "DECOMMISSION_REASON": null, "OBSERVATION_WELL_NUMBER": null, "OBSERVATION_WELL_STATUS": null, "EMS_ID": null, "AQUIFER_MATERIAL": "Unconsolidated", "OBJECTID": 122502686, "SE_ANNO_CAD_DATA": null}}, {"type": "Feature", "id": "WHSE_WATER_MANAGEMENT.GW_WATER_WELLS_WRBC_SVW.fid-29e471e6_19f63eee063_2179", "geometry": {"type": "Point", "coordinates": [-120.385812, 56.303411]}, "geometry_name": "GEOMETRY", "properties": {"GW_WW_SYSID": 98424, "WELL_TAG_NUMBER": 102549, "IDENTIFICATION_PLATE_NUMBER": null, "STREET_ADDRESS": " ", "CITY": "CECIL LAKE", "LEGAL_LOT": " ", "LEGAL_PLAN": " ", "LEGAL_DISTRICT_LOT": " ", "LEGAL_PID": null, "WELL_LOCATION_DESCRIPTION": "NE 1/4", "COORDINATE_ACQUISITION_CODE": "J", "WELL_STATUS": "New", "WELL_CLASS": "Water Supply", "WELL_SUBCLASS": "Not Applicable", "INTENDED_WATER_USE": "Unknown Well Use", "WELL_DETAILS_URL": "https://apps.nrs.gov.bc.ca/gwells/well/102549", "LICENCE_STATUS": "Unlicensed", "AQUIFER_ID": null, "PERSON_RESPONSIBLE": " ", "COMPANY_OF_PERSON_RESPONSIBLE": "Bakstad, Robert E.", "FINISHED_WELL_DEPTH": 147, "TOTAL_DEPTH_DRILLED": 147, "BEDROCK_DEPTH": null, "YIELD": null, "YIELD_ESTIMATION_DURATION": null, "ARTESIAN_COND": "N", "ARTESIAN_FLOW": null, "ARTESIAN_PRESSURE": null, "STATIC_WATER_LEVEL": 24, "DIAMETER": null, "FINAL_CASING_STICK_UP": null, "GROUND_ELEVATION": null, "GROUND_ELEVATION_METHOD": "UNKNOWN", "SURFACE_SEAL_DEPTH": null, "SURFACE_SEAL_THICKNESS": null, "SURFACE_SEAL_METHOD": null, "SCREEN_INTAKE_METHOD": null, "WATER_SUPPLY_SYSTEM_NAME": null, "WATER_SUPPLY_SYSTEM_WELL_NAME": null, "CONSTRUCTION_START_DATE": "1997-04-19Z", "CONSTRUCTION_END_DATE": "1997-04-19Z", "ALTERATION_START_DATE": null, "ALTERATION_END_DATE": null, "DECOMMISSION_START_DATE": null, "DECOMMISSION_END_DATE": null, "DECOMMISSION_REASON": null, "OBSERVATION_WELL_NUMBER": null, "OBSERVATION_WELL_STATUS": null, "EMS_ID": null, "AQUIFER_MATERIAL": "Unknown", "OBJECTID": 122559774, "SE_ANNO_CAD_DATA": null}}, {"type": "Feature", "id": "WHSE_WATER_MANAGEMENT.GW_WATER_WELLS_WRBC_SVW.fid-29e471e6_19f63eee063_217a", "geometry": {"type": "Point", "coordinates": [-120.385535, 56.303684]}, "geometry_name": "GEOMETRY", "properties": {"GW_WW_SYSID": 98384, "WELL_TAG_NUMBER": 102508, "IDENTIFICATION_PLATE_NUMBER": null, "STREET_ADDRESS": null, "CITY": null, "LEGAL_LOT": null, "LEGAL_PLAN": null, "LEGAL_DISTRICT_LOT": null, "LEGAL_PID": 16929365, "WELL_LOCATION_DESCRIPTION": "NE SEC 24-84-16-W6. 8 MILE DIRECTLY EAST OF CECIL LK STORE ON 108 RD. SEE SKETCH FOR DETAILS.", "COORDINATE_ACQUISITION_CODE": "J", "WELL_STATUS": "Alteration", "WELL_CLASS": "Water Supply", "WELL_SUBCLASS": "Not Applicable", "INTENDED_WATER_USE": "Water Supply System", "WELL_DETAILS_URL": "https://apps.nrs.gov.bc.ca/gwells/well/102508", "LICENCE_STATUS": "Unlicensed", "AQUIFER_ID": 933, "PERSON_RESPONSIBLE": " ", "COMPANY_OF_PERSON_RESPONSIBLE": "Anderson Water Wells", "FINISHED_WELL_DEPTH": 200, "TOTAL_DEPTH_DRILLED": 200, "BEDROCK_DEPTH": null, "YIELD": 1, "YIELD_ESTIMATION_DURATION": null, "ARTESIAN_COND": "N", "ARTESIAN_FLOW": null, "ARTESIAN_PRESSURE": null, "STATIC_WATER_LEVEL": 166, "DIAMETER": 5, "FINAL_CASING_STICK_UP": 24, "GROUND_ELEVATION": null, "GROUND_ELEVATION_METHOD": "UNKNOWN", "SURFACE_SEAL_DEPTH": null, "SURFACE_SEAL_THICKNESS": null, "SURFACE_SEAL_METHOD": null, "SCREEN_INTAKE_METHOD": null, "WATER_SUPPLY_SYSTEM_NAME": null, "WATER_SUPPLY_SYSTEM_WELL_NAME": null, "CONSTRUCTION_START_DATE": null, "CONSTRUCTION_END_DATE": null, "ALTERATION_START_DATE": "2001-01-28Z", "ALTERATION_END_DATE": "2001-01-28Z", "DECOMMISSION_START_DATE": null, "DECOMMISSION_END_DATE": null, "DECOMMISSION_REASON": null, "OBSERVATION_WELL_NUMBER": null, "OBSERVATION_WELL_STATUS": null, "EMS_ID": null, "AQUIFER_MATERIAL": "Unknown", "OBJECTID": 122559734, "SE_ANNO_CAD_DATA": null}}, {"type": "Feature", "id": "WHSE_WATER_MANAGEMENT.GW_WATER_WELLS_WRBC_SVW.fid-29e471e6_19f63eee063_217b", "geometry": {"type": "Point", "coordinates": [-120.330407, 56.287407]}, "geometry_name": "GEOMETRY", "properties": {"GW_WW_SYSID": 98640, "WELL_TAG_NUMBER": 102768, "IDENTIFICATION_PLATE_NUMBER": null, "STREET_ADDRESS": "108 FLATROCK ROAD", "CITY": "UNKNOWN", "LEGAL_LOT": " ", "LEGAL_PLAN": " ", "LEGAL_DISTRICT_LOT": " ", "LEGAL_PID": 14618079, "WELL_LOCATION_DESCRIPTION": "NE 17-84-15 W6.", "COORDINATE_ACQUISITION_CODE": "J", "WELL_STATUS": "New", "WELL_CLASS": "Water Supply", "WELL_SUBCLASS": "Not Applicable", "INTENDED_WATER_USE": "Private Domestic", "WELL_DETAILS_URL": "https://apps.nrs.gov.bc.ca/gwells/well/102768", "LICENCE_STATUS": "Unlicensed", "AQUIFER_ID": 933, "PERSON_RESPONSIBLE": " ", "COMPANY_OF_PERSON_RESPONSIBLE": null, "FINISHED_WELL_DEPTH": 240, "TOTAL_DEPTH_DRILLED": 240, "BEDROCK_DEPTH": 172, "YIELD": 25, "YIELD_ESTIMATION_DURATION": null, "ARTESIAN_COND": "N", "ARTESIAN_FLOW": null, "ARTESIAN_PRESSURE": null, "STATIC_WATER_LEVEL": 193, "DIAMETER": 5, "FINAL_CASING_STICK_UP": 24, "GROUND_ELEVATION": null, "GROUND_ELEVATION_METHOD": "UNKNOWN", "SURFACE_SEAL_DEPTH": null, "SURFACE_SEAL_THICKNESS": null, "SURFACE_SEAL_METHOD": null, "SCREEN_INTAKE_METHOD": null, "WATER_SUPPLY_SYSTEM_NAME": null, "WATER_SUPPLY_SYSTEM_WELL_NAME": null, "CONSTRUCTION_START_DATE": "1998-09-25Z", "CONSTRUCTION_END_DATE": "1998-09-25Z", "ALTERATION_START_DATE": null, "ALTERATION_END_DATE": null, "DECOMMISSION_START_DATE": null, "DECOMMISSION_END_DATE": null, "DECOMMISSION_REASON": null, "OBSERVATION_WELL_NUMBER": null, "OBSERVATION_WELL_STATUS": null, "EMS_ID": null, "AQUIFER_MATERIAL": "Bedrock", "OBJECTID": 122559990, "SE_ANNO_CAD_DATA": null}}, {"type": "Feature", "id": "WHSE_WATER_MANAGEMENT.GW_WATER_WELLS_WRBC_SVW.fid-29e471e6_19f63eee063_217c", "geometry": {"type": "Point", "coordinates": [-120.33032, 56.24444]}, "geometry_name": "GEOMETRY", "properties": {"GW_WW_SYSID": 43490, "WELL_TAG_NUMBER": 43584, "IDENTIFICATION_PLATE_NUMBER": null, "STREET_ADDRESS": "3043 242 Road", "CITY": "Flatrock", "LEGAL_LOT": "N 1/2", "LEGAL_PLAN": null, "LEGAL_DISTRICT_LOT": null, "LEGAL_PID": null, "WELL_LOCATION_DESCRIPTION": null, "COORDINATE_ACQUISITION_CODE": "E", "WELL_STATUS": "New", "WELL_CLASS": "Water Supply", "WELL_SUBCLASS": null, "INTENDED_WATER_USE": "Private Domestic", "WELL_DETAILS_URL": "https://apps.nrs.gov.bc.ca/gwells/well/43584", "LICENCE_STATUS": "Unlicensed", "AQUIFER_ID": 933, "PERSON_RESPONSIBLE": " ", "COMPANY_OF_PERSON_RESPONSIBLE": "I . & M.  Drilling", "FINISHED_WELL_DEPTH": 190, "TOTAL_DEPTH_DRILLED": null, "BEDROCK_DEPTH": 152, "YIELD": 3, "YIELD_ESTIMATION_DURATION": null, "ARTESIAN_COND": "N", "ARTESIAN_FLOW": null, "ARTESIAN_PRESSURE": null, "STATIC_WATER_LEVEL": null, "DIAMETER": null, "FINAL_CASING_STICK_UP": null, "GROUND_ELEVATION": null, "GROUND_ELEVATION_METHOD": "UNKNOWN", "SURFACE_SEAL_DEPTH": null, "SURFACE_SEAL_THICKNESS": null, "SURFACE_SEAL_METHOD": null, "SCREEN_INTAKE_METHOD": null, "WATER_SUPPLY_SYSTEM_NAME": null, "WATER_SUPPLY_SYSTEM_WELL_NAME": null, "CONSTRUCTION_START_DATE": "1979-10-03Z", "CONSTRUCTION_END_DATE": "1979-10-03Z", "ALTERATION_START_DATE": null, "ALTERATION_END_DATE": null, "DECOMMISSION_START_DATE": null, "DECOMMISSION_END_DATE": null, "DECOMMISSION_REASON": null, "OBSERVATION_WELL_NUMBER": null, "OBSERVATION_WELL_STATUS": null, "EMS_ID": null, "AQUIFER_MATERIAL": "Bedrock", "OBJECTID": 122504840, "SE_ANNO_CAD_DATA": null}}, {"type": "Feature", "id": "WHSE_WATER_MANAGEMENT.GW_WATER_WELLS_WRBC_SVW.fid-29e471e6_19f63eee063_217d", "geometry": {"type": "Point", "coordinates": [-120.2962, 56.24768]}, "geometry_name": "GEOMETRY", "properties": {"GW_WW_SYSID": 690, "WELL_TAG_NUMBER": 694, "IDENTIFICATION_PLATE_NUMBER": null, "STREET_ADDRESS": null, "CITY": "FLAT ROCK", "LEGAL_LOT": "SE1/4", "LEGAL_PLAN": null, "LEGAL_DISTRICT_LOT": null, "LEGAL_PID": 14640554, "WELL_LOCATION_DESCRIPTION": null, "COORDINATE_ACQUISITION_CODE": "E", "WELL_STATUS": "New", "WELL_CLASS": "Water Supply", "WELL_SUBCLASS": null, "INTENDED_WATER_USE": "Private Domestic", "WELL_DETAILS_URL": "https://apps.nrs.gov.bc.ca/gwells/well/694", "LICENCE_STATUS": "Unlicensed", "AQUIFER_ID": 933, "PERSON_RESPONSIBLE": " ", "COMPANY_OF_PERSON_RESPONSIBLE": "Anderson Air Drilling", "FINISHED_WELL_DEPTH": 265, "TOTAL_DEPTH_DRILLED": null, "BEDROCK_DEPTH": 125, "YIELD": 12.5, "YIELD_ESTIMATION_DURATION": null, "ARTESIAN_COND": "N", "ARTESIAN_FLOW": null, "ARTESIAN_PRESSURE": null, "STATIC_WATER_LEVEL": 180, "DIAMETER": 4.5, "FINAL_CASING_STICK_UP": 24, "GROUND_ELEVATION": 2225, "GROUND_ELEVATION_METHOD": "UNKNOWN", "SURFACE_SEAL_DEPTH": null, "SURFACE_SEAL_THICKNESS": null, "SURFACE_SEAL_METHOD": null, "SCREEN_INTAKE_METHOD": "SCREEN", "WATER_SUPPLY_SYSTEM_NAME": null, "WATER_SUPPLY_SYSTEM_WELL_NAME": null, "CONSTRUCTION_START_DATE": "1991-09-30Z", "CONSTRUCTION_END_DATE": "1991-09-30Z", "ALTERATION_START_DATE": null, "ALTERATION_END_DATE": null, "DECOMMISSION_START_DATE": null, "DECOMMISSION_END_DATE": null, "DECOMMISSION_REASON": null, "OBSERVATION_WELL_NUMBER": null, "OBSERVATION_WELL_STATUS": null, "EMS_ID": null, "AQUIFER_MATERIAL": "Bedrock", "OBJECTID": 122462040, "SE_ANNO_CAD_DATA": null}}, {"type": "Feature", "id": "WHSE_WATER_MANAGEMENT.GW_WATER_WELLS_WRBC_SVW.fid-29e471e6_19f63eee063_217e", "geometry": {"type": "Point", "coordinates": [-120.55665, 56.36106]}, "geometry_name": "GEOMETRY", "properties": {"GW_WW_SYSID": 21182, "WELL_TAG_NUMBER": 21222, "IDENTIFICATION_PLATE_NUMBER": null, "STREET_ADDRESS": " ", "CITY": "CECIL LAKE", "LEGAL_LOT": " ", "LEGAL_PLAN": " ", "LEGAL_DISTRICT_LOT": " ", "LEGAL_PID": null, "WELL_LOCATION_DESCRIPTION": " ", "COORDINATE_ACQUISITION_CODE": "E", "WELL_STATUS": "New", "WELL_CLASS": "Unknown", "WELL_SUBCLASS": null, "INTENDED_WATER_USE": "Unknown Well Use", "WELL_DETAILS_URL": "https://apps.nrs.gov.bc.ca/gwells/well/21222", "LICENCE_STATUS": "Unlicensed", "AQUIFER_ID": 933, "PERSON_RESPONSIBLE": " ", "COMPANY_OF_PERSON_RESPONSIBLE": "Rapid Drilling Ltd.", "FINISHED_WELL_DEPTH": 42, "TOTAL_DEPTH_DRILLED": null, "BEDROCK_DEPTH": 27, "YIELD": 0, "YIELD_ESTIMATION_DURATION": null, "ARTESIAN_COND": "N", "ARTESIAN_FLOW": null, "ARTESIAN_PRESSURE": null, "STATIC_WATER_LEVEL": 34, "DIAMETER": null, "FINAL_CASING_STICK_UP": null, "GROUND_ELEVATION": null, "GROUND_ELEVATION_METHOD": "UNKNOWN", "SURFACE_SEAL_DEPTH": null, "SURFACE_SEAL_THICKNESS": null, "SURFACE_SEAL_METHOD": null, "SCREEN_INTAKE_METHOD": null, "WATER_SUPPLY_SYSTEM_NAME": null, "WATER_SUPPLY_SYSTEM_WELL_NAME": null, "CONSTRUCTION_START_DATE": "1968-01-01Z", "CONSTRUCTION_END_DATE": "1968-01-01Z", "ALTERATION_START_DATE": null, "ALTERATION_END_DATE": null, "DECOMMISSION_START_DATE": null, "DECOMMISSION_END_DATE": null, "DECOMMISSION_REASON": null, "OBSERVATION_WELL_NUMBER": null, "OBSERVATION_WELL_STATUS": null, "EMS_ID": null, "AQUIFER_MATERIAL": "Unconsolidated", "OBJECTID": 122482532, "SE_ANNO_CAD_DATA": null}}, {"type": "Feature", "id": "WHSE_WATER_MANAGEMENT.GW_WATER_WELLS_WRBC_SVW.fid-29e471e6_19f63eee063_217f", "geometry": {"type": "Point", "coordinates": [-120.56044, 56.3293]}, "geometry_name": "GEOMETRY", "properties": {"GW_WW_SYSID": 21179, "WELL_TAG_NUMBER": 21219, "IDENTIFICATION_PLATE_NUMBER": null, "STREET_ADDRESS": null, "CITY": "CECIL LAKE", "LEGAL_LOT": null, "LEGAL_PLAN": null, "LEGAL_DISTRICT_LOT": null, "LEGAL_PID": null, "WELL_LOCATION_DESCRIPTION": null, "COORDINATE_ACQUISITION_CODE": "E", "WELL_STATUS": "New", "WELL_CLASS": "Water Supply", "WELL_SUBCLASS": null, "INTENDED_WATER_USE": "Private Domestic", "WELL_DETAILS_URL": "https://apps.nrs.gov.bc.ca/gwells/well/21219", "LICENCE_STATUS": "Unlicensed", "AQUIFER_ID": 933, "PERSON_RESPONSIBLE": " ", "COMPANY_OF_PERSON_RESPONSIBLE": "Rapid Drilling Ltd.", "FINISHED_WELL_DEPTH": 70, "TOTAL_DEPTH_DRILLED": null, "BEDROCK_DEPTH": 70, "YIELD": 2.5, "YIELD_ESTIMATION_DURATION": null, "ARTESIAN_COND": "N", "ARTESIAN_FLOW": null, "ARTESIAN_PRESSURE": null, "STATIC_WATER_LEVEL": 35, "DIAMETER": 8, "FINAL_CASING_STICK_UP": null, "GROUND_ELEVATION": null, "GROUND_ELEVATION_METHOD": "UNKNOWN", "SURFACE_SEAL_DEPTH": null, "SURFACE_SEAL_THICKNESS": null, "SURFACE_SEAL_METHOD": null, "SCREEN_INTAKE_METHOD": null, "WATER_SUPPLY_SYSTEM_NAME": null, "WATER_SUPPLY_SYSTEM_WELL_NAME": null, "CONSTRUCTION_START_DATE": "1968-01-01Z", "CONSTRUCTION_END_DATE": "1968-01-01Z", "ALTERATION_START_DATE": null, "ALTERATION_END_DATE": null, "DECOMMISSION_START_DATE": null, "DECOMMISSION_END_DATE": null, "DECOMMISSION_REASON": null, "OBSERVATION_WELL_NUMBER": null, "OBSERVATION_WELL_STATUS": null, "EMS_ID": null, "AQUIFER_MATERIAL": "Unconsolidated", "OBJECTID": 122482529, "SE_ANNO_CAD_DATA": null}}, {"type": "Feature", "id": "WHSE_WATER_MANAGEMENT.GW_WATER_WELLS_WRBC_SVW.fid-29e471e6_19f63eee063_2180", "geometry": {"type": "Point", "coordinates": [-120.54969, 56.37949]}, "geometry_name": "GEOMETRY", "properties": {"GW_WW_SYSID": 98874, "WELL_TAG_NUMBER": 103003, "IDENTIFICATION_PLATE_NUMBER": null, "STREET_ADDRESS": null, "CITY": "FLATROCK", "LEGAL_LOT": "LS3", "LEGAL_PLAN": "0", "LEGAL_DISTRICT_LOT": null, "LEGAL_PID": null, "WELL_LOCATION_DESCRIPTION": "SW", "COORDINATE_ACQUISITION_CODE": "J", "WELL_STATUS": "New", "WELL_CLASS": "Water Supply", "WELL_SUBCLASS": "Not Applicable", "INTENDED_WATER_USE": "Unknown Well Use", "WELL_DETAILS_URL": "https://apps.nrs.gov.bc.ca/gwells/well/103003", "LICENCE_STATUS": "Unlicensed", "AQUIFER_ID": null, "PERSON_RESPONSIBLE": " ", "COMPANY_OF_PERSON_RESPONSIBLE": "Clearwater Drilling", "FINISHED_WELL_DEPTH": 577, "TOTAL_DEPTH_DRILLED": 577, "BEDROCK_DEPTH": null, "YIELD": null, "YIELD_ESTIMATION_DURATION": null, "ARTESIAN_COND": "N", "ARTESIAN_FLOW": null, "ARTESIAN_PRESSURE": null, "STATIC_WATER_LEVEL": null, "DIAMETER": null, "FINAL_CASING_STICK_UP": null, "GROUND_ELEVATION": 2298, "GROUND_ELEVATION_METHOD": "UNKNOWN", "SURFACE_SEAL_DEPTH": null, "SURFACE_SEAL_THICKNESS": null, "SURFACE_SEAL_METHOD": null, "SCREEN_INTAKE_METHOD": null, "WATER_SUPPLY_SYSTEM_NAME": null, "WATER_SUPPLY_SYSTEM_WELL_NAME": null, "CONSTRUCTION_START_DATE": "2003-06-08Z", "CONSTRUCTION_END_DATE": "2003-06-10Z", "ALTERATION_START_DATE": null, "ALTERATION_END_DATE": null, "DECOMMISSION_START_DATE": null, "DECOMMISSION_END_DATE": null, "DECOMMISSION_REASON": null, "OBSERVATION_WELL_NUMBER": null, "OBSERVATION_WELL_STATUS": null, "EMS_ID": null, "AQUIFER_MATERIAL": "Unknown", "OBJECTID": 122560224, "SE_ANNO_CAD_DATA": null}}, {"type": "Feature", "id": "WHSE_WATER_MANAGEMENT.GW_WATER_WELLS_WRBC_SVW.fid-29e471e6_19f63eee063_2181", "geometry": {"type": "Point", "coordinates": [-120.5562, 56.3136]}, "geometry_name": "GEOMETRY", "properties": {"GW_WW_SYSID": 108864, "WELL_TAG_NUMBER": 113426, "IDENTIFICATION_PLATE_NUMBER": 47060, "STREET_ADDRESS": "13531 Siphon Creek Rd.", "CITY": "Cecil Lake", "LEGAL_LOT": null, "LEGAL_PLAN": null, "LEGAL_DISTRICT_LOT": null, "LEGAL_PID": 14665804, "WELL_LOCATION_DESCRIPTION": "40' southwest of the shop", "COORDINATE_ACQUISITION_CODE": "H", "WELL_STATUS": "New", "WELL_CLASS": "Water Supply", "WELL_SUBCLASS": "Not Applicable", "INTENDED_WATER_USE": "Unknown Well Use", "WELL_DETAILS_URL": "https://apps.nrs.gov.bc.ca/gwells/well/113426", "LICENCE_STATUS": "Unlicensed", "AQUIFER_ID": null, "PERSON_RESPONSIBLE": " ", "COMPANY_OF_PERSON_RESPONSIBLE": "Claude Driver", "FINISHED_WELL_DEPTH": 200, "TOTAL_DEPTH_DRILLED": 200, "BEDROCK_DEPTH": 96, "YIELD": 30, "YIELD_ESTIMATION_DURATION": 1, "ARTESIAN_COND": "N", "ARTESIAN_FLOW": null, "ARTESIAN_PRESSURE": null, "STATIC_WATER_LEVEL": 57.71, "DIAMETER": 6, "FINAL_CASING_STICK_UP": 24, "GROUND_ELEVATION": 2338, "GROUND_ELEVATION_METHOD": "GPS", "SURFACE_SEAL_DEPTH": 17, "SURFACE_SEAL_THICKNESS": 2, "SURFACE_SEAL_METHOD": "POURED", "SCREEN_INTAKE_METHOD": "SCREEN", "WATER_SUPPLY_SYSTEM_NAME": null, "WATER_SUPPLY_SYSTEM_WELL_NAME": null, "CONSTRUCTION_START_DATE": "2017-05-21Z", "CONSTRUCTION_END_DATE": "2017-06-04Z", "ALTERATION_START_DATE": null, "ALTERATION_END_DATE": null, "DECOMMISSION_START_DATE": null, "DECOMMISSION_END_DATE": null, "DECOMMISSION_REASON": null, "OBSERVATION_WELL_NUMBER": null, "OBSERVATION_WELL_STATUS": null, "EMS_ID": null, "AQUIFER_MATERIAL": "Unknown", "OBJECTID": 122570214, "SE_ANNO_CAD_DATA": null}}, {"type": "Feature", "id": "WHSE_WATER_MANAGEMENT.GW_WATER_WELLS_WRBC_SVW.fid-29e471e6_19f63eee063_2182", "geometry": {"type": "Point", "coordinates": [-120.542708, 56.384979]}, "geometry_name": "GEOMETRY", "properties": {"GW_WW_SYSID": 81183, "WELL_TAG_NUMBER": 84738, "IDENTIFICATION_PLATE_NUMBER": null, "STREET_ADDRESS": "SIPHON CREEK RD", "CITY": " ", "LEGAL_LOT": " ", "LEGAL_PLAN": " ", "LEGAL_DISTRICT_LOT": " ", "LEGAL_PID": null, "WELL_LOCATION_DESCRIPTION": "3-24-85-17", "COORDINATE_ACQUISITION_CODE": "E", "WELL_STATUS": "New", "WELL_CLASS": "Water Supply", "WELL_SUBCLASS": null, "INTENDED_WATER_USE": "Commercial and Industrial", "WELL_DETAILS_URL": "https://apps.nrs.gov.bc.ca/gwells/well/84738", "LICENCE_STATUS": "Unlicensed", "AQUIFER_ID": 933, "PERSON_RESPONSIBLE": " ", "COMPANY_OF_PERSON_RESPONSIBLE": "Clearwater Drilling", "FINISHED_WELL_DEPTH": 524, "TOTAL_DEPTH_DRILLED": null, "BEDROCK_DEPTH": 390, "YIELD": 20, "YIELD_ESTIMATION_DURATION": null, "ARTESIAN_COND": "N", "ARTESIAN_FLOW": null, "ARTESIAN_PRESSURE": null, "STATIC_WATER_LEVEL": null, "DIAMETER": 8, "FINAL_CASING_STICK_UP": null, "GROUND_ELEVATION": null, "GROUND_ELEVATION_METHOD": "UNKNOWN", "SURFACE_SEAL_DEPTH": null, "SURFACE_SEAL_THICKNESS": null, "SURFACE_SEAL_METHOD": null, "SCREEN_INTAKE_METHOD": null, "WATER_SUPPLY_SYSTEM_NAME": null, "WATER_SUPPLY_SYSTEM_WELL_NAME": null, "CONSTRUCTION_START_DATE": "2003-12-19Z", "CONSTRUCTION_END_DATE": "2003-12-19Z", "ALTERATION_START_DATE": null, "ALTERATION_END_DATE": null, "DECOMMISSION_START_DATE": null, "DECOMMISSION_END_DATE": null, "DECOMMISSION_REASON": null, "OBSERVATION_WELL_NUMBER": null, "OBSERVATION_WELL_STATUS": null, "EMS_ID": null, "AQUIFER_MATERIAL": "Bedrock", "OBJECTID": 122542533, "SE_ANNO_CAD_DATA": null}}, {"type": "Feature", "id": "WHSE_WATER_MANAGEMENT.GW_WATER_WELLS_WRBC_SVW.fid-29e471e6_19f63eee063_2183", "geometry": {"type": "Point", "coordinates": [-120.540098, 56.384999]}, "geometry_name": "GEOMETRY", "properties": {"GW_WW_SYSID": 81184, "WELL_TAG_NUMBER": 84739, "IDENTIFICATION_PLATE_NUMBER": null, "STREET_ADDRESS": " ", "CITY": "OFF SIPHON CREEK RD", "LEGAL_LOT": " ", "LEGAL_PLAN": " ", "LEGAL_DISTRICT_LOT": " ", "LEGAL_PID": null, "WELL_LOCATION_DESCRIPTION": "OFF SIPHON CREEK RD; 6-24-85-17 W6M", "COORDINATE_ACQUISITION_CODE": "E", "WELL_STATUS": "New", "WELL_CLASS": "Water Supply", "WELL_SUBCLASS": null, "INTENDED_WATER_USE": "Commercial and Industrial", "WELL_DETAILS_URL": "https://apps.nrs.gov.bc.ca/gwells/well/84739", "LICENCE_STATUS": "Unlicensed", "AQUIFER_ID": 933, "PERSON_RESPONSIBLE": " ", "COMPANY_OF_PERSON_RESPONSIBLE": "Clearwater Drilling", "FINISHED_WELL_DEPTH": 580, "TOTAL_DEPTH_DRILLED": 580, "BEDROCK_DEPTH": 390, "YIELD": 20, "YIELD_ESTIMATION_DURATION": null, "ARTESIAN_COND": "N", "ARTESIAN_FLOW": null, "ARTESIAN_PRESSURE": null, "STATIC_WATER_LEVEL": null, "DIAMETER": 5, "FINAL_CASING_STICK_UP": null, "GROUND_ELEVATION": null, "GROUND_ELEVATION_METHOD": "UNKNOWN", "SURFACE_SEAL_DEPTH": null, "SURFACE_SEAL_THICKNESS": null, "SURFACE_SEAL_METHOD": null, "SCREEN_INTAKE_METHOD": null, "WATER_SUPPLY_SYSTEM_NAME": null, "WATER_SUPPLY_SYSTEM_WELL_NAME": null, "CONSTRUCTION_START_DATE": "2003-06-03Z", "CONSTRUCTION_END_DATE": "2003-06-03Z", "ALTERATION_START_DATE": null, "ALTERATION_END_DATE": null, "DECOMMISSION_START_DATE": null, "DECOMMISSION_END_DATE": null, "DECOMMISSION_REASON": null, "OBSERVATION_WELL_NUMBER": null, "OBSERVATION_WELL_STATUS": null, "EMS_ID": null, "AQUIFER_MATERIAL": "Bedrock", "OBJECTID": 122542534, "SE_ANNO_CAD_DATA": null}}, {"type": "Feature", "id": "WHSE_WATER_MANAGEMENT.GW_WATER_WELLS_WRBC_SVW.fid-29e471e6_19f63eee063_2184", "geometry": {"type": "Point", "coordinates": [-120.538008, 56.385003]}, "geometry_name": "GEOMETRY", "properties": {"GW_WW_SYSID": 81186, "WELL_TAG_NUMBER": 84741, "IDENTIFICATION_PLATE_NUMBER": null, "STREET_ADDRESS": " ", "CITY": "OFF SIPHON CREEK RD", "LEGAL_LOT": " ", "LEGAL_PLAN": " ", "LEGAL_DISTRICT_LOT": " ", "LEGAL_PID": null, "WELL_LOCATION_DESCRIPTION": "OFF SIPHON CREEK RD; 6-24-85-17 W6M", "COORDINATE_ACQUISITION_CODE": "E", "WELL_STATUS": "New", "WELL_CLASS": "Water Supply", "WELL_SUBCLASS": null, "INTENDED_WATER_USE": "Commercial and Industrial", "WELL_DETAILS_URL": "https://apps.nrs.gov.bc.ca/gwells/well/84741", "LICENCE_STATUS": "Unlicensed", "AQUIFER_ID": 933, "PERSON_RESPONSIBLE": " ", "COMPANY_OF_PERSON_RESPONSIBLE": "Clearwater Drilling", "FINISHED_WELL_DEPTH": 580, "TOTAL_DEPTH_DRILLED": 580, "BEDROCK_DEPTH": 386, "YIELD": 20, "YIELD_ESTIMATION_DURATION": null, "ARTESIAN_COND": "N", "ARTESIAN_FLOW": null, "ARTESIAN_PRESSURE": null, "STATIC_WATER_LEVEL": null, "DIAMETER": 4.5, "FINAL_CASING_STICK_UP": null, "GROUND_ELEVATION": null, "GROUND_ELEVATION_METHOD": "UNKNOWN", "SURFACE_SEAL_DEPTH": null, "SURFACE_SEAL_THICKNESS": null, "SURFACE_SEAL_METHOD": null, "SCREEN_INTAKE_METHOD": null, "WATER_SUPPLY_SYSTEM_NAME": null, "WATER_SUPPLY_SYSTEM_WELL_NAME": null, "CONSTRUCTION_START_DATE": "2003-06-10Z", "CONSTRUCTION_END_DATE": "2003-06-10Z", "ALTERATION_START_DATE": null, "ALTERATION_END_DATE": null, "DECOMMISSION_START_DATE": null, "DECOMMISSION_END_DATE": null, "DECOMMISSION_REASON": null, "OBSERVATION_WELL_NUMBER": null, "OBSERVATION_WELL_STATUS": null, "EMS_ID": null, "AQUIFER_MATERIAL": "Bedrock", "OBJECTID": 122542536, "SE_ANNO_CAD_DATA": null}}, {"type": "Feature", "id": "WHSE_WATER_MANAGEMENT.GW_WATER_WELLS_WRBC_SVW.fid-29e471e6_19f63eee063_2185", "geometry": {"type": "Point", "coordinates": [-120.537489, 56.388282]}, "geometry_name": "GEOMETRY", "properties": {"GW_WW_SYSID": 98765, "WELL_TAG_NUMBER": 102893, "IDENTIFICATION_PLATE_NUMBER": null, "STREET_ADDRESS": " ", "CITY": "CECIL LAKE", "LEGAL_LOT": " ", "LEGAL_PLAN": " ", "LEGAL_DISTRICT_LOT": " ", "LEGAL_PID": null, "WELL_LOCATION_DESCRIPTION": "NE 24-85-17-W6. 8 KM N 1.5 KM E", "COORDINATE_ACQUISITION_CODE": "G", "WELL_STATUS": "New", "WELL_CLASS": "Water Supply", "WELL_SUBCLASS": "Not Applicable", "INTENDED_WATER_USE": "Unknown Well Use", "WELL_DETAILS_URL": "https://apps.nrs.gov.bc.ca/gwells/well/102893", "LICENCE_STATUS": "Unlicensed", "AQUIFER_ID": 933, "PERSON_RESPONSIBLE": " ", "COMPANY_OF_PERSON_RESPONSIBLE": null, "FINISHED_WELL_DEPTH": 398, "TOTAL_DEPTH_DRILLED": 398, "BEDROCK_DEPTH": 212, "YIELD": 5, "YIELD_ESTIMATION_DURATION": 3, "ARTESIAN_COND": "N", "ARTESIAN_FLOW": null, "ARTESIAN_PRESSURE": null, "STATIC_WATER_LEVEL": 265, "DIAMETER": 6.6, "FINAL_CASING_STICK_UP": null, "GROUND_ELEVATION": null, "GROUND_ELEVATION_METHOD": "UNKNOWN", "SURFACE_SEAL_DEPTH": null, "SURFACE_SEAL_THICKNESS": null, "SURFACE_SEAL_METHOD": null, "SCREEN_INTAKE_METHOD": null, "WATER_SUPPLY_SYSTEM_NAME": null, "WATER_SUPPLY_SYSTEM_WELL_NAME": null, "CONSTRUCTION_START_DATE": "1999-11-19Z", "CONSTRUCTION_END_DATE": "1999-11-19Z", "ALTERATION_START_DATE": null, "ALTERATION_END_DATE": null, "DECOMMISSION_START_DATE": null, "DECOMMISSION_END_DATE": null, "DECOMMISSION_REASON": null, "OBSERVATION_WELL_NUMBER": null, "OBSERVATION_WELL_STATUS": null, "EMS_ID": null, "AQUIFER_MATERIAL": "Bedrock", "OBJECTID": 122560115, "SE_ANNO_CAD_DATA": null}}, {"type": "Feature", "id": "WHSE_WATER_MANAGEMENT.GW_WATER_WELLS_WRBC_SVW.fid-29e471e6_19f63eee063_2186", "geometry": {"type": "Point", "coordinates": [-120.4459, 56.366673]}, "geometry_name": "GEOMETRY", "properties": {"GW_WW_SYSID": 77135, "WELL_TAG_NUMBER": 80285, "IDENTIFICATION_PLATE_NUMBER": null, "STREET_ADDRESS": " ", "CITY": " ", "LEGAL_LOT": " ", "LEGAL_PLAN": " ", "LEGAL_DISTRICT_LOT": " ", "LEGAL_PID": null, "WELL_LOCATION_DESCRIPTION": " ", "COORDINATE_ACQUISITION_CODE": "J", "WELL_STATUS": "New", "WELL_CLASS": "Water Supply", "WELL_SUBCLASS": "Not Applicable", "INTENDED_WATER_USE": "Private Domestic", "WELL_DETAILS_URL": "https://apps.nrs.gov.bc.ca/gwells/well/80285", "LICENCE_STATUS": "Unlicensed", "AQUIFER_ID": 933, "PERSON_RESPONSIBLE": " ", "COMPANY_OF_PERSON_RESPONSIBLE": "Jacob's Water Wells", "FINISHED_WELL_DEPTH": 111, "TOTAL_DEPTH_DRILLED": null, "BEDROCK_DEPTH": 24, "YIELD": 1.5, "YIELD_ESTIMATION_DURATION": null, "ARTESIAN_COND": "N", "ARTESIAN_FLOW": null, "ARTESIAN_PRESSURE": null, "STATIC_WATER_LEVEL": 45, "DIAMETER": 0, "FINAL_CASING_STICK_UP": null, "GROUND_ELEVATION": null, "GROUND_ELEVATION_METHOD": "UNKNOWN", "SURFACE_SEAL_DEPTH": null, "SURFACE_SEAL_THICKNESS": null, "SURFACE_SEAL_METHOD": null, "SCREEN_INTAKE_METHOD": null, "WATER_SUPPLY_SYSTEM_NAME": null, "WATER_SUPPLY_SYSTEM_WELL_NAME": null, "CONSTRUCTION_START_DATE": "1999-11-12Z", "CONSTRUCTION_END_DATE": "1999-11-12Z", "ALTERATION_START_DATE": null, "ALTERATION_END_DATE": null, "DECOMMISSION_START_DATE": null, "DECOMMISSION_END_DATE": null, "DECOMMISSION_REASON": null, "OBSERVATION_WELL_NUMBER": null, "OBSERVATION_WELL_STATUS": null, "EMS_ID": null, "AQUIFER_MATERIAL": "Bedrock", "OBJECTID": 122538485, "SE_ANNO_CAD_DATA": null}}, {"type": "Feature", "id": "WHSE_WATER_MANAGEMENT.GW_WATER_WELLS_WRBC_SVW.fid-29e471e6_19f63eee063_2187", "geometry": {"type": "Point", "coordinates": [-120.44085, 56.33323]}, "geometry_name": "GEOMETRY", "properties": {"GW_WW_SYSID": 123662, "WELL_TAG_NUMBER": 128860, "IDENTIFICATION_PLATE_NUMBER": 46538, "STREET_ADDRESS": "3927 Cecil Lake Road", "CITY": "Cecil Lake", "LEGAL_LOT": null, "LEGAL_PLAN": null, "LEGAL_DISTRICT_LOT": null, "LEGAL_PID": 13611178, "WELL_LOCATION_DESCRIPTION": "PART NW1/4", "COORDINATE_ACQUISITION_CODE": "H", "WELL_STATUS": "New", "WELL_CLASS": "Water Supply", "WELL_SUBCLASS": "Not Applicable", "INTENDED_WATER_USE": "Private Domestic", "WELL_DETAILS_URL": "https://apps.nrs.gov.bc.ca/gwells/well/128860", "LICENCE_STATUS": "Unlicensed", "AQUIFER_ID": null, "PERSON_RESPONSIBLE": "William (Bill) Wiebe", "COMPANY_OF_PERSON_RESPONSIBLE": "Anderson Water Services Ltd.", "FINISHED_WELL_DEPTH": 342, "TOTAL_DEPTH_DRILLED": 382, "BEDROCK_DEPTH": 43, "YIELD": 1, "YIELD_ESTIMATION_DURATION": 2, "ARTESIAN_COND": "N", "ARTESIAN_FLOW": null, "ARTESIAN_PRESSURE": null, "STATIC_WATER_LEVEL": 48, "DIAMETER": 6.625, "FINAL_CASING_STICK_UP": 24, "GROUND_ELEVATION": null, "GROUND_ELEVATION_METHOD": null, "SURFACE_SEAL_DEPTH": 20, "SURFACE_SEAL_THICKNESS": 1, "SURFACE_SEAL_METHOD": "POURED", "SCREEN_INTAKE_METHOD": null, "WATER_SUPPLY_SYSTEM_NAME": null, "WATER_SUPPLY_SYSTEM_WELL_NAME": null, "CONSTRUCTION_START_DATE": "2023-07-12Z", "CONSTRUCTION_END_DATE": "2023-09-28Z", "ALTERATION_START_DATE": null, "ALTERATION_END_DATE": null, "DECOMMISSION_START_DATE": null, "DECOMMISSION_END_DATE": null, "DECOMMISSION_REASON": null, "OBSERVATION_WELL_NUMBER": null, "OBSERVATION_WELL_STATUS": null, "EMS_ID": null, "AQUIFER_MATERIAL": null, "OBJECTID": 122585012, "SE_ANNO_CAD_DATA": null}}, {"type": "Feature", "id": "WHSE_WATER_MANAGEMENT.GW_WATER_WELLS_WRBC_SVW.fid-29e471e6_19f63eee063_2188", "geometry": {"type": "Point", "coordinates": [-120.425122, 56.305943]}, "geometry_name": "GEOMETRY", "properties": {"GW_WW_SYSID": 78280, "WELL_TAG_NUMBER": 81619, "IDENTIFICATION_PLATE_NUMBER": null, "STREET_ADDRESS": "CLAYHURST 108", "CITY": "CECIL LAKE", "LEGAL_LOT": " ", "LEGAL_PLAN": " ", "LEGAL_DISTRICT_LOT": " ", "LEGAL_PID": null, "WELL_LOCATION_DESCRIPTION": " ", "COORDINATE_ACQUISITION_CODE": "A", "WELL_STATUS": "New", "WELL_CLASS": "Water Supply", "WELL_SUBCLASS": null, "INTENDED_WATER_USE": "Private Domestic", "WELL_DETAILS_URL": "https://apps.nrs.gov.bc.ca/gwells/well/81619", "LICENCE_STATUS": "Unlicensed", "AQUIFER_ID": 933, "PERSON_RESPONSIBLE": " ", "COMPANY_OF_PERSON_RESPONSIBLE": "Bakstad, Robert E.", "FINISHED_WELL_DEPTH": 170, "TOTAL_DEPTH_DRILLED": null, "BEDROCK_DEPTH": 136, "YIELD": 10, "YIELD_ESTIMATION_DURATION": null, "ARTESIAN_COND": "N", "ARTESIAN_FLOW": null, "ARTESIAN_PRESSURE": null, "STATIC_WATER_LEVEL": 34, "DIAMETER": null, "FINAL_CASING_STICK_UP": null, "GROUND_ELEVATION": null, "GROUND_ELEVATION_METHOD": "UNKNOWN", "SURFACE_SEAL_DEPTH": null, "SURFACE_SEAL_THICKNESS": null, "SURFACE_SEAL_METHOD": null, "SCREEN_INTAKE_METHOD": null, "WATER_SUPPLY_SYSTEM_NAME": null, "WATER_SUPPLY_SYSTEM_WELL_NAME": null, "CONSTRUCTION_START_DATE": "1999-08-28Z", "CONSTRUCTION_END_DATE": null, "ALTERATION_START_DATE": null, "ALTERATION_END_DATE": null, "DECOMMISSION_START_DATE": null, "DECOMMISSION_END_DATE": null, "DECOMMISSION_REASON": null, "OBSERVATION_WELL_NUMBER": null, "OBSERVATION_WELL_STATUS": null, "EMS_ID": null, "AQUIFER_MATERIAL": "Unconsolidated", "OBJECTID": 122539630, "SE_ANNO_CAD_DATA": null}}, {"type": "Feature", "id": "WHSE_WATER_MANAGEMENT.GW_WATER_WELLS_WRBC_SVW.fid-29e471e6_19f63eee063_2189", "geometry": {"type": "Point", "coordinates": [-120.424965, 56.306587]}, "geometry_name": "GEOMETRY", "properties": {"GW_WW_SYSID": 78279, "WELL_TAG_NUMBER": 81618, "IDENTIFICATION_PLATE_NUMBER": null, "STREET_ADDRESS": "CLAYHURST 108", "CITY": "CECIL LAKE", "LEGAL_LOT": " ", "LEGAL_PLAN": " ", "LEGAL_DISTRICT_LOT": " ", "LEGAL_PID": null, "WELL_LOCATION_DESCRIPTION": " ", "COORDINATE_ACQUISITION_CODE": "A", "WELL_STATUS": "Abandoned", "WELL_CLASS": "Unknown", "WELL_SUBCLASS": null, "INTENDED_WATER_USE": "Not Applicable", "WELL_DETAILS_URL": "https://apps.nrs.gov.bc.ca/gwells/well/81618", "LICENCE_STATUS": "Unlicensed", "AQUIFER_ID": 933, "PERSON_RESPONSIBLE": " ", "COMPANY_OF_PERSON_RESPONSIBLE": "Bakstad, Robert E.", "FINISHED_WELL_DEPTH": 165, "TOTAL_DEPTH_DRILLED": null, "BEDROCK_DEPTH": null, "YIELD": 0.9, "YIELD_ESTIMATION_DURATION": null, "ARTESIAN_COND": "N", "ARTESIAN_FLOW": null, "ARTESIAN_PRESSURE": null, "STATIC_WATER_LEVEL": null, "DIAMETER": null, "FINAL_CASING_STICK_UP": null, "GROUND_ELEVATION": null, "GROUND_ELEVATION_METHOD": "UNKNOWN", "SURFACE_SEAL_DEPTH": null, "SURFACE_SEAL_THICKNESS": null, "SURFACE_SEAL_METHOD": null, "SCREEN_INTAKE_METHOD": null, "WATER_SUPPLY_SYSTEM_NAME": null, "WATER_SUPPLY_SYSTEM_WELL_NAME": null, "CONSTRUCTION_START_DATE": "1998-11-14Z", "CONSTRUCTION_END_DATE": null, "ALTERATION_START_DATE": null, "ALTERATION_END_DATE": null, "DECOMMISSION_START_DATE": null, "DECOMMISSION_END_DATE": null, "DECOMMISSION_REASON": null, "OBSERVATION_WELL_NUMBER": null, "OBSERVATION_WELL_STATUS": null, "EMS_ID": null, "AQUIFER_MATERIAL": "Unconsolidated", "OBJECTID": 122539629, "SE_ANNO_CAD_DATA": null}}, {"type": "Feature", "id": "WHSE_WATER_MANAGEMENT.GW_WATER_WELLS_WRBC_SVW.fid-29e471e6_19f63eee063_218a", "geometry": {"type": "Point", "coordinates": [-120.42455, 56.306749]}, "geometry_name": "GEOMETRY", "properties": {"GW_WW_SYSID": 78278, "WELL_TAG_NUMBER": 81617, "IDENTIFICATION_PLATE_NUMBER": null, "STREET_ADDRESS": "CLAYHURST 108", "CITY": "CECIL LAKE", "LEGAL_LOT": " ", "LEGAL_PLAN": " ", "LEGAL_DISTRICT_LOT": " ", "LEGAL_PID": null, "WELL_LOCATION_DESCRIPTION": " ", "COORDINATE_ACQUISITION_CODE": "A", "WELL_STATUS": "Abandoned", "WELL_CLASS": "Water Supply", "WELL_SUBCLASS": "Not Applicable", "INTENDED_WATER_USE": "Unknown Well Use", "WELL_DETAILS_URL": "https://apps.nrs.gov.bc.ca/gwells/well/81617", "LICENCE_STATUS": "Unlicensed", "AQUIFER_ID": 933, "PERSON_RESPONSIBLE": " ", "COMPANY_OF_PERSON_RESPONSIBLE": "Bakstad, Robert E.", "FINISHED_WELL_DEPTH": 150, "TOTAL_DEPTH_DRILLED": null, "BEDROCK_DEPTH": null, "YIELD": null, "YIELD_ESTIMATION_DURATION": null, "ARTESIAN_COND": "N", "ARTESIAN_FLOW": null, "ARTESIAN_PRESSURE": null, "STATIC_WATER_LEVEL": null, "DIAMETER": null, "FINAL_CASING_STICK_UP": null, "GROUND_ELEVATION": null, "GROUND_ELEVATION_METHOD": "UNKNOWN", "SURFACE_SEAL_DEPTH": null, "SURFACE_SEAL_THICKNESS": null, "SURFACE_SEAL_METHOD": null, "SCREEN_INTAKE_METHOD": null, "WATER_SUPPLY_SYSTEM_NAME": null, "WATER_SUPPLY_SYSTEM_WELL_NAME": null, "CONSTRUCTION_START_DATE": "1998-10-30Z", "CONSTRUCTION_END_DATE": null, "ALTERATION_START_DATE": null, "ALTERATION_END_DATE": null, "DECOMMISSION_START_DATE": null, "DECOMMISSION_END_DATE": null, "DECOMMISSION_REASON": null, "OBSERVATION_WELL_NUMBER": null, "OBSERVATION_WELL_STATUS": null, "EMS_ID": null, "AQUIFER_MATERIAL": "Unknown", "OBJECTID": 122539628, "SE_ANNO_CAD_DATA": null}}, {"type": "Feature", "id": "WHSE_WATER_MANAGEMENT.GW_WATER_WELLS_WRBC_SVW.fid-29e471e6_19f63eee063_218b", "geometry": {"type": "Point", "coordinates": [-120.407054, 56.353759]}, "geometry_name": "GEOMETRY", "properties": {"GW_WW_SYSID": 42572, "WELL_TAG_NUMBER": 42666, "IDENTIFICATION_PLATE_NUMBER": null, "STREET_ADDRESS": " ", "CITY": "CECIL LK", "LEGAL_LOT": " ", "LEGAL_PLAN": " ", "LEGAL_DISTRICT_LOT": " ", "LEGAL_PID": null, "WELL_LOCATION_DESCRIPTION": " ", "COORDINATE_ACQUISITION_CODE": "G", "WELL_STATUS": "New", "WELL_CLASS": "Unknown", "WELL_SUBCLASS": null, "INTENDED_WATER_USE": "Unknown Well Use", "WELL_DETAILS_URL": "https://apps.nrs.gov.bc.ca/gwells/well/42666", "LICENCE_STATUS": "Unlicensed", "AQUIFER_ID": null, "PERSON_RESPONSIBLE": " ", "COMPANY_OF_PERSON_RESPONSIBLE": "I . & M.  Drilling", "FINISHED_WELL_DEPTH": 300, "TOTAL_DEPTH_DRILLED": null, "BEDROCK_DEPTH": 125, "YIELD": null, "YIELD_ESTIMATION_DURATION": null, "ARTESIAN_COND": "N", "ARTESIAN_FLOW": null, "ARTESIAN_PRESSURE": null, "STATIC_WATER_LEVEL": null, "DIAMETER": null, "FINAL_CASING_STICK_UP": null, "GROUND_ELEVATION": null, "GROUND_ELEVATION_METHOD": "UNKNOWN", "SURFACE_SEAL_DEPTH": null, "SURFACE_SEAL_THICKNESS": null, "SURFACE_SEAL_METHOD": null, "SCREEN_INTAKE_METHOD": null, "WATER_SUPPLY_SYSTEM_NAME": null, "WATER_SUPPLY_SYSTEM_WELL_NAME": null, "CONSTRUCTION_START_DATE": "1979-06-26Z", "CONSTRUCTION_END_DATE": "1979-06-26Z", "ALTERATION_START_DATE": null, "ALTERATION_END_DATE": null, "DECOMMISSION_START_DATE": null, "DECOMMISSION_END_DATE": null, "DECOMMISSION_REASON": null, "OBSERVATION_WELL_NUMBER": null, "OBSERVATION_WELL_STATUS": null, "EMS_ID": null, "AQUIFER_MATERIAL": "Unconsolidated", "OBJECTID": 122503922, "SE_ANNO_CAD_DATA": null}}, {"type": "Feature", "id": "WHSE_WATER_MANAGEMENT.GW_WATER_WELLS_WRBC_SVW.fid-29e471e6_19f63eee063_218c", "geometry": {"type": "Point", "coordinates": [-120.406857, 56.354025]}, "geometry_name": "GEOMETRY", "properties": {"GW_WW_SYSID": 43338, "WELL_TAG_NUMBER": 43432, "IDENTIFICATION_PLATE_NUMBER": null, "STREET_ADDRESS": " ", "CITY": "CECIL LK", "LEGAL_LOT": " ", "LEGAL_PLAN": " ", "LEGAL_DISTRICT_LOT": " ", "LEGAL_PID": null, "WELL_LOCATION_DESCRIPTION": " ", "COORDINATE_ACQUISITION_CODE": "G", "WELL_STATUS": "New", "WELL_CLASS": "Unknown", "WELL_SUBCLASS": null, "INTENDED_WATER_USE": "Unknown Well Use", "WELL_DETAILS_URL": "https://apps.nrs.gov.bc.ca/gwells/well/43432", "LICENCE_STATUS": "Unlicensed", "AQUIFER_ID": 933, "PERSON_RESPONSIBLE": " ", "COMPANY_OF_PERSON_RESPONSIBLE": "I . & M.  Drilling", "FINISHED_WELL_DEPTH": 312, "TOTAL_DEPTH_DRILLED": null, "BEDROCK_DEPTH": 230, "YIELD": 7, "YIELD_ESTIMATION_DURATION": null, "ARTESIAN_COND": "N", "ARTESIAN_FLOW": null, "ARTESIAN_PRESSURE": null, "STATIC_WATER_LEVEL": null, "DIAMETER": null, "FINAL_CASING_STICK_UP": null, "GROUND_ELEVATION": null, "GROUND_ELEVATION_METHOD": "UNKNOWN", "SURFACE_SEAL_DEPTH": null, "SURFACE_SEAL_THICKNESS": null, "SURFACE_SEAL_METHOD": null, "SCREEN_INTAKE_METHOD": null, "WATER_SUPPLY_SYSTEM_NAME": null, "WATER_SUPPLY_SYSTEM_WELL_NAME": null, "CONSTRUCTION_START_DATE": "1979-09-21Z", "CONSTRUCTION_END_DATE": "1979-09-21Z", "ALTERATION_START_DATE": null, "ALTERATION_END_DATE": null, "DECOMMISSION_START_DATE": null, "DECOMMISSION_END_DATE": null, "DECOMMISSION_REASON": null, "OBSERVATION_WELL_NUMBER": null, "OBSERVATION_WELL_STATUS": null, "EMS_ID": null, "AQUIFER_MATERIAL": "Bedrock", "OBJECTID": 122504688, "SE_ANNO_CAD_DATA": null}}, {"type": "Feature", "id": "WHSE_WATER_MANAGEMENT.GW_WATER_WELLS_WRBC_SVW.fid-29e471e6_19f63eee063_218d", "geometry": {"type": "Point", "coordinates": [-120.30766, 56.33135]}, "geometry_name": "GEOMETRY", "properties": {"GW_WW_SYSID": 58956, "WELL_TAG_NUMBER": 59111, "IDENTIFICATION_PLATE_NUMBER": null, "STREET_ADDRESS": null, "CITY": "CECIL LAKE", "LEGAL_LOT": null, "LEGAL_PLAN": null, "LEGAL_DISTRICT_LOT": null, "LEGAL_PID": 13017667, "WELL_LOCATION_DESCRIPTION": null, "COORDINATE_ACQUISITION_CODE": "J", "WELL_STATUS": "New", "WELL_CLASS": "Water Supply", "WELL_SUBCLASS": "Not Applicable", "INTENDED_WATER_USE": "Private Domestic", "WELL_DETAILS_URL": "https://apps.nrs.gov.bc.ca/gwells/well/59111", "LICENCE_STATUS": "Unlicensed", "AQUIFER_ID": null, "PERSON_RESPONSIBLE": " ", "COMPANY_OF_PERSON_RESPONSIBLE": "Anderson Air Drilling", "FINISHED_WELL_DEPTH": 150, "TOTAL_DEPTH_DRILLED": 150, "BEDROCK_DEPTH": 9, "YIELD": null, "YIELD_ESTIMATION_DURATION": null, "ARTESIAN_COND": "N", "ARTESIAN_FLOW": null, "ARTESIAN_PRESSURE": null, "STATIC_WATER_LEVEL": null, "DIAMETER": null, "FINAL_CASING_STICK_UP": null, "GROUND_ELEVATION": null, "GROUND_ELEVATION_METHOD": "UNKNOWN", "SURFACE_SEAL_DEPTH": null, "SURFACE_SEAL_THICKNESS": null, "SURFACE_SEAL_METHOD": null, "SCREEN_INTAKE_METHOD": null, "WATER_SUPPLY_SYSTEM_NAME": null, "WATER_SUPPLY_SYSTEM_WELL_NAME": null, "CONSTRUCTION_START_DATE": "1989-10-17Z", "CONSTRUCTION_END_DATE": null, "ALTERATION_START_DATE": null, "ALTERATION_END_DATE": null, "DECOMMISSION_START_DATE": null, "DECOMMISSION_END_DATE": null, "DECOMMISSION_REASON": null, "OBSERVATION_WELL_NUMBER": null, "OBSERVATION_WELL_STATUS": null, "EMS_ID": null, "AQUIFER_MATERIAL": "Bedrock", "OBJECTID": 122520306, "SE_ANNO_CAD_DATA": null}}, {"type": "Feature", "id": "WHSE_WATER_MANAGEMENT.GW_WATER_WELLS_WRBC_SVW.fid-29e471e6_19f63eee063_218e", "geometry": {"type": "Point", "coordinates": [-120.296391, 56.329696]}, "geometry_name": "GEOMETRY", "properties": {"GW_WW_SYSID": 57164, "WELL_TAG_NUMBER": 57312, "IDENTIFICATION_PLATE_NUMBER": null, "STREET_ADDRESS": "OSBORN SCHOOL", "CITY": " ", "LEGAL_LOT": "1", "LEGAL_PLAN": "18274", "LEGAL_DISTRICT_LOT": " ", "LEGAL_PID": null, "WELL_LOCATION_DESCRIPTION": " ", "COORDINATE_ACQUISITION_CODE": "E", "WELL_STATUS": "New", "WELL_CLASS": "Unknown", "WELL_SUBCLASS": null, "INTENDED_WATER_USE": "Unknown Well Use", "WELL_DETAILS_URL": "https://apps.nrs.gov.bc.ca/gwells/well/57312", "LICENCE_STATUS": "Unlicensed", "AQUIFER_ID": 933, "PERSON_RESPONSIBLE": " ", "COMPANY_OF_PERSON_RESPONSIBLE": "Anderson Air Drilling", "FINISHED_WELL_DEPTH": 254, "TOTAL_DEPTH_DRILLED": null, "BEDROCK_DEPTH": null, "YIELD": null, "YIELD_ESTIMATION_DURATION": null, "ARTESIAN_COND": "N", "ARTESIAN_FLOW": null, "ARTESIAN_PRESSURE": null, "STATIC_WATER_LEVEL": null, "DIAMETER": null, "FINAL_CASING_STICK_UP": null, "GROUND_ELEVATION": null, "GROUND_ELEVATION_METHOD": "UNKNOWN", "SURFACE_SEAL_DEPTH": null, "SURFACE_SEAL_THICKNESS": null, "SURFACE_SEAL_METHOD": null, "SCREEN_INTAKE_METHOD": null, "WATER_SUPPLY_SYSTEM_NAME": null, "WATER_SUPPLY_SYSTEM_WELL_NAME": null, "CONSTRUCTION_START_DATE": "1987-07-31Z", "CONSTRUCTION_END_DATE": null, "ALTERATION_START_DATE": null, "ALTERATION_END_DATE": null, "DECOMMISSION_START_DATE": null, "DECOMMISSION_END_DATE": null, "DECOMMISSION_REASON": null, "OBSERVATION_WELL_NUMBER": null, "OBSERVATION_WELL_STATUS": null, "EMS_ID": null, "AQUIFER_MATERIAL": "Unconsolidated", "OBJECTID": 122518514, "SE_ANNO_CAD_DATA": null}}, {"type": "Feature", "id": "WHSE_WATER_MANAGEMENT.GW_WATER_WELLS_WRBC_SVW.fid-29e471e6_19f63eee063_218f", "geometry": {"type": "Point", "coordinates": [-120.295995, 56.331179]}, "geometry_name": "GEOMETRY", "properties": {"GW_WW_SYSID": 22088, "WELL_TAG_NUMBER": 22129, "IDENTIFICATION_PLATE_NUMBER": null, "STREET_ADDRESS": " ", "CITY": "GOODLOW", "LEGAL_LOT": " ", "LEGAL_PLAN": " ", "LEGAL_DISTRICT_LOT": " ", "LEGAL_PID": null, "WELL_LOCATION_DESCRIPTION": " ", "COORDINATE_ACQUISITION_CODE": "E", "WELL_STATUS": "New", "WELL_CLASS": "Unknown", "WELL_SUBCLASS": null, "INTENDED_WATER_USE": "Unknown Well Use", "WELL_DETAILS_URL": "https://apps.nrs.gov.bc.ca/gwells/well/22129", "LICENCE_STATUS": "Unlicensed", "AQUIFER_ID": 933, "PERSON_RESPONSIBLE": " ", "COMPANY_OF_PERSON_RESPONSIBLE": "Cliff Baker Drilling", "FINISHED_WELL_DEPTH": 500, "TOTAL_DEPTH_DRILLED": null, "BEDROCK_DEPTH": 12, "YIELD": null, "YIELD_ESTIMATION_DURATION": null, "ARTESIAN_COND": "N", "ARTESIAN_FLOW": null, "ARTESIAN_PRESSURE": null, "STATIC_WATER_LEVEL": null, "DIAMETER": null, "FINAL_CASING_STICK_UP": null, "GROUND_ELEVATION": null, "GROUND_ELEVATION_METHOD": "UNKNOWN", "SURFACE_SEAL_DEPTH": null, "SURFACE_SEAL_THICKNESS": null, "SURFACE_SEAL_METHOD": null, "SCREEN_INTAKE_METHOD": null, "WATER_SUPPLY_SYSTEM_NAME": null, "WATER_SUPPLY_SYSTEM_WELL_NAME": null, "CONSTRUCTION_START_DATE": "1969-01-01Z", "CONSTRUCTION_END_DATE": "1969-01-01Z", "ALTERATION_START_DATE": null, "ALTERATION_END_DATE": null, "DECOMMISSION_START_DATE": null, "DECOMMISSION_END_DATE": null, "DECOMMISSION_REASON": null, "OBSERVATION_WELL_NUMBER": null, "OBSERVATION_WELL_STATUS": null, "EMS_ID": null, "AQUIFER_MATERIAL": "Bedrock", "OBJECTID": 122483438, "SE_ANNO_CAD_DATA": null}}, {"type": "Feature", "id": "WHSE_WATER_MANAGEMENT.GW_WATER_WELLS_WRBC_SVW.fid-29e471e6_19f63eee063_2190", "geometry": {"type": "Point", "coordinates": [-120.2933, 56.3419]}, "geometry_name": "GEOMETRY", "properties": {"GW_WW_SYSID": 126649, "WELL_TAG_NUMBER": 131957, "IDENTIFICATION_PLATE_NUMBER": null, "STREET_ADDRESS": "2772 Cecil Lake Rd", "CITY": "Goodlow", "LEGAL_LOT": null, "LEGAL_PLAN": null, "LEGAL_DISTRICT_LOT": null, "LEGAL_PID": 10162828, "WELL_LOCATION_DESCRIPTION": null, "COORDINATE_ACQUISITION_CODE": "H", "WELL_STATUS": "Closure", "WELL_CLASS": "Water Supply", "WELL_SUBCLASS": "Not Applicable", "INTENDED_WATER_USE": "Water Supply System", "WELL_DETAILS_URL": "https://apps.nrs.gov.bc.ca/gwells/well/131957", "LICENCE_STATUS": "Unlicensed", "AQUIFER_ID": null, "PERSON_RESPONSIBLE": "Jon McLean", "COMPANY_OF_PERSON_RESPONSIBLE": "Aqua North Water Systems", "FINISHED_WELL_DEPTH": null, "TOTAL_DEPTH_DRILLED": null, "BEDROCK_DEPTH": null, "YIELD": null, "YIELD_ESTIMATION_DURATION": null, "ARTESIAN_COND": "N", "ARTESIAN_FLOW": null, "ARTESIAN_PRESSURE": null, "STATIC_WATER_LEVEL": null, "DIAMETER": 8, "FINAL_CASING_STICK_UP": null, "GROUND_ELEVATION": null, "GROUND_ELEVATION_METHOD": null, "SURFACE_SEAL_DEPTH": null, "SURFACE_SEAL_THICKNESS": null, "SURFACE_SEAL_METHOD": null, "SCREEN_INTAKE_METHOD": null, "WATER_SUPPLY_SYSTEM_NAME": null, "WATER_SUPPLY_SYSTEM_WELL_NAME": null, "CONSTRUCTION_START_DATE": null, "CONSTRUCTION_END_DATE": null, "ALTERATION_START_DATE": null, "ALTERATION_END_DATE": null, "DECOMMISSION_START_DATE": "2024-06-17Z", "DECOMMISSION_END_DATE": "2024-06-18Z", "DECOMMISSION_REASON": "Not in use", "OBSERVATION_WELL_NUMBER": null, "OBSERVATION_WELL_STATUS": null, "EMS_ID": null, "AQUIFER_MATERIAL": null, "OBJECTID": 122587999, "SE_ANNO_CAD_DATA": null}}, {"type": "Feature", "id": "WHSE_WATER_MANAGEMENT.GW_WATER_WELLS_WRBC_SVW.fid-29e471e6_19f63eee063_2191", "geometry": {"type": "Point", "coordinates": [-120.291766, 56.334233]}, "geometry_name": "GEOMETRY", "properties": {"GW_WW_SYSID": 46165, "WELL_TAG_NUMBER": 46268, "IDENTIFICATION_PLATE_NUMBER": null, "STREET_ADDRESS": " ", "CITY": "FLAT ROCK", "LEGAL_LOT": " ", "LEGAL_PLAN": " ", "LEGAL_DISTRICT_LOT": " ", "LEGAL_PID": null, "WELL_LOCATION_DESCRIPTION": " ", "COORDINATE_ACQUISITION_CODE": "E", "WELL_STATUS": "Abandoned", "WELL_CLASS": "Unknown", "WELL_SUBCLASS": null, "INTENDED_WATER_USE": "Not Applicable", "WELL_DETAILS_URL": "https://apps.nrs.gov.bc.ca/gwells/well/46268", "LICENCE_STATUS": "Unlicensed", "AQUIFER_ID": 933, "PERSON_RESPONSIBLE": " ", "COMPANY_OF_PERSON_RESPONSIBLE": "Bob's Water Drilling", "FINISHED_WELL_DEPTH": 106, "TOTAL_DEPTH_DRILLED": null, "BEDROCK_DEPTH": null, "YIELD": null, "YIELD_ESTIMATION_DURATION": null, "ARTESIAN_COND": "N", "ARTESIAN_FLOW": null, "ARTESIAN_PRESSURE": null, "STATIC_WATER_LEVEL": null, "DIAMETER": null, "FINAL_CASING_STICK_UP": null, "GROUND_ELEVATION": null, "GROUND_ELEVATION_METHOD": "UNKNOWN", "SURFACE_SEAL_DEPTH": null, "SURFACE_SEAL_THICKNESS": null, "SURFACE_SEAL_METHOD": null, "SCREEN_INTAKE_METHOD": null, "WATER_SUPPLY_SYSTEM_NAME": null, "WATER_SUPPLY_SYSTEM_WELL_NAME": null, "CONSTRUCTION_START_DATE": "1980-10-01Z", "CONSTRUCTION_END_DATE": "1980-10-01Z", "ALTERATION_START_DATE": null, "ALTERATION_END_DATE": null, "DECOMMISSION_START_DATE": null, "DECOMMISSION_END_DATE": null, "DECOMMISSION_REASON": null, "OBSERVATION_WELL_NUMBER": null, "OBSERVATION_WELL_STATUS": null, "EMS_ID": null, "AQUIFER_MATERIAL": "Unconsolidated", "OBJECTID": 122507515, "SE_ANNO_CAD_DATA": null}}, {"type": "Feature", "id": "WHSE_WATER_MANAGEMENT.GW_WATER_WELLS_WRBC_SVW.fid-29e471e6_19f63eee063_2192", "geometry": {"type": "Point", "coordinates": [-120.266331, 56.392781]}, "geometry_name": "GEOMETRY", "properties": {"GW_WW_SYSID": 40565, "WELL_TAG_NUMBER": 40651, "IDENTIFICATION_PLATE_NUMBER": null, "STREET_ADDRESS": "MCTAVISH RD", "CITY": "BOUNDARY LAKE", "LEGAL_LOT": " ", "LEGAL_PLAN": " ", "LEGAL_DISTRICT_LOT": " ", "LEGAL_PID": null, "WELL_LOCATION_DESCRIPTION": " ", "COORDINATE_ACQUISITION_CODE": "E", "WELL_STATUS": "New", "WELL_CLASS": "Unknown", "WELL_SUBCLASS": null, "INTENDED_WATER_USE": "Unknown Well Use", "WELL_DETAILS_URL": "https://apps.nrs.gov.bc.ca/gwells/well/40651", "LICENCE_STATUS": "Unlicensed", "AQUIFER_ID": 933, "PERSON_RESPONSIBLE": " ", "COMPANY_OF_PERSON_RESPONSIBLE": "I . & M.  Drilling", "FINISHED_WELL_DEPTH": 170, "TOTAL_DEPTH_DRILLED": null, "BEDROCK_DEPTH": 170, "YIELD": 7, "YIELD_ESTIMATION_DURATION": null, "ARTESIAN_COND": "N", "ARTESIAN_FLOW": null, "ARTESIAN_PRESSURE": null, "STATIC_WATER_LEVEL": 65, "DIAMETER": null, "FINAL_CASING_STICK_UP": null, "GROUND_ELEVATION": null, "GROUND_ELEVATION_METHOD": "UNKNOWN", "SURFACE_SEAL_DEPTH": null, "SURFACE_SEAL_THICKNESS": null, "SURFACE_SEAL_METHOD": null, "SCREEN_INTAKE_METHOD": null, "WATER_SUPPLY_SYSTEM_NAME": null, "WATER_SUPPLY_SYSTEM_WELL_NAME": null, "CONSTRUCTION_START_DATE": "1978-09-20Z", "CONSTRUCTION_END_DATE": "1978-09-20Z", "ALTERATION_START_DATE": null, "ALTERATION_END_DATE": null, "DECOMMISSION_START_DATE": null, "DECOMMISSION_END_DATE": null, "DECOMMISSION_REASON": null, "OBSERVATION_WELL_NUMBER": null, "OBSERVATION_WELL_STATUS": null, "EMS_ID": null, "AQUIFER_MATERIAL": "Unconsolidated", "OBJECTID": 122501915, "SE_ANNO_CAD_DATA": null}}, {"type": "Feature", "id": "WHSE_WATER_MANAGEMENT.GW_WATER_WELLS_WRBC_SVW.fid-29e471e6_19f63eee063_2193", "geometry": {"type": "Point", "coordinates": [-120.586156, 56.288705]}, "geometry_name": "GEOMETRY", "properties": {"GW_WW_SYSID": 19034, "WELL_TAG_NUMBER": 19070, "IDENTIFICATION_PLATE_NUMBER": null, "STREET_ADDRESS": " ", "CITY": " ", "LEGAL_LOT": " ", "LEGAL_PLAN": " ", "LEGAL_DISTRICT_LOT": " ", "LEGAL_PID": null, "WELL_LOCATION_DESCRIPTION": " ", "COORDINATE_ACQUISITION_CODE": "E", "WELL_STATUS": "New", "WELL_CLASS": "Unknown", "WELL_SUBCLASS": null, "INTENDED_WATER_USE": "Unknown Well Use", "WELL_DETAILS_URL": "https://apps.nrs.gov.bc.ca/gwells/well/19070", "LICENCE_STATUS": "Unlicensed", "AQUIFER_ID": null, "PERSON_RESPONSIBLE": " ", "COMPANY_OF_PERSON_RESPONSIBLE": "Unknown", "FINISHED_WELL_DEPTH": 20, "TOTAL_DEPTH_DRILLED": null, "BEDROCK_DEPTH": null, "YIELD": null, "YIELD_ESTIMATION_DURATION": null, "ARTESIAN_COND": "N", "ARTESIAN_FLOW": null, "ARTESIAN_PRESSURE": null, "STATIC_WATER_LEVEL": null, "DIAMETER": null, "FINAL_CASING_STICK_UP": null, "GROUND_ELEVATION": null, "GROUND_ELEVATION_METHOD": "UNKNOWN", "SURFACE_SEAL_DEPTH": null, "SURFACE_SEAL_THICKNESS": null, "SURFACE_SEAL_METHOD": null, "SCREEN_INTAKE_METHOD": null, "WATER_SUPPLY_SYSTEM_NAME": null, "WATER_SUPPLY_SYSTEM_WELL_NAME": null, "CONSTRUCTION_START_DATE": "1965-01-01Z", "CONSTRUCTION_END_DATE": "1965-01-01Z", "ALTERATION_START_DATE": null, "ALTERATION_END_DATE": null, "DECOMMISSION_START_DATE": null, "DECOMMISSION_END_DATE": null, "DECOMMISSION_REASON": null, "OBSERVATION_WELL_NUMBER": null, "OBSERVATION_WELL_STATUS": null, "EMS_ID": null, "AQUIFER_MATERIAL": "Unconsolidated", "OBJECTID": 122480384, "SE_ANNO_CAD_DATA": null}}, {"type": "Feature", "id": "WHSE_WATER_MANAGEMENT.GW_WATER_WELLS_WRBC_SVW.fid-29e471e6_19f63eee063_2194", "geometry": {"type": "Point", "coordinates": [-120.707219, 56.295284]}, "geometry_name": "GEOMETRY", "properties": {"GW_WW_SYSID": 42947, "WELL_TAG_NUMBER": 43041, "IDENTIFICATION_PLATE_NUMBER": null, "STREET_ADDRESS": " ", "CITY": " ", "LEGAL_LOT": " ", "LEGAL_PLAN": " ", "LEGAL_DISTRICT_LOT": " ", "LEGAL_PID": null, "WELL_LOCATION_DESCRIPTION": " ", "COORDINATE_ACQUISITION_CODE": "E", "WELL_STATUS": "New", "WELL_CLASS": "Unknown", "WELL_SUBCLASS": null, "INTENDED_WATER_USE": "Unknown Well Use", "WELL_DETAILS_URL": "https://apps.nrs.gov.bc.ca/gwells/well/43041", "LICENCE_STATUS": "Unlicensed", "AQUIFER_ID": 933, "PERSON_RESPONSIBLE": " ", "COMPANY_OF_PERSON_RESPONSIBLE": "Bob's Water Drilling", "FINISHED_WELL_DEPTH": 120, "TOTAL_DEPTH_DRILLED": null, "BEDROCK_DEPTH": null, "YIELD": 0, "YIELD_ESTIMATION_DURATION": null, "ARTESIAN_COND": "N", "ARTESIAN_FLOW": null, "ARTESIAN_PRESSURE": null, "STATIC_WATER_LEVEL": null, "DIAMETER": null, "FINAL_CASING_STICK_UP": null, "GROUND_ELEVATION": null, "GROUND_ELEVATION_METHOD": "UNKNOWN", "SURFACE_SEAL_DEPTH": null, "SURFACE_SEAL_THICKNESS": null, "SURFACE_SEAL_METHOD": null, "SCREEN_INTAKE_METHOD": null, "WATER_SUPPLY_SYSTEM_NAME": null, "WATER_SUPPLY_SYSTEM_WELL_NAME": null, "CONSTRUCTION_START_DATE": "1979-08-01Z", "CONSTRUCTION_END_DATE": "1979-08-01Z", "ALTERATION_START_DATE": null, "ALTERATION_END_DATE": null, "DECOMMISSION_START_DATE": null, "DECOMMISSION_END_DATE": null, "DECOMMISSION_REASON": null, "OBSERVATION_WELL_NUMBER": null, "OBSERVATION_WELL_STATUS": null, "EMS_ID": null, "AQUIFER_MATERIAL": "Unconsolidated", "OBJECTID": 122504297, "SE_ANNO_CAD_DATA": null}}, {"type": "Feature", "id": "WHSE_WATER_MANAGEMENT.GW_WATER_WELLS_WRBC_SVW.fid-29e471e6_19f63eee063_2195", "geometry": {"type": "Point", "coordinates": [-120.70481, 56.29529]}, "geometry_name": "GEOMETRY", "properties": {"GW_WW_SYSID": 42945, "WELL_TAG_NUMBER": 43039, "IDENTIFICATION_PLATE_NUMBER": null, "STREET_ADDRESS": "13285 Oakley Street", "CITY": "Cecil Lake", "LEGAL_LOT": null, "LEGAL_PLAN": null, "LEGAL_DISTRICT_LOT": null, "LEGAL_PID": 14687372, "WELL_LOCATION_DESCRIPTION": "SW 1/4 OF SECTION 24", "COORDINATE_ACQUISITION_CODE": "E", "WELL_STATUS": "New", "WELL_CLASS": "Unknown", "WELL_SUBCLASS": null, "INTENDED_WATER_USE": "Not Applicable", "WELL_DETAILS_URL": "https://apps.nrs.gov.bc.ca/gwells/well/43039", "LICENCE_STATUS": "Unlicensed", "AQUIFER_ID": 933, "PERSON_RESPONSIBLE": " ", "COMPANY_OF_PERSON_RESPONSIBLE": "Bob's Water Drilling", "FINISHED_WELL_DEPTH": 212, "TOTAL_DEPTH_DRILLED": 212, "BEDROCK_DEPTH": null, "YIELD": 0, "YIELD_ESTIMATION_DURATION": null, "ARTESIAN_COND": "N", "ARTESIAN_FLOW": null, "ARTESIAN_PRESSURE": null, "STATIC_WATER_LEVEL": null, "DIAMETER": null, "FINAL_CASING_STICK_UP": null, "GROUND_ELEVATION": null, "GROUND_ELEVATION_METHOD": "UNKNOWN", "SURFACE_SEAL_DEPTH": null, "SURFACE_SEAL_THICKNESS": null, "SURFACE_SEAL_METHOD": null, "SCREEN_INTAKE_METHOD": null, "WATER_SUPPLY_SYSTEM_NAME": null, "WATER_SUPPLY_SYSTEM_WELL_NAME": null, "CONSTRUCTION_START_DATE": "1979-08-01Z", "CONSTRUCTION_END_DATE": "1979-08-01Z", "ALTERATION_START_DATE": null, "ALTERATION_END_DATE": null, "DECOMMISSION_START_DATE": null, "DECOMMISSION_END_DATE": null, "DECOMMISSION_REASON": null, "OBSERVATION_WELL_NUMBER": null, "OBSERVATION_WELL_STATUS": null, "EMS_ID": null, "AQUIFER_MATERIAL": "Unconsolidated", "OBJECTID": 122504295, "SE_ANNO_CAD_DATA": null}}, {"type": "Feature", "id": "WHSE_WATER_MANAGEMENT.GW_WATER_WELLS_WRBC_SVW.fid-29e471e6_19f63eee063_2196", "geometry": {"type": "Point", "coordinates": [-120.6975, 56.29749]}, "geometry_name": "GEOMETRY", "properties": {"GW_WW_SYSID": 118106, "WELL_TAG_NUMBER": 123086, "IDENTIFICATION_PLATE_NUMBER": 49826, "STREET_ADDRESS": null, "CITY": null, "LEGAL_LOT": null, "LEGAL_PLAN": null, "LEGAL_DISTRICT_LOT": null, "LEGAL_PID": 6070353, "WELL_LOCATION_DESCRIPTION": null, "COORDINATE_ACQUISITION_CODE": "H", "WELL_STATUS": "New", "WELL_CLASS": "Water Supply", "WELL_SUBCLASS": "Not Applicable", "INTENDED_WATER_USE": "Commercial and Industrial", "WELL_DETAILS_URL": "https://apps.nrs.gov.bc.ca/gwells/well/123086", "LICENCE_STATUS": "Licensed", "AQUIFER_ID": 933, "PERSON_RESPONSIBLE": " ", "COMPANY_OF_PERSON_RESPONSIBLE": null, "FINISHED_WELL_DEPTH": null, "TOTAL_DEPTH_DRILLED": 13, "BEDROCK_DEPTH": null, "YIELD": null, "YIELD_ESTIMATION_DURATION": null, "ARTESIAN_COND": "N", "ARTESIAN_FLOW": null, "ARTESIAN_PRESSURE": null, "STATIC_WATER_LEVEL": null, "DIAMETER": 60, "FINAL_CASING_STICK_UP": null, "GROUND_ELEVATION": null, "GROUND_ELEVATION_METHOD": null, "SURFACE_SEAL_DEPTH": null, "SURFACE_SEAL_THICKNESS": null, "SURFACE_SEAL_METHOD": null, "SCREEN_INTAKE_METHOD": null, "WATER_SUPPLY_SYSTEM_NAME": null, "WATER_SUPPLY_SYSTEM_WELL_NAME": null, "CONSTRUCTION_START_DATE": "1930-01-01Z", "CONSTRUCTION_END_DATE": "1930-01-01Z", "ALTERATION_START_DATE": null, "ALTERATION_END_DATE": null, "DECOMMISSION_START_DATE": null, "DECOMMISSION_END_DATE": null, "DECOMMISSION_REASON": null, "OBSERVATION_WELL_NUMBER": null, "OBSERVATION_WELL_STATUS": null, "EMS_ID": null, "AQUIFER_MATERIAL": null, "OBJECTID": 122579456, "SE_ANNO_CAD_DATA": null}}, {"type": "Feature", "id": "WHSE_WATER_MANAGEMENT.GW_WATER_WELLS_WRBC_SVW.fid-29e471e6_19f63eee063_2197", "geometry": {"type": "Point", "coordinates": [-120.697994, 56.297908]}, "geometry_name": "GEOMETRY", "properties": {"GW_WW_SYSID": 1736, "WELL_TAG_NUMBER": 1742, "IDENTIFICATION_PLATE_NUMBER": null, "STREET_ADDRESS": " ", "CITY": " ", "LEGAL_LOT": " ", "LEGAL_PLAN": " ", "LEGAL_DISTRICT_LOT": " ", "LEGAL_PID": null, "WELL_LOCATION_DESCRIPTION": " ", "COORDINATE_ACQUISITION_CODE": "E", "WELL_STATUS": "New", "WELL_CLASS": "Water Supply", "WELL_SUBCLASS": null, "INTENDED_WATER_USE": "Private Domestic", "WELL_DETAILS_URL": "https://apps.nrs.gov.bc.ca/gwells/well/1742", "LICENCE_STATUS": "Unlicensed", "AQUIFER_ID": null, "PERSON_RESPONSIBLE": " ", "COMPANY_OF_PERSON_RESPONSIBLE": "Unknown", "FINISHED_WELL_DEPTH": 17, "TOTAL_DEPTH_DRILLED": null, "BEDROCK_DEPTH": null, "YIELD": 0, "YIELD_ESTIMATION_DURATION": null, "ARTESIAN_COND": "N", "ARTESIAN_FLOW": null, "ARTESIAN_PRESSURE": null, "STATIC_WATER_LEVEL": null, "DIAMETER": null, "FINAL_CASING_STICK_UP": null, "GROUND_ELEVATION": null, "GROUND_ELEVATION_METHOD": "UNKNOWN", "SURFACE_SEAL_DEPTH": null, "SURFACE_SEAL_THICKNESS": null, "SURFACE_SEAL_METHOD": null, "SCREEN_INTAKE_METHOD": null, "WATER_SUPPLY_SYSTEM_NAME": null, "WATER_SUPPLY_SYSTEM_WELL_NAME": null, "CONSTRUCTION_START_DATE": "1935-01-01Z", "CONSTRUCTION_END_DATE": "1935-01-01Z", "ALTERATION_START_DATE": null, "ALTERATION_END_DATE": null, "DECOMMISSION_START_DATE": null, "DECOMMISSION_END_DATE": null, "DECOMMISSION_REASON": null, "OBSERVATION_WELL_NUMBER": null, "OBSERVATION_WELL_STATUS": null, "EMS_ID": null, "AQUIFER_MATERIAL": "Unconsolidated", "OBJECTID": 122463086, "SE_ANNO_CAD_DATA": null}}, {"type": "Feature", "id": "WHSE_WATER_MANAGEMENT.GW_WATER_WELLS_WRBC_SVW.fid-29e471e6_19f63eee063_2198", "geometry": {"type": "Point", "coordinates": [-120.629581, 56.304841]}, "geometry_name": "GEOMETRY", "properties": {"GW_WW_SYSID": 40741, "WELL_TAG_NUMBER": 40827, "IDENTIFICATION_PLATE_NUMBER": null, "STREET_ADDRESS": " ", "CITY": "CECIL LAKE", "LEGAL_LOT": " ", "LEGAL_PLAN": " ", "LEGAL_DISTRICT_LOT": " ", "LEGAL_PID": null, "WELL_LOCATION_DESCRIPTION": " ", "COORDINATE_ACQUISITION_CODE": "E", "WELL_STATUS": "New", "WELL_CLASS": "Water Supply", "WELL_SUBCLASS": null, "INTENDED_WATER_USE": "Private Domestic", "WELL_DETAILS_URL": "https://apps.nrs.gov.bc.ca/gwells/well/40827", "LICENCE_STATUS": "Unlicensed", "AQUIFER_ID": 933, "PERSON_RESPONSIBLE": " ", "COMPANY_OF_PERSON_RESPONSIBLE": "I . & M.  Drilling", "FINISHED_WELL_DEPTH": 210, "TOTAL_DEPTH_DRILLED": null, "BEDROCK_DEPTH": null, "YIELD": 10, "YIELD_ESTIMATION_DURATION": null, "ARTESIAN_COND": "N", "ARTESIAN_FLOW": null, "ARTESIAN_PRESSURE": null, "STATIC_WATER_LEVEL": null, "DIAMETER": null, "FINAL_CASING_STICK_UP": null, "GROUND_ELEVATION": null, "GROUND_ELEVATION_METHOD": "UNKNOWN", "SURFACE_SEAL_DEPTH": null, "SURFACE_SEAL_THICKNESS": null, "SURFACE_SEAL_METHOD": null, "SCREEN_INTAKE_METHOD": null, "WATER_SUPPLY_SYSTEM_NAME": null, "WATER_SUPPLY_SYSTEM_WELL_NAME": null, "CONSTRUCTION_START_DATE": "1978-10-13Z", "CONSTRUCTION_END_DATE": "1978-10-13Z", "ALTERATION_START_DATE": null, "ALTERATION_END_DATE": null, "DECOMMISSION_START_DATE": null, "DECOMMISSION_END_DATE": null, "DECOMMISSION_REASON": null, "OBSERVATION_WELL_NUMBER": null, "OBSERVATION_WELL_STATUS": null, "EMS_ID": null, "AQUIFER_MATERIAL": "Unconsolidated", "OBJECTID": 122502091, "SE_ANNO_CAD_DATA": null}}, {"type": "Feature", "id": "WHSE_WATER_MANAGEMENT.GW_WATER_WELLS_WRBC_SVW.fid-29e471e6_19f63eee063_2199", "geometry": {"type": "Point", "coordinates": [-120.706496, 56.308159]}, "geometry_name": "GEOMETRY", "properties": {"GW_WW_SYSID": 4928, "WELL_TAG_NUMBER": 4936, "IDENTIFICATION_PLATE_NUMBER": null, "STREET_ADDRESS": " ", "CITY": " ", "LEGAL_LOT": " ", "LEGAL_PLAN": " ", "LEGAL_DISTRICT_LOT": " ", "LEGAL_PID": null, "WELL_LOCATION_DESCRIPTION": " ", "COORDINATE_ACQUISITION_CODE": "E", "WELL_STATUS": "New", "WELL_CLASS": "Water Supply", "WELL_SUBCLASS": null, "INTENDED_WATER_USE": "Private Domestic", "WELL_DETAILS_URL": "https://apps.nrs.gov.bc.ca/gwells/well/4936", "LICENCE_STATUS": "Unlicensed", "AQUIFER_ID": null, "PERSON_RESPONSIBLE": " ", "COMPANY_OF_PERSON_RESPONSIBLE": "Unknown", "FINISHED_WELL_DEPTH": 20, "TOTAL_DEPTH_DRILLED": null, "BEDROCK_DEPTH": 7, "YIELD": 0, "YIELD_ESTIMATION_DURATION": null, "ARTESIAN_COND": "N", "ARTESIAN_FLOW": null, "ARTESIAN_PRESSURE": null, "STATIC_WATER_LEVEL": 18, "DIAMETER": null, "FINAL_CASING_STICK_UP": null, "GROUND_ELEVATION": null, "GROUND_ELEVATION_METHOD": "UNKNOWN", "SURFACE_SEAL_DEPTH": null, "SURFACE_SEAL_THICKNESS": null, "SURFACE_SEAL_METHOD": null, "SCREEN_INTAKE_METHOD": null, "WATER_SUPPLY_SYSTEM_NAME": null, "WATER_SUPPLY_SYSTEM_WELL_NAME": null, "CONSTRUCTION_START_DATE": "1950-01-01Z", "CONSTRUCTION_END_DATE": "1950-01-01Z", "ALTERATION_START_DATE": null, "ALTERATION_END_DATE": null, "DECOMMISSION_START_DATE": null, "DECOMMISSION_END_DATE": null, "DECOMMISSION_REASON": null, "OBSERVATION_WELL_NUMBER": null, "OBSERVATION_WELL_STATUS": null, "EMS_ID": null, "AQUIFER_MATERIAL": "Bedrock", "OBJECTID": 122466278, "SE_ANNO_CAD_DATA": null}}, {"type": "Feature", "id": "WHSE_WATER_MANAGEMENT.GW_WATER_WELLS_WRBC_SVW.fid-29e471e6_19f63eee063_219a", "geometry": {"type": "Point", "coordinates": [-120.569055, 56.303272]}, "geometry_name": "GEOMETRY", "properties": {"GW_WW_SYSID": 58010, "WELL_TAG_NUMBER": 58164, "IDENTIFICATION_PLATE_NUMBER": null, "STREET_ADDRESS": " ", "CITY": "CECIL LAKE", "LEGAL_LOT": " ", "LEGAL_PLAN": " ", "LEGAL_DISTRICT_LOT": " ", "LEGAL_PID": null, "WELL_LOCATION_DESCRIPTION": " ", "COORDINATE_ACQUISITION_CODE": "E", "WELL_STATUS": "Alteration", "WELL_CLASS": "Water Supply", "WELL_SUBCLASS": "Not Applicable", "INTENDED_WATER_USE": "Private Domestic", "WELL_DETAILS_URL": "https://apps.nrs.gov.bc.ca/gwells/well/58164", "LICENCE_STATUS": "Unlicensed", "AQUIFER_ID": null, "PERSON_RESPONSIBLE": " ", "COMPANY_OF_PERSON_RESPONSIBLE": "Bob's Water Drilling", "FINISHED_WELL_DEPTH": 34, "TOTAL_DEPTH_DRILLED": 34, "BEDROCK_DEPTH": null, "YIELD": 25, "YIELD_ESTIMATION_DURATION": null, "ARTESIAN_COND": "N", "ARTESIAN_FLOW": null, "ARTESIAN_PRESSURE": null, "STATIC_WATER_LEVEL": 19, "DIAMETER": null, "FINAL_CASING_STICK_UP": null, "GROUND_ELEVATION": null, "GROUND_ELEVATION_METHOD": "UNKNOWN", "SURFACE_SEAL_DEPTH": null, "SURFACE_SEAL_THICKNESS": null, "SURFACE_SEAL_METHOD": null, "SCREEN_INTAKE_METHOD": null, "WATER_SUPPLY_SYSTEM_NAME": null, "WATER_SUPPLY_SYSTEM_WELL_NAME": null, "CONSTRUCTION_START_DATE": "1988-05-27Z", "CONSTRUCTION_END_DATE": "1988-05-27Z", "ALTERATION_START_DATE": null, "ALTERATION_END_DATE": null, "DECOMMISSION_START_DATE": null, "DECOMMISSION_END_DATE": null, "DECOMMISSION_REASON": null, "OBSERVATION_WELL_NUMBER": null, "OBSERVATION_WELL_STATUS": null, "EMS_ID": null, "AQUIFER_MATERIAL": "Bedrock", "OBJECTID": 122519360, "SE_ANNO_CAD_DATA": null}}, {"type": "Feature", "id": "WHSE_WATER_MANAGEMENT.GW_WATER_WELLS_WRBC_SVW.fid-29e471e6_19f63eee063_219b", "geometry": {"type": "Point", "coordinates": [-120.571, 56.3042]}, "geometry_name": "GEOMETRY", "properties": {"GW_WW_SYSID": 2427, "WELL_TAG_NUMBER": 2433, "IDENTIFICATION_PLATE_NUMBER": null, "STREET_ADDRESS": null, "CITY": "CECIL LAKE", "LEGAL_LOT": null, "LEGAL_PLAN": null, "LEGAL_DISTRICT_LOT": null, "LEGAL_PID": 11390956, "WELL_LOCATION_DESCRIPTION": "RIGHT BESIDE RAVINE", "COORDINATE_ACQUISITION_CODE": "H", "WELL_STATUS": "New", "WELL_CLASS": "Water Supply", "WELL_SUBCLASS": null, "INTENDED_WATER_USE": "Private Domestic", "WELL_DETAILS_URL": "https://apps.nrs.gov.bc.ca/gwells/well/2433", "LICENCE_STATUS": "Unlicensed", "AQUIFER_ID": null, "PERSON_RESPONSIBLE": " ", "COMPANY_OF_PERSON_RESPONSIBLE": "Unknown", "FINISHED_WELL_DEPTH": 24, "TOTAL_DEPTH_DRILLED": null, "BEDROCK_DEPTH": 20, "YIELD": 0, "YIELD_ESTIMATION_DURATION": null, "ARTESIAN_COND": "N", "ARTESIAN_FLOW": null, "ARTESIAN_PRESSURE": null, "STATIC_WATER_LEVEL": 14, "DIAMETER": null, "FINAL_CASING_STICK_UP": null, "GROUND_ELEVATION": null, "GROUND_ELEVATION_METHOD": "UNKNOWN", "SURFACE_SEAL_DEPTH": null, "SURFACE_SEAL_THICKNESS": null, "SURFACE_SEAL_METHOD": null, "SCREEN_INTAKE_METHOD": null, "WATER_SUPPLY_SYSTEM_NAME": null, "WATER_SUPPLY_SYSTEM_WELL_NAME": null, "CONSTRUCTION_START_DATE": "1945-01-01Z", "CONSTRUCTION_END_DATE": "1945-01-01Z", "ALTERATION_START_DATE": null, "ALTERATION_END_DATE": null, "DECOMMISSION_START_DATE": null, "DECOMMISSION_END_DATE": null, "DECOMMISSION_REASON": null, "OBSERVATION_WELL_NUMBER": null, "OBSERVATION_WELL_STATUS": null, "EMS_ID": null, "AQUIFER_MATERIAL": "Bedrock", "OBJECTID": 122463777, "SE_ANNO_CAD_DATA": null}}, {"type": "Feature", "id": "WHSE_WATER_MANAGEMENT.GW_WATER_WELLS_WRBC_SVW.fid-29e471e6_19f63eee063_219c", "geometry": {"type": "Point", "coordinates": [-120.567709, 56.30436]}, "geometry_name": "GEOMETRY", "properties": {"GW_WW_SYSID": 98725, "WELL_TAG_NUMBER": 102853, "IDENTIFICATION_PLATE_NUMBER": null, "STREET_ADDRESS": " ", "CITY": " ", "LEGAL_LOT": "1", "LEGAL_PLAN": "27067", "LEGAL_DISTRICT_LOT": " ", "LEGAL_PID": 6622798, "WELL_LOCATION_DESCRIPTION": "SEE SKETCH FOR DETAILS. ACROSS FROM CECIL LK COMMUNITY HALL.", "COORDINATE_ACQUISITION_CODE": "J", "WELL_STATUS": "New", "WELL_CLASS": "Water Supply", "WELL_SUBCLASS": "Not Applicable", "INTENDED_WATER_USE": "Private Domestic", "WELL_DETAILS_URL": "https://apps.nrs.gov.bc.ca/gwells/well/102853", "LICENCE_STATUS": "Unlicensed", "AQUIFER_ID": 933, "PERSON_RESPONSIBLE": " ", "COMPANY_OF_PERSON_RESPONSIBLE": null, "FINISHED_WELL_DEPTH": 100, "TOTAL_DEPTH_DRILLED": 100, "BEDROCK_DEPTH": null, "YIELD": 3, "YIELD_ESTIMATION_DURATION": null, "ARTESIAN_COND": "N", "ARTESIAN_FLOW": null, "ARTESIAN_PRESSURE": null, "STATIC_WATER_LEVEL": 38, "DIAMETER": 6, "FINAL_CASING_STICK_UP": null, "GROUND_ELEVATION": null, "GROUND_ELEVATION_METHOD": "UNKNOWN", "SURFACE_SEAL_DEPTH": null, "SURFACE_SEAL_THICKNESS": null, "SURFACE_SEAL_METHOD": null, "SCREEN_INTAKE_METHOD": null, "WATER_SUPPLY_SYSTEM_NAME": null, "WATER_SUPPLY_SYSTEM_WELL_NAME": null, "CONSTRUCTION_START_DATE": "1999-05-08Z", "CONSTRUCTION_END_DATE": "1999-05-08Z", "ALTERATION_START_DATE": null, "ALTERATION_END_DATE": null, "DECOMMISSION_START_DATE": null, "DECOMMISSION_END_DATE": null, "DECOMMISSION_REASON": null, "OBSERVATION_WELL_NUMBER": null, "OBSERVATION_WELL_STATUS": null, "EMS_ID": null, "AQUIFER_MATERIAL": "Unknown", "OBJECTID": 122560075, "SE_ANNO_CAD_DATA": null}}, {"type": "Feature", "id": "WHSE_WATER_MANAGEMENT.GW_WATER_WELLS_WRBC_SVW.fid-29e471e6_19f63eee063_219d", "geometry": {"type": "Point", "coordinates": [-120.56626, 56.304511]}, "geometry_name": "GEOMETRY", "properties": {"GW_WW_SYSID": 25363, "WELL_TAG_NUMBER": 25409, "IDENTIFICATION_PLATE_NUMBER": null, "STREET_ADDRESS": " ", "CITY": "CECIL LAKE", "LEGAL_LOT": " ", "LEGAL_PLAN": " ", "LEGAL_DISTRICT_LOT": " ", "LEGAL_PID": null, "WELL_LOCATION_DESCRIPTION": " ", "COORDINATE_ACQUISITION_CODE": "E", "WELL_STATUS": "Abandoned", "WELL_CLASS": "Unknown", "WELL_SUBCLASS": null, "INTENDED_WATER_USE": "Not Applicable", "WELL_DETAILS_URL": "https://apps.nrs.gov.bc.ca/gwells/well/25409", "LICENCE_STATUS": "Unlicensed", "AQUIFER_ID": null, "PERSON_RESPONSIBLE": " ", "COMPANY_OF_PERSON_RESPONSIBLE": "Cliff Baker Drilling", "FINISHED_WELL_DEPTH": 152, "TOTAL_DEPTH_DRILLED": null, "BEDROCK_DEPTH": null, "YIELD": 0, "YIELD_ESTIMATION_DURATION": null, "ARTESIAN_COND": "N", "ARTESIAN_FLOW": null, "ARTESIAN_PRESSURE": null, "STATIC_WATER_LEVEL": null, "DIAMETER": null, "FINAL_CASING_STICK_UP": null, "GROUND_ELEVATION": 2325, "GROUND_ELEVATION_METHOD": "UNKNOWN", "SURFACE_SEAL_DEPTH": null, "SURFACE_SEAL_THICKNESS": null, "SURFACE_SEAL_METHOD": null, "SCREEN_INTAKE_METHOD": null, "WATER_SUPPLY_SYSTEM_NAME": null, "WATER_SUPPLY_SYSTEM_WELL_NAME": null, "CONSTRUCTION_START_DATE": "1971-09-03Z", "CONSTRUCTION_END_DATE": "1971-09-03Z", "ALTERATION_START_DATE": null, "ALTERATION_END_DATE": null, "DECOMMISSION_START_DATE": null, "DECOMMISSION_END_DATE": null, "DECOMMISSION_REASON": null, "OBSERVATION_WELL_NUMBER": null, "OBSERVATION_WELL_STATUS": null, "EMS_ID": null, "AQUIFER_MATERIAL": "Unknown", "OBJECTID": 122486713, "SE_ANNO_CAD_DATA": null}}, {"type": "Feature", "id": "WHSE_WATER_MANAGEMENT.GW_WATER_WELLS_WRBC_SVW.fid-29e471e6_19f63eee063_219e", "geometry": {"type": "Point", "coordinates": [-120.568756, 56.304677]}, "geometry_name": "GEOMETRY", "properties": {"GW_WW_SYSID": 25375, "WELL_TAG_NUMBER": 25421, "IDENTIFICATION_PLATE_NUMBER": null, "STREET_ADDRESS": " ", "CITY": "CECIL LAKE", "LEGAL_LOT": " ", "LEGAL_PLAN": " ", "LEGAL_DISTRICT_LOT": " ", "LEGAL_PID": null, "WELL_LOCATION_DESCRIPTION": " ", "COORDINATE_ACQUISITION_CODE": "E", "WELL_STATUS": "Abandoned", "WELL_CLASS": "Unknown", "WELL_SUBCLASS": null, "INTENDED_WATER_USE": "Not Applicable", "WELL_DETAILS_URL": "https://apps.nrs.gov.bc.ca/gwells/well/25421", "LICENCE_STATUS": "Unlicensed", "AQUIFER_ID": null, "PERSON_RESPONSIBLE": " ", "COMPANY_OF_PERSON_RESPONSIBLE": "Cliff Baker Drilling", "FINISHED_WELL_DEPTH": 94, "TOTAL_DEPTH_DRILLED": null, "BEDROCK_DEPTH": null, "YIELD": 2.5, "YIELD_ESTIMATION_DURATION": null, "ARTESIAN_COND": "N", "ARTESIAN_FLOW": null, "ARTESIAN_PRESSURE": null, "STATIC_WATER_LEVEL": 61, "DIAMETER": null, "FINAL_CASING_STICK_UP": null, "GROUND_ELEVATION": 2325, "GROUND_ELEVATION_METHOD": "UNKNOWN", "SURFACE_SEAL_DEPTH": null, "SURFACE_SEAL_THICKNESS": null, "SURFACE_SEAL_METHOD": null, "SCREEN_INTAKE_METHOD": null, "WATER_SUPPLY_SYSTEM_NAME": null, "WATER_SUPPLY_SYSTEM_WELL_NAME": null, "CONSTRUCTION_START_DATE": "1971-09-04Z", "CONSTRUCTION_END_DATE": "1971-09-04Z", "ALTERATION_START_DATE": null, "ALTERATION_END_DATE": null, "DECOMMISSION_START_DATE": null, "DECOMMISSION_END_DATE": null, "DECOMMISSION_REASON": null, "OBSERVATION_WELL_NUMBER": null, "OBSERVATION_WELL_STATUS": null, "EMS_ID": null, "AQUIFER_MATERIAL": "Unknown", "OBJECTID": 122486725, "SE_ANNO_CAD_DATA": null}}, {"type": "Feature", "id": "WHSE_WATER_MANAGEMENT.GW_WATER_WELLS_WRBC_SVW.fid-29e471e6_19f63eee063_219f", "geometry": {"type": "Point", "coordinates": [-120.570673, 56.304777]}, "geometry_name": "GEOMETRY", "properties": {"GW_WW_SYSID": 35920, "WELL_TAG_NUMBER": 35999, "IDENTIFICATION_PLATE_NUMBER": null, "STREET_ADDRESS": null, "CITY": "CECIL LAKE", "LEGAL_LOT": null, "LEGAL_PLAN": null, "LEGAL_DISTRICT_LOT": null, "LEGAL_PID": null, "WELL_LOCATION_DESCRIPTION": null, "COORDINATE_ACQUISITION_CODE": "E", "WELL_STATUS": "New", "WELL_CLASS": "Unknown", "WELL_SUBCLASS": null, "INTENDED_WATER_USE": "Not Applicable", "WELL_DETAILS_URL": "https://apps.nrs.gov.bc.ca/gwells/well/35999", "LICENCE_STATUS": "Unlicensed", "AQUIFER_ID": 933, "PERSON_RESPONSIBLE": " ", "COMPANY_OF_PERSON_RESPONSIBLE": "Bob's Water Drilling", "FINISHED_WELL_DEPTH": 217, "TOTAL_DEPTH_DRILLED": null, "BEDROCK_DEPTH": null, "YIELD": 2, "YIELD_ESTIMATION_DURATION": null, "ARTESIAN_COND": "N", "ARTESIAN_FLOW": null, "ARTESIAN_PRESSURE": null, "STATIC_WATER_LEVEL": 30, "DIAMETER": null, "FINAL_CASING_STICK_UP": null, "GROUND_ELEVATION": null, "GROUND_ELEVATION_METHOD": "UNKNOWN", "SURFACE_SEAL_DEPTH": null, "SURFACE_SEAL_THICKNESS": null, "SURFACE_SEAL_METHOD": null, "SCREEN_INTAKE_METHOD": null, "WATER_SUPPLY_SYSTEM_NAME": null, "WATER_SUPPLY_SYSTEM_WELL_NAME": null, "CONSTRUCTION_START_DATE": "1976-11-01Z", "CONSTRUCTION_END_DATE": "1976-11-01Z", "ALTERATION_START_DATE": null, "ALTERATION_END_DATE": null, "DECOMMISSION_START_DATE": null, "DECOMMISSION_END_DATE": null, "DECOMMISSION_REASON": null, "OBSERVATION_WELL_NUMBER": null, "OBSERVATION_WELL_STATUS": null, "EMS_ID": null, "AQUIFER_MATERIAL": "Unconsolidated", "OBJECTID": 122497270, "SE_ANNO_CAD_DATA": null}}, {"type": "Feature", "id": "WHSE_WATER_MANAGEMENT.GW_WATER_WELLS_WRBC_SVW.fid-29e471e6_19f63eee063_21a0", "geometry": {"type": "Point", "coordinates": [-120.564921, 56.304979]}, "geometry_name": "GEOMETRY", "properties": {"GW_WW_SYSID": 18430, "WELL_TAG_NUMBER": 18463, "IDENTIFICATION_PLATE_NUMBER": null, "STREET_ADDRESS": " ", "CITY": "CECIL LAKE", "LEGAL_LOT": " ", "LEGAL_PLAN": " ", "LEGAL_DISTRICT_LOT": " ", "LEGAL_PID": null, "WELL_LOCATION_DESCRIPTION": " ", "COORDINATE_ACQUISITION_CODE": "E", "WELL_STATUS": "New", "WELL_CLASS": "Water Supply", "WELL_SUBCLASS": null, "INTENDED_WATER_USE": "Private Domestic", "WELL_DETAILS_URL": "https://apps.nrs.gov.bc.ca/gwells/well/18463", "LICENCE_STATUS": "Unlicensed", "AQUIFER_ID": 933, "PERSON_RESPONSIBLE": " ", "COMPANY_OF_PERSON_RESPONSIBLE": "Unknown", "FINISHED_WELL_DEPTH": 25, "TOTAL_DEPTH_DRILLED": null, "BEDROCK_DEPTH": 8, "YIELD": 0, "YIELD_ESTIMATION_DURATION": null, "ARTESIAN_COND": "N", "ARTESIAN_FLOW": null, "ARTESIAN_PRESSURE": null, "STATIC_WATER_LEVEL": 18, "DIAMETER": null, "FINAL_CASING_STICK_UP": null, "GROUND_ELEVATION": null, "GROUND_ELEVATION_METHOD": "UNKNOWN", "SURFACE_SEAL_DEPTH": null, "SURFACE_SEAL_THICKNESS": null, "SURFACE_SEAL_METHOD": null, "SCREEN_INTAKE_METHOD": null, "WATER_SUPPLY_SYSTEM_NAME": null, "WATER_SUPPLY_SYSTEM_WELL_NAME": null, "CONSTRUCTION_START_DATE": "1964-01-01Z", "CONSTRUCTION_END_DATE": "1964-01-01Z", "ALTERATION_START_DATE": null, "ALTERATION_END_DATE": null, "DECOMMISSION_START_DATE": null, "DECOMMISSION_END_DATE": null, "DECOMMISSION_REASON": null, "OBSERVATION_WELL_NUMBER": null, "OBSERVATION_WELL_STATUS": null, "EMS_ID": null, "AQUIFER_MATERIAL": "Bedrock", "OBJECTID": 122479780, "SE_ANNO_CAD_DATA": null}}, {"type": "Feature", "id": "WHSE_WATER_MANAGEMENT.GW_WATER_WELLS_WRBC_SVW.fid-29e471e6_19f63eee063_21a1", "geometry": {"type": "Point", "coordinates": [-120.569713, 56.305469]}, "geometry_name": "GEOMETRY", "properties": {"GW_WW_SYSID": 128126, "WELL_TAG_NUMBER": 133493, "IDENTIFICATION_PLATE_NUMBER": 75281, "STREET_ADDRESS": "4896 Cecil Lake Rd", "CITY": "Cecil Lake", "LEGAL_LOT": "SE 1/4", "LEGAL_PLAN": null, "LEGAL_DISTRICT_LOT": null, "LEGAL_PID": 14665786, "WELL_LOCATION_DESCRIPTION": "(EXCEPT PLAN PGP6229 PGP18176 PGP16752, EXC PCL A (92116M) PETROLEUM FACILITY LOCATED HEREON (WA 07940))", "COORDINATE_ACQUISITION_CODE": "H", "WELL_STATUS": "New", "WELL_CLASS": "Water Supply", "WELL_SUBCLASS": "Not Applicable", "INTENDED_WATER_USE": "Commercial and Industrial", "WELL_DETAILS_URL": "https://apps.nrs.gov.bc.ca/gwells/well/133493", "LICENCE_STATUS": "Unlicensed", "AQUIFER_ID": null, "PERSON_RESPONSIBLE": " ", "COMPANY_OF_PERSON_RESPONSIBLE": null, "FINISHED_WELL_DEPTH": 60, "TOTAL_DEPTH_DRILLED": null, "BEDROCK_DEPTH": null, "YIELD": null, "YIELD_ESTIMATION_DURATION": null, "ARTESIAN_COND": "N", "ARTESIAN_FLOW": null, "ARTESIAN_PRESSURE": null, "STATIC_WATER_LEVEL": null, "DIAMETER": null, "FINAL_CASING_STICK_UP": null, "GROUND_ELEVATION": null, "GROUND_ELEVATION_METHOD": null, "SURFACE_SEAL_DEPTH": null, "SURFACE_SEAL_THICKNESS": null, "SURFACE_SEAL_METHOD": null, "SCREEN_INTAKE_METHOD": null, "WATER_SUPPLY_SYSTEM_NAME": null, "WATER_SUPPLY_SYSTEM_WELL_NAME": null, "CONSTRUCTION_START_DATE": null, "CONSTRUCTION_END_DATE": null, "ALTERATION_START_DATE": null, "ALTERATION_END_DATE": null, "DECOMMISSION_START_DATE": null, "DECOMMISSION_END_DATE": null, "DECOMMISSION_REASON": null, "OBSERVATION_WELL_NUMBER": null, "OBSERVATION_WELL_STATUS": null, "EMS_ID": null, "AQUIFER_MATERIAL": null, "OBJECTID": 122589476, "SE_ANNO_CAD_DATA": null}}, {"type": "Feature", "id": "WHSE_WATER_MANAGEMENT.GW_WATER_WELLS_WRBC_SVW.fid-29e471e6_19f63eee063_21a2", "geometry": {"type": "Point", "coordinates": [-120.56489, 56.30726]}, "geometry_name": "GEOMETRY", "properties": {"GW_WW_SYSID": 57521, "WELL_TAG_NUMBER": 57669, "IDENTIFICATION_PLATE_NUMBER": null, "STREET_ADDRESS": "4896 Cecil Lake Road", "CITY": "Cecil Lake", "LEGAL_LOT": "SE1/4", "LEGAL_PLAN": null, "LEGAL_DISTRICT_LOT": null, "LEGAL_PID": 14665786, "WELL_LOCATION_DESCRIPTION": "75 metres north of Cecil Lake Rd", "COORDINATE_ACQUISITION_CODE": "E", "WELL_STATUS": "New", "WELL_CLASS": "Water Supply", "WELL_SUBCLASS": "Not Applicable", "INTENDED_WATER_USE": "Private Domestic", "WELL_DETAILS_URL": "https://apps.nrs.gov.bc.ca/gwells/well/57669", "LICENCE_STATUS": "Unlicensed", "AQUIFER_ID": 933, "PERSON_RESPONSIBLE": " ", "COMPANY_OF_PERSON_RESPONSIBLE": "Anderson Air Drilling", "FINISHED_WELL_DEPTH": 64, "TOTAL_DEPTH_DRILLED": null, "BEDROCK_DEPTH": 16, "YIELD": 12, "YIELD_ESTIMATION_DURATION": null, "ARTESIAN_COND": "N", "ARTESIAN_FLOW": null, "ARTESIAN_PRESSURE": null, "STATIC_WATER_LEVEL": null, "DIAMETER": 4.5, "FINAL_CASING_STICK_UP": 24, "GROUND_ELEVATION": null, "GROUND_ELEVATION_METHOD": "UNKNOWN", "SURFACE_SEAL_DEPTH": null, "SURFACE_SEAL_THICKNESS": null, "SURFACE_SEAL_METHOD": null, "SCREEN_INTAKE_METHOD": "SCREEN", "WATER_SUPPLY_SYSTEM_NAME": null, "WATER_SUPPLY_SYSTEM_WELL_NAME": "House well", "CONSTRUCTION_START_DATE": "1987-11-01Z", "CONSTRUCTION_END_DATE": "1987-11-01Z", "ALTERATION_START_DATE": null, "ALTERATION_END_DATE": null, "DECOMMISSION_START_DATE": null, "DECOMMISSION_END_DATE": null, "DECOMMISSION_REASON": null, "OBSERVATION_WELL_NUMBER": null, "OBSERVATION_WELL_STATUS": null, "EMS_ID": null, "AQUIFER_MATERIAL": "Bedrock", "OBJECTID": 122518871, "SE_ANNO_CAD_DATA": null}}, {"type": "Feature", "id": "WHSE_WATER_MANAGEMENT.GW_WATER_WELLS_WRBC_SVW.fid-29e471e6_19f63eee063_21a3", "geometry": {"type": "Point", "coordinates": [-120.668736, 56.335359]}, "geometry_name": "GEOMETRY", "properties": {"GW_WW_SYSID": 4897, "WELL_TAG_NUMBER": 4905, "IDENTIFICATION_PLATE_NUMBER": null, "STREET_ADDRESS": " ", "CITY": " ", "LEGAL_LOT": " ", "LEGAL_PLAN": " ", "LEGAL_DISTRICT_LOT": " ", "LEGAL_PID": null, "WELL_LOCATION_DESCRIPTION": " ", "COORDINATE_ACQUISITION_CODE": "E", "WELL_STATUS": "New", "WELL_CLASS": "Water Supply", "WELL_SUBCLASS": null, "INTENDED_WATER_USE": "Private Domestic", "WELL_DETAILS_URL": "https://apps.nrs.gov.bc.ca/gwells/well/4905", "LICENCE_STATUS": "Unlicensed", "AQUIFER_ID": null, "PERSON_RESPONSIBLE": " ", "COMPANY_OF_PERSON_RESPONSIBLE": "Unknown", "FINISHED_WELL_DEPTH": 6, "TOTAL_DEPTH_DRILLED": null, "BEDROCK_DEPTH": null, "YIELD": 0, "YIELD_ESTIMATION_DURATION": null, "ARTESIAN_COND": "N", "ARTESIAN_FLOW": null, "ARTESIAN_PRESSURE": null, "STATIC_WATER_LEVEL": 2, "DIAMETER": null, "FINAL_CASING_STICK_UP": null, "GROUND_ELEVATION": null, "GROUND_ELEVATION_METHOD": "UNKNOWN", "SURFACE_SEAL_DEPTH": null, "SURFACE_SEAL_THICKNESS": null, "SURFACE_SEAL_METHOD": null, "SCREEN_INTAKE_METHOD": null, "WATER_SUPPLY_SYSTEM_NAME": null, "WATER_SUPPLY_SYSTEM_WELL_NAME": null, "CONSTRUCTION_START_DATE": "1950-01-01Z", "CONSTRUCTION_END_DATE": "1950-01-01Z", "ALTERATION_START_DATE": null, "ALTERATION_END_DATE": null, "DECOMMISSION_START_DATE": null, "DECOMMISSION_END_DATE": null, "DECOMMISSION_REASON": null, "OBSERVATION_WELL_NUMBER": null, "OBSERVATION_WELL_STATUS": null, "EMS_ID": null, "AQUIFER_MATERIAL": "Unconsolidated", "OBJECTID": 122466247, "SE_ANNO_CAD_DATA": null}}, {"type": "Feature", "id": "WHSE_WATER_MANAGEMENT.GW_WATER_WELLS_WRBC_SVW.fid-29e471e6_19f63eee063_21a4", "geometry": {"type": "Point", "coordinates": [-120.613066, 56.354467]}, "geometry_name": "GEOMETRY", "properties": {"GW_WW_SYSID": 40390, "WELL_TAG_NUMBER": 40476, "IDENTIFICATION_PLATE_NUMBER": null, "STREET_ADDRESS": " ", "CITY": "CECIL LAKE", "LEGAL_LOT": " ", "LEGAL_PLAN": " ", "LEGAL_DISTRICT_LOT": " ", "LEGAL_PID": null, "WELL_LOCATION_DESCRIPTION": " ", "COORDINATE_ACQUISITION_CODE": "E", "WELL_STATUS": "New", "WELL_CLASS": "Water Supply", "WELL_SUBCLASS": null, "INTENDED_WATER_USE": "Private Domestic", "WELL_DETAILS_URL": "https://apps.nrs.gov.bc.ca/gwells/well/40476", "LICENCE_STATUS": "Unlicensed", "AQUIFER_ID": 933, "PERSON_RESPONSIBLE": " ", "COMPANY_OF_PERSON_RESPONSIBLE": "I . & M.  Drilling", "FINISHED_WELL_DEPTH": 178, "TOTAL_DEPTH_DRILLED": null, "BEDROCK_DEPTH": 175, "YIELD": 4, "YIELD_ESTIMATION_DURATION": null, "ARTESIAN_COND": "N", "ARTESIAN_FLOW": null, "ARTESIAN_PRESSURE": null, "STATIC_WATER_LEVEL": null, "DIAMETER": null, "FINAL_CASING_STICK_UP": null, "GROUND_ELEVATION": null, "GROUND_ELEVATION_METHOD": "UNKNOWN", "SURFACE_SEAL_DEPTH": null, "SURFACE_SEAL_THICKNESS": null, "SURFACE_SEAL_METHOD": null, "SCREEN_INTAKE_METHOD": null, "WATER_SUPPLY_SYSTEM_NAME": null, "WATER_SUPPLY_SYSTEM_WELL_NAME": null, "CONSTRUCTION_START_DATE": "1978-08-30Z", "CONSTRUCTION_END_DATE": "1978-08-30Z", "ALTERATION_START_DATE": null, "ALTERATION_END_DATE": null, "DECOMMISSION_START_DATE": null, "DECOMMISSION_END_DATE": null, "DECOMMISSION_REASON": null, "OBSERVATION_WELL_NUMBER": null, "OBSERVATION_WELL_STATUS": null, "EMS_ID": null, "AQUIFER_MATERIAL": "Bedrock", "OBJECTID": 122501740, "SE_ANNO_CAD_DATA": null}}, {"type": "Feature", "id": "WHSE_WATER_MANAGEMENT.GW_WATER_WELLS_WRBC_SVW.fid-29e471e6_19f63eee063_21a5", "geometry": {"type": "Point", "coordinates": [-120.610035, 56.354525]}, "geometry_name": "GEOMETRY", "properties": {"GW_WW_SYSID": 20332, "WELL_TAG_NUMBER": 20372, "IDENTIFICATION_PLATE_NUMBER": null, "STREET_ADDRESS": " ", "CITY": " ", "LEGAL_LOT": " ", "LEGAL_PLAN": " ", "LEGAL_DISTRICT_LOT": " ", "LEGAL_PID": null, "WELL_LOCATION_DESCRIPTION": " ", "COORDINATE_ACQUISITION_CODE": "E", "WELL_STATUS": "New", "WELL_CLASS": "Unknown", "WELL_SUBCLASS": null, "INTENDED_WATER_USE": "Unknown Well Use", "WELL_DETAILS_URL": "https://apps.nrs.gov.bc.ca/gwells/well/20372", "LICENCE_STATUS": "Unlicensed", "AQUIFER_ID": null, "PERSON_RESPONSIBLE": " ", "COMPANY_OF_PERSON_RESPONSIBLE": "Unknown", "FINISHED_WELL_DEPTH": 90, "TOTAL_DEPTH_DRILLED": null, "BEDROCK_DEPTH": 80, "YIELD": null, "YIELD_ESTIMATION_DURATION": null, "ARTESIAN_COND": "N", "ARTESIAN_FLOW": null, "ARTESIAN_PRESSURE": null, "STATIC_WATER_LEVEL": null, "DIAMETER": null, "FINAL_CASING_STICK_UP": null, "GROUND_ELEVATION": null, "GROUND_ELEVATION_METHOD": "UNKNOWN", "SURFACE_SEAL_DEPTH": null, "SURFACE_SEAL_THICKNESS": null, "SURFACE_SEAL_METHOD": null, "SCREEN_INTAKE_METHOD": null, "WATER_SUPPLY_SYSTEM_NAME": null, "WATER_SUPPLY_SYSTEM_WELL_NAME": null, "CONSTRUCTION_START_DATE": "1967-01-01Z", "CONSTRUCTION_END_DATE": "1967-01-01Z", "ALTERATION_START_DATE": null, "ALTERATION_END_DATE": null, "DECOMMISSION_START_DATE": null, "DECOMMISSION_END_DATE": null, "DECOMMISSION_REASON": null, "OBSERVATION_WELL_NUMBER": null, "OBSERVATION_WELL_STATUS": null, "EMS_ID": null, "AQUIFER_MATERIAL": "Unconsolidated", "OBJECTID": 122481682, "SE_ANNO_CAD_DATA": null}}, {"type": "Feature", "id": "WHSE_WATER_MANAGEMENT.GW_WATER_WELLS_WRBC_SVW.fid-29e471e6_19f63eee063_21a6", "geometry": {"type": "Point", "coordinates": [-120.612476, 56.355615]}, "geometry_name": "GEOMETRY", "properties": {"GW_WW_SYSID": 40391, "WELL_TAG_NUMBER": 40477, "IDENTIFICATION_PLATE_NUMBER": null, "STREET_ADDRESS": " ", "CITY": "CECIL LAKE", "LEGAL_LOT": " ", "LEGAL_PLAN": " ", "LEGAL_DISTRICT_LOT": " ", "LEGAL_PID": null, "WELL_LOCATION_DESCRIPTION": " ", "COORDINATE_ACQUISITION_CODE": "E", "WELL_STATUS": "New", "WELL_CLASS": "Unknown", "WELL_SUBCLASS": null, "INTENDED_WATER_USE": "Unknown Well Use", "WELL_DETAILS_URL": "https://apps.nrs.gov.bc.ca/gwells/well/40477", "LICENCE_STATUS": "Unlicensed", "AQUIFER_ID": 933, "PERSON_RESPONSIBLE": " ", "COMPANY_OF_PERSON_RESPONSIBLE": "I . & M.  Drilling", "FINISHED_WELL_DEPTH": 154, "TOTAL_DEPTH_DRILLED": null, "BEDROCK_DEPTH": 60, "YIELD": 5, "YIELD_ESTIMATION_DURATION": null, "ARTESIAN_COND": "N", "ARTESIAN_FLOW": null, "ARTESIAN_PRESSURE": null, "STATIC_WATER_LEVEL": null, "DIAMETER": null, "FINAL_CASING_STICK_UP": null, "GROUND_ELEVATION": null, "GROUND_ELEVATION_METHOD": "UNKNOWN", "SURFACE_SEAL_DEPTH": null, "SURFACE_SEAL_THICKNESS": null, "SURFACE_SEAL_METHOD": null, "SCREEN_INTAKE_METHOD": null, "WATER_SUPPLY_SYSTEM_NAME": null, "WATER_SUPPLY_SYSTEM_WELL_NAME": null, "CONSTRUCTION_START_DATE": "1978-08-31Z", "CONSTRUCTION_END_DATE": "1978-08-31Z", "ALTERATION_START_DATE": null, "ALTERATION_END_DATE": null, "DECOMMISSION_START_DATE": null, "DECOMMISSION_END_DATE": null, "DECOMMISSION_REASON": null, "OBSERVATION_WELL_NUMBER": null, "OBSERVATION_WELL_STATUS": null, "EMS_ID": null, "AQUIFER_MATERIAL": "Bedrock", "OBJECTID": 122501741, "SE_ANNO_CAD_DATA": null}}, {"type": "Feature", "id": "WHSE_WATER_MANAGEMENT.GW_WATER_WELLS_WRBC_SVW.fid-29e471e6_19f63eee063_21a7", "geometry": {"type": "Point", "coordinates": [-120.639678, 56.361016]}, "geometry_name": "GEOMETRY", "properties": {"GW_WW_SYSID": 47790, "WELL_TAG_NUMBER": 47900, "IDENTIFICATION_PLATE_NUMBER": null, "STREET_ADDRESS": " ", "CITY": " ", "LEGAL_LOT": " ", "LEGAL_PLAN": " ", "LEGAL_DISTRICT_LOT": " ", "LEGAL_PID": null, "WELL_LOCATION_DESCRIPTION": " ", "COORDINATE_ACQUISITION_CODE": "E", "WELL_STATUS": "New", "WELL_CLASS": "Unknown", "WELL_SUBCLASS": null, "INTENDED_WATER_USE": "Unknown Well Use", "WELL_DETAILS_URL": "https://apps.nrs.gov.bc.ca/gwells/well/47900", "LICENCE_STATUS": "Unlicensed", "AQUIFER_ID": 933, "PERSON_RESPONSIBLE": " ", "COMPANY_OF_PERSON_RESPONSIBLE": "Bob's Water Drilling", "FINISHED_WELL_DEPTH": 216, "TOTAL_DEPTH_DRILLED": null, "BEDROCK_DEPTH": null, "YIELD": 6, "YIELD_ESTIMATION_DURATION": null, "ARTESIAN_COND": "N", "ARTESIAN_FLOW": null, "ARTESIAN_PRESSURE": null, "STATIC_WATER_LEVEL": null, "DIAMETER": null, "FINAL_CASING_STICK_UP": null, "GROUND_ELEVATION": null, "GROUND_ELEVATION_METHOD": "UNKNOWN", "SURFACE_SEAL_DEPTH": null, "SURFACE_SEAL_THICKNESS": null, "SURFACE_SEAL_METHOD": null, "SCREEN_INTAKE_METHOD": null, "WATER_SUPPLY_SYSTEM_NAME": null, "WATER_SUPPLY_SYSTEM_WELL_NAME": null, "CONSTRUCTION_START_DATE": "1981-05-08Z", "CONSTRUCTION_END_DATE": "1981-05-08Z", "ALTERATION_START_DATE": null, "ALTERATION_END_DATE": null, "DECOMMISSION_START_DATE": null, "DECOMMISSION_END_DATE": null, "DECOMMISSION_REASON": null, "OBSERVATION_WELL_NUMBER": null, "OBSERVATION_WELL_STATUS": null, "EMS_ID": null, "AQUIFER_MATERIAL": "Unconsolidated", "OBJECTID": 122509140, "SE_ANNO_CAD_DATA": null}}, {"type": "Feature", "id": "WHSE_WATER_MANAGEMENT.GW_WATER_WELLS_WRBC_SVW.fid-29e471e6_19f63eee063_21a8", "geometry": {"type": "Point", "coordinates": [-120.588, 56.36153]}, "geometry_name": "GEOMETRY", "properties": {"GW_WW_SYSID": 59948, "WELL_TAG_NUMBER": 60116, "IDENTIFICATION_PLATE_NUMBER": null, "STREET_ADDRESS": "ROAD #103", "CITY": "CECIL LAKE", "LEGAL_LOT": "NE1/4", "LEGAL_PLAN": null, "LEGAL_DISTRICT_LOT": null, "LEGAL_PID": 11017953, "WELL_LOCATION_DESCRIPTION": "4 miles north of road 103 / Cecil Lake Store / 1 mile west", "COORDINATE_ACQUISITION_CODE": "J", "WELL_STATUS": "New", "WELL_CLASS": "Water Supply", "WELL_SUBCLASS": "Not Applicable", "INTENDED_WATER_USE": "Private Domestic", "WELL_DETAILS_URL": "https://apps.nrs.gov.bc.ca/gwells/well/60116", "LICENCE_STATUS": "Unlicensed", "AQUIFER_ID": 933, "PERSON_RESPONSIBLE": " ", "COMPANY_OF_PERSON_RESPONSIBLE": "Anderson Water Wells", "FINISHED_WELL_DEPTH": 193, "TOTAL_DEPTH_DRILLED": 193, "BEDROCK_DEPTH": 31, "YIELD": 7.5, "YIELD_ESTIMATION_DURATION": null, "ARTESIAN_COND": "N", "ARTESIAN_FLOW": null, "ARTESIAN_PRESSURE": null, "STATIC_WATER_LEVEL": 155, "DIAMETER": 5, "FINAL_CASING_STICK_UP": 24, "GROUND_ELEVATION": null, "GROUND_ELEVATION_METHOD": "UNKNOWN", "SURFACE_SEAL_DEPTH": null, "SURFACE_SEAL_THICKNESS": null, "SURFACE_SEAL_METHOD": null, "SCREEN_INTAKE_METHOD": "SCREEN", "WATER_SUPPLY_SYSTEM_NAME": null, "WATER_SUPPLY_SYSTEM_WELL_NAME": null, "CONSTRUCTION_START_DATE": "1992-08-17Z", "CONSTRUCTION_END_DATE": "1992-08-17Z", "ALTERATION_START_DATE": null, "ALTERATION_END_DATE": null, "DECOMMISSION_START_DATE": null, "DECOMMISSION_END_DATE": null, "DECOMMISSION_REASON": null, "OBSERVATION_WELL_NUMBER": null, "OBSERVATION_WELL_STATUS": null, "EMS_ID": null, "AQUIFER_MATERIAL": "Bedrock", "OBJECTID": 122521298, "SE_ANNO_CAD_DATA": null}}, {"type": "Feature", "id": "WHSE_WATER_MANAGEMENT.GW_WATER_WELLS_WRBC_SVW.fid-29e471e6_19f63eee063_21a9", "geometry": {"type": "Point", "coordinates": [-120.5548, 56.4204]}, "geometry_name": "GEOMETRY", "properties": {"GW_WW_SYSID": 112775, "WELL_TAG_NUMBER": 117502, "IDENTIFICATION_PLATE_NUMBER": 54573, "STREET_ADDRESS": null, "CITY": null, "LEGAL_LOT": null, "LEGAL_PLAN": null, "LEGAL_DISTRICT_LOT": null, "LEGAL_PID": 12665100, "WELL_LOCATION_DESCRIPTION": "The well is beside the driveway approximately 35m south-east of the house.", "COORDINATE_ACQUISITION_CODE": null, "WELL_STATUS": "New", "WELL_CLASS": "Water Supply", "WELL_SUBCLASS": null, "INTENDED_WATER_USE": "Commercial and Industrial", "WELL_DETAILS_URL": "https://apps.nrs.gov.bc.ca/gwells/well/117502", "LICENCE_STATUS": "Licensed", "AQUIFER_ID": 933, "PERSON_RESPONSIBLE": " ", "COMPANY_OF_PERSON_RESPONSIBLE": null, "FINISHED_WELL_DEPTH": 196, "TOTAL_DEPTH_DRILLED": 196, "BEDROCK_DEPTH": null, "YIELD": null, "YIELD_ESTIMATION_DURATION": null, "ARTESIAN_COND": "N", "ARTESIAN_FLOW": null, "ARTESIAN_PRESSURE": null, "STATIC_WATER_LEVEL": null, "DIAMETER": null, "FINAL_CASING_STICK_UP": null, "GROUND_ELEVATION": null, "GROUND_ELEVATION_METHOD": null, "SURFACE_SEAL_DEPTH": null, "SURFACE_SEAL_THICKNESS": null, "SURFACE_SEAL_METHOD": null, "SCREEN_INTAKE_METHOD": null, "WATER_SUPPLY_SYSTEM_NAME": null, "WATER_SUPPLY_SYSTEM_WELL_NAME": null, "CONSTRUCTION_START_DATE": null, "CONSTRUCTION_END_DATE": null, "ALTERATION_START_DATE": null, "ALTERATION_END_DATE": null, "DECOMMISSION_START_DATE": null, "DECOMMISSION_END_DATE": null, "DECOMMISSION_REASON": null, "OBSERVATION_WELL_NUMBER": null, "OBSERVATION_WELL_STATUS": null, "EMS_ID": null, "AQUIFER_MATERIAL": null, "OBJECTID": 122574125, "SE_ANNO_CAD_DATA": null}}, {"type": "Feature", "id": "WHSE_WATER_MANAGEMENT.GW_WATER_WELLS_WRBC_SVW.fid-29e471e6_19f63eee063_21aa", "geometry": {"type": "Point", "coordinates": [-120.551833, 56.420583]}, "geometry_name": "GEOMETRY", "properties": {"GW_WW_SYSID": 108247, "WELL_TAG_NUMBER": 112779, "IDENTIFICATION_PLATE_NUMBER": null, "STREET_ADDRESS": " ", "CITY": " ", "LEGAL_LOT": " ", "LEGAL_PLAN": " ", "LEGAL_DISTRICT_LOT": " ", "LEGAL_PID": null, "WELL_LOCATION_DESCRIPTION": "NOT PROVIDED", "COORDINATE_ACQUISITION_CODE": "H", "WELL_STATUS": "Closure", "WELL_CLASS": "Water Supply", "WELL_SUBCLASS": null, "INTENDED_WATER_USE": "Other", "WELL_DETAILS_URL": "https://apps.nrs.gov.bc.ca/gwells/well/112779", "LICENCE_STATUS": "Unlicensed", "AQUIFER_ID": null, "PERSON_RESPONSIBLE": " ", "COMPANY_OF_PERSON_RESPONSIBLE": null, "FINISHED_WELL_DEPTH": 395, "TOTAL_DEPTH_DRILLED": 395, "BEDROCK_DEPTH": 95, "YIELD": null, "YIELD_ESTIMATION_DURATION": null, "ARTESIAN_COND": "N", "ARTESIAN_FLOW": null, "ARTESIAN_PRESSURE": null, "STATIC_WATER_LEVEL": null, "DIAMETER": 5.56, "FINAL_CASING_STICK_UP": null, "GROUND_ELEVATION": null, "GROUND_ELEVATION_METHOD": "UNKNOWN", "SURFACE_SEAL_DEPTH": null, "SURFACE_SEAL_THICKNESS": null, "SURFACE_SEAL_METHOD": null, "SCREEN_INTAKE_METHOD": null, "WATER_SUPPLY_SYSTEM_NAME": null, "WATER_SUPPLY_SYSTEM_WELL_NAME": null, "CONSTRUCTION_START_DATE": "2016-03-26Z", "CONSTRUCTION_END_DATE": "2016-03-26Z", "ALTERATION_START_DATE": null, "ALTERATION_END_DATE": null, "DECOMMISSION_START_DATE": "2016-03-26Z", "DECOMMISSION_END_DATE": "2016-03-28Z", "DECOMMISSION_REASON": "DRY HOLE", "OBSERVATION_WELL_NUMBER": null, "OBSERVATION_WELL_STATUS": null, "EMS_ID": null, "AQUIFER_MATERIAL": "Unknown", "OBJECTID": 122569597, "SE_ANNO_CAD_DATA": null}}, {"type": "Feature", "id": "WHSE_WATER_MANAGEMENT.GW_WATER_WELLS_WRBC_SVW.fid-29e471e6_19f63eee063_21ab", "geometry": {"type": "Point", "coordinates": [-120.551833, 56.420583]}, "geometry_name": "GEOMETRY", "properties": {"GW_WW_SYSID": 108249, "WELL_TAG_NUMBER": 112781, "IDENTIFICATION_PLATE_NUMBER": null, "STREET_ADDRESS": " ", "CITY": " ", "LEGAL_LOT": " ", "LEGAL_PLAN": " ", "LEGAL_DISTRICT_LOT": " ", "LEGAL_PID": null, "WELL_LOCATION_DESCRIPTION": "NOT PROVIDED", "COORDINATE_ACQUISITION_CODE": "H", "WELL_STATUS": "Closure", "WELL_CLASS": "Water Supply", "WELL_SUBCLASS": null, "INTENDED_WATER_USE": "Other", "WELL_DETAILS_URL": "https://apps.nrs.gov.bc.ca/gwells/well/112781", "LICENCE_STATUS": "Unlicensed", "AQUIFER_ID": null, "PERSON_RESPONSIBLE": " ", "COMPANY_OF_PERSON_RESPONSIBLE": null, "FINISHED_WELL_DEPTH": 45, "TOTAL_DEPTH_DRILLED": 45, "BEDROCK_DEPTH": null, "YIELD": null, "YIELD_ESTIMATION_DURATION": null, "ARTESIAN_COND": "N", "ARTESIAN_FLOW": null, "ARTESIAN_PRESSURE": null, "STATIC_WATER_LEVEL": null, "DIAMETER": 5.13, "FINAL_CASING_STICK_UP": null, "GROUND_ELEVATION": null, "GROUND_ELEVATION_METHOD": "UNKNOWN", "SURFACE_SEAL_DEPTH": null, "SURFACE_SEAL_THICKNESS": null, "SURFACE_SEAL_METHOD": null, "SCREEN_INTAKE_METHOD": null, "WATER_SUPPLY_SYSTEM_NAME": null, "WATER_SUPPLY_SYSTEM_WELL_NAME": null, "CONSTRUCTION_START_DATE": "2016-03-25Z", "CONSTRUCTION_END_DATE": "2016-03-25Z", "ALTERATION_START_DATE": null, "ALTERATION_END_DATE": null, "DECOMMISSION_START_DATE": "2016-03-25Z", "DECOMMISSION_END_DATE": "2016-03-25Z", "DECOMMISSION_REASON": "UNCONTROLLABLE FORMATIONS", "OBSERVATION_WELL_NUMBER": null, "OBSERVATION_WELL_STATUS": null, "EMS_ID": null, "AQUIFER_MATERIAL": "Unknown", "OBJECTID": 122569599, "SE_ANNO_CAD_DATA": null}}, {"type": "Feature", "id": "WHSE_WATER_MANAGEMENT.GW_WATER_WELLS_WRBC_SVW.fid-29e471e6_19f63eee063_21ac", "geometry": {"type": "Point", "coordinates": [-120.87455, 56.24677]}, "geometry_name": "GEOMETRY", "properties": {"GW_WW_SYSID": 104539, "WELL_TAG_NUMBER": 108928, "IDENTIFICATION_PLATE_NUMBER": null, "STREET_ADDRESS": null, "CITY": null, "LEGAL_LOT": null, "LEGAL_PLAN": null, "LEGAL_DISTRICT_LOT": null, "LEGAL_PID": null, "WELL_LOCATION_DESCRIPTION": null, "COORDINATE_ACQUISITION_CODE": "G", "WELL_STATUS": "New", "WELL_CLASS": "Water Supply", "WELL_SUBCLASS": "Not Applicable", "INTENDED_WATER_USE": "Private Domestic", "WELL_DETAILS_URL": "https://apps.nrs.gov.bc.ca/gwells/well/108928", "LICENCE_STATUS": "Unlicensed", "AQUIFER_ID": 1271, "PERSON_RESPONSIBLE": " ", "COMPANY_OF_PERSON_RESPONSIBLE": "Anderson Water Serv", "FINISHED_WELL_DEPTH": 202, "TOTAL_DEPTH_DRILLED": 202, "BEDROCK_DEPTH": 47, "YIELD": 7, "YIELD_ESTIMATION_DURATION": 0.5, "ARTESIAN_COND": "N", "ARTESIAN_FLOW": null, "ARTESIAN_PRESSURE": null, "STATIC_WATER_LEVEL": 126, "DIAMETER": 6.63, "FINAL_CASING_STICK_UP": 24, "GROUND_ELEVATION": null, "GROUND_ELEVATION_METHOD": "UNKNOWN", "SURFACE_SEAL_DEPTH": 40, "SURFACE_SEAL_THICKNESS": 1.5, "SURFACE_SEAL_METHOD": null, "SCREEN_INTAKE_METHOD": null, "WATER_SUPPLY_SYSTEM_NAME": null, "WATER_SUPPLY_SYSTEM_WELL_NAME": null, "CONSTRUCTION_START_DATE": "2013-11-04Z", "CONSTRUCTION_END_DATE": "2013-11-04Z", "ALTERATION_START_DATE": null, "ALTERATION_END_DATE": null, "DECOMMISSION_START_DATE": null, "DECOMMISSION_END_DATE": null, "DECOMMISSION_REASON": null, "OBSERVATION_WELL_NUMBER": null, "OBSERVATION_WELL_STATUS": null, "EMS_ID": null, "AQUIFER_MATERIAL": "Bedrock", "OBJECTID": 122565889, "SE_ANNO_CAD_DATA": null}}, {"type": "Feature", "id": "WHSE_WATER_MANAGEMENT.GW_WATER_WELLS_WRBC_SVW.fid-29e471e6_19f63eee063_21ad", "geometry": {"type": "Point", "coordinates": [-120.870317, 56.272783]}, "geometry_name": "GEOMETRY", "properties": {"GW_WW_SYSID": 102811, "WELL_TAG_NUMBER": 107146, "IDENTIFICATION_PLATE_NUMBER": 31974, "STREET_ADDRESS": "11228 NURNBERGER SUBDIVISION", "CITY": "FORT ST JOHN", "LEGAL_LOT": " ", "LEGAL_PLAN": " ", "LEGAL_DISTRICT_LOT": " ", "LEGAL_PID": null, "WELL_LOCATION_DESCRIPTION": "NOT PROVIDED", "COORDINATE_ACQUISITION_CODE": "J", "WELL_STATUS": "New", "WELL_CLASS": "Water Supply", "WELL_SUBCLASS": "Not Applicable", "INTENDED_WATER_USE": "Private Domestic", "WELL_DETAILS_URL": "https://apps.nrs.gov.bc.ca/gwells/well/107146", "LICENCE_STATUS": "Unlicensed", "AQUIFER_ID": 1271, "PERSON_RESPONSIBLE": " ", "COMPANY_OF_PERSON_RESPONSIBLE": "Anderson Water Serv", "FINISHED_WELL_DEPTH": 58, "TOTAL_DEPTH_DRILLED": 58, "BEDROCK_DEPTH": 22, "YIELD": 20, "YIELD_ESTIMATION_DURATION": 0.5, "ARTESIAN_COND": "N", "ARTESIAN_FLOW": null, "ARTESIAN_PRESSURE": null, "STATIC_WATER_LEVEL": 34, "DIAMETER": 6.63, "FINAL_CASING_STICK_UP": 24, "GROUND_ELEVATION": null, "GROUND_ELEVATION_METHOD": "UNKNOWN", "SURFACE_SEAL_DEPTH": 25, "SURFACE_SEAL_THICKNESS": 1.5, "SURFACE_SEAL_METHOD": "POURED", "SCREEN_INTAKE_METHOD": "SCREEN", "WATER_SUPPLY_SYSTEM_NAME": null, "WATER_SUPPLY_SYSTEM_WELL_NAME": null, "CONSTRUCTION_START_DATE": "2012-06-26Z", "CONSTRUCTION_END_DATE": "2012-06-26Z", "ALTERATION_START_DATE": null, "ALTERATION_END_DATE": null, "DECOMMISSION_START_DATE": null, "DECOMMISSION_END_DATE": null, "DECOMMISSION_REASON": null, "OBSERVATION_WELL_NUMBER": null, "OBSERVATION_WELL_STATUS": null, "EMS_ID": null, "AQUIFER_MATERIAL": "Unknown", "OBJECTID": 122564161, "SE_ANNO_CAD_DATA": null}}, {"type": "Feature", "id": "WHSE_WATER_MANAGEMENT.GW_WATER_WELLS_WRBC_SVW.fid-29e471e6_19f63eee063_21ae", "geometry": {"type": "Point", "coordinates": [-120.85245, 56.242278]}, "geometry_name": "GEOMETRY", "properties": {"GW_WW_SYSID": 104029, "WELL_TAG_NUMBER": 108396, "IDENTIFICATION_PLATE_NUMBER": 22054, "STREET_ADDRESS": " ", "CITY": "FORT ST JOHN", "LEGAL_LOT": " ", "LEGAL_PLAN": "26131", "LEGAL_DISTRICT_LOT": " ", "LEGAL_PID": 7268874, "WELL_LOCATION_DESCRIPTION": "NOT PROVIDED", "COORDINATE_ACQUISITION_CODE": "J", "WELL_STATUS": "New", "WELL_CLASS": "Water Supply", "WELL_SUBCLASS": "Not Applicable", "INTENDED_WATER_USE": "Private Domestic", "WELL_DETAILS_URL": "https://apps.nrs.gov.bc.ca/gwells/well/108396", "LICENCE_STATUS": "Unlicensed", "AQUIFER_ID": 1271, "PERSON_RESPONSIBLE": " ", "COMPANY_OF_PERSON_RESPONSIBLE": "Jacob's Water Wells", "FINISHED_WELL_DEPTH": 103, "TOTAL_DEPTH_DRILLED": 103, "BEDROCK_DEPTH": 60, "YIELD": 15, "YIELD_ESTIMATION_DURATION": 0.5, "ARTESIAN_COND": "N", "ARTESIAN_FLOW": null, "ARTESIAN_PRESSURE": null, "STATIC_WATER_LEVEL": 82.5, "DIAMETER": 6, "FINAL_CASING_STICK_UP": 27, "GROUND_ELEVATION": null, "GROUND_ELEVATION_METHOD": "UNKNOWN", "SURFACE_SEAL_DEPTH": 25, "SURFACE_SEAL_THICKNESS": 1, "SURFACE_SEAL_METHOD": "POURED", "SCREEN_INTAKE_METHOD": "SCREEN", "WATER_SUPPLY_SYSTEM_NAME": null, "WATER_SUPPLY_SYSTEM_WELL_NAME": null, "CONSTRUCTION_START_DATE": "2012-09-06Z", "CONSTRUCTION_END_DATE": "2012-09-10Z", "ALTERATION_START_DATE": null, "ALTERATION_END_DATE": null, "DECOMMISSION_START_DATE": null, "DECOMMISSION_END_DATE": null, "DECOMMISSION_REASON": null, "OBSERVATION_WELL_NUMBER": null, "OBSERVATION_WELL_STATUS": null, "EMS_ID": null, "AQUIFER_MATERIAL": "Bedrock", "OBJECTID": 122565379, "SE_ANNO_CAD_DATA": null}}, {"type": "Feature", "id": "WHSE_WATER_MANAGEMENT.GW_WATER_WELLS_WRBC_SVW.fid-29e471e6_19f63eee063_21af", "geometry": {"type": "Point", "coordinates": [-120.8509, 56.2348]}, "geometry_name": "GEOMETRY", "properties": {"GW_WW_SYSID": 121200, "WELL_TAG_NUMBER": 126268, "IDENTIFICATION_PLATE_NUMBER": 45524, "STREET_ADDRESS": null, "CITY": null, "LEGAL_LOT": null, "LEGAL_PLAN": null, "LEGAL_DISTRICT_LOT": null, "LEGAL_PID": 9300821, "WELL_LOCATION_DESCRIPTION": null, "COORDINATE_ACQUISITION_CODE": "H", "WELL_STATUS": "New", "WELL_CLASS": "Water Supply", "WELL_SUBCLASS": "Not Applicable", "INTENDED_WATER_USE": "Private Domestic", "WELL_DETAILS_URL": "https://apps.nrs.gov.bc.ca/gwells/well/126268", "LICENCE_STATUS": "Unlicensed", "AQUIFER_ID": null, "PERSON_RESPONSIBLE": "Bruce Haynes", "COMPANY_OF_PERSON_RESPONSIBLE": "Anderson Water Services Ltd.", "FINISHED_WELL_DEPTH": 234, "TOTAL_DEPTH_DRILLED": 235, "BEDROCK_DEPTH": null, "YIELD": 15, "YIELD_ESTIMATION_DURATION": 1, "ARTESIAN_COND": "N", "ARTESIAN_FLOW": null, "ARTESIAN_PRESSURE": null, "STATIC_WATER_LEVEL": 185, "DIAMETER": 6.625, "FINAL_CASING_STICK_UP": 30, "GROUND_ELEVATION": 2356, "GROUND_ELEVATION_METHOD": "GPS", "SURFACE_SEAL_DEPTH": 40, "SURFACE_SEAL_THICKNESS": 1, "SURFACE_SEAL_METHOD": "POURED", "SCREEN_INTAKE_METHOD": null, "WATER_SUPPLY_SYSTEM_NAME": null, "WATER_SUPPLY_SYSTEM_WELL_NAME": null, "CONSTRUCTION_START_DATE": "2022-06-23Z", "CONSTRUCTION_END_DATE": "2022-06-23Z", "ALTERATION_START_DATE": null, "ALTERATION_END_DATE": null, "DECOMMISSION_START_DATE": null, "DECOMMISSION_END_DATE": null, "DECOMMISSION_REASON": null, "OBSERVATION_WELL_NUMBER": null, "OBSERVATION_WELL_STATUS": null, "EMS_ID": null, "AQUIFER_MATERIAL": null, "OBJECTID": 122582550, "SE_ANNO_CAD_DATA": null}}, {"type": "Feature", "id": "WHSE_WATER_MANAGEMENT.GW_WATER_WELLS_WRBC_SVW.fid-29e471e6_19f63eee063_21b0", "geometry": {"type": "Point", "coordinates": [-120.850833, 56.234867]}, "geometry_name": "GEOMETRY", "properties": {"GW_WW_SYSID": 104044, "WELL_TAG_NUMBER": 108411, "IDENTIFICATION_PLATE_NUMBER": 31922, "STREET_ADDRESS": " ", "CITY": " ", "LEGAL_LOT": " ", "LEGAL_PLAN": " ", "LEGAL_DISTRICT_LOT": " ", "LEGAL_PID": null, "WELL_LOCATION_DESCRIPTION": "5508 220 ROAD", "COORDINATE_ACQUISITION_CODE": "H", "WELL_STATUS": "New", "WELL_CLASS": "Water Supply", "WELL_SUBCLASS": "Not Applicable", "INTENDED_WATER_USE": "Private Domestic", "WELL_DETAILS_URL": "https://apps.nrs.gov.bc.ca/gwells/well/108411", "LICENCE_STATUS": "Unlicensed", "AQUIFER_ID": 1271, "PERSON_RESPONSIBLE": " ", "COMPANY_OF_PERSON_RESPONSIBLE": "Anderson Water Serv", "FINISHED_WELL_DEPTH": 135, "TOTAL_DEPTH_DRILLED": 135, "BEDROCK_DEPTH": 12, "YIELD": 15, "YIELD_ESTIMATION_DURATION": 0.5, "ARTESIAN_COND": "N", "ARTESIAN_FLOW": null, "ARTESIAN_PRESSURE": null, "STATIC_WATER_LEVEL": 73, "DIAMETER": 6.75, "FINAL_CASING_STICK_UP": 24, "GROUND_ELEVATION": 2496, "GROUND_ELEVATION_METHOD": "UNKNOWN", "SURFACE_SEAL_DEPTH": 18, "SURFACE_SEAL_THICKNESS": 1.5, "SURFACE_SEAL_METHOD": "POURED", "SCREEN_INTAKE_METHOD": "SCREEN", "WATER_SUPPLY_SYSTEM_NAME": null, "WATER_SUPPLY_SYSTEM_WELL_NAME": null, "CONSTRUCTION_START_DATE": "2013-05-23Z", "CONSTRUCTION_END_DATE": "2013-05-23Z", "ALTERATION_START_DATE": null, "ALTERATION_END_DATE": null, "DECOMMISSION_START_DATE": null, "DECOMMISSION_END_DATE": null, "DECOMMISSION_REASON": null, "OBSERVATION_WELL_NUMBER": null, "OBSERVATION_WELL_STATUS": null, "EMS_ID": null, "AQUIFER_MATERIAL": "Bedrock", "OBJECTID": 122565394, "SE_ANNO_CAD_DATA": null}}, {"type": "Feature", "id": "WHSE_WATER_MANAGEMENT.GW_WATER_WELLS_WRBC_SVW.fid-29e471e6_19f63eee063_21b1", "geometry": {"type": "Point", "coordinates": [-120.84485, 56.22984]}, "geometry_name": "GEOMETRY", "properties": {"GW_WW_SYSID": 126358, "WELL_TAG_NUMBER": 131657, "IDENTIFICATION_PLATE_NUMBER": 46524, "STREET_ADDRESS": "8271 98 St", "CITY": "Fort St. John", "LEGAL_LOT": null, "LEGAL_PLAN": null, "LEGAL_DISTRICT_LOT": null, "LEGAL_PID": 30270219, "WELL_LOCATION_DESCRIPTION": null, "COORDINATE_ACQUISITION_CODE": "H", "WELL_STATUS": "New", "WELL_CLASS": "Water Supply", "WELL_SUBCLASS": "Not Applicable", "INTENDED_WATER_USE": "Water Supply System", "WELL_DETAILS_URL": "https://apps.nrs.gov.bc.ca/gwells/well/131657", "LICENCE_STATUS": "Unlicensed", "AQUIFER_ID": null, "PERSON_RESPONSIBLE": "William (Bill) Wiebe", "COMPANY_OF_PERSON_RESPONSIBLE": "Anderson Water Services Ltd.", "FINISHED_WELL_DEPTH": 475, "TOTAL_DEPTH_DRILLED": 475, "BEDROCK_DEPTH": 145, "YIELD": 2, "YIELD_ESTIMATION_DURATION": 2, "ARTESIAN_COND": "N", "ARTESIAN_FLOW": null, "ARTESIAN_PRESSURE": null, "STATIC_WATER_LEVEL": 137.8, "DIAMETER": 6.63, "FINAL_CASING_STICK_UP": 24, "GROUND_ELEVATION": 2281, "GROUND_ELEVATION_METHOD": "GPS", "SURFACE_SEAL_DEPTH": null, "SURFACE_SEAL_THICKNESS": null, "SURFACE_SEAL_METHOD": null, "SCREEN_INTAKE_METHOD": null, "WATER_SUPPLY_SYSTEM_NAME": null, "WATER_SUPPLY_SYSTEM_WELL_NAME": null, "CONSTRUCTION_START_DATE": "2024-09-25Z", "CONSTRUCTION_END_DATE": "2024-09-26Z", "ALTERATION_START_DATE": null, "ALTERATION_END_DATE": null, "DECOMMISSION_START_DATE": null, "DECOMMISSION_END_DATE": null, "DECOMMISSION_REASON": null, "OBSERVATION_WELL_NUMBER": null, "OBSERVATION_WELL_STATUS": null, "EMS_ID": null, "AQUIFER_MATERIAL": null, "OBJECTID": 122587708, "SE_ANNO_CAD_DATA": null}}, {"type": "Feature", "id": "WHSE_WATER_MANAGEMENT.GW_WATER_WELLS_WRBC_SVW.fid-29e471e6_19f63eee063_21b2", "geometry": {"type": "Point", "coordinates": [-120.839343, 56.238338]}, "geometry_name": "GEOMETRY", "properties": {"GW_WW_SYSID": 130308, "WELL_TAG_NUMBER": 136475, "IDENTIFICATION_PLATE_NUMBER": 65610, "STREET_ADDRESS": "9503 93 Ave", "CITY": "Fort St. John", "LEGAL_LOT": null, "LEGAL_PLAN": null, "LEGAL_DISTRICT_LOT": null, "LEGAL_PID": 29490553, "WELL_LOCATION_DESCRIPTION": null, "COORDINATE_ACQUISITION_CODE": "H", "WELL_STATUS": "New", "WELL_CLASS": "Water Supply", "WELL_SUBCLASS": "Not Applicable", "INTENDED_WATER_USE": "Commercial and Industrial", "WELL_DETAILS_URL": "https://apps.nrs.gov.bc.ca/gwells/well/136475", "LICENCE_STATUS": "Unlicensed", "AQUIFER_ID": null, "PERSON_RESPONSIBLE": "Martin Peters", "COMPANY_OF_PERSON_RESPONSIBLE": null, "FINISHED_WELL_DEPTH": 200, "TOTAL_DEPTH_DRILLED": 200, "BEDROCK_DEPTH": 108, "YIELD": 14, "YIELD_ESTIMATION_DURATION": 1.5, "ARTESIAN_COND": "N", "ARTESIAN_FLOW": null, "ARTESIAN_PRESSURE": null, "STATIC_WATER_LEVEL": 75.5, "DIAMETER": 6, "FINAL_CASING_STICK_UP": 30, "GROUND_ELEVATION": 2240, "GROUND_ELEVATION_METHOD": "GPS", "SURFACE_SEAL_DEPTH": 27, "SURFACE_SEAL_THICKNESS": 1, "SURFACE_SEAL_METHOD": "POURED", "SCREEN_INTAKE_METHOD": "SCREEN", "WATER_SUPPLY_SYSTEM_NAME": null, "WATER_SUPPLY_SYSTEM_WELL_NAME": null, "CONSTRUCTION_START_DATE": "2024-05-27Z", "CONSTRUCTION_END_DATE": "2024-05-30Z", "ALTERATION_START_DATE": null, "ALTERATION_END_DATE": null, "DECOMMISSION_START_DATE": null, "DECOMMISSION_END_DATE": null, "DECOMMISSION_REASON": null, "OBSERVATION_WELL_NUMBER": null, "OBSERVATION_WELL_STATUS": null, "EMS_ID": null, "AQUIFER_MATERIAL": null, "OBJECTID": 122591658, "SE_ANNO_CAD_DATA": null}}, {"type": "Feature", "id": "WHSE_WATER_MANAGEMENT.GW_WATER_WELLS_WRBC_SVW.fid-29e471e6_19f63eee063_21b3", "geometry": {"type": "Point", "coordinates": [-120.822084, 56.265437]}, "geometry_name": "GEOMETRY", "properties": {"GW_WW_SYSID": 38827, "WELL_TAG_NUMBER": 38910, "IDENTIFICATION_PLATE_NUMBER": null, "STREET_ADDRESS": " ", "CITY": "FORT ST JOHN", "LEGAL_LOT": "2", "LEGAL_PLAN": "24245", "LEGAL_DISTRICT_LOT": " ", "LEGAL_PID": null, "WELL_LOCATION_DESCRIPTION": " ", "COORDINATE_ACQUISITION_CODE": "A", "WELL_STATUS": "New", "WELL_CLASS": "Unknown", "WELL_SUBCLASS": null, "INTENDED_WATER_USE": "Unknown Well Use", "WELL_DETAILS_URL": "https://apps.nrs.gov.bc.ca/gwells/well/38910", "LICENCE_STATUS": "Unlicensed", "AQUIFER_ID": 444, "PERSON_RESPONSIBLE": " ", "COMPANY_OF_PERSON_RESPONSIBLE": "Cliff Baker Drilling", "FINISHED_WELL_DEPTH": 400, "TOTAL_DEPTH_DRILLED": null, "BEDROCK_DEPTH": null, "YIELD": null, "YIELD_ESTIMATION_DURATION": null, "ARTESIAN_COND": "N", "ARTESIAN_FLOW": null, "ARTESIAN_PRESSURE": null, "STATIC_WATER_LEVEL": null, "DIAMETER": null, "FINAL_CASING_STICK_UP": null, "GROUND_ELEVATION": null, "GROUND_ELEVATION_METHOD": "UNKNOWN", "SURFACE_SEAL_DEPTH": null, "SURFACE_SEAL_THICKNESS": null, "SURFACE_SEAL_METHOD": null, "SCREEN_INTAKE_METHOD": null, "WATER_SUPPLY_SYSTEM_NAME": null, "WATER_SUPPLY_SYSTEM_WELL_NAME": null, "CONSTRUCTION_START_DATE": "1978-01-01Z", "CONSTRUCTION_END_DATE": "1978-01-01Z", "ALTERATION_START_DATE": null, "ALTERATION_END_DATE": null, "DECOMMISSION_START_DATE": null, "DECOMMISSION_END_DATE": null, "DECOMMISSION_REASON": null, "OBSERVATION_WELL_NUMBER": null, "OBSERVATION_WELL_STATUS": null, "EMS_ID": null, "AQUIFER_MATERIAL": "Unconsolidated", "OBJECTID": 122500177, "SE_ANNO_CAD_DATA": null}}, {"type": "Feature", "id": "WHSE_WATER_MANAGEMENT.GW_WATER_WELLS_WRBC_SVW.fid-29e471e6_19f63eee063_21b4", "geometry": {"type": "Point", "coordinates": [-120.821203, 56.266724]}, "geometry_name": "GEOMETRY", "properties": {"GW_WW_SYSID": 38854, "WELL_TAG_NUMBER": 38937, "IDENTIFICATION_PLATE_NUMBER": null, "STREET_ADDRESS": " ", "CITY": "FORT ST JOHN", "LEGAL_LOT": "A", "LEGAL_PLAN": "14684", "LEGAL_DISTRICT_LOT": " ", "LEGAL_PID": null, "WELL_LOCATION_DESCRIPTION": " ", "COORDINATE_ACQUISITION_CODE": "A", "WELL_STATUS": "New", "WELL_CLASS": "Unknown", "WELL_SUBCLASS": null, "INTENDED_WATER_USE": "Unknown Well Use", "WELL_DETAILS_URL": "https://apps.nrs.gov.bc.ca/gwells/well/38937", "LICENCE_STATUS": "Unlicensed", "AQUIFER_ID": 444, "PERSON_RESPONSIBLE": " ", "COMPANY_OF_PERSON_RESPONSIBLE": "Cliff Baker Drilling", "FINISHED_WELL_DEPTH": 400, "TOTAL_DEPTH_DRILLED": null, "BEDROCK_DEPTH": null, "YIELD": null, "YIELD_ESTIMATION_DURATION": null, "ARTESIAN_COND": "N", "ARTESIAN_FLOW": null, "ARTESIAN_PRESSURE": null, "STATIC_WATER_LEVEL": null, "DIAMETER": null, "FINAL_CASING_STICK_UP": null, "GROUND_ELEVATION": null, "GROUND_ELEVATION_METHOD": "UNKNOWN", "SURFACE_SEAL_DEPTH": null, "SURFACE_SEAL_THICKNESS": null, "SURFACE_SEAL_METHOD": null, "SCREEN_INTAKE_METHOD": null, "WATER_SUPPLY_SYSTEM_NAME": null, "WATER_SUPPLY_SYSTEM_WELL_NAME": null, "CONSTRUCTION_START_DATE": "1978-01-01Z", "CONSTRUCTION_END_DATE": "1978-01-01Z", "ALTERATION_START_DATE": null, "ALTERATION_END_DATE": null, "DECOMMISSION_START_DATE": null, "DECOMMISSION_END_DATE": null, "DECOMMISSION_REASON": null, "OBSERVATION_WELL_NUMBER": null, "OBSERVATION_WELL_STATUS": null, "EMS_ID": null, "AQUIFER_MATERIAL": "Unconsolidated", "OBJECTID": 122500204, "SE_ANNO_CAD_DATA": null}}, {"type": "Feature", "id": "WHSE_WATER_MANAGEMENT.GW_WATER_WELLS_WRBC_SVW.fid-29e471e6_19f63eee063_21b5", "geometry": {"type": "Point", "coordinates": [-120.812441, 56.256136]}, "geometry_name": "GEOMETRY", "properties": {"GW_WW_SYSID": 23716, "WELL_TAG_NUMBER": 23759, "IDENTIFICATION_PLATE_NUMBER": null, "STREET_ADDRESS": " ", "CITY": " ", "LEGAL_LOT": " ", "LEGAL_PLAN": " ", "LEGAL_DISTRICT_LOT": " ", "LEGAL_PID": null, "WELL_LOCATION_DESCRIPTION": " ", "COORDINATE_ACQUISITION_CODE": "C", "WELL_STATUS": "New", "WELL_CLASS": "Unknown", "WELL_SUBCLASS": null, "INTENDED_WATER_USE": "Unknown Well Use", "WELL_DETAILS_URL": "https://apps.nrs.gov.bc.ca/gwells/well/23759", "LICENCE_STATUS": "Unlicensed", "AQUIFER_ID": 1271, "PERSON_RESPONSIBLE": " ", "COMPANY_OF_PERSON_RESPONSIBLE": "Bob's Water Drilling", "FINISHED_WELL_DEPTH": 174, "TOTAL_DEPTH_DRILLED": null, "BEDROCK_DEPTH": 128, "YIELD": 1, "YIELD_ESTIMATION_DURATION": null, "ARTESIAN_COND": "N", "ARTESIAN_FLOW": null, "ARTESIAN_PRESSURE": null, "STATIC_WATER_LEVEL": null, "DIAMETER": null, "FINAL_CASING_STICK_UP": null, "GROUND_ELEVATION": null, "GROUND_ELEVATION_METHOD": "UNKNOWN", "SURFACE_SEAL_DEPTH": null, "SURFACE_SEAL_THICKNESS": null, "SURFACE_SEAL_METHOD": null, "SCREEN_INTAKE_METHOD": null, "WATER_SUPPLY_SYSTEM_NAME": null, "WATER_SUPPLY_SYSTEM_WELL_NAME": null, "CONSTRUCTION_START_DATE": "1970-07-13Z", "CONSTRUCTION_END_DATE": "1970-07-13Z", "ALTERATION_START_DATE": null, "ALTERATION_END_DATE": null, "DECOMMISSION_START_DATE": null, "DECOMMISSION_END_DATE": null, "DECOMMISSION_REASON": null, "OBSERVATION_WELL_NUMBER": null, "OBSERVATION_WELL_STATUS": null, "EMS_ID": null, "AQUIFER_MATERIAL": "Bedrock", "OBJECTID": 122485066, "SE_ANNO_CAD_DATA": null}}, {"type": "Feature", "id": "WHSE_WATER_MANAGEMENT.GW_WATER_WELLS_WRBC_SVW.fid-29e471e6_19f63eee063_21b6", "geometry": {"type": "Point", "coordinates": [-120.811135, 56.258917]}, "geometry_name": "GEOMETRY", "properties": {"GW_WW_SYSID": 23684, "WELL_TAG_NUMBER": 23727, "IDENTIFICATION_PLATE_NUMBER": null, "STREET_ADDRESS": " ", "CITY": " ", "LEGAL_LOT": " ", "LEGAL_PLAN": " ", "LEGAL_DISTRICT_LOT": " ", "LEGAL_PID": null, "WELL_LOCATION_DESCRIPTION": " ", "COORDINATE_ACQUISITION_CODE": "C", "WELL_STATUS": "New", "WELL_CLASS": "Unknown", "WELL_SUBCLASS": null, "INTENDED_WATER_USE": "Unknown Well Use", "WELL_DETAILS_URL": "https://apps.nrs.gov.bc.ca/gwells/well/23727", "LICENCE_STATUS": "Unlicensed", "AQUIFER_ID": 444, "PERSON_RESPONSIBLE": " ", "COMPANY_OF_PERSON_RESPONSIBLE": "Bob's Water Drilling", "FINISHED_WELL_DEPTH": 232, "TOTAL_DEPTH_DRILLED": null, "BEDROCK_DEPTH": null, "YIELD": 0.5, "YIELD_ESTIMATION_DURATION": null, "ARTESIAN_COND": "N", "ARTESIAN_FLOW": null, "ARTESIAN_PRESSURE": null, "STATIC_WATER_LEVEL": null, "DIAMETER": null, "FINAL_CASING_STICK_UP": null, "GROUND_ELEVATION": null, "GROUND_ELEVATION_METHOD": "UNKNOWN", "SURFACE_SEAL_DEPTH": null, "SURFACE_SEAL_THICKNESS": null, "SURFACE_SEAL_METHOD": null, "SCREEN_INTAKE_METHOD": null, "WATER_SUPPLY_SYSTEM_NAME": null, "WATER_SUPPLY_SYSTEM_WELL_NAME": null, "CONSTRUCTION_START_DATE": "1970-07-01Z", "CONSTRUCTION_END_DATE": "1970-07-01Z", "ALTERATION_START_DATE": null, "ALTERATION_END_DATE": null, "DECOMMISSION_START_DATE": null, "DECOMMISSION_END_DATE": null, "DECOMMISSION_REASON": null, "OBSERVATION_WELL_NUMBER": null, "OBSERVATION_WELL_STATUS": null, "EMS_ID": null, "AQUIFER_MATERIAL": "Unconsolidated", "OBJECTID": 122485034, "SE_ANNO_CAD_DATA": null}}, {"type": "Feature", "id": "WHSE_WATER_MANAGEMENT.GW_WATER_WELLS_WRBC_SVW.fid-29e471e6_19f63eee063_21b7", "geometry": {"type": "Point", "coordinates": [-120.809885, 56.261303]}, "geometry_name": "GEOMETRY", "properties": {"GW_WW_SYSID": 240, "WELL_TAG_NUMBER": 241, "IDENTIFICATION_PLATE_NUMBER": null, "STREET_ADDRESS": " ", "CITY": "FORT ST JOHN", "LEGAL_LOT": "1", "LEGAL_PLAN": "11168", "LEGAL_DISTRICT_LOT": " ", "LEGAL_PID": null, "WELL_LOCATION_DESCRIPTION": " ", "COORDINATE_ACQUISITION_CODE": "A", "WELL_STATUS": "New", "WELL_CLASS": "Water Supply", "WELL_SUBCLASS": null, "INTENDED_WATER_USE": "Private Domestic", "WELL_DETAILS_URL": "https://apps.nrs.gov.bc.ca/gwells/well/241", "LICENCE_STATUS": "Unlicensed", "AQUIFER_ID": 444, "PERSON_RESPONSIBLE": " ", "COMPANY_OF_PERSON_RESPONSIBLE": "Bob's Water Drilling", "FINISHED_WELL_DEPTH": 169, "TOTAL_DEPTH_DRILLED": null, "BEDROCK_DEPTH": null, "YIELD": 1, "YIELD_ESTIMATION_DURATION": null, "ARTESIAN_COND": "N", "ARTESIAN_FLOW": null, "ARTESIAN_PRESSURE": null, "STATIC_WATER_LEVEL": 18, "DIAMETER": null, "FINAL_CASING_STICK_UP": null, "GROUND_ELEVATION": null, "GROUND_ELEVATION_METHOD": "UNKNOWN", "SURFACE_SEAL_DEPTH": null, "SURFACE_SEAL_THICKNESS": null, "SURFACE_SEAL_METHOD": null, "SCREEN_INTAKE_METHOD": null, "WATER_SUPPLY_SYSTEM_NAME": null, "WATER_SUPPLY_SYSTEM_WELL_NAME": null, "CONSTRUCTION_START_DATE": null, "CONSTRUCTION_END_DATE": null, "ALTERATION_START_DATE": null, "ALTERATION_END_DATE": null, "DECOMMISSION_START_DATE": null, "DECOMMISSION_END_DATE": null, "DECOMMISSION_REASON": null, "OBSERVATION_WELL_NUMBER": null, "OBSERVATION_WELL_STATUS": null, "EMS_ID": null, "AQUIFER_MATERIAL": "Unconsolidated", "OBJECTID": 122459126, "SE_ANNO_CAD_DATA": null}}, {"type": "Feature", "id": "WHSE_WATER_MANAGEMENT.GW_WATER_WELLS_WRBC_SVW.fid-29e471e6_19f63eee063_21b8", "geometry": {"type": "Point", "coordinates": [-120.80023, 56.24689]}, "geometry_name": "GEOMETRY", "properties": {"GW_WW_SYSID": 115984, "WELL_TAG_NUMBER": 120887, "IDENTIFICATION_PLATE_NUMBER": 54597, "STREET_ADDRESS": null, "CITY": null, "LEGAL_LOT": "A", "LEGAL_PLAN": "BCP21472", "LEGAL_DISTRICT_LOT": null, "LEGAL_PID": 26533138, "WELL_LOCATION_DESCRIPTION": "The well is halfway between the building and the east property line.", "COORDINATE_ACQUISITION_CODE": "H", "WELL_STATUS": "New", "WELL_CLASS": "Water Supply", "WELL_SUBCLASS": null, "INTENDED_WATER_USE": "Commercial and Industrial", "WELL_DETAILS_URL": "https://apps.nrs.gov.bc.ca/gwells/well/120887", "LICENCE_STATUS": "Licensed", "AQUIFER_ID": 1271, "PERSON_RESPONSIBLE": " ", "COMPANY_OF_PERSON_RESPONSIBLE": null, "FINISHED_WELL_DEPTH": 295, "TOTAL_DEPTH_DRILLED": 295, "BEDROCK_DEPTH": null, "YIELD": null, "YIELD_ESTIMATION_DURATION": null, "ARTESIAN_COND": "N", "ARTESIAN_FLOW": null, "ARTESIAN_PRESSURE": null, "STATIC_WATER_LEVEL": null, "DIAMETER": null, "FINAL_CASING_STICK_UP": null, "GROUND_ELEVATION": null, "GROUND_ELEVATION_METHOD": null, "SURFACE_SEAL_DEPTH": null, "SURFACE_SEAL_THICKNESS": null, "SURFACE_SEAL_METHOD": null, "SCREEN_INTAKE_METHOD": null, "WATER_SUPPLY_SYSTEM_NAME": null, "WATER_SUPPLY_SYSTEM_WELL_NAME": null, "CONSTRUCTION_START_DATE": "2004-07-22Z", "CONSTRUCTION_END_DATE": "2004-07-22Z", "ALTERATION_START_DATE": null, "ALTERATION_END_DATE": null, "DECOMMISSION_START_DATE": null, "DECOMMISSION_END_DATE": null, "DECOMMISSION_REASON": null, "OBSERVATION_WELL_NUMBER": null, "OBSERVATION_WELL_STATUS": null, "EMS_ID": null, "AQUIFER_MATERIAL": null, "OBJECTID": 122577334, "SE_ANNO_CAD_DATA": null}}, {"type": "Feature", "id": "WHSE_WATER_MANAGEMENT.GW_WATER_WELLS_WRBC_SVW.fid-29e471e6_19f63eee063_21b9", "geometry": {"type": "Point", "coordinates": [-120.797202, 56.268169]}, "geometry_name": "GEOMETRY", "properties": {"GW_WW_SYSID": 36430, "WELL_TAG_NUMBER": 36510, "IDENTIFICATION_PLATE_NUMBER": null, "STREET_ADDRESS": " ", "CITY": "FORT ST JOHN", "LEGAL_LOT": " ", "LEGAL_PLAN": " ", "LEGAL_DISTRICT_LOT": " ", "LEGAL_PID": null, "WELL_LOCATION_DESCRIPTION": " ", "COORDINATE_ACQUISITION_CODE": "E", "WELL_STATUS": "New", "WELL_CLASS": "Unknown", "WELL_SUBCLASS": null, "INTENDED_WATER_USE": "Unknown Well Use", "WELL_DETAILS_URL": "https://apps.nrs.gov.bc.ca/gwells/well/36510", "LICENCE_STATUS": "Unlicensed", "AQUIFER_ID": 451, "PERSON_RESPONSIBLE": " ", "COMPANY_OF_PERSON_RESPONSIBLE": "Cliff Baker Drilling", "FINISHED_WELL_DEPTH": 375, "TOTAL_DEPTH_DRILLED": null, "BEDROCK_DEPTH": 230, "YIELD": 3.5, "YIELD_ESTIMATION_DURATION": null, "ARTESIAN_COND": "N", "ARTESIAN_FLOW": null, "ARTESIAN_PRESSURE": null, "STATIC_WATER_LEVEL": null, "DIAMETER": null, "FINAL_CASING_STICK_UP": null, "GROUND_ELEVATION": null, "GROUND_ELEVATION_METHOD": "UNKNOWN", "SURFACE_SEAL_DEPTH": null, "SURFACE_SEAL_THICKNESS": null, "SURFACE_SEAL_METHOD": null, "SCREEN_INTAKE_METHOD": null, "WATER_SUPPLY_SYSTEM_NAME": null, "WATER_SUPPLY_SYSTEM_WELL_NAME": null, "CONSTRUCTION_START_DATE": "1977-01-01Z", "CONSTRUCTION_END_DATE": "1977-01-01Z", "ALTERATION_START_DATE": null, "ALTERATION_END_DATE": null, "DECOMMISSION_START_DATE": null, "DECOMMISSION_END_DATE": null, "DECOMMISSION_REASON": null, "OBSERVATION_WELL_NUMBER": null, "OBSERVATION_WELL_STATUS": null, "EMS_ID": null, "AQUIFER_MATERIAL": "Bedrock", "OBJECTID": 122497780, "SE_ANNO_CAD_DATA": null}}, {"type": "Feature", "id": "WHSE_WATER_MANAGEMENT.GW_WATER_WELLS_WRBC_SVW.fid-29e471e6_19f63eee063_21ba", "geometry": {"type": "Point", "coordinates": [-120.7768, 56.2393]}, "geometry_name": "GEOMETRY", "properties": {"GW_WW_SYSID": 111752, "WELL_TAG_NUMBER": 116447, "IDENTIFICATION_PLATE_NUMBER": 54512, "STREET_ADDRESS": null, "CITY": null, "LEGAL_LOT": null, "LEGAL_PLAN": null, "LEGAL_DISTRICT_LOT": null, "LEGAL_PID": 9469559, "WELL_LOCATION_DESCRIPTION": "Well is in a pumphouse near the parcel's south boundary. This well may be a match for the previously created WTN 104393. Due to a lack of enough consistent information between WTN 104393 & the information supplied for this well, a new record was created.", "COORDINATE_ACQUISITION_CODE": "H", "WELL_STATUS": "New", "WELL_CLASS": "Water Supply", "WELL_SUBCLASS": "Not Applicable", "INTENDED_WATER_USE": "Commercial and Industrial", "WELL_DETAILS_URL": "https://apps.nrs.gov.bc.ca/gwells/well/116447", "LICENCE_STATUS": "Licensed", "AQUIFER_ID": 1271, "PERSON_RESPONSIBLE": " ", "COMPANY_OF_PERSON_RESPONSIBLE": null, "FINISHED_WELL_DEPTH": 300, "TOTAL_DEPTH_DRILLED": null, "BEDROCK_DEPTH": null, "YIELD": 30, "YIELD_ESTIMATION_DURATION": null, "ARTESIAN_COND": "N", "ARTESIAN_FLOW": null, "ARTESIAN_PRESSURE": null, "STATIC_WATER_LEVEL": null, "DIAMETER": null, "FINAL_CASING_STICK_UP": null, "GROUND_ELEVATION": null, "GROUND_ELEVATION_METHOD": "UNKNOWN", "SURFACE_SEAL_DEPTH": null, "SURFACE_SEAL_THICKNESS": null, "SURFACE_SEAL_METHOD": null, "SCREEN_INTAKE_METHOD": null, "WATER_SUPPLY_SYSTEM_NAME": null, "WATER_SUPPLY_SYSTEM_WELL_NAME": null, "CONSTRUCTION_START_DATE": "1980-11-03Z", "CONSTRUCTION_END_DATE": "1980-11-03Z", "ALTERATION_START_DATE": null, "ALTERATION_END_DATE": null, "DECOMMISSION_START_DATE": null, "DECOMMISSION_END_DATE": null, "DECOMMISSION_REASON": null, "OBSERVATION_WELL_NUMBER": null, "OBSERVATION_WELL_STATUS": null, "EMS_ID": null, "AQUIFER_MATERIAL": "Unknown", "OBJECTID": 122573102, "SE_ANNO_CAD_DATA": null}}, {"type": "Feature", "id": "WHSE_WATER_MANAGEMENT.GW_WATER_WELLS_WRBC_SVW.fid-29e471e6_19f63eee063_21bb", "geometry": {"type": "Point", "coordinates": [-120.77443, 56.23837]}, "geometry_name": "GEOMETRY", "properties": {"GW_WW_SYSID": 100225, "WELL_TAG_NUMBER": 104394, "IDENTIFICATION_PLATE_NUMBER": null, "STREET_ADDRESS": "SWANSON ROAD", "CITY": "FORT ST JOHN", "LEGAL_LOT": null, "LEGAL_PLAN": null, "LEGAL_DISTRICT_LOT": null, "LEGAL_PID": 12955213, "WELL_LOCATION_DESCRIPTION": "NOT PROVIDED", "COORDINATE_ACQUISITION_CODE": "J", "WELL_STATUS": "New", "WELL_CLASS": "Water Supply", "WELL_SUBCLASS": "Not Applicable", "INTENDED_WATER_USE": "Commercial and Industrial", "WELL_DETAILS_URL": "https://apps.nrs.gov.bc.ca/gwells/well/104394", "LICENCE_STATUS": "Unlicensed", "AQUIFER_ID": 1271, "PERSON_RESPONSIBLE": " ", "COMPANY_OF_PERSON_RESPONSIBLE": "Aqua Drilling", "FINISHED_WELL_DEPTH": 410, "TOTAL_DEPTH_DRILLED": 410, "BEDROCK_DEPTH": 140, "YIELD": 30, "YIELD_ESTIMATION_DURATION": 2, "ARTESIAN_COND": "N", "ARTESIAN_FLOW": null, "ARTESIAN_PRESSURE": null, "STATIC_WATER_LEVEL": 200, "DIAMETER": 6, "FINAL_CASING_STICK_UP": 12, "GROUND_ELEVATION": null, "GROUND_ELEVATION_METHOD": "UNKNOWN", "SURFACE_SEAL_DEPTH": null, "SURFACE_SEAL_THICKNESS": null, "SURFACE_SEAL_METHOD": null, "SCREEN_INTAKE_METHOD": null, "WATER_SUPPLY_SYSTEM_NAME": null, "WATER_SUPPLY_SYSTEM_WELL_NAME": null, "CONSTRUCTION_START_DATE": "1980-11-03Z", "CONSTRUCTION_END_DATE": "1980-11-04Z", "ALTERATION_START_DATE": null, "ALTERATION_END_DATE": null, "DECOMMISSION_START_DATE": null, "DECOMMISSION_END_DATE": null, "DECOMMISSION_REASON": null, "OBSERVATION_WELL_NUMBER": null, "OBSERVATION_WELL_STATUS": null, "EMS_ID": null, "AQUIFER_MATERIAL": "Unknown", "OBJECTID": 122561575, "SE_ANNO_CAD_DATA": null}}, {"type": "Feature", "id": "WHSE_WATER_MANAGEMENT.GW_WATER_WELLS_WRBC_SVW.fid-29e471e6_19f63eee063_21bc", "geometry": {"type": "Point", "coordinates": [-120.77339, 56.23648]}, "geometry_name": "GEOMETRY", "properties": {"GW_WW_SYSID": 109702, "WELL_TAG_NUMBER": 114328, "IDENTIFICATION_PLATE_NUMBER": 51573, "STREET_ADDRESS": "9312 259 ROAD", "CITY": "FORT ST JOHN", "LEGAL_LOT": null, "LEGAL_PLAN": null, "LEGAL_DISTRICT_LOT": null, "LEGAL_PID": 9469559, "WELL_LOCATION_DESCRIPTION": "NOT PROVIDED", "COORDINATE_ACQUISITION_CODE": "J", "WELL_STATUS": "New", "WELL_CLASS": "Water Supply", "WELL_SUBCLASS": "Not Applicable", "INTENDED_WATER_USE": "Commercial and Industrial", "WELL_DETAILS_URL": "https://apps.nrs.gov.bc.ca/gwells/well/114328", "LICENCE_STATUS": "Licensed", "AQUIFER_ID": 1271, "PERSON_RESPONSIBLE": " ", "COMPANY_OF_PERSON_RESPONSIBLE": "Anderson Water Serv", "FINISHED_WELL_DEPTH": 395, "TOTAL_DEPTH_DRILLED": 395, "BEDROCK_DEPTH": 128, "YIELD": 25, "YIELD_ESTIMATION_DURATION": null, "ARTESIAN_COND": "N", "ARTESIAN_FLOW": null, "ARTESIAN_PRESSURE": null, "STATIC_WATER_LEVEL": 200, "DIAMETER": 6.63, "FINAL_CASING_STICK_UP": 24, "GROUND_ELEVATION": null, "GROUND_ELEVATION_METHOD": "UNKNOWN", "SURFACE_SEAL_DEPTH": 20, "SURFACE_SEAL_THICKNESS": 1.5, "SURFACE_SEAL_METHOD": null, "SCREEN_INTAKE_METHOD": "SCREEN", "WATER_SUPPLY_SYSTEM_NAME": null, "WATER_SUPPLY_SYSTEM_WELL_NAME": null, "CONSTRUCTION_START_DATE": "2017-09-12Z", "CONSTRUCTION_END_DATE": "2017-09-12Z", "ALTERATION_START_DATE": null, "ALTERATION_END_DATE": null, "DECOMMISSION_START_DATE": null, "DECOMMISSION_END_DATE": null, "DECOMMISSION_REASON": null, "OBSERVATION_WELL_NUMBER": null, "OBSERVATION_WELL_STATUS": null, "EMS_ID": null, "AQUIFER_MATERIAL": "Unknown", "OBJECTID": 122571052, "SE_ANNO_CAD_DATA": null}}, {"type": "Feature", "id": "WHSE_WATER_MANAGEMENT.GW_WATER_WELLS_WRBC_SVW.fid-29e471e6_19f63eee063_21bd", "geometry": {"type": "Point", "coordinates": [-120.7713, 56.2367]}, "geometry_name": "GEOMETRY", "properties": {"GW_WW_SYSID": 119358, "WELL_TAG_NUMBER": 124375, "IDENTIFICATION_PLATE_NUMBER": 45592, "STREET_ADDRESS": null, "CITY": "Fort St. John", "LEGAL_LOT": null, "LEGAL_PLAN": null, "LEGAL_DISTRICT_LOT": null, "LEGAL_PID": null, "WELL_LOCATION_DESCRIPTION": null, "COORDINATE_ACQUISITION_CODE": "H", "WELL_STATUS": "New", "WELL_CLASS": "Water Supply", "WELL_SUBCLASS": "Not Applicable", "INTENDED_WATER_USE": "Commercial and Industrial", "WELL_DETAILS_URL": "https://apps.nrs.gov.bc.ca/gwells/well/124375", "LICENCE_STATUS": "Licensed", "AQUIFER_ID": 1271, "PERSON_RESPONSIBLE": "Bruce Haynes", "COMPANY_OF_PERSON_RESPONSIBLE": "Anderson Water Services Ltd.", "FINISHED_WELL_DEPTH": 491, "TOTAL_DEPTH_DRILLED": 495, "BEDROCK_DEPTH": 126, "YIELD": 5, "YIELD_ESTIMATION_DURATION": 1, "ARTESIAN_COND": "N", "ARTESIAN_FLOW": null, "ARTESIAN_PRESSURE": null, "STATIC_WATER_LEVEL": 139, "DIAMETER": 6, "FINAL_CASING_STICK_UP": 24, "GROUND_ELEVATION": 2215, "GROUND_ELEVATION_METHOD": "GPS", "SURFACE_SEAL_DEPTH": null, "SURFACE_SEAL_THICKNESS": null, "SURFACE_SEAL_METHOD": "POURED", "SCREEN_INTAKE_METHOD": null, "WATER_SUPPLY_SYSTEM_NAME": null, "WATER_SUPPLY_SYSTEM_WELL_NAME": null, "CONSTRUCTION_START_DATE": "2021-08-06Z", "CONSTRUCTION_END_DATE": "2021-08-07Z", "ALTERATION_START_DATE": null, "ALTERATION_END_DATE": null, "DECOMMISSION_START_DATE": null, "DECOMMISSION_END_DATE": null, "DECOMMISSION_REASON": null, "OBSERVATION_WELL_NUMBER": null, "OBSERVATION_WELL_STATUS": null, "EMS_ID": null, "AQUIFER_MATERIAL": null, "OBJECTID": 122580708, "SE_ANNO_CAD_DATA": null}}, {"type": "Feature", "id": "WHSE_WATER_MANAGEMENT.GW_WATER_WELLS_WRBC_SVW.fid-29e471e6_19f63eee063_21be", "geometry": {"type": "Point", "coordinates": [-120.874296, 56.276158]}, "geometry_name": "GEOMETRY", "properties": {"GW_WW_SYSID": 48997, "WELL_TAG_NUMBER": 49110, "IDENTIFICATION_PLATE_NUMBER": null, "STREET_ADDRESS": "FROZEN JOHN HILL SUBD", "CITY": "FORT ST JOHN", "LEGAL_LOT": " ", "LEGAL_PLAN": " ", "LEGAL_DISTRICT_LOT": " ", "LEGAL_PID": null, "WELL_LOCATION_DESCRIPTION": " ", "COORDINATE_ACQUISITION_CODE": "C", "WELL_STATUS": "New", "WELL_CLASS": "Water Supply", "WELL_SUBCLASS": null, "INTENDED_WATER_USE": "Private Domestic", "WELL_DETAILS_URL": "https://apps.nrs.gov.bc.ca/gwells/well/49110", "LICENCE_STATUS": "Unlicensed", "AQUIFER_ID": 1271, "PERSON_RESPONSIBLE": " ", "COMPANY_OF_PERSON_RESPONSIBLE": "I . & M.  Drilling", "FINISHED_WELL_DEPTH": 106, "TOTAL_DEPTH_DRILLED": null, "BEDROCK_DEPTH": 54, "YIELD": 10, "YIELD_ESTIMATION_DURATION": null, "ARTESIAN_COND": "N", "ARTESIAN_FLOW": null, "ARTESIAN_PRESSURE": null, "STATIC_WATER_LEVEL": 7, "DIAMETER": null, "FINAL_CASING_STICK_UP": null, "GROUND_ELEVATION": null, "GROUND_ELEVATION_METHOD": "UNKNOWN", "SURFACE_SEAL_DEPTH": null, "SURFACE_SEAL_THICKNESS": null, "SURFACE_SEAL_METHOD": null, "SCREEN_INTAKE_METHOD": null, "WATER_SUPPLY_SYSTEM_NAME": null, "WATER_SUPPLY_SYSTEM_WELL_NAME": null, "CONSTRUCTION_START_DATE": "1981-09-16Z", "CONSTRUCTION_END_DATE": null, "ALTERATION_START_DATE": null, "ALTERATION_END_DATE": null, "DECOMMISSION_START_DATE": null, "DECOMMISSION_END_DATE": null, "DECOMMISSION_REASON": null, "OBSERVATION_WELL_NUMBER": null, "OBSERVATION_WELL_STATUS": null, "EMS_ID": null, "AQUIFER_MATERIAL": "Bedrock", "OBJECTID": 122510347, "SE_ANNO_CAD_DATA": null}}, {"type": "Feature", "id": "WHSE_WATER_MANAGEMENT.GW_WATER_WELLS_WRBC_SVW.fid-29e471e6_19f63eee063_21bf", "geometry": {"type": "Point", "coordinates": [-120.83525, 56.27487]}, "geometry_name": "GEOMETRY", "properties": {"GW_WW_SYSID": 111819, "WELL_TAG_NUMBER": 116516, "IDENTIFICATION_PLATE_NUMBER": 48515, "STREET_ADDRESS": "9153 JONES SUBDIVISION", "CITY": "FORT ST JOHN", "LEGAL_LOT": null, "LEGAL_PLAN": null, "LEGAL_DISTRICT_LOT": null, "LEGAL_PID": null, "WELL_LOCATION_DESCRIPTION": "NOT PROVIDED", "COORDINATE_ACQUISITION_CODE": "H", "WELL_STATUS": "New", "WELL_CLASS": "Water Supply", "WELL_SUBCLASS": "Not Applicable", "INTENDED_WATER_USE": "Private Domestic", "WELL_DETAILS_URL": "https://apps.nrs.gov.bc.ca/gwells/well/116516", "LICENCE_STATUS": "Unlicensed", "AQUIFER_ID": null, "PERSON_RESPONSIBLE": " ", "COMPANY_OF_PERSON_RESPONSIBLE": "Jacob's Water Wells", "FINISHED_WELL_DEPTH": 202, "TOTAL_DEPTH_DRILLED": 202, "BEDROCK_DEPTH": 140, "YIELD": 25, "YIELD_ESTIMATION_DURATION": 0.5, "ARTESIAN_COND": "N", "ARTESIAN_FLOW": null, "ARTESIAN_PRESSURE": null, "STATIC_WATER_LEVEL": 166.5, "DIAMETER": 6, "FINAL_CASING_STICK_UP": 32, "GROUND_ELEVATION": 2215, "GROUND_ELEVATION_METHOD": "GPS", "SURFACE_SEAL_DEPTH": null, "SURFACE_SEAL_THICKNESS": 1, "SURFACE_SEAL_METHOD": "POURED", "SCREEN_INTAKE_METHOD": "SCREEN", "WATER_SUPPLY_SYSTEM_NAME": null, "WATER_SUPPLY_SYSTEM_WELL_NAME": null, "CONSTRUCTION_START_DATE": "2017-09-12Z", "CONSTRUCTION_END_DATE": "2017-09-21Z", "ALTERATION_START_DATE": null, "ALTERATION_END_DATE": null, "DECOMMISSION_START_DATE": null, "DECOMMISSION_END_DATE": null, "DECOMMISSION_REASON": null, "OBSERVATION_WELL_NUMBER": null, "OBSERVATION_WELL_STATUS": null, "EMS_ID": null, "AQUIFER_MATERIAL": "Unknown", "OBJECTID": 122573169, "SE_ANNO_CAD_DATA": null}}, {"type": "Feature", "id": "WHSE_WATER_MANAGEMENT.GW_WATER_WELLS_WRBC_SVW.fid-29e471e6_19f63eee063_21c0", "geometry": {"type": "Point", "coordinates": [-120.854473, 56.275933]}, "geometry_name": "GEOMETRY", "properties": {"GW_WW_SYSID": 44149, "WELL_TAG_NUMBER": 44246, "IDENTIFICATION_PLATE_NUMBER": null, "STREET_ADDRESS": " ", "CITY": "FISH CREEK", "LEGAL_LOT": " ", "LEGAL_PLAN": " ", "LEGAL_DISTRICT_LOT": " ", "LEGAL_PID": null, "WELL_LOCATION_DESCRIPTION": " ", "COORDINATE_ACQUISITION_CODE": "C", "WELL_STATUS": "New", "WELL_CLASS": "Unknown", "WELL_SUBCLASS": null, "INTENDED_WATER_USE": "Unknown Well Use", "WELL_DETAILS_URL": "https://apps.nrs.gov.bc.ca/gwells/well/44246", "LICENCE_STATUS": "Unlicensed", "AQUIFER_ID": null, "PERSON_RESPONSIBLE": " ", "COMPANY_OF_PERSON_RESPONSIBLE": "Bob's Water Drilling", "FINISHED_WELL_DEPTH": 231, "TOTAL_DEPTH_DRILLED": null, "BEDROCK_DEPTH": null, "YIELD": 5, "YIELD_ESTIMATION_DURATION": null, "ARTESIAN_COND": "N", "ARTESIAN_FLOW": null, "ARTESIAN_PRESSURE": null, "STATIC_WATER_LEVEL": 171, "DIAMETER": null, "FINAL_CASING_STICK_UP": null, "GROUND_ELEVATION": null, "GROUND_ELEVATION_METHOD": "UNKNOWN", "SURFACE_SEAL_DEPTH": null, "SURFACE_SEAL_THICKNESS": null, "SURFACE_SEAL_METHOD": null, "SCREEN_INTAKE_METHOD": null, "WATER_SUPPLY_SYSTEM_NAME": null, "WATER_SUPPLY_SYSTEM_WELL_NAME": null, "CONSTRUCTION_START_DATE": "1980-01-01Z", "CONSTRUCTION_END_DATE": "1980-01-01Z", "ALTERATION_START_DATE": null, "ALTERATION_END_DATE": null, "DECOMMISSION_START_DATE": null, "DECOMMISSION_END_DATE": null, "DECOMMISSION_REASON": null, "OBSERVATION_WELL_NUMBER": null, "OBSERVATION_WELL_STATUS": null, "EMS_ID": null, "AQUIFER_MATERIAL": "Unconsolidated", "OBJECTID": 122505499, "SE_ANNO_CAD_DATA": null}}, {"type": "Feature", "id": "WHSE_WATER_MANAGEMENT.GW_WATER_WELLS_WRBC_SVW.fid-29e471e6_19f63eee063_21c1", "geometry": {"type": "Point", "coordinates": [-120.85226, 56.27589]}, "geometry_name": "GEOMETRY", "properties": {"GW_WW_SYSID": 39996, "WELL_TAG_NUMBER": 40082, "IDENTIFICATION_PLATE_NUMBER": null, "STREET_ADDRESS": null, "CITY": "FORT ST JOHN", "LEGAL_LOT": null, "LEGAL_PLAN": "76129", "LEGAL_DISTRICT_LOT": null, "LEGAL_PID": null, "WELL_LOCATION_DESCRIPTION": null, "COORDINATE_ACQUISITION_CODE": "C", "WELL_STATUS": "New", "WELL_CLASS": "Water Supply", "WELL_SUBCLASS": null, "INTENDED_WATER_USE": "Private Domestic", "WELL_DETAILS_URL": "https://apps.nrs.gov.bc.ca/gwells/well/40082", "LICENCE_STATUS": "Unlicensed", "AQUIFER_ID": 444, "PERSON_RESPONSIBLE": " ", "COMPANY_OF_PERSON_RESPONSIBLE": "I . & M.  Drilling", "FINISHED_WELL_DEPTH": 250, "TOTAL_DEPTH_DRILLED": null, "BEDROCK_DEPTH": null, "YIELD": 7, "YIELD_ESTIMATION_DURATION": null, "ARTESIAN_COND": "N", "ARTESIAN_FLOW": null, "ARTESIAN_PRESSURE": null, "STATIC_WATER_LEVEL": 140, "DIAMETER": null, "FINAL_CASING_STICK_UP": null, "GROUND_ELEVATION": null, "GROUND_ELEVATION_METHOD": "UNKNOWN", "SURFACE_SEAL_DEPTH": null, "SURFACE_SEAL_THICKNESS": null, "SURFACE_SEAL_METHOD": null, "SCREEN_INTAKE_METHOD": null, "WATER_SUPPLY_SYSTEM_NAME": null, "WATER_SUPPLY_SYSTEM_WELL_NAME": null, "CONSTRUCTION_START_DATE": "1978-07-11Z", "CONSTRUCTION_END_DATE": "1978-07-11Z", "ALTERATION_START_DATE": null, "ALTERATION_END_DATE": null, "DECOMMISSION_START_DATE": null, "DECOMMISSION_END_DATE": null, "DECOMMISSION_REASON": null, "OBSERVATION_WELL_NUMBER": null, "OBSERVATION_WELL_STATUS": null, "EMS_ID": null, "AQUIFER_MATERIAL": "Unconsolidated", "OBJECTID": 122501346, "SE_ANNO_CAD_DATA": null}}, {"type": "Feature", "id": "WHSE_WATER_MANAGEMENT.GW_WATER_WELLS_WRBC_SVW.fid-29e471e6_19f63eee063_21c2", "geometry": {"type": "Point", "coordinates": [-120.846762, 56.278046]}, "geometry_name": "GEOMETRY", "properties": {"GW_WW_SYSID": 45522, "WELL_TAG_NUMBER": 45624, "IDENTIFICATION_PLATE_NUMBER": null, "STREET_ADDRESS": " ", "CITY": "FORT ST JOHN", "LEGAL_LOT": "13", "LEGAL_PLAN": "19460", "LEGAL_DISTRICT_LOT": " ", "LEGAL_PID": null, "WELL_LOCATION_DESCRIPTION": " ", "COORDINATE_ACQUISITION_CODE": "C", "WELL_STATUS": "New", "WELL_CLASS": "Water Supply", "WELL_SUBCLASS": null, "INTENDED_WATER_USE": "Private Domestic", "WELL_DETAILS_URL": "https://apps.nrs.gov.bc.ca/gwells/well/45624", "LICENCE_STATUS": "Unlicensed", "AQUIFER_ID": 1271, "PERSON_RESPONSIBLE": " ", "COMPANY_OF_PERSON_RESPONSIBLE": "Cariboo Water Wells", "FINISHED_WELL_DEPTH": 300, "TOTAL_DEPTH_DRILLED": null, "BEDROCK_DEPTH": 90, "YIELD": 5, "YIELD_ESTIMATION_DURATION": null, "ARTESIAN_COND": "N", "ARTESIAN_FLOW": null, "ARTESIAN_PRESSURE": null, "STATIC_WATER_LEVEL": 100, "DIAMETER": null, "FINAL_CASING_STICK_UP": null, "GROUND_ELEVATION": null, "GROUND_ELEVATION_METHOD": "UNKNOWN", "SURFACE_SEAL_DEPTH": null, "SURFACE_SEAL_THICKNESS": null, "SURFACE_SEAL_METHOD": null, "SCREEN_INTAKE_METHOD": null, "WATER_SUPPLY_SYSTEM_NAME": null, "WATER_SUPPLY_SYSTEM_WELL_NAME": null, "CONSTRUCTION_START_DATE": "1980-07-20Z", "CONSTRUCTION_END_DATE": "1980-07-20Z", "ALTERATION_START_DATE": null, "ALTERATION_END_DATE": null, "DECOMMISSION_START_DATE": null, "DECOMMISSION_END_DATE": null, "DECOMMISSION_REASON": null, "OBSERVATION_WELL_NUMBER": null, "OBSERVATION_WELL_STATUS": null, "EMS_ID": null, "AQUIFER_MATERIAL": "Bedrock", "OBJECTID": 122506872, "SE_ANNO_CAD_DATA": null}}, {"type": "Feature", "id": "WHSE_WATER_MANAGEMENT.GW_WATER_WELLS_WRBC_SVW.fid-29e471e6_19f63eee063_21c3", "geometry": {"type": "Point", "coordinates": [-120.844871, 56.278058]}, "geometry_name": "GEOMETRY", "properties": {"GW_WW_SYSID": 45505, "WELL_TAG_NUMBER": 45607, "IDENTIFICATION_PLATE_NUMBER": null, "STREET_ADDRESS": " ", "CITY": "FORT ST JOHN", "LEGAL_LOT": "12", "LEGAL_PLAN": "19460", "LEGAL_DISTRICT_LOT": " ", "LEGAL_PID": null, "WELL_LOCATION_DESCRIPTION": " ", "COORDINATE_ACQUISITION_CODE": "C", "WELL_STATUS": "New", "WELL_CLASS": "Water Supply", "WELL_SUBCLASS": null, "INTENDED_WATER_USE": "Private Domestic", "WELL_DETAILS_URL": "https://apps.nrs.gov.bc.ca/gwells/well/45607", "LICENCE_STATUS": "Unlicensed", "AQUIFER_ID": 1271, "PERSON_RESPONSIBLE": " ", "COMPANY_OF_PERSON_RESPONSIBLE": "Cariboo Water Wells", "FINISHED_WELL_DEPTH": 325, "TOTAL_DEPTH_DRILLED": null, "BEDROCK_DEPTH": 60, "YIELD": 4, "YIELD_ESTIMATION_DURATION": null, "ARTESIAN_COND": "N", "ARTESIAN_FLOW": null, "ARTESIAN_PRESSURE": null, "STATIC_WATER_LEVEL": 100, "DIAMETER": null, "FINAL_CASING_STICK_UP": null, "GROUND_ELEVATION": null, "GROUND_ELEVATION_METHOD": "UNKNOWN", "SURFACE_SEAL_DEPTH": null, "SURFACE_SEAL_THICKNESS": null, "SURFACE_SEAL_METHOD": null, "SCREEN_INTAKE_METHOD": null, "WATER_SUPPLY_SYSTEM_NAME": null, "WATER_SUPPLY_SYSTEM_WELL_NAME": null, "CONSTRUCTION_START_DATE": "1980-07-18Z", "CONSTRUCTION_END_DATE": "1980-07-18Z", "ALTERATION_START_DATE": null, "ALTERATION_END_DATE": null, "DECOMMISSION_START_DATE": null, "DECOMMISSION_END_DATE": null, "DECOMMISSION_REASON": null, "OBSERVATION_WELL_NUMBER": null, "OBSERVATION_WELL_STATUS": null, "EMS_ID": null, "AQUIFER_MATERIAL": "Bedrock", "OBJECTID": 122506855, "SE_ANNO_CAD_DATA": null}}, {"type": "Feature", "id": "WHSE_WATER_MANAGEMENT.GW_WATER_WELLS_WRBC_SVW.fid-29e471e6_19f63eee063_21c4", "geometry": {"type": "Point", "coordinates": [-120.843736, 56.278128]}, "geometry_name": "GEOMETRY", "properties": {"GW_WW_SYSID": 25149, "WELL_TAG_NUMBER": 25195, "IDENTIFICATION_PLATE_NUMBER": null, "STREET_ADDRESS": " ", "CITY": "FORT ST JOHN", "LEGAL_LOT": "12", "LEGAL_PLAN": "19460", "LEGAL_DISTRICT_LOT": " ", "LEGAL_PID": null, "WELL_LOCATION_DESCRIPTION": " ", "COORDINATE_ACQUISITION_CODE": "C", "WELL_STATUS": "New", "WELL_CLASS": "Unknown", "WELL_SUBCLASS": null, "INTENDED_WATER_USE": "Unknown Well Use", "WELL_DETAILS_URL": "https://apps.nrs.gov.bc.ca/gwells/well/25195", "LICENCE_STATUS": "Unlicensed", "AQUIFER_ID": 1271, "PERSON_RESPONSIBLE": " ", "COMPANY_OF_PERSON_RESPONSIBLE": "Bob's Water Drilling", "FINISHED_WELL_DEPTH": 256, "TOTAL_DEPTH_DRILLED": null, "BEDROCK_DEPTH": 153, "YIELD": null, "YIELD_ESTIMATION_DURATION": null, "ARTESIAN_COND": "N", "ARTESIAN_FLOW": null, "ARTESIAN_PRESSURE": null, "STATIC_WATER_LEVEL": null, "DIAMETER": null, "FINAL_CASING_STICK_UP": null, "GROUND_ELEVATION": null, "GROUND_ELEVATION_METHOD": "UNKNOWN", "SURFACE_SEAL_DEPTH": null, "SURFACE_SEAL_THICKNESS": null, "SURFACE_SEAL_METHOD": null, "SCREEN_INTAKE_METHOD": null, "WATER_SUPPLY_SYSTEM_NAME": null, "WATER_SUPPLY_SYSTEM_WELL_NAME": null, "CONSTRUCTION_START_DATE": "1971-08-01Z", "CONSTRUCTION_END_DATE": "1971-08-01Z", "ALTERATION_START_DATE": null, "ALTERATION_END_DATE": null, "DECOMMISSION_START_DATE": null, "DECOMMISSION_END_DATE": null, "DECOMMISSION_REASON": null, "OBSERVATION_WELL_NUMBER": null, "OBSERVATION_WELL_STATUS": null, "EMS_ID": null, "AQUIFER_MATERIAL": "Unconsolidated", "OBJECTID": 122486499, "SE_ANNO_CAD_DATA": null}}, {"type": "Feature", "id": "WHSE_WATER_MANAGEMENT.GW_WATER_WELLS_WRBC_SVW.fid-29e471e6_19f63eee063_21c5", "geometry": {"type": "Point", "coordinates": [-120.83222, 56.28156]}, "geometry_name": "GEOMETRY", "properties": {"GW_WW_SYSID": 128911, "WELL_TAG_NUMBER": 134304, "IDENTIFICATION_PLATE_NUMBER": 65649, "STREET_ADDRESS": "9723 O Large Ave", "CITY": "Fort St. John", "LEGAL_LOT": null, "LEGAL_PLAN": null, "LEGAL_DISTRICT_LOT": null, "LEGAL_PID": 14687321, "WELL_LOCATION_DESCRIPTION": null, "COORDINATE_ACQUISITION_CODE": "H", "WELL_STATUS": "New", "WELL_CLASS": "Water Supply", "WELL_SUBCLASS": "Not Applicable", "INTENDED_WATER_USE": "Private Domestic", "WELL_DETAILS_URL": "https://apps.nrs.gov.bc.ca/gwells/well/134304", "LICENCE_STATUS": "Unlicensed", "AQUIFER_ID": null, "PERSON_RESPONSIBLE": "Martin Peters", "COMPANY_OF_PERSON_RESPONSIBLE": null, "FINISHED_WELL_DEPTH": 250, "TOTAL_DEPTH_DRILLED": 250, "BEDROCK_DEPTH": 61, "YIELD": 0.6, "YIELD_ESTIMATION_DURATION": 10, "ARTESIAN_COND": "N", "ARTESIAN_FLOW": null, "ARTESIAN_PRESSURE": null, "STATIC_WATER_LEVEL": 146, "DIAMETER": 6, "FINAL_CASING_STICK_UP": 22, "GROUND_ELEVATION": 2320, "GROUND_ELEVATION_METHOD": "GPS", "SURFACE_SEAL_DEPTH": 15, "SURFACE_SEAL_THICKNESS": 1, "SURFACE_SEAL_METHOD": "POURED", "SCREEN_INTAKE_METHOD": "SCREEN", "WATER_SUPPLY_SYSTEM_NAME": null, "WATER_SUPPLY_SYSTEM_WELL_NAME": null, "CONSTRUCTION_START_DATE": "2025-07-10Z", "CONSTRUCTION_END_DATE": "2025-07-15Z", "ALTERATION_START_DATE": null, "ALTERATION_END_DATE": null, "DECOMMISSION_START_DATE": null, "DECOMMISSION_END_DATE": null, "DECOMMISSION_REASON": null, "OBSERVATION_WELL_NUMBER": null, "OBSERVATION_WELL_STATUS": null, "EMS_ID": null, "AQUIFER_MATERIAL": null, "OBJECTID": 122590261, "SE_ANNO_CAD_DATA": null}}, {"type": "Feature", "id": "WHSE_WATER_MANAGEMENT.GW_WATER_WELLS_WRBC_SVW.fid-29e471e6_19f63eee063_21c6", "geometry": {"type": "Point", "coordinates": [-120.83318, 56.281961]}, "geometry_name": "GEOMETRY", "properties": {"GW_WW_SYSID": 38886, "WELL_TAG_NUMBER": 38970, "IDENTIFICATION_PLATE_NUMBER": null, "STREET_ADDRESS": "MILE 54", "CITY": "CHARLIE LAKE", "LEGAL_LOT": " ", "LEGAL_PLAN": " ", "LEGAL_DISTRICT_LOT": " ", "LEGAL_PID": null, "WELL_LOCATION_DESCRIPTION": " ", "COORDINATE_ACQUISITION_CODE": "C", "WELL_STATUS": "New", "WELL_CLASS": "Unknown", "WELL_SUBCLASS": null, "INTENDED_WATER_USE": "Unknown Well Use", "WELL_DETAILS_URL": "https://apps.nrs.gov.bc.ca/gwells/well/38970", "LICENCE_STATUS": "Unlicensed", "AQUIFER_ID": 1271, "PERSON_RESPONSIBLE": " ", "COMPANY_OF_PERSON_RESPONSIBLE": "Cliff Baker Drilling", "FINISHED_WELL_DEPTH": 135, "TOTAL_DEPTH_DRILLED": null, "BEDROCK_DEPTH": 50, "YIELD": 5, "YIELD_ESTIMATION_DURATION": null, "ARTESIAN_COND": "N", "ARTESIAN_FLOW": null, "ARTESIAN_PRESSURE": null, "STATIC_WATER_LEVEL": null, "DIAMETER": null, "FINAL_CASING_STICK_UP": null, "GROUND_ELEVATION": null, "GROUND_ELEVATION_METHOD": "UNKNOWN", "SURFACE_SEAL_DEPTH": null, "SURFACE_SEAL_THICKNESS": null, "SURFACE_SEAL_METHOD": null, "SCREEN_INTAKE_METHOD": null, "WATER_SUPPLY_SYSTEM_NAME": null, "WATER_SUPPLY_SYSTEM_WELL_NAME": null, "CONSTRUCTION_START_DATE": "1978-01-01Z", "CONSTRUCTION_END_DATE": "1978-01-01Z", "ALTERATION_START_DATE": null, "ALTERATION_END_DATE": null, "DECOMMISSION_START_DATE": null, "DECOMMISSION_END_DATE": null, "DECOMMISSION_REASON": null, "OBSERVATION_WELL_NUMBER": null, "OBSERVATION_WELL_STATUS": null, "EMS_ID": null, "AQUIFER_MATERIAL": "Bedrock", "OBJECTID": 122500236, "SE_ANNO_CAD_DATA": null}}, {"type": "Feature", "id": "WHSE_WATER_MANAGEMENT.GW_WATER_WELLS_WRBC_SVW.fid-29e471e6_19f63eee063_21c7", "geometry": {"type": "Point", "coordinates": [-120.842412, 56.282706]}, "geometry_name": "GEOMETRY", "properties": {"GW_WW_SYSID": 104026, "WELL_TAG_NUMBER": 108393, "IDENTIFICATION_PLATE_NUMBER": 31923, "STREET_ADDRESS": "9723 0 LARGE AVENUE", "CITY": "FORT ST JOHN", "LEGAL_LOT": " ", "LEGAL_PLAN": " ", "LEGAL_DISTRICT_LOT": " ", "LEGAL_PID": null, "WELL_LOCATION_DESCRIPTION": "NOT PROVEIDED", "COORDINATE_ACQUISITION_CODE": "G", "WELL_STATUS": "New", "WELL_CLASS": "Water Supply", "WELL_SUBCLASS": "Not Applicable", "INTENDED_WATER_USE": "Private Domestic", "WELL_DETAILS_URL": "https://apps.nrs.gov.bc.ca/gwells/well/108393", "LICENCE_STATUS": "Unlicensed", "AQUIFER_ID": 1271, "PERSON_RESPONSIBLE": " ", "COMPANY_OF_PERSON_RESPONSIBLE": "Anderson Water Serv", "FINISHED_WELL_DEPTH": 213, "TOTAL_DEPTH_DRILLED": 240, "BEDROCK_DEPTH": 30, "YIELD": 1, "YIELD_ESTIMATION_DURATION": 1, "ARTESIAN_COND": "N", "ARTESIAN_FLOW": null, "ARTESIAN_PRESSURE": null, "STATIC_WATER_LEVEL": 132, "DIAMETER": 6.25, "FINAL_CASING_STICK_UP": 21, "GROUND_ELEVATION": null, "GROUND_ELEVATION_METHOD": "UNKNOWN", "SURFACE_SEAL_DEPTH": 24, "SURFACE_SEAL_THICKNESS": null, "SURFACE_SEAL_METHOD": "POURED", "SCREEN_INTAKE_METHOD": null, "WATER_SUPPLY_SYSTEM_NAME": null, "WATER_SUPPLY_SYSTEM_WELL_NAME": null, "CONSTRUCTION_START_DATE": "2013-06-25Z", "CONSTRUCTION_END_DATE": "2013-06-26Z", "ALTERATION_START_DATE": null, "ALTERATION_END_DATE": null, "DECOMMISSION_START_DATE": null, "DECOMMISSION_END_DATE": null, "DECOMMISSION_REASON": null, "OBSERVATION_WELL_NUMBER": null, "OBSERVATION_WELL_STATUS": null, "EMS_ID": null, "AQUIFER_MATERIAL": "Bedrock", "OBJECTID": 122565376, "SE_ANNO_CAD_DATA": null}}, {"type": "Feature", "id": "WHSE_WATER_MANAGEMENT.GW_WATER_WELLS_WRBC_SVW.fid-29e471e6_19f63eee063_21c8", "geometry": {"type": "Point", "coordinates": [-120.871093, 56.293403]}, "geometry_name": "GEOMETRY", "properties": {"GW_WW_SYSID": 16444, "WELL_TAG_NUMBER": 16473, "IDENTIFICATION_PLATE_NUMBER": null, "STREET_ADDRESS": " ", "CITY": " ", "LEGAL_LOT": " ", "LEGAL_PLAN": " ", "LEGAL_DISTRICT_LOT": " ", "LEGAL_PID": null, "WELL_LOCATION_DESCRIPTION": " ", "COORDINATE_ACQUISITION_CODE": "C", "WELL_STATUS": "New", "WELL_CLASS": "Water Supply", "WELL_SUBCLASS": null, "INTENDED_WATER_USE": "Private Domestic", "WELL_DETAILS_URL": "https://apps.nrs.gov.bc.ca/gwells/well/16473", "LICENCE_STATUS": "Unlicensed", "AQUIFER_ID": 451, "PERSON_RESPONSIBLE": " ", "COMPANY_OF_PERSON_RESPONSIBLE": "Unknown", "FINISHED_WELL_DEPTH": 120, "TOTAL_DEPTH_DRILLED": null, "BEDROCK_DEPTH": null, "YIELD": null, "YIELD_ESTIMATION_DURATION": null, "ARTESIAN_COND": "N", "ARTESIAN_FLOW": null, "ARTESIAN_PRESSURE": null, "STATIC_WATER_LEVEL": 70, "DIAMETER": null, "FINAL_CASING_STICK_UP": null, "GROUND_ELEVATION": null, "GROUND_ELEVATION_METHOD": "UNKNOWN", "SURFACE_SEAL_DEPTH": null, "SURFACE_SEAL_THICKNESS": null, "SURFACE_SEAL_METHOD": null, "SCREEN_INTAKE_METHOD": null, "WATER_SUPPLY_SYSTEM_NAME": null, "WATER_SUPPLY_SYSTEM_WELL_NAME": null, "CONSTRUCTION_START_DATE": "1960-01-01Z", "CONSTRUCTION_END_DATE": "1960-01-01Z", "ALTERATION_START_DATE": null, "ALTERATION_END_DATE": null, "DECOMMISSION_START_DATE": null, "DECOMMISSION_END_DATE": null, "DECOMMISSION_REASON": null, "OBSERVATION_WELL_NUMBER": null, "OBSERVATION_WELL_STATUS": null, "EMS_ID": null, "AQUIFER_MATERIAL": "Unconsolidated", "OBJECTID": 122477794, "SE_ANNO_CAD_DATA": null}}, {"type": "Feature", "id": "WHSE_WATER_MANAGEMENT.GW_WATER_WELLS_WRBC_SVW.fid-29e471e6_19f63eee063_21c9", "geometry": {"type": "Point", "coordinates": [-120.863317, 56.295174]}, "geometry_name": "GEOMETRY", "properties": {"GW_WW_SYSID": 108234, "WELL_TAG_NUMBER": 112765, "IDENTIFICATION_PLATE_NUMBER": null, "STREET_ADDRESS": "267 ROAD", "CITY": " ", "LEGAL_LOT": "SW 1/4", "LEGAL_PLAN": " ", "LEGAL_DISTRICT_LOT": " ", "LEGAL_PID": 14782758, "WELL_LOCATION_DESCRIPTION": "NOT PROVIDED", "COORDINATE_ACQUISITION_CODE": "H", "WELL_STATUS": "New", "WELL_CLASS": "Monitoring", "WELL_SUBCLASS": null, "INTENDED_WATER_USE": "Not Applicable", "WELL_DETAILS_URL": "https://apps.nrs.gov.bc.ca/gwells/well/112765", "LICENCE_STATUS": "Unlicensed", "AQUIFER_ID": null, "PERSON_RESPONSIBLE": " ", "COMPANY_OF_PERSON_RESPONSIBLE": null, "FINISHED_WELL_DEPTH": 20, "TOTAL_DEPTH_DRILLED": 20, "BEDROCK_DEPTH": null, "YIELD": null, "YIELD_ESTIMATION_DURATION": null, "ARTESIAN_COND": "N", "ARTESIAN_FLOW": null, "ARTESIAN_PRESSURE": null, "STATIC_WATER_LEVEL": null, "DIAMETER": 2, "FINAL_CASING_STICK_UP": 36, "GROUND_ELEVATION": 2328.8, "GROUND_ELEVATION_METHOD": "UNKNOWN", "SURFACE_SEAL_DEPTH": 9.5, "SURFACE_SEAL_THICKNESS": null, "SURFACE_SEAL_METHOD": null, "SCREEN_INTAKE_METHOD": "SCREEN", "WATER_SUPPLY_SYSTEM_NAME": null, "WATER_SUPPLY_SYSTEM_WELL_NAME": null, "CONSTRUCTION_START_DATE": "2016-01-19Z", "CONSTRUCTION_END_DATE": "2016-01-19Z", "ALTERATION_START_DATE": null, "ALTERATION_END_DATE": null, "DECOMMISSION_START_DATE": null, "DECOMMISSION_END_DATE": null, "DECOMMISSION_REASON": null, "OBSERVATION_WELL_NUMBER": null, "OBSERVATION_WELL_STATUS": null, "EMS_ID": null, "AQUIFER_MATERIAL": "Unknown", "OBJECTID": 122569584, "SE_ANNO_CAD_DATA": null}}, {"type": "Feature", "id": "WHSE_WATER_MANAGEMENT.GW_WATER_WELLS_WRBC_SVW.fid-29e471e6_19f63eee063_21ca", "geometry": {"type": "Point", "coordinates": [-120.864266, 56.295272]}, "geometry_name": "GEOMETRY", "properties": {"GW_WW_SYSID": 108233, "WELL_TAG_NUMBER": 112764, "IDENTIFICATION_PLATE_NUMBER": null, "STREET_ADDRESS": "267 ROAD", "CITY": " ", "LEGAL_LOT": "SW 1/4", "LEGAL_PLAN": " ", "LEGAL_DISTRICT_LOT": " ", "LEGAL_PID": 14782758, "WELL_LOCATION_DESCRIPTION": "W6W", "COORDINATE_ACQUISITION_CODE": "H", "WELL_STATUS": "New", "WELL_CLASS": "Monitoring", "WELL_SUBCLASS": null, "INTENDED_WATER_USE": "Not Applicable", "WELL_DETAILS_URL": "https://apps.nrs.gov.bc.ca/gwells/well/112764", "LICENCE_STATUS": "Unlicensed", "AQUIFER_ID": null, "PERSON_RESPONSIBLE": " ", "COMPANY_OF_PERSON_RESPONSIBLE": null, "FINISHED_WELL_DEPTH": 20, "TOTAL_DEPTH_DRILLED": 20, "BEDROCK_DEPTH": null, "YIELD": null, "YIELD_ESTIMATION_DURATION": null, "ARTESIAN_COND": "N", "ARTESIAN_FLOW": null, "ARTESIAN_PRESSURE": null, "STATIC_WATER_LEVEL": null, "DIAMETER": 2, "FINAL_CASING_STICK_UP": 35, "GROUND_ELEVATION": 2341, "GROUND_ELEVATION_METHOD": "UNKNOWN", "SURFACE_SEAL_DEPTH": 9.5, "SURFACE_SEAL_THICKNESS": null, "SURFACE_SEAL_METHOD": null, "SCREEN_INTAKE_METHOD": "SCREEN", "WATER_SUPPLY_SYSTEM_NAME": null, "WATER_SUPPLY_SYSTEM_WELL_NAME": null, "CONSTRUCTION_START_DATE": "2016-01-19Z", "CONSTRUCTION_END_DATE": "2016-01-19Z", "ALTERATION_START_DATE": null, "ALTERATION_END_DATE": null, "DECOMMISSION_START_DATE": null, "DECOMMISSION_END_DATE": null, "DECOMMISSION_REASON": null, "OBSERVATION_WELL_NUMBER": null, "OBSERVATION_WELL_STATUS": null, "EMS_ID": null, "AQUIFER_MATERIAL": "Unknown", "OBJECTID": 122569583, "SE_ANNO_CAD_DATA": null}}, {"type": "Feature", "id": "WHSE_WATER_MANAGEMENT.GW_WATER_WELLS_WRBC_SVW.fid-29e471e6_19f63eee063_21cb", "geometry": {"type": "Point", "coordinates": [-120.853614, 56.295285]}, "geometry_name": "GEOMETRY", "properties": {"GW_WW_SYSID": 38840, "WELL_TAG_NUMBER": 38923, "IDENTIFICATION_PLATE_NUMBER": null, "STREET_ADDRESS": " ", "CITY": "FORT ST JOHN", "LEGAL_LOT": "5", "LEGAL_PLAN": "9578", "LEGAL_DISTRICT_LOT": " ", "LEGAL_PID": null, "WELL_LOCATION_DESCRIPTION": " ", "COORDINATE_ACQUISITION_CODE": "A", "WELL_STATUS": "New", "WELL_CLASS": "Unknown", "WELL_SUBCLASS": null, "INTENDED_WATER_USE": "Unknown Well Use", "WELL_DETAILS_URL": "https://apps.nrs.gov.bc.ca/gwells/well/38923", "LICENCE_STATUS": "Unlicensed", "AQUIFER_ID": 1270, "PERSON_RESPONSIBLE": " ", "COMPANY_OF_PERSON_RESPONSIBLE": "Cliff Baker Drilling", "FINISHED_WELL_DEPTH": 375, "TOTAL_DEPTH_DRILLED": null, "BEDROCK_DEPTH": 70, "YIELD": 8, "YIELD_ESTIMATION_DURATION": null, "ARTESIAN_COND": "N", "ARTESIAN_FLOW": null, "ARTESIAN_PRESSURE": null, "STATIC_WATER_LEVEL": null, "DIAMETER": null, "FINAL_CASING_STICK_UP": null, "GROUND_ELEVATION": null, "GROUND_ELEVATION_METHOD": "UNKNOWN", "SURFACE_SEAL_DEPTH": null, "SURFACE_SEAL_THICKNESS": null, "SURFACE_SEAL_METHOD": null, "SCREEN_INTAKE_METHOD": null, "WATER_SUPPLY_SYSTEM_NAME": null, "WATER_SUPPLY_SYSTEM_WELL_NAME": null, "CONSTRUCTION_START_DATE": "1978-01-01Z", "CONSTRUCTION_END_DATE": "1978-01-01Z", "ALTERATION_START_DATE": null, "ALTERATION_END_DATE": null, "DECOMMISSION_START_DATE": null, "DECOMMISSION_END_DATE": null, "DECOMMISSION_REASON": null, "OBSERVATION_WELL_NUMBER": null, "OBSERVATION_WELL_STATUS": null, "EMS_ID": null, "AQUIFER_MATERIAL": "Bedrock", "OBJECTID": 122500190, "SE_ANNO_CAD_DATA": null}}, {"type": "Feature", "id": "WHSE_WATER_MANAGEMENT.GW_WATER_WELLS_WRBC_SVW.fid-29e471e6_19f63eee063_21cc", "geometry": {"type": "Point", "coordinates": [-120.863784, 56.295784]}, "geometry_name": "GEOMETRY", "properties": {"GW_WW_SYSID": 108232, "WELL_TAG_NUMBER": 112763, "IDENTIFICATION_PLATE_NUMBER": null, "STREET_ADDRESS": "267 ROAD", "CITY": " ", "LEGAL_LOT": "SW 1/4", "LEGAL_PLAN": " ", "LEGAL_DISTRICT_LOT": " ", "LEGAL_PID": 14782758, "WELL_LOCATION_DESCRIPTION": "W6W", "COORDINATE_ACQUISITION_CODE": "A", "WELL_STATUS": "New", "WELL_CLASS": "Monitoring", "WELL_SUBCLASS": null, "INTENDED_WATER_USE": "Not Applicable", "WELL_DETAILS_URL": "https://apps.nrs.gov.bc.ca/gwells/well/112763", "LICENCE_STATUS": "Unlicensed", "AQUIFER_ID": null, "PERSON_RESPONSIBLE": " ", "COMPANY_OF_PERSON_RESPONSIBLE": null, "FINISHED_WELL_DEPTH": 24, "TOTAL_DEPTH_DRILLED": 24, "BEDROCK_DEPTH": null, "YIELD": null, "YIELD_ESTIMATION_DURATION": null, "ARTESIAN_COND": "N", "ARTESIAN_FLOW": null, "ARTESIAN_PRESSURE": null, "STATIC_WATER_LEVEL": null, "DIAMETER": 2, "FINAL_CASING_STICK_UP": 34, "GROUND_ELEVATION": 2331, "GROUND_ELEVATION_METHOD": "UNKNOWN", "SURFACE_SEAL_DEPTH": null, "SURFACE_SEAL_THICKNESS": null, "SURFACE_SEAL_METHOD": null, "SCREEN_INTAKE_METHOD": "SCREEN", "WATER_SUPPLY_SYSTEM_NAME": null, "WATER_SUPPLY_SYSTEM_WELL_NAME": null, "CONSTRUCTION_START_DATE": "2016-01-19Z", "CONSTRUCTION_END_DATE": "2016-01-19Z", "ALTERATION_START_DATE": null, "ALTERATION_END_DATE": null, "DECOMMISSION_START_DATE": null, "DECOMMISSION_END_DATE": null, "DECOMMISSION_REASON": null, "OBSERVATION_WELL_NUMBER": null, "OBSERVATION_WELL_STATUS": null, "EMS_ID": null, "AQUIFER_MATERIAL": "Unknown", "OBJECTID": 122569582, "SE_ANNO_CAD_DATA": null}}, {"type": "Feature", "id": "WHSE_WATER_MANAGEMENT.GW_WATER_WELLS_WRBC_SVW.fid-29e471e6_19f63eee063_21cd", "geometry": {"type": "Point", "coordinates": [-120.84924, 56.29638]}, "geometry_name": "GEOMETRY", "properties": {"GW_WW_SYSID": 129811, "WELL_TAG_NUMBER": 135951, "IDENTIFICATION_PLATE_NUMBER": 68607, "STREET_ADDRESS": "13293 Rose Prairie Rd", "CITY": "Fort St. John", "LEGAL_LOT": null, "LEGAL_PLAN": null, "LEGAL_DISTRICT_LOT": null, "LEGAL_PID": 26532778, "WELL_LOCATION_DESCRIPTION": null, "COORDINATE_ACQUISITION_CODE": "H", "WELL_STATUS": "New", "WELL_CLASS": "Water Supply", "WELL_SUBCLASS": "Not Applicable", "INTENDED_WATER_USE": "Private Domestic", "WELL_DETAILS_URL": "https://apps.nrs.gov.bc.ca/gwells/well/135951", "LICENCE_STATUS": "Unlicensed", "AQUIFER_ID": null, "PERSON_RESPONSIBLE": "Martin Peters", "COMPANY_OF_PERSON_RESPONSIBLE": null, "FINISHED_WELL_DEPTH": 370, "TOTAL_DEPTH_DRILLED": 370, "BEDROCK_DEPTH": 93, "YIELD": 1, "YIELD_ESTIMATION_DURATION": 6, "ARTESIAN_COND": "N", "ARTESIAN_FLOW": null, "ARTESIAN_PRESSURE": null, "STATIC_WATER_LEVEL": 284, "DIAMETER": 6, "FINAL_CASING_STICK_UP": 23, "GROUND_ELEVATION": 2250, "GROUND_ELEVATION_METHOD": "GPS", "SURFACE_SEAL_DEPTH": 25, "SURFACE_SEAL_THICKNESS": 1, "SURFACE_SEAL_METHOD": "POURED", "SCREEN_INTAKE_METHOD": "SCREEN", "WATER_SUPPLY_SYSTEM_NAME": null, "WATER_SUPPLY_SYSTEM_WELL_NAME": null, "CONSTRUCTION_START_DATE": "2025-09-19Z", "CONSTRUCTION_END_DATE": "2025-09-29Z", "ALTERATION_START_DATE": null, "ALTERATION_END_DATE": null, "DECOMMISSION_START_DATE": null, "DECOMMISSION_END_DATE": null, "DECOMMISSION_REASON": null, "OBSERVATION_WELL_NUMBER": null, "OBSERVATION_WELL_STATUS": null, "EMS_ID": null, "AQUIFER_MATERIAL": null, "OBJECTID": 122591161, "SE_ANNO_CAD_DATA": null}}, {"type": "Feature", "id": "WHSE_WATER_MANAGEMENT.GW_WATER_WELLS_WRBC_SVW.fid-29e471e6_19f63eee063_21ce", "geometry": {"type": "Point", "coordinates": [-120.853131, 56.297847]}, "geometry_name": "GEOMETRY", "properties": {"GW_WW_SYSID": 22097, "WELL_TAG_NUMBER": 22138, "IDENTIFICATION_PLATE_NUMBER": null, "STREET_ADDRESS": " ", "CITY": " ", "LEGAL_LOT": "8", "LEGAL_PLAN": "9578", "LEGAL_DISTRICT_LOT": " ", "LEGAL_PID": null, "WELL_LOCATION_DESCRIPTION": " ", "COORDINATE_ACQUISITION_CODE": "C", "WELL_STATUS": "New", "WELL_CLASS": "Unknown", "WELL_SUBCLASS": null, "INTENDED_WATER_USE": "Unknown Well Use", "WELL_DETAILS_URL": "https://apps.nrs.gov.bc.ca/gwells/well/22138", "LICENCE_STATUS": "Unlicensed", "AQUIFER_ID": null, "PERSON_RESPONSIBLE": " ", "COMPANY_OF_PERSON_RESPONSIBLE": "Smith", "FINISHED_WELL_DEPTH": 147, "TOTAL_DEPTH_DRILLED": null, "BEDROCK_DEPTH": null, "YIELD": null, "YIELD_ESTIMATION_DURATION": null, "ARTESIAN_COND": "N", "ARTESIAN_FLOW": null, "ARTESIAN_PRESSURE": null, "STATIC_WATER_LEVEL": null, "DIAMETER": null, "FINAL_CASING_STICK_UP": null, "GROUND_ELEVATION": null, "GROUND_ELEVATION_METHOD": "UNKNOWN", "SURFACE_SEAL_DEPTH": null, "SURFACE_SEAL_THICKNESS": null, "SURFACE_SEAL_METHOD": null, "SCREEN_INTAKE_METHOD": null, "WATER_SUPPLY_SYSTEM_NAME": null, "WATER_SUPPLY_SYSTEM_WELL_NAME": null, "CONSTRUCTION_START_DATE": "1969-01-01Z", "CONSTRUCTION_END_DATE": "1969-01-01Z", "ALTERATION_START_DATE": null, "ALTERATION_END_DATE": null, "DECOMMISSION_START_DATE": null, "DECOMMISSION_END_DATE": null, "DECOMMISSION_REASON": null, "OBSERVATION_WELL_NUMBER": null, "OBSERVATION_WELL_STATUS": null, "EMS_ID": null, "AQUIFER_MATERIAL": "Unconsolidated", "OBJECTID": 122483447, "SE_ANNO_CAD_DATA": null}}, {"type": "Feature", "id": "WHSE_WATER_MANAGEMENT.GW_WATER_WELLS_WRBC_SVW.fid-29e471e6_19f63eee063_21cf", "geometry": {"type": "Point", "coordinates": [-120.832867, 56.314048]}, "geometry_name": "GEOMETRY", "properties": {"GW_WW_SYSID": 21175, "WELL_TAG_NUMBER": 21215, "IDENTIFICATION_PLATE_NUMBER": null, "STREET_ADDRESS": " ", "CITY": " ", "LEGAL_LOT": "1", "LEGAL_PLAN": " ", "LEGAL_DISTRICT_LOT": " ", "LEGAL_PID": null, "WELL_LOCATION_DESCRIPTION": " ", "COORDINATE_ACQUISITION_CODE": "E", "WELL_STATUS": "New", "WELL_CLASS": "Unknown", "WELL_SUBCLASS": null, "INTENDED_WATER_USE": "Unknown Well Use", "WELL_DETAILS_URL": "https://apps.nrs.gov.bc.ca/gwells/well/21215", "LICENCE_STATUS": "Unlicensed", "AQUIFER_ID": null, "PERSON_RESPONSIBLE": " ", "COMPANY_OF_PERSON_RESPONSIBLE": "Siluch's Rat Hole Drilling", "FINISHED_WELL_DEPTH": 45, "TOTAL_DEPTH_DRILLED": null, "BEDROCK_DEPTH": null, "YIELD": null, "YIELD_ESTIMATION_DURATION": null, "ARTESIAN_COND": "N", "ARTESIAN_FLOW": null, "ARTESIAN_PRESSURE": null, "STATIC_WATER_LEVEL": null, "DIAMETER": null, "FINAL_CASING_STICK_UP": null, "GROUND_ELEVATION": null, "GROUND_ELEVATION_METHOD": "UNKNOWN", "SURFACE_SEAL_DEPTH": null, "SURFACE_SEAL_THICKNESS": null, "SURFACE_SEAL_METHOD": null, "SCREEN_INTAKE_METHOD": null, "WATER_SUPPLY_SYSTEM_NAME": null, "WATER_SUPPLY_SYSTEM_WELL_NAME": null, "CONSTRUCTION_START_DATE": "1968-01-01Z", "CONSTRUCTION_END_DATE": "1968-01-01Z", "ALTERATION_START_DATE": null, "ALTERATION_END_DATE": null, "DECOMMISSION_START_DATE": null, "DECOMMISSION_END_DATE": null, "DECOMMISSION_REASON": null, "OBSERVATION_WELL_NUMBER": null, "OBSERVATION_WELL_STATUS": null, "EMS_ID": null, "AQUIFER_MATERIAL": "Unconsolidated", "OBJECTID": 122482525, "SE_ANNO_CAD_DATA": null}}, {"type": "Feature", "id": "WHSE_WATER_MANAGEMENT.GW_WATER_WELLS_WRBC_SVW.fid-29e471e6_19f63eee063_21d0", "geometry": {"type": "Point", "coordinates": [-120.810634, 56.317153]}, "geometry_name": "GEOMETRY", "properties": {"GW_WW_SYSID": 1573, "WELL_TAG_NUMBER": 1579, "IDENTIFICATION_PLATE_NUMBER": null, "STREET_ADDRESS": " ", "CITY": " ", "LEGAL_LOT": " ", "LEGAL_PLAN": " ", "LEGAL_DISTRICT_LOT": " ", "LEGAL_PID": null, "WELL_LOCATION_DESCRIPTION": " ", "COORDINATE_ACQUISITION_CODE": "E", "WELL_STATUS": "New", "WELL_CLASS": "Unknown", "WELL_SUBCLASS": null, "INTENDED_WATER_USE": "Unknown Well Use", "WELL_DETAILS_URL": "https://apps.nrs.gov.bc.ca/gwells/well/1579", "LICENCE_STATUS": "Unlicensed", "AQUIFER_ID": null, "PERSON_RESPONSIBLE": " ", "COMPANY_OF_PERSON_RESPONSIBLE": "Unknown", "FINISHED_WELL_DEPTH": 68, "TOTAL_DEPTH_DRILLED": null, "BEDROCK_DEPTH": null, "YIELD": null, "YIELD_ESTIMATION_DURATION": null, "ARTESIAN_COND": "N", "ARTESIAN_FLOW": null, "ARTESIAN_PRESSURE": null, "STATIC_WATER_LEVEL": null, "DIAMETER": null, "FINAL_CASING_STICK_UP": null, "GROUND_ELEVATION": null, "GROUND_ELEVATION_METHOD": "UNKNOWN", "SURFACE_SEAL_DEPTH": null, "SURFACE_SEAL_THICKNESS": null, "SURFACE_SEAL_METHOD": null, "SCREEN_INTAKE_METHOD": null, "WATER_SUPPLY_SYSTEM_NAME": null, "WATER_SUPPLY_SYSTEM_WELL_NAME": null, "CONSTRUCTION_START_DATE": "1930-01-01Z", "CONSTRUCTION_END_DATE": "1930-01-01Z", "ALTERATION_START_DATE": null, "ALTERATION_END_DATE": null, "DECOMMISSION_START_DATE": null, "DECOMMISSION_END_DATE": null, "DECOMMISSION_REASON": null, "OBSERVATION_WELL_NUMBER": null, "OBSERVATION_WELL_STATUS": null, "EMS_ID": null, "AQUIFER_MATERIAL": "Unconsolidated", "OBJECTID": 122462923, "SE_ANNO_CAD_DATA": null}}, {"type": "Feature", "id": "WHSE_WATER_MANAGEMENT.GW_WATER_WELLS_WRBC_SVW.fid-29e471e6_19f63eee063_21d1", "geometry": {"type": "Point", "coordinates": [-120.778028, 56.322521]}, "geometry_name": "GEOMETRY", "properties": {"GW_WW_SYSID": 77130, "WELL_TAG_NUMBER": 80280, "IDENTIFICATION_PLATE_NUMBER": null, "STREET_ADDRESS": "ON 112 RD", "CITY": " ", "LEGAL_LOT": " ", "LEGAL_PLAN": " ", "LEGAL_DISTRICT_LOT": " ", "LEGAL_PID": null, "WELL_LOCATION_DESCRIPTION": " ", "COORDINATE_ACQUISITION_CODE": "J", "WELL_STATUS": "New", "WELL_CLASS": "Water Supply", "WELL_SUBCLASS": null, "INTENDED_WATER_USE": "Private Domestic", "WELL_DETAILS_URL": "https://apps.nrs.gov.bc.ca/gwells/well/80280", "LICENCE_STATUS": "Unlicensed", "AQUIFER_ID": null, "PERSON_RESPONSIBLE": " ", "COMPANY_OF_PERSON_RESPONSIBLE": "Jacob's Water Wells", "FINISHED_WELL_DEPTH": null, "TOTAL_DEPTH_DRILLED": null, "BEDROCK_DEPTH": null, "YIELD": null, "YIELD_ESTIMATION_DURATION": null, "ARTESIAN_COND": "N", "ARTESIAN_FLOW": null, "ARTESIAN_PRESSURE": null, "STATIC_WATER_LEVEL": null, "DIAMETER": 0, "FINAL_CASING_STICK_UP": null, "GROUND_ELEVATION": null, "GROUND_ELEVATION_METHOD": "UNKNOWN", "SURFACE_SEAL_DEPTH": null, "SURFACE_SEAL_THICKNESS": null, "SURFACE_SEAL_METHOD": null, "SCREEN_INTAKE_METHOD": null, "WATER_SUPPLY_SYSTEM_NAME": null, "WATER_SUPPLY_SYSTEM_WELL_NAME": null, "CONSTRUCTION_START_DATE": "1999-08-20Z", "CONSTRUCTION_END_DATE": "1999-08-20Z", "ALTERATION_START_DATE": null, "ALTERATION_END_DATE": null, "DECOMMISSION_START_DATE": null, "DECOMMISSION_END_DATE": null, "DECOMMISSION_REASON": null, "OBSERVATION_WELL_NUMBER": null, "OBSERVATION_WELL_STATUS": null, "EMS_ID": null, "AQUIFER_MATERIAL": "Unknown", "OBJECTID": 122538480, "SE_ANNO_CAD_DATA": null}}, {"type": "Feature", "id": "WHSE_WATER_MANAGEMENT.GW_WATER_WELLS_WRBC_SVW.fid-29e471e6_19f63eee063_21d2", "geometry": {"type": "Point", "coordinates": [-120.812766, 56.325117]}, "geometry_name": "GEOMETRY", "properties": {"GW_WW_SYSID": 15295, "WELL_TAG_NUMBER": 15322, "IDENTIFICATION_PLATE_NUMBER": null, "STREET_ADDRESS": " ", "CITY": " ", "LEGAL_LOT": " ", "LEGAL_PLAN": " ", "LEGAL_DISTRICT_LOT": " ", "LEGAL_PID": null, "WELL_LOCATION_DESCRIPTION": " ", "COORDINATE_ACQUISITION_CODE": "E", "WELL_STATUS": "New", "WELL_CLASS": "Unknown", "WELL_SUBCLASS": null, "INTENDED_WATER_USE": "Unknown Well Use", "WELL_DETAILS_URL": "https://apps.nrs.gov.bc.ca/gwells/well/15322", "LICENCE_STATUS": "Unlicensed", "AQUIFER_ID": 1270, "PERSON_RESPONSIBLE": " ", "COMPANY_OF_PERSON_RESPONSIBLE": "Cliff Baker Drilling", "FINISHED_WELL_DEPTH": 300, "TOTAL_DEPTH_DRILLED": null, "BEDROCK_DEPTH": 0, "YIELD": 0, "YIELD_ESTIMATION_DURATION": null, "ARTESIAN_COND": "N", "ARTESIAN_FLOW": null, "ARTESIAN_PRESSURE": null, "STATIC_WATER_LEVEL": 150, "DIAMETER": null, "FINAL_CASING_STICK_UP": null, "GROUND_ELEVATION": null, "GROUND_ELEVATION_METHOD": "UNKNOWN", "SURFACE_SEAL_DEPTH": null, "SURFACE_SEAL_THICKNESS": null, "SURFACE_SEAL_METHOD": null, "SCREEN_INTAKE_METHOD": null, "WATER_SUPPLY_SYSTEM_NAME": null, "WATER_SUPPLY_SYSTEM_WELL_NAME": null, "CONSTRUCTION_START_DATE": "1958-01-01Z", "CONSTRUCTION_END_DATE": "1958-01-01Z", "ALTERATION_START_DATE": null, "ALTERATION_END_DATE": null, "DECOMMISSION_START_DATE": null, "DECOMMISSION_END_DATE": null, "DECOMMISSION_REASON": null, "OBSERVATION_WELL_NUMBER": null, "OBSERVATION_WELL_STATUS": null, "EMS_ID": null, "AQUIFER_MATERIAL": "Bedrock", "OBJECTID": 122476645, "SE_ANNO_CAD_DATA": null}}, {"type": "Feature", "id": "WHSE_WATER_MANAGEMENT.GW_WATER_WELLS_WRBC_SVW.fid-29e471e6_19f63eee063_21d3", "geometry": {"type": "Point", "coordinates": [-120.85496, 56.33155]}, "geometry_name": "GEOMETRY", "properties": {"GW_WW_SYSID": 22078, "WELL_TAG_NUMBER": 22119, "IDENTIFICATION_PLATE_NUMBER": null, "STREET_ADDRESS": null, "CITY": null, "LEGAL_LOT": null, "LEGAL_PLAN": null, "LEGAL_DISTRICT_LOT": null, "LEGAL_PID": null, "WELL_LOCATION_DESCRIPTION": null, "COORDINATE_ACQUISITION_CODE": "E", "WELL_STATUS": "New", "WELL_CLASS": "Water Supply", "WELL_SUBCLASS": null, "INTENDED_WATER_USE": "Private Domestic", "WELL_DETAILS_URL": "https://apps.nrs.gov.bc.ca/gwells/well/22119", "LICENCE_STATUS": "Unlicensed", "AQUIFER_ID": null, "PERSON_RESPONSIBLE": " ", "COMPANY_OF_PERSON_RESPONSIBLE": "Siluch's Rat Hole Drilling", "FINISHED_WELL_DEPTH": 30, "TOTAL_DEPTH_DRILLED": null, "BEDROCK_DEPTH": null, "YIELD": 0, "YIELD_ESTIMATION_DURATION": null, "ARTESIAN_COND": "N", "ARTESIAN_FLOW": null, "ARTESIAN_PRESSURE": null, "STATIC_WATER_LEVEL": 5, "DIAMETER": null, "FINAL_CASING_STICK_UP": null, "GROUND_ELEVATION": null, "GROUND_ELEVATION_METHOD": "UNKNOWN", "SURFACE_SEAL_DEPTH": null, "SURFACE_SEAL_THICKNESS": null, "SURFACE_SEAL_METHOD": null, "SCREEN_INTAKE_METHOD": null, "WATER_SUPPLY_SYSTEM_NAME": null, "WATER_SUPPLY_SYSTEM_WELL_NAME": null, "CONSTRUCTION_START_DATE": "1969-01-01Z", "CONSTRUCTION_END_DATE": "1969-01-01Z", "ALTERATION_START_DATE": null, "ALTERATION_END_DATE": null, "DECOMMISSION_START_DATE": null, "DECOMMISSION_END_DATE": null, "DECOMMISSION_REASON": null, "OBSERVATION_WELL_NUMBER": null, "OBSERVATION_WELL_STATUS": null, "EMS_ID": null, "AQUIFER_MATERIAL": "Unconsolidated", "OBJECTID": 122483428, "SE_ANNO_CAD_DATA": null}}, {"type": "Feature", "id": "WHSE_WATER_MANAGEMENT.GW_WATER_WELLS_WRBC_SVW.fid-29e471e6_19f63eee063_21d4", "geometry": {"type": "Point", "coordinates": [-120.858697, 56.331824]}, "geometry_name": "GEOMETRY", "properties": {"GW_WW_SYSID": 17288, "WELL_TAG_NUMBER": 17317, "IDENTIFICATION_PLATE_NUMBER": null, "STREET_ADDRESS": " ", "CITY": " ", "LEGAL_LOT": " ", "LEGAL_PLAN": " ", "LEGAL_DISTRICT_LOT": " ", "LEGAL_PID": null, "WELL_LOCATION_DESCRIPTION": " ", "COORDINATE_ACQUISITION_CODE": "E", "WELL_STATUS": "New", "WELL_CLASS": "Water Supply", "WELL_SUBCLASS": null, "INTENDED_WATER_USE": "Private Domestic", "WELL_DETAILS_URL": "https://apps.nrs.gov.bc.ca/gwells/well/17317", "LICENCE_STATUS": "Unlicensed", "AQUIFER_ID": 1270, "PERSON_RESPONSIBLE": " ", "COMPANY_OF_PERSON_RESPONSIBLE": "Ted Lund", "FINISHED_WELL_DEPTH": 40, "TOTAL_DEPTH_DRILLED": null, "BEDROCK_DEPTH": null, "YIELD": 0, "YIELD_ESTIMATION_DURATION": null, "ARTESIAN_COND": "N", "ARTESIAN_FLOW": null, "ARTESIAN_PRESSURE": null, "STATIC_WATER_LEVEL": 4, "DIAMETER": null, "FINAL_CASING_STICK_UP": null, "GROUND_ELEVATION": null, "GROUND_ELEVATION_METHOD": "UNKNOWN", "SURFACE_SEAL_DEPTH": null, "SURFACE_SEAL_THICKNESS": null, "SURFACE_SEAL_METHOD": null, "SCREEN_INTAKE_METHOD": null, "WATER_SUPPLY_SYSTEM_NAME": null, "WATER_SUPPLY_SYSTEM_WELL_NAME": null, "CONSTRUCTION_START_DATE": "1962-01-01Z", "CONSTRUCTION_END_DATE": "1962-01-01Z", "ALTERATION_START_DATE": null, "ALTERATION_END_DATE": null, "DECOMMISSION_START_DATE": null, "DECOMMISSION_END_DATE": null, "DECOMMISSION_REASON": null, "OBSERVATION_WELL_NUMBER": null, "OBSERVATION_WELL_STATUS": null, "EMS_ID": null, "AQUIFER_MATERIAL": "Bedrock", "OBJECTID": 122478638, "SE_ANNO_CAD_DATA": null}}, {"type": "Feature", "id": "WHSE_WATER_MANAGEMENT.GW_WATER_WELLS_WRBC_SVW.fid-29e471e6_19f63eee063_21d5", "geometry": {"type": "Point", "coordinates": [-120.86403, 56.3329]}, "geometry_name": "GEOMETRY", "properties": {"GW_WW_SYSID": 107748, "WELL_TAG_NUMBER": 112244, "IDENTIFICATION_PLATE_NUMBER": 48351, "STREET_ADDRESS": "13787 267 ROAD", "CITY": "MONTNEY", "LEGAL_LOT": null, "LEGAL_PLAN": null, "LEGAL_DISTRICT_LOT": null, "LEGAL_PID": null, "WELL_LOCATION_DESCRIPTION": "NOT PROVIDED", "COORDINATE_ACQUISITION_CODE": "H", "WELL_STATUS": "New", "WELL_CLASS": "Water Supply", "WELL_SUBCLASS": "Not Applicable", "INTENDED_WATER_USE": "Private Domestic", "WELL_DETAILS_URL": "https://apps.nrs.gov.bc.ca/gwells/well/112244", "LICENCE_STATUS": "Unlicensed", "AQUIFER_ID": null, "PERSON_RESPONSIBLE": " ", "COMPANY_OF_PERSON_RESPONSIBLE": "Jacob's Water Wells", "FINISHED_WELL_DEPTH": 40, "TOTAL_DEPTH_DRILLED": 40, "BEDROCK_DEPTH": 13, "YIELD": 100, "YIELD_ESTIMATION_DURATION": 1.5, "ARTESIAN_COND": "N", "ARTESIAN_FLOW": null, "ARTESIAN_PRESSURE": null, "STATIC_WATER_LEVEL": 8.7, "DIAMETER": 6, "FINAL_CASING_STICK_UP": 14, "GROUND_ELEVATION": 2200, "GROUND_ELEVATION_METHOD": "GPS", "SURFACE_SEAL_DEPTH": 11.8, "SURFACE_SEAL_THICKNESS": 1, "SURFACE_SEAL_METHOD": "POURED", "SCREEN_INTAKE_METHOD": "SCREEN", "WATER_SUPPLY_SYSTEM_NAME": null, "WATER_SUPPLY_SYSTEM_WELL_NAME": null, "CONSTRUCTION_START_DATE": "2016-04-13Z", "CONSTRUCTION_END_DATE": "2016-04-15Z", "ALTERATION_START_DATE": null, "ALTERATION_END_DATE": null, "DECOMMISSION_START_DATE": null, "DECOMMISSION_END_DATE": null, "DECOMMISSION_REASON": null, "OBSERVATION_WELL_NUMBER": null, "OBSERVATION_WELL_STATUS": null, "EMS_ID": null, "AQUIFER_MATERIAL": "Unknown", "OBJECTID": 122569098, "SE_ANNO_CAD_DATA": null}}, {"type": "Feature", "id": "WHSE_WATER_MANAGEMENT.GW_WATER_WELLS_WRBC_SVW.fid-29e471e6_19f63eee063_21d6", "geometry": {"type": "Point", "coordinates": [-120.87264, 56.33472]}, "geometry_name": "GEOMETRY", "properties": {"GW_WW_SYSID": 36356, "WELL_TAG_NUMBER": 36436, "IDENTIFICATION_PLATE_NUMBER": null, "STREET_ADDRESS": "10532 248 Road", "CITY": "FORT ST JOHN", "LEGAL_LOT": "17", "LEGAL_PLAN": "3986", "LEGAL_DISTRICT_LOT": null, "LEGAL_PID": 13684787, "WELL_LOCATION_DESCRIPTION": null, "COORDINATE_ACQUISITION_CODE": "E", "WELL_STATUS": "New", "WELL_CLASS": "Unknown", "WELL_SUBCLASS": null, "INTENDED_WATER_USE": "Not Applicable", "WELL_DETAILS_URL": "https://apps.nrs.gov.bc.ca/gwells/well/36436", "LICENCE_STATUS": "Unlicensed", "AQUIFER_ID": 1270, "PERSON_RESPONSIBLE": " ", "COMPANY_OF_PERSON_RESPONSIBLE": "Cliff Baker Drilling", "FINISHED_WELL_DEPTH": 375, "TOTAL_DEPTH_DRILLED": 375, "BEDROCK_DEPTH": 30, "YIELD": 4, "YIELD_ESTIMATION_DURATION": null, "ARTESIAN_COND": "N", "ARTESIAN_FLOW": null, "ARTESIAN_PRESSURE": null, "STATIC_WATER_LEVEL": null, "DIAMETER": 4.5, "FINAL_CASING_STICK_UP": null, "GROUND_ELEVATION": null, "GROUND_ELEVATION_METHOD": "UNKNOWN", "SURFACE_SEAL_DEPTH": null, "SURFACE_SEAL_THICKNESS": null, "SURFACE_SEAL_METHOD": null, "SCREEN_INTAKE_METHOD": null, "WATER_SUPPLY_SYSTEM_NAME": null, "WATER_SUPPLY_SYSTEM_WELL_NAME": null, "CONSTRUCTION_START_DATE": "1977-01-01Z", "CONSTRUCTION_END_DATE": "1977-01-01Z", "ALTERATION_START_DATE": null, "ALTERATION_END_DATE": null, "DECOMMISSION_START_DATE": null, "DECOMMISSION_END_DATE": null, "DECOMMISSION_REASON": null, "OBSERVATION_WELL_NUMBER": null, "OBSERVATION_WELL_STATUS": null, "EMS_ID": null, "AQUIFER_MATERIAL": "Bedrock", "OBJECTID": 122497706, "SE_ANNO_CAD_DATA": null}}, {"type": "Feature", "id": "WHSE_WATER_MANAGEMENT.GW_WATER_WELLS_WRBC_SVW.fid-29e471e6_19f63eee063_21d7", "geometry": {"type": "Point", "coordinates": [-120.86791, 56.3374]}, "geometry_name": "GEOMETRY", "properties": {"GW_WW_SYSID": 59719, "WELL_TAG_NUMBER": 59886, "IDENTIFICATION_PLATE_NUMBER": null, "STREET_ADDRESS": null, "CITY": "FORT ST. JOHN", "LEGAL_LOT": "SW 1/4", "LEGAL_PLAN": null, "LEGAL_DISTRICT_LOT": null, "LEGAL_PID": null, "WELL_LOCATION_DESCRIPTION": null, "COORDINATE_ACQUISITION_CODE": "G", "WELL_STATUS": "New", "WELL_CLASS": "Water Supply", "WELL_SUBCLASS": "Not Applicable", "INTENDED_WATER_USE": "Private Domestic", "WELL_DETAILS_URL": "https://apps.nrs.gov.bc.ca/gwells/well/59886", "LICENCE_STATUS": "Unlicensed", "AQUIFER_ID": 451, "PERSON_RESPONSIBLE": " ", "COMPANY_OF_PERSON_RESPONSIBLE": "Anderson Air Drilling", "FINISHED_WELL_DEPTH": 382, "TOTAL_DEPTH_DRILLED": null, "BEDROCK_DEPTH": 8, "YIELD": 10, "YIELD_ESTIMATION_DURATION": null, "ARTESIAN_COND": "N", "ARTESIAN_FLOW": null, "ARTESIAN_PRESSURE": null, "STATIC_WATER_LEVEL": 164, "DIAMETER": 4.5, "FINAL_CASING_STICK_UP": 24, "GROUND_ELEVATION": null, "GROUND_ELEVATION_METHOD": "UNKNOWN", "SURFACE_SEAL_DEPTH": null, "SURFACE_SEAL_THICKNESS": null, "SURFACE_SEAL_METHOD": null, "SCREEN_INTAKE_METHOD": "SCREEN", "WATER_SUPPLY_SYSTEM_NAME": null, "WATER_SUPPLY_SYSTEM_WELL_NAME": null, "CONSTRUCTION_START_DATE": "1991-10-27Z", "CONSTRUCTION_END_DATE": null, "ALTERATION_START_DATE": null, "ALTERATION_END_DATE": null, "DECOMMISSION_START_DATE": null, "DECOMMISSION_END_DATE": null, "DECOMMISSION_REASON": null, "OBSERVATION_WELL_NUMBER": null, "OBSERVATION_WELL_STATUS": null, "EMS_ID": null, "AQUIFER_MATERIAL": "Bedrock", "OBJECTID": 122521069, "SE_ANNO_CAD_DATA": null}}, {"type": "Feature", "id": "WHSE_WATER_MANAGEMENT.GW_WATER_WELLS_WRBC_SVW.fid-29e471e6_19f63eee063_21d8", "geometry": {"type": "Point", "coordinates": [-120.822545, 56.336864]}, "geometry_name": "GEOMETRY", "properties": {"GW_WW_SYSID": 98683, "WELL_TAG_NUMBER": 102811, "IDENTIFICATION_PLATE_NUMBER": null, "STREET_ADDRESS": " ", "CITY": " ", "LEGAL_LOT": "A", "LEGAL_PLAN": "18648", "LEGAL_DISTRICT_LOT": " ", "LEGAL_PID": 5465672, "WELL_LOCATION_DESCRIPTION": "SE 1/4. W6M. PINEVIEW N OF FORT ST JOHN. IR 172.", "COORDINATE_ACQUISITION_CODE": "J", "WELL_STATUS": "New", "WELL_CLASS": "Water Supply", "WELL_SUBCLASS": "Not Applicable", "INTENDED_WATER_USE": "Private Domestic", "WELL_DETAILS_URL": "https://apps.nrs.gov.bc.ca/gwells/well/102811", "LICENCE_STATUS": "Unlicensed", "AQUIFER_ID": 1270, "PERSON_RESPONSIBLE": " ", "COMPANY_OF_PERSON_RESPONSIBLE": null, "FINISHED_WELL_DEPTH": 460, "TOTAL_DEPTH_DRILLED": 460, "BEDROCK_DEPTH": 27, "YIELD": 0.5, "YIELD_ESTIMATION_DURATION": null, "ARTESIAN_COND": "N", "ARTESIAN_FLOW": null, "ARTESIAN_PRESSURE": null, "STATIC_WATER_LEVEL": 315, "DIAMETER": 6.63, "FINAL_CASING_STICK_UP": 24, "GROUND_ELEVATION": null, "GROUND_ELEVATION_METHOD": "UNKNOWN", "SURFACE_SEAL_DEPTH": null, "SURFACE_SEAL_THICKNESS": null, "SURFACE_SEAL_METHOD": null, "SCREEN_INTAKE_METHOD": null, "WATER_SUPPLY_SYSTEM_NAME": null, "WATER_SUPPLY_SYSTEM_WELL_NAME": null, "CONSTRUCTION_START_DATE": "1994-06-12Z", "CONSTRUCTION_END_DATE": "1994-06-12Z", "ALTERATION_START_DATE": null, "ALTERATION_END_DATE": null, "DECOMMISSION_START_DATE": null, "DECOMMISSION_END_DATE": null, "DECOMMISSION_REASON": null, "OBSERVATION_WELL_NUMBER": null, "OBSERVATION_WELL_STATUS": null, "EMS_ID": null, "AQUIFER_MATERIAL": "Bedrock", "OBJECTID": 122560033, "SE_ANNO_CAD_DATA": null}}, {"type": "Feature", "id": "WHSE_WATER_MANAGEMENT.GW_WATER_WELLS_WRBC_SVW.fid-29e471e6_19f63eee063_21d9", "geometry": {"type": "Point", "coordinates": [-120.889201, 56.348038]}, "geometry_name": "GEOMETRY", "properties": {"GW_WW_SYSID": 18433, "WELL_TAG_NUMBER": 18466, "IDENTIFICATION_PLATE_NUMBER": null, "STREET_ADDRESS": "INDIAN RES 172", "CITY": " ", "LEGAL_LOT": " ", "LEGAL_PLAN": " ", "LEGAL_DISTRICT_LOT": " ", "LEGAL_PID": null, "WELL_LOCATION_DESCRIPTION": " ", "COORDINATE_ACQUISITION_CODE": "E", "WELL_STATUS": "New", "WELL_CLASS": "Unknown", "WELL_SUBCLASS": null, "INTENDED_WATER_USE": "Unknown Well Use", "WELL_DETAILS_URL": "https://apps.nrs.gov.bc.ca/gwells/well/18466", "LICENCE_STATUS": "Unlicensed", "AQUIFER_ID": null, "PERSON_RESPONSIBLE": " ", "COMPANY_OF_PERSON_RESPONSIBLE": "Barker Drilling", "FINISHED_WELL_DEPTH": 160, "TOTAL_DEPTH_DRILLED": null, "BEDROCK_DEPTH": null, "YIELD": null, "YIELD_ESTIMATION_DURATION": null, "ARTESIAN_COND": "N", "ARTESIAN_FLOW": null, "ARTESIAN_PRESSURE": null, "STATIC_WATER_LEVEL": null, "DIAMETER": null, "FINAL_CASING_STICK_UP": null, "GROUND_ELEVATION": null, "GROUND_ELEVATION_METHOD": "UNKNOWN", "SURFACE_SEAL_DEPTH": null, "SURFACE_SEAL_THICKNESS": null, "SURFACE_SEAL_METHOD": null, "SCREEN_INTAKE_METHOD": null, "WATER_SUPPLY_SYSTEM_NAME": null, "WATER_SUPPLY_SYSTEM_WELL_NAME": null, "CONSTRUCTION_START_DATE": "1964-01-01Z", "CONSTRUCTION_END_DATE": "1964-01-01Z", "ALTERATION_START_DATE": null, "ALTERATION_END_DATE": null, "DECOMMISSION_START_DATE": null, "DECOMMISSION_END_DATE": null, "DECOMMISSION_REASON": null, "OBSERVATION_WELL_NUMBER": null, "OBSERVATION_WELL_STATUS": null, "EMS_ID": null, "AQUIFER_MATERIAL": "Unconsolidated", "OBJECTID": 122479783, "SE_ANNO_CAD_DATA": null}}, {"type": "Feature", "id": "WHSE_WATER_MANAGEMENT.GW_WATER_WELLS_WRBC_SVW.fid-29e471e6_19f63eee063_21da", "geometry": {"type": "Point", "coordinates": [-120.805039, 56.362779]}, "geometry_name": "GEOMETRY", "properties": {"GW_WW_SYSID": 98623, "WELL_TAG_NUMBER": 102751, "IDENTIFICATION_PLATE_NUMBER": null, "STREET_ADDRESS": " ", "CITY": " ", "LEGAL_LOT": " ", "LEGAL_PLAN": " ", "LEGAL_DISTRICT_LOT": " ", "LEGAL_PID": null, "WELL_LOCATION_DESCRIPTION": "PCL B OF LOT 10. PCL A OF LOT 11. 8518 W6M. PID: 013683659 & 009861653.", "COORDINATE_ACQUISITION_CODE": "G", "WELL_STATUS": "New", "WELL_CLASS": "Water Supply", "WELL_SUBCLASS": "Not Applicable", "INTENDED_WATER_USE": "Private Domestic", "WELL_DETAILS_URL": "https://apps.nrs.gov.bc.ca/gwells/well/102751", "LICENCE_STATUS": "Unlicensed", "AQUIFER_ID": 1270, "PERSON_RESPONSIBLE": " ", "COMPANY_OF_PERSON_RESPONSIBLE": null, "FINISHED_WELL_DEPTH": 300, "TOTAL_DEPTH_DRILLED": 300, "BEDROCK_DEPTH": 132, "YIELD": null, "YIELD_ESTIMATION_DURATION": null, "ARTESIAN_COND": "N", "ARTESIAN_FLOW": null, "ARTESIAN_PRESSURE": null, "STATIC_WATER_LEVEL": 263, "DIAMETER": 4.5, "FINAL_CASING_STICK_UP": 24, "GROUND_ELEVATION": null, "GROUND_ELEVATION_METHOD": "UNKNOWN", "SURFACE_SEAL_DEPTH": null, "SURFACE_SEAL_THICKNESS": null, "SURFACE_SEAL_METHOD": null, "SCREEN_INTAKE_METHOD": null, "WATER_SUPPLY_SYSTEM_NAME": null, "WATER_SUPPLY_SYSTEM_WELL_NAME": null, "CONSTRUCTION_START_DATE": "1995-05-07Z", "CONSTRUCTION_END_DATE": "1995-05-07Z", "ALTERATION_START_DATE": null, "ALTERATION_END_DATE": null, "DECOMMISSION_START_DATE": null, "DECOMMISSION_END_DATE": null, "DECOMMISSION_REASON": null, "OBSERVATION_WELL_NUMBER": null, "OBSERVATION_WELL_STATUS": null, "EMS_ID": null, "AQUIFER_MATERIAL": "Bedrock", "OBJECTID": 122559973, "SE_ANNO_CAD_DATA": null}}, {"type": "Feature", "id": "WHSE_WATER_MANAGEMENT.GW_WATER_WELLS_WRBC_SVW.fid-29e471e6_19f63eee063_21db", "geometry": {"type": "Point", "coordinates": [-120.88605, 56.38419]}, "geometry_name": "GEOMETRY", "properties": {"GW_WW_SYSID": 100191, "WELL_TAG_NUMBER": 104360, "IDENTIFICATION_PLATE_NUMBER": null, "STREET_ADDRESS": "14496 Montney Road", "CITY": "Montney", "LEGAL_LOT": null, "LEGAL_PLAN": null, "LEGAL_DISTRICT_LOT": null, "LEGAL_PID": null, "WELL_LOCATION_DESCRIPTION": "MONTNEY SIDING X 3/5 M SOUTH MONTNEY 1 MILE EAST", "COORDINATE_ACQUISITION_CODE": "G", "WELL_STATUS": "New", "WELL_CLASS": "Water Supply", "WELL_SUBCLASS": "Not Applicable", "INTENDED_WATER_USE": "Private Domestic", "WELL_DETAILS_URL": "https://apps.nrs.gov.bc.ca/gwells/well/104360", "LICENCE_STATUS": "Unlicensed", "AQUIFER_ID": 1270, "PERSON_RESPONSIBLE": " ", "COMPANY_OF_PERSON_RESPONSIBLE": "Anderson Water Wells", "FINISHED_WELL_DEPTH": null, "TOTAL_DEPTH_DRILLED": null, "BEDROCK_DEPTH": 70, "YIELD": null, "YIELD_ESTIMATION_DURATION": null, "ARTESIAN_COND": "N", "ARTESIAN_FLOW": null, "ARTESIAN_PRESSURE": null, "STATIC_WATER_LEVEL": null, "DIAMETER": 4.5, "FINAL_CASING_STICK_UP": 24, "GROUND_ELEVATION": null, "GROUND_ELEVATION_METHOD": "UNKNOWN", "SURFACE_SEAL_DEPTH": null, "SURFACE_SEAL_THICKNESS": null, "SURFACE_SEAL_METHOD": null, "SCREEN_INTAKE_METHOD": null, "WATER_SUPPLY_SYSTEM_NAME": null, "WATER_SUPPLY_SYSTEM_WELL_NAME": null, "CONSTRUCTION_START_DATE": "1989-06-01Z", "CONSTRUCTION_END_DATE": "1989-06-01Z", "ALTERATION_START_DATE": null, "ALTERATION_END_DATE": null, "DECOMMISSION_START_DATE": null, "DECOMMISSION_END_DATE": null, "DECOMMISSION_REASON": null, "OBSERVATION_WELL_NUMBER": null, "OBSERVATION_WELL_STATUS": null, "EMS_ID": null, "AQUIFER_MATERIAL": "Unknown", "OBJECTID": 122561541, "SE_ANNO_CAD_DATA": null}}, {"type": "Feature", "id": "WHSE_WATER_MANAGEMENT.GW_WATER_WELLS_WRBC_SVW.fid-29e471e6_19f63eee063_21dc", "geometry": {"type": "Point", "coordinates": [-120.811343, 56.388378]}, "geometry_name": "GEOMETRY", "properties": {"GW_WW_SYSID": 98495, "WELL_TAG_NUMBER": 102620, "IDENTIFICATION_PLATE_NUMBER": null, "STREET_ADDRESS": " ", "CITY": " ", "LEGAL_LOT": "1", "LEGAL_PLAN": "34334", "LEGAL_DISTRICT_LOT": " ", "LEGAL_PID": 15578607, "WELL_LOCATION_DESCRIPTION": "W OF 6 M. SEE SKETCH FOR DETAILS.", "COORDINATE_ACQUISITION_CODE": "J", "WELL_STATUS": "New", "WELL_CLASS": "Water Supply", "WELL_SUBCLASS": "Not Applicable", "INTENDED_WATER_USE": "Private Domestic", "WELL_DETAILS_URL": "https://apps.nrs.gov.bc.ca/gwells/well/102620", "LICENCE_STATUS": "Unlicensed", "AQUIFER_ID": 1270, "PERSON_RESPONSIBLE": " ", "COMPANY_OF_PERSON_RESPONSIBLE": null, "FINISHED_WELL_DEPTH": 74, "TOTAL_DEPTH_DRILLED": 74, "BEDROCK_DEPTH": null, "YIELD": 20, "YIELD_ESTIMATION_DURATION": null, "ARTESIAN_COND": "N", "ARTESIAN_FLOW": null, "ARTESIAN_PRESSURE": null, "STATIC_WATER_LEVEL": 53, "DIAMETER": 4.5, "FINAL_CASING_STICK_UP": 24, "GROUND_ELEVATION": null, "GROUND_ELEVATION_METHOD": "UNKNOWN", "SURFACE_SEAL_DEPTH": null, "SURFACE_SEAL_THICKNESS": null, "SURFACE_SEAL_METHOD": null, "SCREEN_INTAKE_METHOD": null, "WATER_SUPPLY_SYSTEM_NAME": null, "WATER_SUPPLY_SYSTEM_WELL_NAME": null, "CONSTRUCTION_START_DATE": "1994-05-01Z", "CONSTRUCTION_END_DATE": "1994-05-01Z", "ALTERATION_START_DATE": null, "ALTERATION_END_DATE": null, "DECOMMISSION_START_DATE": null, "DECOMMISSION_END_DATE": null, "DECOMMISSION_REASON": null, "OBSERVATION_WELL_NUMBER": null, "OBSERVATION_WELL_STATUS": null, "EMS_ID": null, "AQUIFER_MATERIAL": "Unknown", "OBJECTID": 122559845, "SE_ANNO_CAD_DATA": null}}, {"type": "Feature", "id": "WHSE_WATER_MANAGEMENT.GW_WATER_WELLS_WRBC_SVW.fid-29e471e6_19f63eee063_21dd", "geometry": {"type": "Point", "coordinates": [-120.792914, 56.392158]}, "geometry_name": "GEOMETRY", "properties": {"GW_WW_SYSID": 21181, "WELL_TAG_NUMBER": 21221, "IDENTIFICATION_PLATE_NUMBER": null, "STREET_ADDRESS": " ", "CITY": " ", "LEGAL_LOT": " ", "LEGAL_PLAN": " ", "LEGAL_DISTRICT_LOT": " ", "LEGAL_PID": null, "WELL_LOCATION_DESCRIPTION": " ", "COORDINATE_ACQUISITION_CODE": "E", "WELL_STATUS": "Abandoned", "WELL_CLASS": "Unknown", "WELL_SUBCLASS": null, "INTENDED_WATER_USE": "Unknown Well Use", "WELL_DETAILS_URL": "https://apps.nrs.gov.bc.ca/gwells/well/21221", "LICENCE_STATUS": "Licensed", "AQUIFER_ID": 259, "PERSON_RESPONSIBLE": " ", "COMPANY_OF_PERSON_RESPONSIBLE": "Smith", "FINISHED_WELL_DEPTH": 250, "TOTAL_DEPTH_DRILLED": null, "BEDROCK_DEPTH": null, "YIELD": null, "YIELD_ESTIMATION_DURATION": null, "ARTESIAN_COND": "N", "ARTESIAN_FLOW": null, "ARTESIAN_PRESSURE": null, "STATIC_WATER_LEVEL": null, "DIAMETER": null, "FINAL_CASING_STICK_UP": null, "GROUND_ELEVATION": null, "GROUND_ELEVATION_METHOD": "UNKNOWN", "SURFACE_SEAL_DEPTH": null, "SURFACE_SEAL_THICKNESS": null, "SURFACE_SEAL_METHOD": null, "SCREEN_INTAKE_METHOD": null, "WATER_SUPPLY_SYSTEM_NAME": null, "WATER_SUPPLY_SYSTEM_WELL_NAME": null, "CONSTRUCTION_START_DATE": "1968-01-01Z", "CONSTRUCTION_END_DATE": "1968-01-01Z", "ALTERATION_START_DATE": null, "ALTERATION_END_DATE": null, "DECOMMISSION_START_DATE": null, "DECOMMISSION_END_DATE": null, "DECOMMISSION_REASON": null, "OBSERVATION_WELL_NUMBER": null, "OBSERVATION_WELL_STATUS": null, "EMS_ID": null, "AQUIFER_MATERIAL": "Unconsolidated", "OBJECTID": 122482531, "SE_ANNO_CAD_DATA": null}}, {"type": "Feature", "id": "WHSE_WATER_MANAGEMENT.GW_WATER_WELLS_WRBC_SVW.fid-29e471e6_19f63eee063_21de", "geometry": {"type": "Point", "coordinates": [-120.825842, 56.394645]}, "geometry_name": "GEOMETRY", "properties": {"GW_WW_SYSID": 98494, "WELL_TAG_NUMBER": 102619, "IDENTIFICATION_PLATE_NUMBER": null, "STREET_ADDRESS": " ", "CITY": " ", "LEGAL_LOT": "2", "LEGAL_PLAN": "PGP46345", "LEGAL_DISTRICT_LOT": " ", "LEGAL_PID": 24936430, "WELL_LOCATION_DESCRIPTION": "SE. PINE VIEW NORTH PINE 16 KM. NORTH OF TOWN LEFT SIDE. ", "COORDINATE_ACQUISITION_CODE": "J", "WELL_STATUS": "New", "WELL_CLASS": "Water Supply", "WELL_SUBCLASS": "Not Applicable", "INTENDED_WATER_USE": "Unknown Well Use", "WELL_DETAILS_URL": "https://apps.nrs.gov.bc.ca/gwells/well/102619", "LICENCE_STATUS": "Unlicensed", "AQUIFER_ID": 1270, "PERSON_RESPONSIBLE": " ", "COMPANY_OF_PERSON_RESPONSIBLE": "Anderson Water Wells", "FINISHED_WELL_DEPTH": 540, "TOTAL_DEPTH_DRILLED": 540, "BEDROCK_DEPTH": null, "YIELD": 1, "YIELD_ESTIMATION_DURATION": null, "ARTESIAN_COND": "N", "ARTESIAN_FLOW": null, "ARTESIAN_PRESSURE": null, "STATIC_WATER_LEVEL": null, "DIAMETER": 6.63, "FINAL_CASING_STICK_UP": null, "GROUND_ELEVATION": null, "GROUND_ELEVATION_METHOD": "UNKNOWN", "SURFACE_SEAL_DEPTH": null, "SURFACE_SEAL_THICKNESS": null, "SURFACE_SEAL_METHOD": null, "SCREEN_INTAKE_METHOD": null, "WATER_SUPPLY_SYSTEM_NAME": null, "WATER_SUPPLY_SYSTEM_WELL_NAME": null, "CONSTRUCTION_START_DATE": "2000-04-27Z", "CONSTRUCTION_END_DATE": "2000-04-28Z", "ALTERATION_START_DATE": null, "ALTERATION_END_DATE": null, "DECOMMISSION_START_DATE": null, "DECOMMISSION_END_DATE": null, "DECOMMISSION_REASON": null, "OBSERVATION_WELL_NUMBER": null, "OBSERVATION_WELL_STATUS": null, "EMS_ID": null, "AQUIFER_MATERIAL": "Unknown", "OBJECTID": 122559844, "SE_ANNO_CAD_DATA": null}}, {"type": "Feature", "id": "WHSE_WATER_MANAGEMENT.GW_WATER_WELLS_WRBC_SVW.fid-29e471e6_19f63eee063_21df", "geometry": {"type": "Point", "coordinates": [-120.825405, 56.394638]}, "geometry_name": "GEOMETRY", "properties": {"GW_WW_SYSID": 98492, "WELL_TAG_NUMBER": 102617, "IDENTIFICATION_PLATE_NUMBER": null, "STREET_ADDRESS": " ", "CITY": " ", "LEGAL_LOT": "2", "LEGAL_PLAN": "PGP46345", "LEGAL_DISTRICT_LOT": " ", "LEGAL_PID": 24936430, "WELL_LOCATION_DESCRIPTION": "PINE VIEW NORTH PINE 16 KM NORTH OF TOWN LEFT SIDE. SE.", "COORDINATE_ACQUISITION_CODE": "J", "WELL_STATUS": "New", "WELL_CLASS": "Water Supply", "WELL_SUBCLASS": "Not Applicable", "INTENDED_WATER_USE": "Unknown Well Use", "WELL_DETAILS_URL": "https://apps.nrs.gov.bc.ca/gwells/well/102617", "LICENCE_STATUS": "Unlicensed", "AQUIFER_ID": 1270, "PERSON_RESPONSIBLE": " ", "COMPANY_OF_PERSON_RESPONSIBLE": "Anderson Water Wells", "FINISHED_WELL_DEPTH": 240, "TOTAL_DEPTH_DRILLED": 240, "BEDROCK_DEPTH": null, "YIELD": 1, "YIELD_ESTIMATION_DURATION": null, "ARTESIAN_COND": "N", "ARTESIAN_FLOW": null, "ARTESIAN_PRESSURE": null, "STATIC_WATER_LEVEL": null, "DIAMETER": 6.63, "FINAL_CASING_STICK_UP": null, "GROUND_ELEVATION": null, "GROUND_ELEVATION_METHOD": "UNKNOWN", "SURFACE_SEAL_DEPTH": null, "SURFACE_SEAL_THICKNESS": null, "SURFACE_SEAL_METHOD": "POURED", "SCREEN_INTAKE_METHOD": null, "WATER_SUPPLY_SYSTEM_NAME": null, "WATER_SUPPLY_SYSTEM_WELL_NAME": null, "CONSTRUCTION_START_DATE": "2000-04-28Z", "CONSTRUCTION_END_DATE": "2000-04-28Z", "ALTERATION_START_DATE": null, "ALTERATION_END_DATE": null, "DECOMMISSION_START_DATE": null, "DECOMMISSION_END_DATE": null, "DECOMMISSION_REASON": null, "OBSERVATION_WELL_NUMBER": null, "OBSERVATION_WELL_STATUS": null, "EMS_ID": null, "AQUIFER_MATERIAL": "Unknown", "OBJECTID": 122559842, "SE_ANNO_CAD_DATA": null}}, {"type": "Feature", "id": "WHSE_WATER_MANAGEMENT.GW_WATER_WELLS_WRBC_SVW.fid-29e471e6_19f63eee063_21e0", "geometry": {"type": "Point", "coordinates": [-120.860812, 56.403279]}, "geometry_name": "GEOMETRY", "properties": {"GW_WW_SYSID": 13902, "WELL_TAG_NUMBER": 13924, "IDENTIFICATION_PLATE_NUMBER": null, "STREET_ADDRESS": " ", "CITY": " ", "LEGAL_LOT": " ", "LEGAL_PLAN": " ", "LEGAL_DISTRICT_LOT": " ", "LEGAL_PID": null, "WELL_LOCATION_DESCRIPTION": " ", "COORDINATE_ACQUISITION_CODE": "E", "WELL_STATUS": "New", "WELL_CLASS": "Unknown", "WELL_SUBCLASS": null, "INTENDED_WATER_USE": "Unknown Well Use", "WELL_DETAILS_URL": "https://apps.nrs.gov.bc.ca/gwells/well/13924", "LICENCE_STATUS": "Unlicensed", "AQUIFER_ID": null, "PERSON_RESPONSIBLE": " ", "COMPANY_OF_PERSON_RESPONSIBLE": "Unknown", "FINISHED_WELL_DEPTH": 160, "TOTAL_DEPTH_DRILLED": null, "BEDROCK_DEPTH": null, "YIELD": 0, "YIELD_ESTIMATION_DURATION": null, "ARTESIAN_COND": "N", "ARTESIAN_FLOW": null, "ARTESIAN_PRESSURE": null, "STATIC_WATER_LEVEL": 10, "DIAMETER": null, "FINAL_CASING_STICK_UP": null, "GROUND_ELEVATION": null, "GROUND_ELEVATION_METHOD": "UNKNOWN", "SURFACE_SEAL_DEPTH": null, "SURFACE_SEAL_THICKNESS": null, "SURFACE_SEAL_METHOD": null, "SCREEN_INTAKE_METHOD": null, "WATER_SUPPLY_SYSTEM_NAME": null, "WATER_SUPPLY_SYSTEM_WELL_NAME": null, "CONSTRUCTION_START_DATE": "1953-01-01Z", "CONSTRUCTION_END_DATE": "1953-01-01Z", "ALTERATION_START_DATE": null, "ALTERATION_END_DATE": null, "DECOMMISSION_START_DATE": null, "DECOMMISSION_END_DATE": null, "DECOMMISSION_REASON": null, "OBSERVATION_WELL_NUMBER": null, "OBSERVATION_WELL_STATUS": null, "EMS_ID": null, "AQUIFER_MATERIAL": "Unconsolidated", "OBJECTID": 122475252, "SE_ANNO_CAD_DATA": null}}, {"type": "Feature", "id": "WHSE_WATER_MANAGEMENT.GW_WATER_WELLS_WRBC_SVW.fid-29e471e6_19f63eee063_21e1", "geometry": {"type": "Point", "coordinates": [-120.859101, 56.404301]}, "geometry_name": "GEOMETRY", "properties": {"GW_WW_SYSID": 13904, "WELL_TAG_NUMBER": 13926, "IDENTIFICATION_PLATE_NUMBER": null, "STREET_ADDRESS": " ", "CITY": " ", "LEGAL_LOT": " ", "LEGAL_PLAN": " ", "LEGAL_DISTRICT_LOT": " ", "LEGAL_PID": null, "WELL_LOCATION_DESCRIPTION": " ", "COORDINATE_ACQUISITION_CODE": "E", "WELL_STATUS": "New", "WELL_CLASS": "Unknown", "WELL_SUBCLASS": null, "INTENDED_WATER_USE": "Unknown Well Use", "WELL_DETAILS_URL": "https://apps.nrs.gov.bc.ca/gwells/well/13926", "LICENCE_STATUS": "Unlicensed", "AQUIFER_ID": 1270, "PERSON_RESPONSIBLE": " ", "COMPANY_OF_PERSON_RESPONSIBLE": "Cliff Baker Drilling", "FINISHED_WELL_DEPTH": 250, "TOTAL_DEPTH_DRILLED": null, "BEDROCK_DEPTH": 150, "YIELD": null, "YIELD_ESTIMATION_DURATION": null, "ARTESIAN_COND": "N", "ARTESIAN_FLOW": null, "ARTESIAN_PRESSURE": null, "STATIC_WATER_LEVEL": null, "DIAMETER": null, "FINAL_CASING_STICK_UP": null, "GROUND_ELEVATION": null, "GROUND_ELEVATION_METHOD": "UNKNOWN", "SURFACE_SEAL_DEPTH": null, "SURFACE_SEAL_THICKNESS": null, "SURFACE_SEAL_METHOD": null, "SCREEN_INTAKE_METHOD": null, "WATER_SUPPLY_SYSTEM_NAME": null, "WATER_SUPPLY_SYSTEM_WELL_NAME": null, "CONSTRUCTION_START_DATE": "1953-01-01Z", "CONSTRUCTION_END_DATE": "1953-01-01Z", "ALTERATION_START_DATE": null, "ALTERATION_END_DATE": null, "DECOMMISSION_START_DATE": null, "DECOMMISSION_END_DATE": null, "DECOMMISSION_REASON": null, "OBSERVATION_WELL_NUMBER": null, "OBSERVATION_WELL_STATUS": null, "EMS_ID": null, "AQUIFER_MATERIAL": "Bedrock", "OBJECTID": 122475254, "SE_ANNO_CAD_DATA": null}}, {"type": "Feature", "id": "WHSE_WATER_MANAGEMENT.GW_WATER_WELLS_WRBC_SVW.fid-29e471e6_19f63eee063_21e2", "geometry": {"type": "Point", "coordinates": [-120.860283, 56.42367]}, "geometry_name": "GEOMETRY", "properties": {"GW_WW_SYSID": 77096, "WELL_TAG_NUMBER": 80245, "IDENTIFICATION_PLATE_NUMBER": null, "STREET_ADDRESS": " ", "CITY": "MONTNEY", "LEGAL_LOT": " ", "LEGAL_PLAN": " ", "LEGAL_DISTRICT_LOT": " ", "LEGAL_PID": null, "WELL_LOCATION_DESCRIPTION": " ", "COORDINATE_ACQUISITION_CODE": "E", "WELL_STATUS": "Abandoned", "WELL_CLASS": "Unknown", "WELL_SUBCLASS": null, "INTENDED_WATER_USE": "Not Applicable", "WELL_DETAILS_URL": "https://apps.nrs.gov.bc.ca/gwells/well/80245", "LICENCE_STATUS": "Unlicensed", "AQUIFER_ID": null, "PERSON_RESPONSIBLE": " ", "COMPANY_OF_PERSON_RESPONSIBLE": "Unknown", "FINISHED_WELL_DEPTH": 480, "TOTAL_DEPTH_DRILLED": null, "BEDROCK_DEPTH": 60, "YIELD": null, "YIELD_ESTIMATION_DURATION": null, "ARTESIAN_COND": "N", "ARTESIAN_FLOW": null, "ARTESIAN_PRESSURE": null, "STATIC_WATER_LEVEL": null, "DIAMETER": null, "FINAL_CASING_STICK_UP": null, "GROUND_ELEVATION": 2410, "GROUND_ELEVATION_METHOD": "UNKNOWN", "SURFACE_SEAL_DEPTH": null, "SURFACE_SEAL_THICKNESS": null, "SURFACE_SEAL_METHOD": null, "SCREEN_INTAKE_METHOD": null, "WATER_SUPPLY_SYSTEM_NAME": null, "WATER_SUPPLY_SYSTEM_WELL_NAME": null, "CONSTRUCTION_START_DATE": "1995-01-01Z", "CONSTRUCTION_END_DATE": null, "ALTERATION_START_DATE": null, "ALTERATION_END_DATE": null, "DECOMMISSION_START_DATE": null, "DECOMMISSION_END_DATE": null, "DECOMMISSION_REASON": null, "OBSERVATION_WELL_NUMBER": null, "OBSERVATION_WELL_STATUS": null, "EMS_ID": null, "AQUIFER_MATERIAL": "Unknown", "OBJECTID": 122538446, "SE_ANNO_CAD_DATA": null}}, {"type": "Feature", "id": "WHSE_WATER_MANAGEMENT.GW_WATER_WELLS_WRBC_SVW.fid-29e471e6_19f63eee063_21e3", "geometry": {"type": "Point", "coordinates": [-120.82274, 56.43446]}, "geometry_name": "GEOMETRY", "properties": {"GW_WW_SYSID": 98554, "WELL_TAG_NUMBER": 102679, "IDENTIFICATION_PLATE_NUMBER": 49833, "STREET_ADDRESS": "101 HIGHWAY", "CITY": "NORTH PINE", "LEGAL_LOT": "1", "LEGAL_PLAN": "31310", "LEGAL_DISTRICT_LOT": null, "LEGAL_PID": 4428196, "WELL_LOCATION_DESCRIPTION": "NE-6-86-18-W6", "COORDINATE_ACQUISITION_CODE": "J", "WELL_STATUS": "New", "WELL_CLASS": "Water Supply", "WELL_SUBCLASS": null, "INTENDED_WATER_USE": "Unknown Well Use", "WELL_DETAILS_URL": "https://apps.nrs.gov.bc.ca/gwells/well/102679", "LICENCE_STATUS": "Licensed", "AQUIFER_ID": 1270, "PERSON_RESPONSIBLE": " ", "COMPANY_OF_PERSON_RESPONSIBLE": "Anderson Water Wells", "FINISHED_WELL_DEPTH": 300, "TOTAL_DEPTH_DRILLED": 300, "BEDROCK_DEPTH": null, "YIELD": 20, "YIELD_ESTIMATION_DURATION": null, "ARTESIAN_COND": "N", "ARTESIAN_FLOW": null, "ARTESIAN_PRESSURE": null, "STATIC_WATER_LEVEL": 180, "DIAMETER": 6.6, "FINAL_CASING_STICK_UP": 24, "GROUND_ELEVATION": null, "GROUND_ELEVATION_METHOD": "UNKNOWN", "SURFACE_SEAL_DEPTH": null, "SURFACE_SEAL_THICKNESS": null, "SURFACE_SEAL_METHOD": null, "SCREEN_INTAKE_METHOD": null, "WATER_SUPPLY_SYSTEM_NAME": null, "WATER_SUPPLY_SYSTEM_WELL_NAME": null, "CONSTRUCTION_START_DATE": "2002-06-26Z", "CONSTRUCTION_END_DATE": "2002-06-26Z", "ALTERATION_START_DATE": null, "ALTERATION_END_DATE": null, "DECOMMISSION_START_DATE": null, "DECOMMISSION_END_DATE": null, "DECOMMISSION_REASON": null, "OBSERVATION_WELL_NUMBER": null, "OBSERVATION_WELL_STATUS": null, "EMS_ID": null, "AQUIFER_MATERIAL": "Unknown", "OBJECTID": 122559904, "SE_ANNO_CAD_DATA": null}}, {"type": "Feature", "id": "WHSE_WATER_MANAGEMENT.GW_WATER_WELLS_WRBC_SVW.fid-29e471e6_19f63eee063_21e4", "geometry": {"type": "Point", "coordinates": [-120.895702, 56.23788]}, "geometry_name": "GEOMETRY", "properties": {"GW_WW_SYSID": 100276, "WELL_TAG_NUMBER": 104446, "IDENTIFICATION_PLATE_NUMBER": 26233, "STREET_ADDRESS": " ", "CITY": " ", "LEGAL_LOT": "9", "LEGAL_PLAN": "18243", "LEGAL_DISTRICT_LOT": " ", "LEGAL_PID": 13211528, "WELL_LOCATION_DESCRIPTION": "FORT SAINT JOHN", "COORDINATE_ACQUISITION_CODE": "J", "WELL_STATUS": "New", "WELL_CLASS": "Water Supply", "WELL_SUBCLASS": null, "INTENDED_WATER_USE": "Unknown Well Use", "WELL_DETAILS_URL": "https://apps.nrs.gov.bc.ca/gwells/well/104446", "LICENCE_STATUS": "Unlicensed", "AQUIFER_ID": 1271, "PERSON_RESPONSIBLE": " ", "COMPANY_OF_PERSON_RESPONSIBLE": "H. & W.  Aqua Drilling", "FINISHED_WELL_DEPTH": null, "TOTAL_DEPTH_DRILLED": null, "BEDROCK_DEPTH": null, "YIELD": null, "YIELD_ESTIMATION_DURATION": null, "ARTESIAN_COND": "N", "ARTESIAN_FLOW": null, "ARTESIAN_PRESSURE": null, "STATIC_WATER_LEVEL": null, "DIAMETER": 6, "FINAL_CASING_STICK_UP": null, "GROUND_ELEVATION": null, "GROUND_ELEVATION_METHOD": "UNKNOWN", "SURFACE_SEAL_DEPTH": null, "SURFACE_SEAL_THICKNESS": null, "SURFACE_SEAL_METHOD": null, "SCREEN_INTAKE_METHOD": null, "WATER_SUPPLY_SYSTEM_NAME": null, "WATER_SUPPLY_SYSTEM_WELL_NAME": null, "CONSTRUCTION_START_DATE": "1980-08-06Z", "CONSTRUCTION_END_DATE": "1980-08-08Z", "ALTERATION_START_DATE": null, "ALTERATION_END_DATE": null, "DECOMMISSION_START_DATE": null, "DECOMMISSION_END_DATE": null, "DECOMMISSION_REASON": null, "OBSERVATION_WELL_NUMBER": null, "OBSERVATION_WELL_STATUS": null, "EMS_ID": null, "AQUIFER_MATERIAL": "Unknown", "OBJECTID": 122561626, "SE_ANNO_CAD_DATA": null}}, {"type": "Feature", "id": "WHSE_WATER_MANAGEMENT.GW_WATER_WELLS_WRBC_SVW.fid-29e471e6_19f63eee063_21e5", "geometry": {"type": "Point", "coordinates": [-120.89073, 56.24023]}, "geometry_name": "GEOMETRY", "properties": {"GW_WW_SYSID": 105999, "WELL_TAG_NUMBER": 110449, "IDENTIFICATION_PLATE_NUMBER": 31954, "STREET_ADDRESS": "12224 Pacific Avenue", "CITY": "Fort St John", "LEGAL_LOT": "7", "LEGAL_PLAN": "EPP25935", "LEGAL_DISTRICT_LOT": null, "LEGAL_PID": null, "WELL_LOCATION_DESCRIPTION": "WEST OF THE 6TH MERIDIAN; CENTER OF LOT INFRONT OF SHOP GRAVEL PAD", "COORDINATE_ACQUISITION_CODE": "H", "WELL_STATUS": "New", "WELL_CLASS": "Water Supply", "WELL_SUBCLASS": "Not Applicable", "INTENDED_WATER_USE": "Private Domestic", "WELL_DETAILS_URL": "https://apps.nrs.gov.bc.ca/gwells/well/110449", "LICENCE_STATUS": "Unlicensed", "AQUIFER_ID": 444, "PERSON_RESPONSIBLE": " ", "COMPANY_OF_PERSON_RESPONSIBLE": "Anderson Water Serv", "FINISHED_WELL_DEPTH": 160, "TOTAL_DEPTH_DRILLED": 163, "BEDROCK_DEPTH": null, "YIELD": 10, "YIELD_ESTIMATION_DURATION": 1, "ARTESIAN_COND": "N", "ARTESIAN_FLOW": null, "ARTESIAN_PRESSURE": null, "STATIC_WATER_LEVEL": 141, "DIAMETER": 6.63, "FINAL_CASING_STICK_UP": 24, "GROUND_ELEVATION": 2281, "GROUND_ELEVATION_METHOD": "UNKNOWN", "SURFACE_SEAL_DEPTH": 50, "SURFACE_SEAL_THICKNESS": 0, "SURFACE_SEAL_METHOD": "POURED", "SCREEN_INTAKE_METHOD": null, "WATER_SUPPLY_SYSTEM_NAME": null, "WATER_SUPPLY_SYSTEM_WELL_NAME": null, "CONSTRUCTION_START_DATE": "2015-09-30Z", "CONSTRUCTION_END_DATE": "2015-09-30Z", "ALTERATION_START_DATE": null, "ALTERATION_END_DATE": null, "DECOMMISSION_START_DATE": null, "DECOMMISSION_END_DATE": null, "DECOMMISSION_REASON": null, "OBSERVATION_WELL_NUMBER": null, "OBSERVATION_WELL_STATUS": null, "EMS_ID": null, "AQUIFER_MATERIAL": "Unknown", "OBJECTID": 122567349, "SE_ANNO_CAD_DATA": null}}, {"type": "Feature", "id": "WHSE_WATER_MANAGEMENT.GW_WATER_WELLS_WRBC_SVW.fid-29e471e6_19f63eee063_21e6", "geometry": {"type": "Point", "coordinates": [-120.89635, 56.24635]}, "geometry_name": "GEOMETRY", "properties": {"GW_WW_SYSID": 105482, "WELL_TAG_NUMBER": 109905, "IDENTIFICATION_PLATE_NUMBER": 22075, "STREET_ADDRESS": "9538 WILLOW", "CITY": "FORT ST JOHN", "LEGAL_LOT": " ", "LEGAL_PLAN": " ", "LEGAL_DISTRICT_LOT": " ", "LEGAL_PID": null, "WELL_LOCATION_DESCRIPTION": "WELL DESCRIPTION NOT PROVIDED", "COORDINATE_ACQUISITION_CODE": "H", "WELL_STATUS": "New", "WELL_CLASS": "Water Supply", "WELL_SUBCLASS": "Not Applicable", "INTENDED_WATER_USE": "Private Domestic", "WELL_DETAILS_URL": "https://apps.nrs.gov.bc.ca/gwells/well/109905", "LICENCE_STATUS": "Unlicensed", "AQUIFER_ID": 1271, "PERSON_RESPONSIBLE": " ", "COMPANY_OF_PERSON_RESPONSIBLE": null, "FINISHED_WELL_DEPTH": 137.5, "TOTAL_DEPTH_DRILLED": 137.5, "BEDROCK_DEPTH": 135, "YIELD": 20, "YIELD_ESTIMATION_DURATION": 3, "ARTESIAN_COND": "N", "ARTESIAN_FLOW": null, "ARTESIAN_PRESSURE": null, "STATIC_WATER_LEVEL": 121, "DIAMETER": 6, "FINAL_CASING_STICK_UP": 22, "GROUND_ELEVATION": 2249, "GROUND_ELEVATION_METHOD": "GPS", "SURFACE_SEAL_DEPTH": 20, "SURFACE_SEAL_THICKNESS": 1, "SURFACE_SEAL_METHOD": "POURED", "SCREEN_INTAKE_METHOD": "SCREEN", "WATER_SUPPLY_SYSTEM_NAME": null, "WATER_SUPPLY_SYSTEM_WELL_NAME": null, "CONSTRUCTION_START_DATE": "2014-06-11Z", "CONSTRUCTION_END_DATE": "2014-07-01Z", "ALTERATION_START_DATE": null, "ALTERATION_END_DATE": null, "DECOMMISSION_START_DATE": null, "DECOMMISSION_END_DATE": null, "DECOMMISSION_REASON": null, "OBSERVATION_WELL_NUMBER": null, "OBSERVATION_WELL_STATUS": null, "EMS_ID": null, "AQUIFER_MATERIAL": "Unknown", "OBJECTID": 122566832, "SE_ANNO_CAD_DATA": null}}, {"type": "Feature", "id": "WHSE_WATER_MANAGEMENT.GW_WATER_WELLS_WRBC_SVW.fid-29e471e6_19f63eee063_21e7", "geometry": {"type": "Point", "coordinates": [-120.88065, 56.24732]}, "geometry_name": "GEOMETRY", "properties": {"GW_WW_SYSID": 106004, "WELL_TAG_NUMBER": 110454, "IDENTIFICATION_PLATE_NUMBER": 38953, "STREET_ADDRESS": "10241 Finning Frontage Road", "CITY": "Fort St. John", "LEGAL_LOT": null, "LEGAL_PLAN": null, "LEGAL_DISTRICT_LOT": null, "LEGAL_PID": null, "WELL_LOCATION_DESCRIPTION": "west side of shop", "COORDINATE_ACQUISITION_CODE": "H", "WELL_STATUS": "New", "WELL_CLASS": "Water Supply", "WELL_SUBCLASS": "Not Applicable", "INTENDED_WATER_USE": "Water Supply System", "WELL_DETAILS_URL": "https://apps.nrs.gov.bc.ca/gwells/well/110454", "LICENCE_STATUS": "Unlicensed", "AQUIFER_ID": null, "PERSON_RESPONSIBLE": " ", "COMPANY_OF_PERSON_RESPONSIBLE": "Anderson Water Serv", "FINISHED_WELL_DEPTH": 156, "TOTAL_DEPTH_DRILLED": 156, "BEDROCK_DEPTH": 65, "YIELD": 30, "YIELD_ESTIMATION_DURATION": 1, "ARTESIAN_COND": "N", "ARTESIAN_FLOW": null, "ARTESIAN_PRESSURE": null, "STATIC_WATER_LEVEL": null, "DIAMETER": 6.63, "FINAL_CASING_STICK_UP": 24, "GROUND_ELEVATION": 2312, "GROUND_ELEVATION_METHOD": "UNKNOWN", "SURFACE_SEAL_DEPTH": 20, "SURFACE_SEAL_THICKNESS": 1, "SURFACE_SEAL_METHOD": "POURED", "SCREEN_INTAKE_METHOD": "SCREEN", "WATER_SUPPLY_SYSTEM_NAME": null, "WATER_SUPPLY_SYSTEM_WELL_NAME": null, "CONSTRUCTION_START_DATE": "2015-08-05Z", "CONSTRUCTION_END_DATE": "2015-08-05Z", "ALTERATION_START_DATE": null, "ALTERATION_END_DATE": null, "DECOMMISSION_START_DATE": null, "DECOMMISSION_END_DATE": null, "DECOMMISSION_REASON": null, "OBSERVATION_WELL_NUMBER": null, "OBSERVATION_WELL_STATUS": null, "EMS_ID": null, "AQUIFER_MATERIAL": "Bedrock", "OBJECTID": 122567354, "SE_ANNO_CAD_DATA": null}}, {"type": "Feature", "id": "WHSE_WATER_MANAGEMENT.GW_WATER_WELLS_WRBC_SVW.fid-29e471e6_19f63eee063_21e8", "geometry": {"type": "Point", "coordinates": [-120.8854, 56.25095]}, "geometry_name": "GEOMETRY", "properties": {"GW_WW_SYSID": 123619, "WELL_TAG_NUMBER": 128816, "IDENTIFICATION_PLATE_NUMBER": 49836, "STREET_ADDRESS": "10426", "CITY": "Clairmont Frontage Road", "LEGAL_LOT": "A", "LEGAL_PLAN": "BCP31462", "LEGAL_DISTRICT_LOT": null, "LEGAL_PID": null, "WELL_LOCATION_DESCRIPTION": null, "COORDINATE_ACQUISITION_CODE": "H", "WELL_STATUS": "New", "WELL_CLASS": "Water Supply", "WELL_SUBCLASS": "Not Applicable", "INTENDED_WATER_USE": "Commercial and Industrial", "WELL_DETAILS_URL": "https://apps.nrs.gov.bc.ca/gwells/well/128816", "LICENCE_STATUS": "Unlicensed", "AQUIFER_ID": 1271, "PERSON_RESPONSIBLE": " ", "COMPANY_OF_PERSON_RESPONSIBLE": null, "FINISHED_WELL_DEPTH": 600, "TOTAL_DEPTH_DRILLED": null, "BEDROCK_DEPTH": null, "YIELD": null, "YIELD_ESTIMATION_DURATION": null, "ARTESIAN_COND": "N", "ARTESIAN_FLOW": null, "ARTESIAN_PRESSURE": null, "STATIC_WATER_LEVEL": null, "DIAMETER": 6.5, "FINAL_CASING_STICK_UP": 22, "GROUND_ELEVATION": null, "GROUND_ELEVATION_METHOD": null, "SURFACE_SEAL_DEPTH": null, "SURFACE_SEAL_THICKNESS": null, "SURFACE_SEAL_METHOD": null, "SCREEN_INTAKE_METHOD": null, "WATER_SUPPLY_SYSTEM_NAME": null, "WATER_SUPPLY_SYSTEM_WELL_NAME": null, "CONSTRUCTION_START_DATE": "2000-02-01Z", "CONSTRUCTION_END_DATE": "2000-02-01Z", "ALTERATION_START_DATE": null, "ALTERATION_END_DATE": null, "DECOMMISSION_START_DATE": null, "DECOMMISSION_END_DATE": null, "DECOMMISSION_REASON": null, "OBSERVATION_WELL_NUMBER": null, "OBSERVATION_WELL_STATUS": null, "EMS_ID": null, "AQUIFER_MATERIAL": null, "OBJECTID": 122584969, "SE_ANNO_CAD_DATA": null}}, {"type": "Feature", "id": "WHSE_WATER_MANAGEMENT.GW_WATER_WELLS_WRBC_SVW.fid-29e471e6_19f63eee063_21e9", "geometry": {"type": "Point", "coordinates": [-120.9034, 56.259427]}, "geometry_name": "GEOMETRY", "properties": {"GW_WW_SYSID": 2838, "WELL_TAG_NUMBER": 2844, "IDENTIFICATION_PLATE_NUMBER": null, "STREET_ADDRESS": " ", "CITY": " ", "LEGAL_LOT": " ", "LEGAL_PLAN": " ", "LEGAL_DISTRICT_LOT": " ", "LEGAL_PID": null, "WELL_LOCATION_DESCRIPTION": " ", "COORDINATE_ACQUISITION_CODE": "B", "WELL_STATUS": "New", "WELL_CLASS": "Water Supply", "WELL_SUBCLASS": null, "INTENDED_WATER_USE": "Private Domestic", "WELL_DETAILS_URL": "https://apps.nrs.gov.bc.ca/gwells/well/2844", "LICENCE_STATUS": "Unlicensed", "AQUIFER_ID": 444, "PERSON_RESPONSIBLE": " ", "COMPANY_OF_PERSON_RESPONSIBLE": "Unknown", "FINISHED_WELL_DEPTH": 35, "TOTAL_DEPTH_DRILLED": null, "BEDROCK_DEPTH": null, "YIELD": 0, "YIELD_ESTIMATION_DURATION": null, "ARTESIAN_COND": "N", "ARTESIAN_FLOW": null, "ARTESIAN_PRESSURE": null, "STATIC_WATER_LEVEL": 30, "DIAMETER": null, "FINAL_CASING_STICK_UP": null, "GROUND_ELEVATION": null, "GROUND_ELEVATION_METHOD": "UNKNOWN", "SURFACE_SEAL_DEPTH": null, "SURFACE_SEAL_THICKNESS": null, "SURFACE_SEAL_METHOD": null, "SCREEN_INTAKE_METHOD": null, "WATER_SUPPLY_SYSTEM_NAME": null, "WATER_SUPPLY_SYSTEM_WELL_NAME": null, "CONSTRUCTION_START_DATE": "1947-01-01Z", "CONSTRUCTION_END_DATE": "1947-01-01Z", "ALTERATION_START_DATE": null, "ALTERATION_END_DATE": null, "DECOMMISSION_START_DATE": null, "DECOMMISSION_END_DATE": null, "DECOMMISSION_REASON": null, "OBSERVATION_WELL_NUMBER": null, "OBSERVATION_WELL_STATUS": null, "EMS_ID": null, "AQUIFER_MATERIAL": "Unconsolidated", "OBJECTID": 122464188, "SE_ANNO_CAD_DATA": null}}, {"type": "Feature", "id": "WHSE_WATER_MANAGEMENT.GW_WATER_WELLS_WRBC_SVW.fid-29e471e6_19f63eee063_21ea", "geometry": {"type": "Point", "coordinates": [-120.900806, 56.267579]}, "geometry_name": "GEOMETRY", "properties": {"GW_WW_SYSID": 42422, "WELL_TAG_NUMBER": 42516, "IDENTIFICATION_PLATE_NUMBER": null, "STREET_ADDRESS": "CRESTWOOD SUB", "CITY": "FORT ST JOHN", "LEGAL_LOT": "1", "LEGAL_PLAN": "12542", "LEGAL_DISTRICT_LOT": " ", "LEGAL_PID": null, "WELL_LOCATION_DESCRIPTION": " ", "COORDINATE_ACQUISITION_CODE": "C", "WELL_STATUS": "New", "WELL_CLASS": "Water Supply", "WELL_SUBCLASS": "Not Applicable", "INTENDED_WATER_USE": "Private Domestic", "WELL_DETAILS_URL": "https://apps.nrs.gov.bc.ca/gwells/well/42516", "LICENCE_STATUS": "Unlicensed", "AQUIFER_ID": 1271, "PERSON_RESPONSIBLE": " ", "COMPANY_OF_PERSON_RESPONSIBLE": "Bob's Water Drilling", "FINISHED_WELL_DEPTH": 187, "TOTAL_DEPTH_DRILLED": 187, "BEDROCK_DEPTH": null, "YIELD": null, "YIELD_ESTIMATION_DURATION": null, "ARTESIAN_COND": "N", "ARTESIAN_FLOW": null, "ARTESIAN_PRESSURE": null, "STATIC_WATER_LEVEL": null, "DIAMETER": null, "FINAL_CASING_STICK_UP": null, "GROUND_ELEVATION": null, "GROUND_ELEVATION_METHOD": "UNKNOWN", "SURFACE_SEAL_DEPTH": null, "SURFACE_SEAL_THICKNESS": null, "SURFACE_SEAL_METHOD": null, "SCREEN_INTAKE_METHOD": null, "WATER_SUPPLY_SYSTEM_NAME": null, "WATER_SUPPLY_SYSTEM_WELL_NAME": null, "CONSTRUCTION_START_DATE": "1979-06-21Z", "CONSTRUCTION_END_DATE": "1979-06-21Z", "ALTERATION_START_DATE": null, "ALTERATION_END_DATE": null, "DECOMMISSION_START_DATE": null, "DECOMMISSION_END_DATE": null, "DECOMMISSION_REASON": null, "OBSERVATION_WELL_NUMBER": null, "OBSERVATION_WELL_STATUS": null, "EMS_ID": null, "AQUIFER_MATERIAL": "Unconsolidated", "OBJECTID": 122503772, "SE_ANNO_CAD_DATA": null}}, {"type": "Feature", "id": "WHSE_WATER_MANAGEMENT.GW_WATER_WELLS_WRBC_SVW.fid-29e471e6_19f63eee063_21eb", "geometry": {"type": "Point", "coordinates": [-120.896875, 56.268591]}, "geometry_name": "GEOMETRY", "properties": {"GW_WW_SYSID": 47328, "WELL_TAG_NUMBER": 47437, "IDENTIFICATION_PLATE_NUMBER": null, "STREET_ADDRESS": "MOUNTAIN VIEW SUBD", "CITY": "FORT ST JOHN", "LEGAL_LOT": "2", "LEGAL_PLAN": " ", "LEGAL_DISTRICT_LOT": " ", "LEGAL_PID": null, "WELL_LOCATION_DESCRIPTION": " ", "COORDINATE_ACQUISITION_CODE": "C", "WELL_STATUS": "New", "WELL_CLASS": "Water Supply", "WELL_SUBCLASS": null, "INTENDED_WATER_USE": "Private Domestic", "WELL_DETAILS_URL": "https://apps.nrs.gov.bc.ca/gwells/well/47437", "LICENCE_STATUS": "Unlicensed", "AQUIFER_ID": 1271, "PERSON_RESPONSIBLE": " ", "COMPANY_OF_PERSON_RESPONSIBLE": "I . & M.  Drilling", "FINISHED_WELL_DEPTH": 86, "TOTAL_DEPTH_DRILLED": null, "BEDROCK_DEPTH": 68, "YIELD": 18, "YIELD_ESTIMATION_DURATION": null, "ARTESIAN_COND": "N", "ARTESIAN_FLOW": null, "ARTESIAN_PRESSURE": null, "STATIC_WATER_LEVEL": null, "DIAMETER": null, "FINAL_CASING_STICK_UP": null, "GROUND_ELEVATION": null, "GROUND_ELEVATION_METHOD": "UNKNOWN", "SURFACE_SEAL_DEPTH": null, "SURFACE_SEAL_THICKNESS": null, "SURFACE_SEAL_METHOD": null, "SCREEN_INTAKE_METHOD": null, "WATER_SUPPLY_SYSTEM_NAME": null, "WATER_SUPPLY_SYSTEM_WELL_NAME": null, "CONSTRUCTION_START_DATE": "1981-03-19Z", "CONSTRUCTION_END_DATE": "1981-03-19Z", "ALTERATION_START_DATE": null, "ALTERATION_END_DATE": null, "DECOMMISSION_START_DATE": null, "DECOMMISSION_END_DATE": null, "DECOMMISSION_REASON": null, "OBSERVATION_WELL_NUMBER": null, "OBSERVATION_WELL_STATUS": null, "EMS_ID": null, "AQUIFER_MATERIAL": "Bedrock", "OBJECTID": 122508678, "SE_ANNO_CAD_DATA": null}}, {"type": "Feature", "id": "WHSE_WATER_MANAGEMENT.GW_WATER_WELLS_WRBC_SVW.fid-29e471e6_19f63eee063_21ec", "geometry": {"type": "Point", "coordinates": [-120.899306, 56.272559]}, "geometry_name": "GEOMETRY", "properties": {"GW_WW_SYSID": 48554, "WELL_TAG_NUMBER": 48666, "IDENTIFICATION_PLATE_NUMBER": null, "STREET_ADDRESS": " ", "CITY": "FORT ST JOHN", "LEGAL_LOT": " ", "LEGAL_PLAN": "26509", "LEGAL_DISTRICT_LOT": " ", "LEGAL_PID": null, "WELL_LOCATION_DESCRIPTION": " ", "COORDINATE_ACQUISITION_CODE": "C", "WELL_STATUS": "New", "WELL_CLASS": "Unknown", "WELL_SUBCLASS": null, "INTENDED_WATER_USE": "Unknown Well Use", "WELL_DETAILS_URL": "https://apps.nrs.gov.bc.ca/gwells/well/48666", "LICENCE_STATUS": "Unlicensed", "AQUIFER_ID": 1271, "PERSON_RESPONSIBLE": " ", "COMPANY_OF_PERSON_RESPONSIBLE": "B. & W. Drilling", "FINISHED_WELL_DEPTH": 430, "TOTAL_DEPTH_DRILLED": null, "BEDROCK_DEPTH": 45, "YIELD": 2, "YIELD_ESTIMATION_DURATION": null, "ARTESIAN_COND": "N", "ARTESIAN_FLOW": null, "ARTESIAN_PRESSURE": null, "STATIC_WATER_LEVEL": 130, "DIAMETER": null, "FINAL_CASING_STICK_UP": null, "GROUND_ELEVATION": null, "GROUND_ELEVATION_METHOD": "UNKNOWN", "SURFACE_SEAL_DEPTH": null, "SURFACE_SEAL_THICKNESS": null, "SURFACE_SEAL_METHOD": null, "SCREEN_INTAKE_METHOD": null, "WATER_SUPPLY_SYSTEM_NAME": null, "WATER_SUPPLY_SYSTEM_WELL_NAME": null, "CONSTRUCTION_START_DATE": "1981-07-26Z", "CONSTRUCTION_END_DATE": "1981-07-26Z", "ALTERATION_START_DATE": null, "ALTERATION_END_DATE": null, "DECOMMISSION_START_DATE": null, "DECOMMISSION_END_DATE": null, "DECOMMISSION_REASON": null, "OBSERVATION_WELL_NUMBER": null, "OBSERVATION_WELL_STATUS": null, "EMS_ID": null, "AQUIFER_MATERIAL": "Bedrock", "OBJECTID": 122509904, "SE_ANNO_CAD_DATA": null}}, {"type": "Feature", "id": "WHSE_WATER_MANAGEMENT.GW_WATER_WELLS_WRBC_SVW.fid-29e471e6_19f63eee063_21ed", "geometry": {"type": "Point", "coordinates": [-120.90313, 56.273505]}, "geometry_name": "GEOMETRY", "properties": {"GW_WW_SYSID": 21193, "WELL_TAG_NUMBER": 21233, "IDENTIFICATION_PLATE_NUMBER": null, "STREET_ADDRESS": " ", "CITY": " ", "LEGAL_LOT": "5", "LEGAL_PLAN": "17518", "LEGAL_DISTRICT_LOT": " ", "LEGAL_PID": null, "WELL_LOCATION_DESCRIPTION": " ", "COORDINATE_ACQUISITION_CODE": "B", "WELL_STATUS": "New", "WELL_CLASS": "Water Supply", "WELL_SUBCLASS": null, "INTENDED_WATER_USE": "Private Domestic", "WELL_DETAILS_URL": "https://apps.nrs.gov.bc.ca/gwells/well/21233", "LICENCE_STATUS": "Unlicensed", "AQUIFER_ID": 451, "PERSON_RESPONSIBLE": " ", "COMPANY_OF_PERSON_RESPONSIBLE": "Smith", "FINISHED_WELL_DEPTH": 115, "TOTAL_DEPTH_DRILLED": null, "BEDROCK_DEPTH": null, "YIELD": 0, "YIELD_ESTIMATION_DURATION": null, "ARTESIAN_COND": "N", "ARTESIAN_FLOW": null, "ARTESIAN_PRESSURE": null, "STATIC_WATER_LEVEL": 65, "DIAMETER": null, "FINAL_CASING_STICK_UP": null, "GROUND_ELEVATION": null, "GROUND_ELEVATION_METHOD": "UNKNOWN", "SURFACE_SEAL_DEPTH": null, "SURFACE_SEAL_THICKNESS": null, "SURFACE_SEAL_METHOD": null, "SCREEN_INTAKE_METHOD": null, "WATER_SUPPLY_SYSTEM_NAME": null, "WATER_SUPPLY_SYSTEM_WELL_NAME": null, "CONSTRUCTION_START_DATE": "1968-01-01Z", "CONSTRUCTION_END_DATE": "1968-01-01Z", "ALTERATION_START_DATE": null, "ALTERATION_END_DATE": null, "DECOMMISSION_START_DATE": null, "DECOMMISSION_END_DATE": null, "DECOMMISSION_REASON": null, "OBSERVATION_WELL_NUMBER": null, "OBSERVATION_WELL_STATUS": null, "EMS_ID": null, "AQUIFER_MATERIAL": "Bedrock", "OBJECTID": 122482543, "SE_ANNO_CAD_DATA": null}}, {"type": "Feature", "id": "WHSE_WATER_MANAGEMENT.GW_WATER_WELLS_WRBC_SVW.fid-29e471e6_19f63eee063_21ee", "geometry": {"type": "Point", "coordinates": [-120.90386, 56.27373]}, "geometry_name": "GEOMETRY", "properties": {"GW_WW_SYSID": 22070, "WELL_TAG_NUMBER": 22111, "IDENTIFICATION_PLATE_NUMBER": null, "STREET_ADDRESS": null, "CITY": null, "LEGAL_LOT": "5", "LEGAL_PLAN": "17518", "LEGAL_DISTRICT_LOT": null, "LEGAL_PID": null, "WELL_LOCATION_DESCRIPTION": null, "COORDINATE_ACQUISITION_CODE": "B", "WELL_STATUS": "New", "WELL_CLASS": "Water Supply", "WELL_SUBCLASS": null, "INTENDED_WATER_USE": "Private Domestic", "WELL_DETAILS_URL": "https://apps.nrs.gov.bc.ca/gwells/well/22111", "LICENCE_STATUS": "Unlicensed", "AQUIFER_ID": 451, "PERSON_RESPONSIBLE": " ", "COMPANY_OF_PERSON_RESPONSIBLE": "C. & M. Drilling", "FINISHED_WELL_DEPTH": 28, "TOTAL_DEPTH_DRILLED": null, "BEDROCK_DEPTH": 28, "YIELD": 0, "YIELD_ESTIMATION_DURATION": null, "ARTESIAN_COND": "N", "ARTESIAN_FLOW": null, "ARTESIAN_PRESSURE": null, "STATIC_WATER_LEVEL": null, "DIAMETER": 4, "FINAL_CASING_STICK_UP": null, "GROUND_ELEVATION": null, "GROUND_ELEVATION_METHOD": "UNKNOWN", "SURFACE_SEAL_DEPTH": null, "SURFACE_SEAL_THICKNESS": null, "SURFACE_SEAL_METHOD": null, "SCREEN_INTAKE_METHOD": null, "WATER_SUPPLY_SYSTEM_NAME": null, "WATER_SUPPLY_SYSTEM_WELL_NAME": null, "CONSTRUCTION_START_DATE": "1969-01-01Z", "CONSTRUCTION_END_DATE": "1969-01-01Z", "ALTERATION_START_DATE": null, "ALTERATION_END_DATE": null, "DECOMMISSION_START_DATE": null, "DECOMMISSION_END_DATE": null, "DECOMMISSION_REASON": null, "OBSERVATION_WELL_NUMBER": null, "OBSERVATION_WELL_STATUS": null, "EMS_ID": null, "AQUIFER_MATERIAL": "Unconsolidated", "OBJECTID": 122483420, "SE_ANNO_CAD_DATA": null}}, {"type": "Feature", "id": "WHSE_WATER_MANAGEMENT.GW_WATER_WELLS_WRBC_SVW.fid-29e471e6_19f63eee063_21ef", "geometry": {"type": "Point", "coordinates": [-120.900716, 56.27394]}, "geometry_name": "GEOMETRY", "properties": {"GW_WW_SYSID": 31281, "WELL_TAG_NUMBER": 31344, "IDENTIFICATION_PLATE_NUMBER": null, "STREET_ADDRESS": "PICKELL SUBD", "CITY": " ", "LEGAL_LOT": "2", "LEGAL_PLAN": "12542", "LEGAL_DISTRICT_LOT": " ", "LEGAL_PID": null, "WELL_LOCATION_DESCRIPTION": " ", "COORDINATE_ACQUISITION_CODE": "C", "WELL_STATUS": "New", "WELL_CLASS": "Water Supply", "WELL_SUBCLASS": null, "INTENDED_WATER_USE": "Private Domestic", "WELL_DETAILS_URL": "https://apps.nrs.gov.bc.ca/gwells/well/31344", "LICENCE_STATUS": "Unlicensed", "AQUIFER_ID": 451, "PERSON_RESPONSIBLE": " ", "COMPANY_OF_PERSON_RESPONSIBLE": "Bob's Water Drilling", "FINISHED_WELL_DEPTH": 37, "TOTAL_DEPTH_DRILLED": null, "BEDROCK_DEPTH": 36, "YIELD": 8, "YIELD_ESTIMATION_DURATION": null, "ARTESIAN_COND": "N", "ARTESIAN_FLOW": null, "ARTESIAN_PRESSURE": null, "STATIC_WATER_LEVEL": 28, "DIAMETER": null, "FINAL_CASING_STICK_UP": null, "GROUND_ELEVATION": null, "GROUND_ELEVATION_METHOD": "UNKNOWN", "SURFACE_SEAL_DEPTH": null, "SURFACE_SEAL_THICKNESS": null, "SURFACE_SEAL_METHOD": null, "SCREEN_INTAKE_METHOD": null, "WATER_SUPPLY_SYSTEM_NAME": null, "WATER_SUPPLY_SYSTEM_WELL_NAME": null, "CONSTRUCTION_START_DATE": "1974-09-28Z", "CONSTRUCTION_END_DATE": "1974-09-28Z", "ALTERATION_START_DATE": null, "ALTERATION_END_DATE": null, "DECOMMISSION_START_DATE": null, "DECOMMISSION_END_DATE": null, "DECOMMISSION_REASON": null, "OBSERVATION_WELL_NUMBER": null, "OBSERVATION_WELL_STATUS": null, "EMS_ID": null, "AQUIFER_MATERIAL": "Unconsolidated", "OBJECTID": 122492631, "SE_ANNO_CAD_DATA": null}}, {"type": "Feature", "id": "WHSE_WATER_MANAGEMENT.GW_WATER_WELLS_WRBC_SVW.fid-29e471e6_19f63eee063_21f0", "geometry": {"type": "Point", "coordinates": [-120.894418, 56.274795]}, "geometry_name": "GEOMETRY", "properties": {"GW_WW_SYSID": 45347, "WELL_TAG_NUMBER": 45449, "IDENTIFICATION_PLATE_NUMBER": null, "STREET_ADDRESS": "FROZEN JOHN SUBD", "CITY": "FORT ST JOHN", "LEGAL_LOT": "3", "LEGAL_PLAN": null, "LEGAL_DISTRICT_LOT": null, "LEGAL_PID": null, "WELL_LOCATION_DESCRIPTION": null, "COORDINATE_ACQUISITION_CODE": "C", "WELL_STATUS": "New", "WELL_CLASS": "Unknown", "WELL_SUBCLASS": null, "INTENDED_WATER_USE": "Not Applicable", "WELL_DETAILS_URL": "https://apps.nrs.gov.bc.ca/gwells/well/45449", "LICENCE_STATUS": "Unlicensed", "AQUIFER_ID": 451, "PERSON_RESPONSIBLE": " ", "COMPANY_OF_PERSON_RESPONSIBLE": "I . & M.  Drilling", "FINISHED_WELL_DEPTH": 213, "TOTAL_DEPTH_DRILLED": null, "BEDROCK_DEPTH": 17, "YIELD": 1.5, "YIELD_ESTIMATION_DURATION": null, "ARTESIAN_COND": "N", "ARTESIAN_FLOW": null, "ARTESIAN_PRESSURE": null, "STATIC_WATER_LEVEL": null, "DIAMETER": null, "FINAL_CASING_STICK_UP": null, "GROUND_ELEVATION": null, "GROUND_ELEVATION_METHOD": "UNKNOWN", "SURFACE_SEAL_DEPTH": null, "SURFACE_SEAL_THICKNESS": null, "SURFACE_SEAL_METHOD": null, "SCREEN_INTAKE_METHOD": null, "WATER_SUPPLY_SYSTEM_NAME": null, "WATER_SUPPLY_SYSTEM_WELL_NAME": null, "CONSTRUCTION_START_DATE": "1980-06-30Z", "CONSTRUCTION_END_DATE": "1980-06-30Z", "ALTERATION_START_DATE": null, "ALTERATION_END_DATE": null, "DECOMMISSION_START_DATE": null, "DECOMMISSION_END_DATE": null, "DECOMMISSION_REASON": null, "OBSERVATION_WELL_NUMBER": null, "OBSERVATION_WELL_STATUS": null, "EMS_ID": null, "AQUIFER_MATERIAL": "Bedrock", "OBJECTID": 122506697, "SE_ANNO_CAD_DATA": null}}, {"type": "Feature", "id": "WHSE_WATER_MANAGEMENT.GW_WATER_WELLS_WRBC_SVW.fid-29e471e6_19f63eee063_21f1", "geometry": {"type": "Point", "coordinates": [-120.898914, 56.274988]}, "geometry_name": "GEOMETRY", "properties": {"GW_WW_SYSID": 46087, "WELL_TAG_NUMBER": 46190, "IDENTIFICATION_PLATE_NUMBER": null, "STREET_ADDRESS": "MOUNTAIN VIEW SUBD", "CITY": "FORT ST JOHN", "LEGAL_LOT": "1", "LEGAL_PLAN": null, "LEGAL_DISTRICT_LOT": null, "LEGAL_PID": null, "WELL_LOCATION_DESCRIPTION": null, "COORDINATE_ACQUISITION_CODE": "C", "WELL_STATUS": "New", "WELL_CLASS": "Water Supply", "WELL_SUBCLASS": null, "INTENDED_WATER_USE": "Private Domestic", "WELL_DETAILS_URL": "https://apps.nrs.gov.bc.ca/gwells/well/46190", "LICENCE_STATUS": "Unlicensed", "AQUIFER_ID": 451, "PERSON_RESPONSIBLE": " ", "COMPANY_OF_PERSON_RESPONSIBLE": "I . & M.  Drilling", "FINISHED_WELL_DEPTH": 150, "TOTAL_DEPTH_DRILLED": null, "BEDROCK_DEPTH": null, "YIELD": 7, "YIELD_ESTIMATION_DURATION": null, "ARTESIAN_COND": "N", "ARTESIAN_FLOW": null, "ARTESIAN_PRESSURE": null, "STATIC_WATER_LEVEL": 25, "DIAMETER": 4.5, "FINAL_CASING_STICK_UP": null, "GROUND_ELEVATION": null, "GROUND_ELEVATION_METHOD": "UNKNOWN", "SURFACE_SEAL_DEPTH": null, "SURFACE_SEAL_THICKNESS": null, "SURFACE_SEAL_METHOD": null, "SCREEN_INTAKE_METHOD": null, "WATER_SUPPLY_SYSTEM_NAME": null, "WATER_SUPPLY_SYSTEM_WELL_NAME": null, "CONSTRUCTION_START_DATE": "1980-09-25Z", "CONSTRUCTION_END_DATE": "1980-09-25Z", "ALTERATION_START_DATE": null, "ALTERATION_END_DATE": null, "DECOMMISSION_START_DATE": null, "DECOMMISSION_END_DATE": null, "DECOMMISSION_REASON": null, "OBSERVATION_WELL_NUMBER": null, "OBSERVATION_WELL_STATUS": null, "EMS_ID": null, "AQUIFER_MATERIAL": "Unconsolidated", "OBJECTID": 122507437, "SE_ANNO_CAD_DATA": null}}, {"type": "Feature", "id": "WHSE_WATER_MANAGEMENT.GW_WATER_WELLS_WRBC_SVW.fid-29e471e6_19f63eee063_21f2", "geometry": {"type": "Point", "coordinates": [-120.90344, 56.27524]}, "geometry_name": "GEOMETRY", "properties": {"GW_WW_SYSID": 35918, "WELL_TAG_NUMBER": 35997, "IDENTIFICATION_PLATE_NUMBER": null, "STREET_ADDRESS": "12221 244 Road", "CITY": "Fort St John", "LEGAL_LOT": "2", "LEGAL_PLAN": "17518", "LEGAL_DISTRICT_LOT": null, "LEGAL_PID": 11423226, "WELL_LOCATION_DESCRIPTION": null, "COORDINATE_ACQUISITION_CODE": "B", "WELL_STATUS": "New", "WELL_CLASS": "Water Supply", "WELL_SUBCLASS": null, "INTENDED_WATER_USE": "Private Domestic", "WELL_DETAILS_URL": "https://apps.nrs.gov.bc.ca/gwells/well/35997", "LICENCE_STATUS": "Unlicensed", "AQUIFER_ID": 451, "PERSON_RESPONSIBLE": " ", "COMPANY_OF_PERSON_RESPONSIBLE": "Bob's Water Drilling", "FINISHED_WELL_DEPTH": 164, "TOTAL_DEPTH_DRILLED": 164, "BEDROCK_DEPTH": null, "YIELD": 5, "YIELD_ESTIMATION_DURATION": null, "ARTESIAN_COND": "N", "ARTESIAN_FLOW": null, "ARTESIAN_PRESSURE": null, "STATIC_WATER_LEVEL": 120, "DIAMETER": 4.5, "FINAL_CASING_STICK_UP": null, "GROUND_ELEVATION": null, "GROUND_ELEVATION_METHOD": "UNKNOWN", "SURFACE_SEAL_DEPTH": null, "SURFACE_SEAL_THICKNESS": null, "SURFACE_SEAL_METHOD": null, "SCREEN_INTAKE_METHOD": null, "WATER_SUPPLY_SYSTEM_NAME": null, "WATER_SUPPLY_SYSTEM_WELL_NAME": null, "CONSTRUCTION_START_DATE": "1976-11-01Z", "CONSTRUCTION_END_DATE": "1976-11-01Z", "ALTERATION_START_DATE": null, "ALTERATION_END_DATE": null, "DECOMMISSION_START_DATE": null, "DECOMMISSION_END_DATE": null, "DECOMMISSION_REASON": null, "OBSERVATION_WELL_NUMBER": null, "OBSERVATION_WELL_STATUS": null, "EMS_ID": null, "AQUIFER_MATERIAL": "Unconsolidated", "OBJECTID": 122497268, "SE_ANNO_CAD_DATA": null}}, {"type": "Feature", "id": "WHSE_WATER_MANAGEMENT.GW_WATER_WELLS_WRBC_SVW.fid-29e471e6_19f63eee063_21f3", "geometry": {"type": "Point", "coordinates": [-120.904503, 56.275289]}, "geometry_name": "GEOMETRY", "properties": {"GW_WW_SYSID": 35349, "WELL_TAG_NUMBER": 35428, "IDENTIFICATION_PLATE_NUMBER": null, "STREET_ADDRESS": "CRESTWOOD SUBD", "CITY": " ", "LEGAL_LOT": "4", "LEGAL_PLAN": "17518", "LEGAL_DISTRICT_LOT": " ", "LEGAL_PID": null, "WELL_LOCATION_DESCRIPTION": " ", "COORDINATE_ACQUISITION_CODE": "B", "WELL_STATUS": "New", "WELL_CLASS": "Water Supply", "WELL_SUBCLASS": null, "INTENDED_WATER_USE": "Private Domestic", "WELL_DETAILS_URL": "https://apps.nrs.gov.bc.ca/gwells/well/35428", "LICENCE_STATUS": "Unlicensed", "AQUIFER_ID": 451, "PERSON_RESPONSIBLE": " ", "COMPANY_OF_PERSON_RESPONSIBLE": "Bob's Water Drilling", "FINISHED_WELL_DEPTH": 142, "TOTAL_DEPTH_DRILLED": null, "BEDROCK_DEPTH": null, "YIELD": 4, "YIELD_ESTIMATION_DURATION": null, "ARTESIAN_COND": "N", "ARTESIAN_FLOW": null, "ARTESIAN_PRESSURE": null, "STATIC_WATER_LEVEL": 120, "DIAMETER": null, "FINAL_CASING_STICK_UP": null, "GROUND_ELEVATION": null, "GROUND_ELEVATION_METHOD": "UNKNOWN", "SURFACE_SEAL_DEPTH": null, "SURFACE_SEAL_THICKNESS": null, "SURFACE_SEAL_METHOD": null, "SCREEN_INTAKE_METHOD": null, "WATER_SUPPLY_SYSTEM_NAME": null, "WATER_SUPPLY_SYSTEM_WELL_NAME": null, "CONSTRUCTION_START_DATE": "1976-08-01Z", "CONSTRUCTION_END_DATE": "1976-08-01Z", "ALTERATION_START_DATE": null, "ALTERATION_END_DATE": null, "DECOMMISSION_START_DATE": null, "DECOMMISSION_END_DATE": null, "DECOMMISSION_REASON": null, "OBSERVATION_WELL_NUMBER": null, "OBSERVATION_WELL_STATUS": null, "EMS_ID": null, "AQUIFER_MATERIAL": "Unconsolidated", "OBJECTID": 122496699, "SE_ANNO_CAD_DATA": null}}, {"type": "Feature", "id": "WHSE_WATER_MANAGEMENT.GW_WATER_WELLS_WRBC_SVW.fid-29e471e6_19f63eee063_21f4", "geometry": {"type": "Point", "coordinates": [-120.899062, 56.276114]}, "geometry_name": "GEOMETRY", "properties": {"GW_WW_SYSID": 45145, "WELL_TAG_NUMBER": 45247, "IDENTIFICATION_PLATE_NUMBER": null, "STREET_ADDRESS": "MOUNTAIN VIEW SUBD", "CITY": "FORT ST JOHN", "LEGAL_LOT": "4", "LEGAL_PLAN": null, "LEGAL_DISTRICT_LOT": null, "LEGAL_PID": null, "WELL_LOCATION_DESCRIPTION": null, "COORDINATE_ACQUISITION_CODE": "C", "WELL_STATUS": "New", "WELL_CLASS": "Unknown", "WELL_SUBCLASS": null, "INTENDED_WATER_USE": "Not Applicable", "WELL_DETAILS_URL": "https://apps.nrs.gov.bc.ca/gwells/well/45247", "LICENCE_STATUS": "Unlicensed", "AQUIFER_ID": 451, "PERSON_RESPONSIBLE": " ", "COMPANY_OF_PERSON_RESPONSIBLE": "I . & M.  Drilling", "FINISHED_WELL_DEPTH": 120, "TOTAL_DEPTH_DRILLED": null, "BEDROCK_DEPTH": null, "YIELD": 15, "YIELD_ESTIMATION_DURATION": null, "ARTESIAN_COND": "N", "ARTESIAN_FLOW": null, "ARTESIAN_PRESSURE": null, "STATIC_WATER_LEVEL": null, "DIAMETER": null, "FINAL_CASING_STICK_UP": null, "GROUND_ELEVATION": null, "GROUND_ELEVATION_METHOD": "UNKNOWN", "SURFACE_SEAL_DEPTH": null, "SURFACE_SEAL_THICKNESS": null, "SURFACE_SEAL_METHOD": null, "SCREEN_INTAKE_METHOD": null, "WATER_SUPPLY_SYSTEM_NAME": null, "WATER_SUPPLY_SYSTEM_WELL_NAME": null, "CONSTRUCTION_START_DATE": "1980-06-04Z", "CONSTRUCTION_END_DATE": "1980-06-04Z", "ALTERATION_START_DATE": null, "ALTERATION_END_DATE": null, "DECOMMISSION_START_DATE": null, "DECOMMISSION_END_DATE": null, "DECOMMISSION_REASON": null, "OBSERVATION_WELL_NUMBER": null, "OBSERVATION_WELL_STATUS": null, "EMS_ID": null, "AQUIFER_MATERIAL": "Unconsolidated", "OBJECTID": 122506495, "SE_ANNO_CAD_DATA": null}}, {"type": "Feature", "id": "WHSE_WATER_MANAGEMENT.GW_WATER_WELLS_WRBC_SVW.fid-29e471e6_19f63eee063_21f5", "geometry": {"type": "Point", "coordinates": [-120.888439, 56.276005]}, "geometry_name": "GEOMETRY", "properties": {"GW_WW_SYSID": 45576, "WELL_TAG_NUMBER": 45678, "IDENTIFICATION_PLATE_NUMBER": null, "STREET_ADDRESS": null, "CITY": "FORT ST JOHN", "LEGAL_LOT": "A", "LEGAL_PLAN": "26254", "LEGAL_DISTRICT_LOT": null, "LEGAL_PID": null, "WELL_LOCATION_DESCRIPTION": null, "COORDINATE_ACQUISITION_CODE": "C", "WELL_STATUS": "New", "WELL_CLASS": "Unknown", "WELL_SUBCLASS": null, "INTENDED_WATER_USE": "Not Applicable", "WELL_DETAILS_URL": "https://apps.nrs.gov.bc.ca/gwells/well/45678", "LICENCE_STATUS": "Unlicensed", "AQUIFER_ID": 451, "PERSON_RESPONSIBLE": " ", "COMPANY_OF_PERSON_RESPONSIBLE": "I . & M.  Drilling", "FINISHED_WELL_DEPTH": 150, "TOTAL_DEPTH_DRILLED": null, "BEDROCK_DEPTH": null, "YIELD": 5, "YIELD_ESTIMATION_DURATION": null, "ARTESIAN_COND": "N", "ARTESIAN_FLOW": null, "ARTESIAN_PRESSURE": null, "STATIC_WATER_LEVEL": null, "DIAMETER": null, "FINAL_CASING_STICK_UP": null, "GROUND_ELEVATION": null, "GROUND_ELEVATION_METHOD": "UNKNOWN", "SURFACE_SEAL_DEPTH": null, "SURFACE_SEAL_THICKNESS": null, "SURFACE_SEAL_METHOD": null, "SCREEN_INTAKE_METHOD": null, "WATER_SUPPLY_SYSTEM_NAME": null, "WATER_SUPPLY_SYSTEM_WELL_NAME": null, "CONSTRUCTION_START_DATE": "1980-07-29Z", "CONSTRUCTION_END_DATE": "1980-07-29Z", "ALTERATION_START_DATE": null, "ALTERATION_END_DATE": null, "DECOMMISSION_START_DATE": null, "DECOMMISSION_END_DATE": null, "DECOMMISSION_REASON": null, "OBSERVATION_WELL_NUMBER": null, "OBSERVATION_WELL_STATUS": null, "EMS_ID": null, "AQUIFER_MATERIAL": "Unconsolidated", "OBJECTID": 122506926, "SE_ANNO_CAD_DATA": null}}, {"type": "Feature", "id": "WHSE_WATER_MANAGEMENT.GW_WATER_WELLS_WRBC_SVW.fid-29e471e6_19f63eee063_21f6", "geometry": {"type": "Point", "coordinates": [-120.888422, 56.276903]}, "geometry_name": "GEOMETRY", "properties": {"GW_WW_SYSID": 234, "WELL_TAG_NUMBER": 235, "IDENTIFICATION_PLATE_NUMBER": null, "STREET_ADDRESS": "MOUNTAIN VIEW SUBDIVISION", "CITY": "FORT ST JOHN", "LEGAL_LOT": "B", "LEGAL_PLAN": "26254", "LEGAL_DISTRICT_LOT": " ", "LEGAL_PID": null, "WELL_LOCATION_DESCRIPTION": " ", "COORDINATE_ACQUISITION_CODE": "C", "WELL_STATUS": "New", "WELL_CLASS": "Unknown", "WELL_SUBCLASS": null, "INTENDED_WATER_USE": "Unknown Well Use", "WELL_DETAILS_URL": "https://apps.nrs.gov.bc.ca/gwells/well/235", "LICENCE_STATUS": "Unlicensed", "AQUIFER_ID": null, "PERSON_RESPONSIBLE": " ", "COMPANY_OF_PERSON_RESPONSIBLE": "Bob's Water Drilling", "FINISHED_WELL_DEPTH": 210, "TOTAL_DEPTH_DRILLED": null, "BEDROCK_DEPTH": null, "YIELD": null, "YIELD_ESTIMATION_DURATION": null, "ARTESIAN_COND": "N", "ARTESIAN_FLOW": null, "ARTESIAN_PRESSURE": null, "STATIC_WATER_LEVEL": null, "DIAMETER": null, "FINAL_CASING_STICK_UP": null, "GROUND_ELEVATION": null, "GROUND_ELEVATION_METHOD": "UNKNOWN", "SURFACE_SEAL_DEPTH": null, "SURFACE_SEAL_THICKNESS": null, "SURFACE_SEAL_METHOD": null, "SCREEN_INTAKE_METHOD": null, "WATER_SUPPLY_SYSTEM_NAME": null, "WATER_SUPPLY_SYSTEM_WELL_NAME": null, "CONSTRUCTION_START_DATE": null, "CONSTRUCTION_END_DATE": null, "ALTERATION_START_DATE": null, "ALTERATION_END_DATE": null, "DECOMMISSION_START_DATE": null, "DECOMMISSION_END_DATE": null, "DECOMMISSION_REASON": null, "OBSERVATION_WELL_NUMBER": null, "OBSERVATION_WELL_STATUS": null, "EMS_ID": null, "AQUIFER_MATERIAL": "Unconsolidated", "OBJECTID": 122459120, "SE_ANNO_CAD_DATA": null}}, {"type": "Feature", "id": "WHSE_WATER_MANAGEMENT.GW_WATER_WELLS_WRBC_SVW.fid-29e471e6_19f63eee063_21f7", "geometry": {"type": "Point", "coordinates": [-120.896208, 56.277485]}, "geometry_name": "GEOMETRY", "properties": {"GW_WW_SYSID": 45808, "WELL_TAG_NUMBER": 45910, "IDENTIFICATION_PLATE_NUMBER": null, "STREET_ADDRESS": "MOUNTAIN VIEW SUBD", "CITY": " ", "LEGAL_LOT": "7", "LEGAL_PLAN": "23477", "LEGAL_DISTRICT_LOT": " ", "LEGAL_PID": null, "WELL_LOCATION_DESCRIPTION": " ", "COORDINATE_ACQUISITION_CODE": "C", "WELL_STATUS": "New", "WELL_CLASS": "Unknown", "WELL_SUBCLASS": null, "INTENDED_WATER_USE": "Unknown Well Use", "WELL_DETAILS_URL": "https://apps.nrs.gov.bc.ca/gwells/well/45910", "LICENCE_STATUS": "Unlicensed", "AQUIFER_ID": 1271, "PERSON_RESPONSIBLE": " ", "COMPANY_OF_PERSON_RESPONSIBLE": "I . & M.  Drilling", "FINISHED_WELL_DEPTH": 312, "TOTAL_DEPTH_DRILLED": null, "BEDROCK_DEPTH": 220, "YIELD": 0.5, "YIELD_ESTIMATION_DURATION": null, "ARTESIAN_COND": "N", "ARTESIAN_FLOW": null, "ARTESIAN_PRESSURE": null, "STATIC_WATER_LEVEL": null, "DIAMETER": null, "FINAL_CASING_STICK_UP": null, "GROUND_ELEVATION": null, "GROUND_ELEVATION_METHOD": "UNKNOWN", "SURFACE_SEAL_DEPTH": null, "SURFACE_SEAL_THICKNESS": null, "SURFACE_SEAL_METHOD": null, "SCREEN_INTAKE_METHOD": null, "WATER_SUPPLY_SYSTEM_NAME": null, "WATER_SUPPLY_SYSTEM_WELL_NAME": null, "CONSTRUCTION_START_DATE": "1980-08-26Z", "CONSTRUCTION_END_DATE": "1980-08-26Z", "ALTERATION_START_DATE": null, "ALTERATION_END_DATE": null, "DECOMMISSION_START_DATE": null, "DECOMMISSION_END_DATE": null, "DECOMMISSION_REASON": null, "OBSERVATION_WELL_NUMBER": null, "OBSERVATION_WELL_STATUS": null, "EMS_ID": null, "AQUIFER_MATERIAL": "Unconsolidated", "OBJECTID": 122507158, "SE_ANNO_CAD_DATA": null}}, {"type": "Feature", "id": "WHSE_WATER_MANAGEMENT.GW_WATER_WELLS_WRBC_SVW.fid-29e471e6_19f63eee063_21f8", "geometry": {"type": "Point", "coordinates": [-120.876457, 56.298959]}, "geometry_name": "GEOMETRY", "properties": {"GW_WW_SYSID": 89680, "WELL_TAG_NUMBER": 93574, "IDENTIFICATION_PLATE_NUMBER": null, "STREET_ADDRESS": "267A 13320 ROAD", "CITY": " ", "LEGAL_LOT": " ", "LEGAL_PLAN": " ", "LEGAL_DISTRICT_LOT": " ", "LEGAL_PID": null, "WELL_LOCATION_DESCRIPTION": "NOT PROVIDED", "COORDINATE_ACQUISITION_CODE": "A", "WELL_STATUS": "New", "WELL_CLASS": "Water Supply", "WELL_SUBCLASS": "Not Applicable", "INTENDED_WATER_USE": "Private Domestic", "WELL_DETAILS_URL": "https://apps.nrs.gov.bc.ca/gwells/well/93574", "LICENCE_STATUS": "Unlicensed", "AQUIFER_ID": 1270, "PERSON_RESPONSIBLE": " ", "COMPANY_OF_PERSON_RESPONSIBLE": "Jacob's Water Wells", "FINISHED_WELL_DEPTH": 300, "TOTAL_DEPTH_DRILLED": 300, "BEDROCK_DEPTH": null, "YIELD": null, "YIELD_ESTIMATION_DURATION": null, "ARTESIAN_COND": "N", "ARTESIAN_FLOW": null, "ARTESIAN_PRESSURE": null, "STATIC_WATER_LEVEL": null, "DIAMETER": null, "FINAL_CASING_STICK_UP": null, "GROUND_ELEVATION": null, "GROUND_ELEVATION_METHOD": "UNKNOWN", "SURFACE_SEAL_DEPTH": null, "SURFACE_SEAL_THICKNESS": null, "SURFACE_SEAL_METHOD": null, "SCREEN_INTAKE_METHOD": null, "WATER_SUPPLY_SYSTEM_NAME": null, "WATER_SUPPLY_SYSTEM_WELL_NAME": null, "CONSTRUCTION_START_DATE": "2005-09-15Z", "CONSTRUCTION_END_DATE": "2005-09-15Z", "ALTERATION_START_DATE": null, "ALTERATION_END_DATE": null, "DECOMMISSION_START_DATE": null, "DECOMMISSION_END_DATE": null, "DECOMMISSION_REASON": null, "OBSERVATION_WELL_NUMBER": null, "OBSERVATION_WELL_STATUS": null, "EMS_ID": null, "AQUIFER_MATERIAL": "Unknown", "OBJECTID": 122551030, "SE_ANNO_CAD_DATA": null}}, {"type": "Feature", "id": "WHSE_WATER_MANAGEMENT.GW_WATER_WELLS_WRBC_SVW.fid-29e471e6_19f63eee063_21f9", "geometry": {"type": "Point", "coordinates": [-120.890947, 56.302631]}, "geometry_name": "GEOMETRY", "properties": {"GW_WW_SYSID": 25150, "WELL_TAG_NUMBER": 25196, "IDENTIFICATION_PLATE_NUMBER": null, "STREET_ADDRESS": " ", "CITY": "FORT ST JOHN", "LEGAL_LOT": " ", "LEGAL_PLAN": " ", "LEGAL_DISTRICT_LOT": " ", "LEGAL_PID": null, "WELL_LOCATION_DESCRIPTION": " ", "COORDINATE_ACQUISITION_CODE": "E", "WELL_STATUS": "New", "WELL_CLASS": "Water Supply", "WELL_SUBCLASS": null, "INTENDED_WATER_USE": "Private Domestic", "WELL_DETAILS_URL": "https://apps.nrs.gov.bc.ca/gwells/well/25196", "LICENCE_STATUS": "Unlicensed", "AQUIFER_ID": 1270, "PERSON_RESPONSIBLE": " ", "COMPANY_OF_PERSON_RESPONSIBLE": "Bob's Water Drilling", "FINISHED_WELL_DEPTH": 264, "TOTAL_DEPTH_DRILLED": null, "BEDROCK_DEPTH": null, "YIELD": 0.2, "YIELD_ESTIMATION_DURATION": null, "ARTESIAN_COND": "N", "ARTESIAN_FLOW": null, "ARTESIAN_PRESSURE": null, "STATIC_WATER_LEVEL": 160, "DIAMETER": null, "FINAL_CASING_STICK_UP": null, "GROUND_ELEVATION": null, "GROUND_ELEVATION_METHOD": "UNKNOWN", "SURFACE_SEAL_DEPTH": null, "SURFACE_SEAL_THICKNESS": null, "SURFACE_SEAL_METHOD": null, "SCREEN_INTAKE_METHOD": null, "WATER_SUPPLY_SYSTEM_NAME": null, "WATER_SUPPLY_SYSTEM_WELL_NAME": null, "CONSTRUCTION_START_DATE": "1971-08-01Z", "CONSTRUCTION_END_DATE": "1971-08-01Z", "ALTERATION_START_DATE": null, "ALTERATION_END_DATE": null, "DECOMMISSION_START_DATE": null, "DECOMMISSION_END_DATE": null, "DECOMMISSION_REASON": null, "OBSERVATION_WELL_NUMBER": null, "OBSERVATION_WELL_STATUS": null, "EMS_ID": null, "AQUIFER_MATERIAL": "Unconsolidated", "OBJECTID": 122486500, "SE_ANNO_CAD_DATA": null}}, {"type": "Feature", "id": "WHSE_WATER_MANAGEMENT.GW_WATER_WELLS_WRBC_SVW.fid-29e471e6_19f63eee063_21fa", "geometry": {"type": "Point", "coordinates": [-120.870855, 56.307841]}, "geometry_name": "GEOMETRY", "properties": {"GW_WW_SYSID": 22094, "WELL_TAG_NUMBER": 22135, "IDENTIFICATION_PLATE_NUMBER": null, "STREET_ADDRESS": " ", "CITY": " ", "LEGAL_LOT": " ", "LEGAL_PLAN": " ", "LEGAL_DISTRICT_LOT": " ", "LEGAL_PID": null, "WELL_LOCATION_DESCRIPTION": " ", "COORDINATE_ACQUISITION_CODE": "E", "WELL_STATUS": "New", "WELL_CLASS": "Water Supply", "WELL_SUBCLASS": null, "INTENDED_WATER_USE": "Private Domestic", "WELL_DETAILS_URL": "https://apps.nrs.gov.bc.ca/gwells/well/22135", "LICENCE_STATUS": "Unlicensed", "AQUIFER_ID": 1270, "PERSON_RESPONSIBLE": " ", "COMPANY_OF_PERSON_RESPONSIBLE": "Cliff Baker Drilling", "FINISHED_WELL_DEPTH": 235, "TOTAL_DEPTH_DRILLED": null, "BEDROCK_DEPTH": 190, "YIELD": 3.5, "YIELD_ESTIMATION_DURATION": null, "ARTESIAN_COND": "N", "ARTESIAN_FLOW": null, "ARTESIAN_PRESSURE": null, "STATIC_WATER_LEVEL": 200, "DIAMETER": null, "FINAL_CASING_STICK_UP": null, "GROUND_ELEVATION": null, "GROUND_ELEVATION_METHOD": "UNKNOWN", "SURFACE_SEAL_DEPTH": null, "SURFACE_SEAL_THICKNESS": null, "SURFACE_SEAL_METHOD": null, "SCREEN_INTAKE_METHOD": null, "WATER_SUPPLY_SYSTEM_NAME": null, "WATER_SUPPLY_SYSTEM_WELL_NAME": null, "CONSTRUCTION_START_DATE": "1969-01-01Z", "CONSTRUCTION_END_DATE": "1969-01-01Z", "ALTERATION_START_DATE": null, "ALTERATION_END_DATE": null, "DECOMMISSION_START_DATE": null, "DECOMMISSION_END_DATE": null, "DECOMMISSION_REASON": null, "OBSERVATION_WELL_NUMBER": null, "OBSERVATION_WELL_STATUS": null, "EMS_ID": null, "AQUIFER_MATERIAL": "Bedrock", "OBJECTID": 122483444, "SE_ANNO_CAD_DATA": null}}, {"type": "Feature", "id": "WHSE_WATER_MANAGEMENT.GW_WATER_WELLS_WRBC_SVW.fid-29e471e6_19f63eee063_21fb", "geometry": {"type": "Point", "coordinates": [-120.87665, 56.31034]}, "geometry_name": "GEOMETRY", "properties": {"GW_WW_SYSID": 89688, "WELL_TAG_NUMBER": 93582, "IDENTIFICATION_PLATE_NUMBER": null, "STREET_ADDRESS": "911-13493 MONTNEY SOUTH ROAD", "CITY": "FORT ST JOHN", "LEGAL_LOT": " ", "LEGAL_PLAN": " ", "LEGAL_DISTRICT_LOT": " ", "LEGAL_PID": 14781093, "WELL_LOCATION_DESCRIPTION": " ", "COORDINATE_ACQUISITION_CODE": "J", "WELL_STATUS": "New", "WELL_CLASS": "Water Supply", "WELL_SUBCLASS": "Not Applicable", "INTENDED_WATER_USE": "Private Domestic", "WELL_DETAILS_URL": "https://apps.nrs.gov.bc.ca/gwells/well/93582", "LICENCE_STATUS": "Unlicensed", "AQUIFER_ID": null, "PERSON_RESPONSIBLE": " ", "COMPANY_OF_PERSON_RESPONSIBLE": "Jacob's Water Wells", "FINISHED_WELL_DEPTH": 230, "TOTAL_DEPTH_DRILLED": 230, "BEDROCK_DEPTH": null, "YIELD": null, "YIELD_ESTIMATION_DURATION": null, "ARTESIAN_COND": "N", "ARTESIAN_FLOW": null, "ARTESIAN_PRESSURE": null, "STATIC_WATER_LEVEL": null, "DIAMETER": null, "FINAL_CASING_STICK_UP": null, "GROUND_ELEVATION": null, "GROUND_ELEVATION_METHOD": "UNKNOWN", "SURFACE_SEAL_DEPTH": null, "SURFACE_SEAL_THICKNESS": null, "SURFACE_SEAL_METHOD": null, "SCREEN_INTAKE_METHOD": null, "WATER_SUPPLY_SYSTEM_NAME": null, "WATER_SUPPLY_SYSTEM_WELL_NAME": null, "CONSTRUCTION_START_DATE": "2005-08-22Z", "CONSTRUCTION_END_DATE": "2005-08-22Z", "ALTERATION_START_DATE": null, "ALTERATION_END_DATE": null, "DECOMMISSION_START_DATE": null, "DECOMMISSION_END_DATE": null, "DECOMMISSION_REASON": null, "OBSERVATION_WELL_NUMBER": null, "OBSERVATION_WELL_STATUS": null, "EMS_ID": null, "AQUIFER_MATERIAL": "Unconsolidated", "OBJECTID": 122551038, "SE_ANNO_CAD_DATA": null}}, {"type": "Feature", "id": "WHSE_WATER_MANAGEMENT.GW_WATER_WELLS_WRBC_SVW.fid-29e471e6_19f63eee063_21fc", "geometry": {"type": "Point", "coordinates": [-120.871936, 56.313988]}, "geometry_name": "GEOMETRY", "properties": {"GW_WW_SYSID": 49675, "WELL_TAG_NUMBER": 49790, "IDENTIFICATION_PLATE_NUMBER": null, "STREET_ADDRESS": " ", "CITY": "FORT ST JOHN", "LEGAL_LOT": " ", "LEGAL_PLAN": " ", "LEGAL_DISTRICT_LOT": " ", "LEGAL_PID": null, "WELL_LOCATION_DESCRIPTION": " ", "COORDINATE_ACQUISITION_CODE": "E", "WELL_STATUS": "New", "WELL_CLASS": "Unknown", "WELL_SUBCLASS": null, "INTENDED_WATER_USE": "Unknown Well Use", "WELL_DETAILS_URL": "https://apps.nrs.gov.bc.ca/gwells/well/49790", "LICENCE_STATUS": "Unlicensed", "AQUIFER_ID": 1270, "PERSON_RESPONSIBLE": " ", "COMPANY_OF_PERSON_RESPONSIBLE": "Bob's Water Drilling", "FINISHED_WELL_DEPTH": 167, "TOTAL_DEPTH_DRILLED": null, "BEDROCK_DEPTH": 132, "YIELD": 0, "YIELD_ESTIMATION_DURATION": null, "ARTESIAN_COND": "N", "ARTESIAN_FLOW": null, "ARTESIAN_PRESSURE": null, "STATIC_WATER_LEVEL": null, "DIAMETER": null, "FINAL_CASING_STICK_UP": null, "GROUND_ELEVATION": null, "GROUND_ELEVATION_METHOD": "UNKNOWN", "SURFACE_SEAL_DEPTH": null, "SURFACE_SEAL_THICKNESS": null, "SURFACE_SEAL_METHOD": null, "SCREEN_INTAKE_METHOD": null, "WATER_SUPPLY_SYSTEM_NAME": null, "WATER_SUPPLY_SYSTEM_WELL_NAME": null, "CONSTRUCTION_START_DATE": "1982-01-01Z", "CONSTRUCTION_END_DATE": null, "ALTERATION_START_DATE": null, "ALTERATION_END_DATE": null, "DECOMMISSION_START_DATE": null, "DECOMMISSION_END_DATE": null, "DECOMMISSION_REASON": null, "OBSERVATION_WELL_NUMBER": null, "OBSERVATION_WELL_STATUS": null, "EMS_ID": null, "AQUIFER_MATERIAL": "Unconsolidated", "OBJECTID": 122511025, "SE_ANNO_CAD_DATA": null}}, {"type": "Feature", "id": "WHSE_WATER_MANAGEMENT.GW_WATER_WELLS_WRBC_SVW.fid-29e471e6_19f63eee063_21fd", "geometry": {"type": "Point", "coordinates": [-120.870836, 56.32301]}, "geometry_name": "GEOMETRY", "properties": {"GW_WW_SYSID": 44760, "WELL_TAG_NUMBER": 44859, "IDENTIFICATION_PLATE_NUMBER": null, "STREET_ADDRESS": null, "CITY": "FORT ST JOHN", "LEGAL_LOT": null, "LEGAL_PLAN": null, "LEGAL_DISTRICT_LOT": null, "LEGAL_PID": null, "WELL_LOCATION_DESCRIPTION": null, "COORDINATE_ACQUISITION_CODE": "E", "WELL_STATUS": "New", "WELL_CLASS": "Unknown", "WELL_SUBCLASS": null, "INTENDED_WATER_USE": "Not Applicable", "WELL_DETAILS_URL": "https://apps.nrs.gov.bc.ca/gwells/well/44859", "LICENCE_STATUS": "Unlicensed", "AQUIFER_ID": 451, "PERSON_RESPONSIBLE": " ", "COMPANY_OF_PERSON_RESPONSIBLE": "I . & M.  Drilling", "FINISHED_WELL_DEPTH": 312, "TOTAL_DEPTH_DRILLED": null, "BEDROCK_DEPTH": null, "YIELD": null, "YIELD_ESTIMATION_DURATION": null, "ARTESIAN_COND": "N", "ARTESIAN_FLOW": null, "ARTESIAN_PRESSURE": null, "STATIC_WATER_LEVEL": null, "DIAMETER": null, "FINAL_CASING_STICK_UP": null, "GROUND_ELEVATION": null, "GROUND_ELEVATION_METHOD": "UNKNOWN", "SURFACE_SEAL_DEPTH": null, "SURFACE_SEAL_THICKNESS": null, "SURFACE_SEAL_METHOD": null, "SCREEN_INTAKE_METHOD": null, "WATER_SUPPLY_SYSTEM_NAME": null, "WATER_SUPPLY_SYSTEM_WELL_NAME": null, "CONSTRUCTION_START_DATE": "1980-04-23Z", "CONSTRUCTION_END_DATE": "1980-04-23Z", "ALTERATION_START_DATE": null, "ALTERATION_END_DATE": null, "DECOMMISSION_START_DATE": null, "DECOMMISSION_END_DATE": null, "DECOMMISSION_REASON": null, "OBSERVATION_WELL_NUMBER": null, "OBSERVATION_WELL_STATUS": null, "EMS_ID": null, "AQUIFER_MATERIAL": "Unconsolidated", "OBJECTID": 122506110, "SE_ANNO_CAD_DATA": null}}, {"type": "Feature", "id": "WHSE_WATER_MANAGEMENT.GW_WATER_WELLS_WRBC_SVW.fid-29e471e6_19f63eee063_21fe", "geometry": {"type": "Point", "coordinates": [-120.946785, 56.275998]}, "geometry_name": "GEOMETRY", "properties": {"GW_WW_SYSID": 25017, "WELL_TAG_NUMBER": 25062, "IDENTIFICATION_PLATE_NUMBER": null, "STREET_ADDRESS": " ", "CITY": " ", "LEGAL_LOT": "1", "LEGAL_PLAN": "16993", "LEGAL_DISTRICT_LOT": " ", "LEGAL_PID": null, "WELL_LOCATION_DESCRIPTION": " ", "COORDINATE_ACQUISITION_CODE": "A", "WELL_STATUS": "New", "WELL_CLASS": "Water Supply", "WELL_SUBCLASS": null, "INTENDED_WATER_USE": "Private Domestic", "WELL_DETAILS_URL": "https://apps.nrs.gov.bc.ca/gwells/well/25062", "LICENCE_STATUS": "Unlicensed", "AQUIFER_ID": 1271, "PERSON_RESPONSIBLE": " ", "COMPANY_OF_PERSON_RESPONSIBLE": "Bob's Water Drilling", "FINISHED_WELL_DEPTH": 56, "TOTAL_DEPTH_DRILLED": null, "BEDROCK_DEPTH": null, "YIELD": 8, "YIELD_ESTIMATION_DURATION": null, "ARTESIAN_COND": "N", "ARTESIAN_FLOW": null, "ARTESIAN_PRESSURE": null, "STATIC_WATER_LEVEL": 40, "DIAMETER": null, "FINAL_CASING_STICK_UP": null, "GROUND_ELEVATION": null, "GROUND_ELEVATION_METHOD": "UNKNOWN", "SURFACE_SEAL_DEPTH": null, "SURFACE_SEAL_THICKNESS": null, "SURFACE_SEAL_METHOD": null, "SCREEN_INTAKE_METHOD": null, "WATER_SUPPLY_SYSTEM_NAME": null, "WATER_SUPPLY_SYSTEM_WELL_NAME": null, "CONSTRUCTION_START_DATE": "1971-07-01Z", "CONSTRUCTION_END_DATE": "1971-07-01Z", "ALTERATION_START_DATE": null, "ALTERATION_END_DATE": null, "DECOMMISSION_START_DATE": null, "DECOMMISSION_END_DATE": null, "DECOMMISSION_REASON": null, "OBSERVATION_WELL_NUMBER": null, "OBSERVATION_WELL_STATUS": null, "EMS_ID": null, "AQUIFER_MATERIAL": "Unconsolidated", "OBJECTID": 122486367, "SE_ANNO_CAD_DATA": null}}, {"type": "Feature", "id": "WHSE_WATER_MANAGEMENT.GW_WATER_WELLS_WRBC_SVW.fid-29e471e6_19f63eee063_21ff", "geometry": {"type": "Point", "coordinates": [-120.946832, 56.275118]}, "geometry_name": "GEOMETRY", "properties": {"GW_WW_SYSID": 100232, "WELL_TAG_NUMBER": 104401, "IDENTIFICATION_PLATE_NUMBER": null, "STREET_ADDRESS": "SUNNY SIDE DRIVE", "CITY": "CHARLIE LAKE", "LEGAL_LOT": "1", "LEGAL_PLAN": "18213", "LEGAL_DISTRICT_LOT": " ", "LEGAL_PID": 11146681, "WELL_LOCATION_DESCRIPTION": "NOT PROVIDED", "COORDINATE_ACQUISITION_CODE": "J", "WELL_STATUS": "Alteration", "WELL_CLASS": "Water Supply", "WELL_SUBCLASS": "Not Applicable", "INTENDED_WATER_USE": "Private Domestic", "WELL_DETAILS_URL": "https://apps.nrs.gov.bc.ca/gwells/well/104401", "LICENCE_STATUS": "Unlicensed", "AQUIFER_ID": null, "PERSON_RESPONSIBLE": " ", "COMPANY_OF_PERSON_RESPONSIBLE": "Anderson Water Wells", "FINISHED_WELL_DEPTH": 39, "TOTAL_DEPTH_DRILLED": 49, "BEDROCK_DEPTH": null, "YIELD": null, "YIELD_ESTIMATION_DURATION": null, "ARTESIAN_COND": "N", "ARTESIAN_FLOW": null, "ARTESIAN_PRESSURE": null, "STATIC_WATER_LEVEL": null, "DIAMETER": 4.5, "FINAL_CASING_STICK_UP": null, "GROUND_ELEVATION": null, "GROUND_ELEVATION_METHOD": "UNKNOWN", "SURFACE_SEAL_DEPTH": null, "SURFACE_SEAL_THICKNESS": null, "SURFACE_SEAL_METHOD": null, "SCREEN_INTAKE_METHOD": null, "WATER_SUPPLY_SYSTEM_NAME": null, "WATER_SUPPLY_SYSTEM_WELL_NAME": null, "CONSTRUCTION_START_DATE": null, "CONSTRUCTION_END_DATE": null, "ALTERATION_START_DATE": "1989-10-16Z", "ALTERATION_END_DATE": "1989-10-16Z", "DECOMMISSION_START_DATE": null, "DECOMMISSION_END_DATE": null, "DECOMMISSION_REASON": null, "OBSERVATION_WELL_NUMBER": null, "OBSERVATION_WELL_STATUS": null, "EMS_ID": null, "AQUIFER_MATERIAL": "Unknown", "OBJECTID": 122561582, "SE_ANNO_CAD_DATA": null}}, {"type": "Feature", "id": "WHSE_WATER_MANAGEMENT.GW_WATER_WELLS_WRBC_SVW.fid-29e471e6_19f63eee063_2200", "geometry": {"type": "Point", "coordinates": [-120.946348, 56.274508]}, "geometry_name": "GEOMETRY", "properties": {"GW_WW_SYSID": 28337, "WELL_TAG_NUMBER": 28394, "IDENTIFICATION_PLATE_NUMBER": null, "STREET_ADDRESS": " ", "CITY": "CHARLIE LAKE", "LEGAL_LOT": "2", "LEGAL_PLAN": "18213", "LEGAL_DISTRICT_LOT": " ", "LEGAL_PID": null, "WELL_LOCATION_DESCRIPTION": " ", "COORDINATE_ACQUISITION_CODE": "A", "WELL_STATUS": "New", "WELL_CLASS": "Unknown", "WELL_SUBCLASS": null, "INTENDED_WATER_USE": "Unknown Well Use", "WELL_DETAILS_URL": "https://apps.nrs.gov.bc.ca/gwells/well/28394", "LICENCE_STATUS": "Unlicensed", "AQUIFER_ID": 444, "PERSON_RESPONSIBLE": " ", "COMPANY_OF_PERSON_RESPONSIBLE": "Bob's Water Drilling", "FINISHED_WELL_DEPTH": 36, "TOTAL_DEPTH_DRILLED": null, "BEDROCK_DEPTH": null, "YIELD": 5, "YIELD_ESTIMATION_DURATION": null, "ARTESIAN_COND": "N", "ARTESIAN_FLOW": null, "ARTESIAN_PRESSURE": null, "STATIC_WATER_LEVEL": 30, "DIAMETER": null, "FINAL_CASING_STICK_UP": null, "GROUND_ELEVATION": null, "GROUND_ELEVATION_METHOD": "UNKNOWN", "SURFACE_SEAL_DEPTH": null, "SURFACE_SEAL_THICKNESS": null, "SURFACE_SEAL_METHOD": null, "SCREEN_INTAKE_METHOD": null, "WATER_SUPPLY_SYSTEM_NAME": null, "WATER_SUPPLY_SYSTEM_WELL_NAME": null, "CONSTRUCTION_START_DATE": "1973-07-01Z", "CONSTRUCTION_END_DATE": "1973-07-01Z", "ALTERATION_START_DATE": null, "ALTERATION_END_DATE": null, "DECOMMISSION_START_DATE": null, "DECOMMISSION_END_DATE": null, "DECOMMISSION_REASON": null, "OBSERVATION_WELL_NUMBER": null, "OBSERVATION_WELL_STATUS": null, "EMS_ID": null, "AQUIFER_MATERIAL": "Unconsolidated", "OBJECTID": 122489687, "SE_ANNO_CAD_DATA": null}}, {"type": "Feature", "id": "WHSE_WATER_MANAGEMENT.GW_WATER_WELLS_WRBC_SVW.fid-29e471e6_19f63eee063_2201", "geometry": {"type": "Point", "coordinates": [-120.9428, 56.2922]}, "geometry_name": "GEOMETRY", "properties": {"GW_WW_SYSID": 126582, "WELL_TAG_NUMBER": 131890, "IDENTIFICATION_PLATE_NUMBER": 45537, "STREET_ADDRESS": "12624 Rainbow Ave", "CITY": "Charlie Lake", "LEGAL_LOT": null, "LEGAL_PLAN": null, "LEGAL_DISTRICT_LOT": null, "LEGAL_PID": 29754208, "WELL_LOCATION_DESCRIPTION": null, "COORDINATE_ACQUISITION_CODE": "H", "WELL_STATUS": "New", "WELL_CLASS": "Water Supply", "WELL_SUBCLASS": "Not Applicable", "INTENDED_WATER_USE": "Private Domestic", "WELL_DETAILS_URL": "https://apps.nrs.gov.bc.ca/gwells/well/131890", "LICENCE_STATUS": "Unlicensed", "AQUIFER_ID": null, "PERSON_RESPONSIBLE": "Bruce Haynes", "COMPANY_OF_PERSON_RESPONSIBLE": "Anderson Water Services Ltd.", "FINISHED_WELL_DEPTH": 253, "TOTAL_DEPTH_DRILLED": 253, "BEDROCK_DEPTH": 36, "YIELD": 5, "YIELD_ESTIMATION_DURATION": 1, "ARTESIAN_COND": "N", "ARTESIAN_FLOW": null, "ARTESIAN_PRESSURE": null, "STATIC_WATER_LEVEL": 141, "DIAMETER": 6.63, "FINAL_CASING_STICK_UP": 30, "GROUND_ELEVATION": 2398, "GROUND_ELEVATION_METHOD": "GPS", "SURFACE_SEAL_DEPTH": 30, "SURFACE_SEAL_THICKNESS": 1, "SURFACE_SEAL_METHOD": null, "SCREEN_INTAKE_METHOD": null, "WATER_SUPPLY_SYSTEM_NAME": null, "WATER_SUPPLY_SYSTEM_WELL_NAME": null, "CONSTRUCTION_START_DATE": "2024-08-12Z", "CONSTRUCTION_END_DATE": "2024-08-13Z", "ALTERATION_START_DATE": null, "ALTERATION_END_DATE": null, "DECOMMISSION_START_DATE": null, "DECOMMISSION_END_DATE": null, "DECOMMISSION_REASON": null, "OBSERVATION_WELL_NUMBER": null, "OBSERVATION_WELL_STATUS": null, "EMS_ID": null, "AQUIFER_MATERIAL": null, "OBJECTID": 122587932, "SE_ANNO_CAD_DATA": null}}, {"type": "Feature", "id": "WHSE_WATER_MANAGEMENT.GW_WATER_WELLS_WRBC_SVW.fid-29e471e6_19f63eee063_2202", "geometry": {"type": "Point", "coordinates": [-120.94437, 56.27554]}, "geometry_name": "GEOMETRY", "properties": {"GW_WW_SYSID": 115690, "WELL_TAG_NUMBER": 120581, "IDENTIFICATION_PLATE_NUMBER": null, "STREET_ADDRESS": "12564 SUNNYSIDE DRIVE", "CITY": "CHARLIE LAKE", "LEGAL_LOT": "3", "LEGAL_PLAN": "23280", "LEGAL_DISTRICT_LOT": null, "LEGAL_PID": 8570353, "WELL_LOCATION_DESCRIPTION": "IN BACKYARD, BEHIND HOUSE; L 3 SEC 16 TP 84 R 19 W6M PEACE RIVER PL 23280", "COORDINATE_ACQUISITION_CODE": "A", "WELL_STATUS": "New", "WELL_CLASS": "Water Supply", "WELL_SUBCLASS": "Not Applicable", "INTENDED_WATER_USE": "Private Domestic", "WELL_DETAILS_URL": "https://apps.nrs.gov.bc.ca/gwells/well/120581", "LICENCE_STATUS": "Unlicensed", "AQUIFER_ID": null, "PERSON_RESPONSIBLE": " ", "COMPANY_OF_PERSON_RESPONSIBLE": null, "FINISHED_WELL_DEPTH": null, "TOTAL_DEPTH_DRILLED": null, "BEDROCK_DEPTH": null, "YIELD": null, "YIELD_ESTIMATION_DURATION": null, "ARTESIAN_COND": "N", "ARTESIAN_FLOW": null, "ARTESIAN_PRESSURE": null, "STATIC_WATER_LEVEL": null, "DIAMETER": null, "FINAL_CASING_STICK_UP": null, "GROUND_ELEVATION": null, "GROUND_ELEVATION_METHOD": null, "SURFACE_SEAL_DEPTH": null, "SURFACE_SEAL_THICKNESS": null, "SURFACE_SEAL_METHOD": null, "SCREEN_INTAKE_METHOD": null, "WATER_SUPPLY_SYSTEM_NAME": null, "WATER_SUPPLY_SYSTEM_WELL_NAME": null, "CONSTRUCTION_START_DATE": null, "CONSTRUCTION_END_DATE": null, "ALTERATION_START_DATE": null, "ALTERATION_END_DATE": null, "DECOMMISSION_START_DATE": null, "DECOMMISSION_END_DATE": null, "DECOMMISSION_REASON": null, "OBSERVATION_WELL_NUMBER": null, "OBSERVATION_WELL_STATUS": null, "EMS_ID": null, "AQUIFER_MATERIAL": null, "OBJECTID": 122577040, "SE_ANNO_CAD_DATA": null}}, {"type": "Feature", "id": "WHSE_WATER_MANAGEMENT.GW_WATER_WELLS_WRBC_SVW.fid-29e471e6_19f63eee063_2203", "geometry": {"type": "Point", "coordinates": [-120.941267, 56.289067]}, "geometry_name": "GEOMETRY", "properties": {"GW_WW_SYSID": 105460, "WELL_TAG_NUMBER": 109883, "IDENTIFICATION_PLATE_NUMBER": 22076, "STREET_ADDRESS": "13189 SUNNYSIDE DRIVE", "CITY": "CHARLIE LAKE", "LEGAL_LOT": " ", "LEGAL_PLAN": " ", "LEGAL_DISTRICT_LOT": " ", "LEGAL_PID": null, "WELL_LOCATION_DESCRIPTION": "WELL DESCRIPTION NOT PROVIDED", "COORDINATE_ACQUISITION_CODE": "H", "WELL_STATUS": "New", "WELL_CLASS": "Water Supply", "WELL_SUBCLASS": "Not Applicable", "INTENDED_WATER_USE": "Private Domestic", "WELL_DETAILS_URL": "https://apps.nrs.gov.bc.ca/gwells/well/109883", "LICENCE_STATUS": "Unlicensed", "AQUIFER_ID": 1271, "PERSON_RESPONSIBLE": " ", "COMPANY_OF_PERSON_RESPONSIBLE": "Jacob's Water Wells", "FINISHED_WELL_DEPTH": 225, "TOTAL_DEPTH_DRILLED": 225, "BEDROCK_DEPTH": 147, "YIELD": 8, "YIELD_ESTIMATION_DURATION": 0.5, "ARTESIAN_COND": "N", "ARTESIAN_FLOW": null, "ARTESIAN_PRESSURE": null, "STATIC_WATER_LEVEL": 177.3, "DIAMETER": 6, "FINAL_CASING_STICK_UP": 24, "GROUND_ELEVATION": 2435, "GROUND_ELEVATION_METHOD": "GPS", "SURFACE_SEAL_DEPTH": 42, "SURFACE_SEAL_THICKNESS": 1, "SURFACE_SEAL_METHOD": "POURED", "SCREEN_INTAKE_METHOD": "SCREEN", "WATER_SUPPLY_SYSTEM_NAME": null, "WATER_SUPPLY_SYSTEM_WELL_NAME": null, "CONSTRUCTION_START_DATE": "2014-07-01Z", "CONSTRUCTION_END_DATE": "2014-07-08Z", "ALTERATION_START_DATE": null, "ALTERATION_END_DATE": null, "DECOMMISSION_START_DATE": null, "DECOMMISSION_END_DATE": null, "DECOMMISSION_REASON": null, "OBSERVATION_WELL_NUMBER": null, "OBSERVATION_WELL_STATUS": null, "EMS_ID": null, "AQUIFER_MATERIAL": "Unknown", "OBJECTID": 122566810, "SE_ANNO_CAD_DATA": null}}, {"type": "Feature", "id": "WHSE_WATER_MANAGEMENT.GW_WATER_WELLS_WRBC_SVW.fid-29e471e6_19f63eee063_2204", "geometry": {"type": "Point", "coordinates": [-120.941131, 56.289834]}, "geometry_name": "GEOMETRY", "properties": {"GW_WW_SYSID": 26480, "WELL_TAG_NUMBER": 26529, "IDENTIFICATION_PLATE_NUMBER": null, "STREET_ADDRESS": "CHARLEY LAKE ROAD", "CITY": " ", "LEGAL_LOT": " ", "LEGAL_PLAN": " ", "LEGAL_DISTRICT_LOT": " ", "LEGAL_PID": null, "WELL_LOCATION_DESCRIPTION": " ", "COORDINATE_ACQUISITION_CODE": "B", "WELL_STATUS": "New", "WELL_CLASS": "Unknown", "WELL_SUBCLASS": null, "INTENDED_WATER_USE": "Unknown Well Use", "WELL_DETAILS_URL": "https://apps.nrs.gov.bc.ca/gwells/well/26529", "LICENCE_STATUS": "Unlicensed", "AQUIFER_ID": null, "PERSON_RESPONSIBLE": " ", "COMPANY_OF_PERSON_RESPONSIBLE": "Bob's Water Drilling", "FINISHED_WELL_DEPTH": 123, "TOTAL_DEPTH_DRILLED": null, "BEDROCK_DEPTH": null, "YIELD": null, "YIELD_ESTIMATION_DURATION": null, "ARTESIAN_COND": "N", "ARTESIAN_FLOW": null, "ARTESIAN_PRESSURE": null, "STATIC_WATER_LEVEL": null, "DIAMETER": null, "FINAL_CASING_STICK_UP": null, "GROUND_ELEVATION": null, "GROUND_ELEVATION_METHOD": "UNKNOWN", "SURFACE_SEAL_DEPTH": null, "SURFACE_SEAL_THICKNESS": null, "SURFACE_SEAL_METHOD": null, "SCREEN_INTAKE_METHOD": null, "WATER_SUPPLY_SYSTEM_NAME": null, "WATER_SUPPLY_SYSTEM_WELL_NAME": null, "CONSTRUCTION_START_DATE": "1972-06-29Z", "CONSTRUCTION_END_DATE": "1972-06-29Z", "ALTERATION_START_DATE": null, "ALTERATION_END_DATE": null, "DECOMMISSION_START_DATE": null, "DECOMMISSION_END_DATE": null, "DECOMMISSION_REASON": null, "OBSERVATION_WELL_NUMBER": null, "OBSERVATION_WELL_STATUS": null, "EMS_ID": null, "AQUIFER_MATERIAL": "Unconsolidated", "OBJECTID": 122487830, "SE_ANNO_CAD_DATA": null}}, {"type": "Feature", "id": "WHSE_WATER_MANAGEMENT.GW_WATER_WELLS_WRBC_SVW.fid-29e471e6_19f63eee063_2205", "geometry": {"type": "Point", "coordinates": [-120.941217, 56.288833]}, "geometry_name": "GEOMETRY", "properties": {"GW_WW_SYSID": 105462, "WELL_TAG_NUMBER": 109885, "IDENTIFICATION_PLATE_NUMBER": 22077, "STREET_ADDRESS": "13179 SUNNYSIDE DRIVE", "CITY": "CHARLIE LAKE", "LEGAL_LOT": " ", "LEGAL_PLAN": " ", "LEGAL_DISTRICT_LOT": " ", "LEGAL_PID": null, "WELL_LOCATION_DESCRIPTION": "WELL DESCRIPTION NOT PROVIDED", "COORDINATE_ACQUISITION_CODE": "H", "WELL_STATUS": "New", "WELL_CLASS": "Water Supply", "WELL_SUBCLASS": "Not Applicable", "INTENDED_WATER_USE": "Private Domestic", "WELL_DETAILS_URL": "https://apps.nrs.gov.bc.ca/gwells/well/109885", "LICENCE_STATUS": "Unlicensed", "AQUIFER_ID": 1271, "PERSON_RESPONSIBLE": " ", "COMPANY_OF_PERSON_RESPONSIBLE": "Jacob's Water Wells", "FINISHED_WELL_DEPTH": 210, "TOTAL_DEPTH_DRILLED": 210, "BEDROCK_DEPTH": 134, "YIELD": 20, "YIELD_ESTIMATION_DURATION": 0.5, "ARTESIAN_COND": "N", "ARTESIAN_FLOW": null, "ARTESIAN_PRESSURE": null, "STATIC_WATER_LEVEL": 176.7, "DIAMETER": 6, "FINAL_CASING_STICK_UP": 24, "GROUND_ELEVATION": 2435, "GROUND_ELEVATION_METHOD": "GPS", "SURFACE_SEAL_DEPTH": 56, "SURFACE_SEAL_THICKNESS": 1, "SURFACE_SEAL_METHOD": "POURED", "SCREEN_INTAKE_METHOD": "SCREEN", "WATER_SUPPLY_SYSTEM_NAME": null, "WATER_SUPPLY_SYSTEM_WELL_NAME": null, "CONSTRUCTION_START_DATE": "2014-07-09Z", "CONSTRUCTION_END_DATE": "2014-07-16Z", "ALTERATION_START_DATE": null, "ALTERATION_END_DATE": null, "DECOMMISSION_START_DATE": null, "DECOMMISSION_END_DATE": null, "DECOMMISSION_REASON": null, "OBSERVATION_WELL_NUMBER": null, "OBSERVATION_WELL_STATUS": null, "EMS_ID": null, "AQUIFER_MATERIAL": "Unknown", "OBJECTID": 122566812, "SE_ANNO_CAD_DATA": null}}, {"type": "Feature", "id": "WHSE_WATER_MANAGEMENT.GW_WATER_WELLS_WRBC_SVW.fid-29e471e6_19f63eee063_2206", "geometry": {"type": "Point", "coordinates": [-120.940561, 56.286616]}, "geometry_name": "GEOMETRY", "properties": {"GW_WW_SYSID": 26635, "WELL_TAG_NUMBER": 26685, "IDENTIFICATION_PLATE_NUMBER": null, "STREET_ADDRESS": " ", "CITY": "CHARLIE LAKE", "LEGAL_LOT": " ", "LEGAL_PLAN": " ", "LEGAL_DISTRICT_LOT": " ", "LEGAL_PID": null, "WELL_LOCATION_DESCRIPTION": " ", "COORDINATE_ACQUISITION_CODE": "A", "WELL_STATUS": "New", "WELL_CLASS": "Water Supply", "WELL_SUBCLASS": null, "INTENDED_WATER_USE": "Private Domestic", "WELL_DETAILS_URL": "https://apps.nrs.gov.bc.ca/gwells/well/26685", "LICENCE_STATUS": "Unlicensed", "AQUIFER_ID": 1271, "PERSON_RESPONSIBLE": " ", "COMPANY_OF_PERSON_RESPONSIBLE": "G. & G. Well Drilling", "FINISHED_WELL_DEPTH": 420, "TOTAL_DEPTH_DRILLED": null, "BEDROCK_DEPTH": 30, "YIELD": 6, "YIELD_ESTIMATION_DURATION": null, "ARTESIAN_COND": "N", "ARTESIAN_FLOW": null, "ARTESIAN_PRESSURE": null, "STATIC_WATER_LEVEL": 270, "DIAMETER": null, "FINAL_CASING_STICK_UP": null, "GROUND_ELEVATION": null, "GROUND_ELEVATION_METHOD": "UNKNOWN", "SURFACE_SEAL_DEPTH": null, "SURFACE_SEAL_THICKNESS": null, "SURFACE_SEAL_METHOD": null, "SCREEN_INTAKE_METHOD": null, "WATER_SUPPLY_SYSTEM_NAME": null, "WATER_SUPPLY_SYSTEM_WELL_NAME": null, "CONSTRUCTION_START_DATE": "1972-08-01Z", "CONSTRUCTION_END_DATE": "1972-08-01Z", "ALTERATION_START_DATE": null, "ALTERATION_END_DATE": null, "DECOMMISSION_START_DATE": null, "DECOMMISSION_END_DATE": null, "DECOMMISSION_REASON": null, "OBSERVATION_WELL_NUMBER": null, "OBSERVATION_WELL_STATUS": null, "EMS_ID": null, "AQUIFER_MATERIAL": "Bedrock", "OBJECTID": 122487985, "SE_ANNO_CAD_DATA": null}}, {"type": "Feature", "id": "WHSE_WATER_MANAGEMENT.GW_WATER_WELLS_WRBC_SVW.fid-29e471e6_19f63eee063_2207", "geometry": {"type": "Point", "coordinates": [-120.940637, 56.282501]}, "geometry_name": "GEOMETRY", "properties": {"GW_WW_SYSID": 36425, "WELL_TAG_NUMBER": 36505, "IDENTIFICATION_PLATE_NUMBER": null, "STREET_ADDRESS": "SANDY SUBD", "CITY": "CHARLIE LAKE", "LEGAL_LOT": "1", "LEGAL_PLAN": "22907", "LEGAL_DISTRICT_LOT": " ", "LEGAL_PID": null, "WELL_LOCATION_DESCRIPTION": " ", "COORDINATE_ACQUISITION_CODE": "A", "WELL_STATUS": "New", "WELL_CLASS": "Water Supply", "WELL_SUBCLASS": null, "INTENDED_WATER_USE": "Private Domestic", "WELL_DETAILS_URL": "https://apps.nrs.gov.bc.ca/gwells/well/36505", "LICENCE_STATUS": "Unlicensed", "AQUIFER_ID": 1271, "PERSON_RESPONSIBLE": " ", "COMPANY_OF_PERSON_RESPONSIBLE": "Cliff Baker Drilling", "FINISHED_WELL_DEPTH": 345, "TOTAL_DEPTH_DRILLED": null, "BEDROCK_DEPTH": 45, "YIELD": 5, "YIELD_ESTIMATION_DURATION": null, "ARTESIAN_COND": "N", "ARTESIAN_FLOW": null, "ARTESIAN_PRESSURE": null, "STATIC_WATER_LEVEL": null, "DIAMETER": null, "FINAL_CASING_STICK_UP": null, "GROUND_ELEVATION": null, "GROUND_ELEVATION_METHOD": "UNKNOWN", "SURFACE_SEAL_DEPTH": null, "SURFACE_SEAL_THICKNESS": null, "SURFACE_SEAL_METHOD": null, "SCREEN_INTAKE_METHOD": null, "WATER_SUPPLY_SYSTEM_NAME": null, "WATER_SUPPLY_SYSTEM_WELL_NAME": null, "CONSTRUCTION_START_DATE": "1977-01-01Z", "CONSTRUCTION_END_DATE": "1977-01-01Z", "ALTERATION_START_DATE": null, "ALTERATION_END_DATE": null, "DECOMMISSION_START_DATE": null, "DECOMMISSION_END_DATE": null, "DECOMMISSION_REASON": null, "OBSERVATION_WELL_NUMBER": null, "OBSERVATION_WELL_STATUS": null, "EMS_ID": null, "AQUIFER_MATERIAL": "Bedrock", "OBJECTID": 122497775, "SE_ANNO_CAD_DATA": null}}, {"type": "Feature", "id": "WHSE_WATER_MANAGEMENT.GW_WATER_WELLS_WRBC_SVW.fid-29e471e6_19f63eee063_2208", "geometry": {"type": "Point", "coordinates": [-120.940922, 56.277491]}, "geometry_name": "GEOMETRY", "properties": {"GW_WW_SYSID": 36431, "WELL_TAG_NUMBER": 36511, "IDENTIFICATION_PLATE_NUMBER": null, "STREET_ADDRESS": "SANDY SUBD", "CITY": "CHARLIE LAKE", "LEGAL_LOT": "3", "LEGAL_PLAN": "22907", "LEGAL_DISTRICT_LOT": " ", "LEGAL_PID": null, "WELL_LOCATION_DESCRIPTION": " ", "COORDINATE_ACQUISITION_CODE": "A", "WELL_STATUS": "New", "WELL_CLASS": "Water Supply", "WELL_SUBCLASS": null, "INTENDED_WATER_USE": "Private Domestic", "WELL_DETAILS_URL": "https://apps.nrs.gov.bc.ca/gwells/well/36511", "LICENCE_STATUS": "Unlicensed", "AQUIFER_ID": 1271, "PERSON_RESPONSIBLE": " ", "COMPANY_OF_PERSON_RESPONSIBLE": "Bob's Water Drilling", "FINISHED_WELL_DEPTH": 146, "TOTAL_DEPTH_DRILLED": null, "BEDROCK_DEPTH": null, "YIELD": 5, "YIELD_ESTIMATION_DURATION": null, "ARTESIAN_COND": "N", "ARTESIAN_FLOW": null, "ARTESIAN_PRESSURE": null, "STATIC_WATER_LEVEL": 126, "DIAMETER": null, "FINAL_CASING_STICK_UP": null, "GROUND_ELEVATION": null, "GROUND_ELEVATION_METHOD": "UNKNOWN", "SURFACE_SEAL_DEPTH": null, "SURFACE_SEAL_THICKNESS": null, "SURFACE_SEAL_METHOD": null, "SCREEN_INTAKE_METHOD": null, "WATER_SUPPLY_SYSTEM_NAME": null, "WATER_SUPPLY_SYSTEM_WELL_NAME": null, "CONSTRUCTION_START_DATE": "1977-01-01Z", "CONSTRUCTION_END_DATE": "1977-01-01Z", "ALTERATION_START_DATE": null, "ALTERATION_END_DATE": null, "DECOMMISSION_START_DATE": null, "DECOMMISSION_END_DATE": null, "DECOMMISSION_REASON": null, "OBSERVATION_WELL_NUMBER": null, "OBSERVATION_WELL_STATUS": null, "EMS_ID": null, "AQUIFER_MATERIAL": "Unconsolidated", "OBJECTID": 122497781, "SE_ANNO_CAD_DATA": null}}, {"type": "Feature", "id": "WHSE_WATER_MANAGEMENT.GW_WATER_WELLS_WRBC_SVW.fid-29e471e6_19f63eee063_2209", "geometry": {"type": "Point", "coordinates": [-120.940696, 56.278988]}, "geometry_name": "GEOMETRY", "properties": {"GW_WW_SYSID": 38993, "WELL_TAG_NUMBER": 39077, "IDENTIFICATION_PLATE_NUMBER": null, "STREET_ADDRESS": " ", "CITY": "CHARLIE LAKE", "LEGAL_LOT": "1", "LEGAL_PLAN": "23280", "LEGAL_DISTRICT_LOT": " ", "LEGAL_PID": null, "WELL_LOCATION_DESCRIPTION": " ", "COORDINATE_ACQUISITION_CODE": "A", "WELL_STATUS": "New", "WELL_CLASS": "Unknown", "WELL_SUBCLASS": null, "INTENDED_WATER_USE": "Unknown Well Use", "WELL_DETAILS_URL": "https://apps.nrs.gov.bc.ca/gwells/well/39077", "LICENCE_STATUS": "Unlicensed", "AQUIFER_ID": 1271, "PERSON_RESPONSIBLE": " ", "COMPANY_OF_PERSON_RESPONSIBLE": "G. & G. Well Drilling", "FINISHED_WELL_DEPTH": 180, "TOTAL_DEPTH_DRILLED": null, "BEDROCK_DEPTH": 70, "YIELD": 15, "YIELD_ESTIMATION_DURATION": null, "ARTESIAN_COND": "N", "ARTESIAN_FLOW": null, "ARTESIAN_PRESSURE": null, "STATIC_WATER_LEVEL": null, "DIAMETER": null, "FINAL_CASING_STICK_UP": null, "GROUND_ELEVATION": null, "GROUND_ELEVATION_METHOD": "UNKNOWN", "SURFACE_SEAL_DEPTH": null, "SURFACE_SEAL_THICKNESS": null, "SURFACE_SEAL_METHOD": null, "SCREEN_INTAKE_METHOD": null, "WATER_SUPPLY_SYSTEM_NAME": null, "WATER_SUPPLY_SYSTEM_WELL_NAME": null, "CONSTRUCTION_START_DATE": "1978-01-01Z", "CONSTRUCTION_END_DATE": "1978-01-01Z", "ALTERATION_START_DATE": null, "ALTERATION_END_DATE": null, "DECOMMISSION_START_DATE": null, "DECOMMISSION_END_DATE": null, "DECOMMISSION_REASON": null, "OBSERVATION_WELL_NUMBER": null, "OBSERVATION_WELL_STATUS": null, "EMS_ID": null, "AQUIFER_MATERIAL": "Bedrock", "OBJECTID": 122500343, "SE_ANNO_CAD_DATA": null}}, {"type": "Feature", "id": "WHSE_WATER_MANAGEMENT.GW_WATER_WELLS_WRBC_SVW.fid-29e471e6_19f63eee063_220a", "geometry": {"type": "Point", "coordinates": [-120.939986, 56.276874]}, "geometry_name": "GEOMETRY", "properties": {"GW_WW_SYSID": 30197, "WELL_TAG_NUMBER": 30258, "IDENTIFICATION_PLATE_NUMBER": null, "STREET_ADDRESS": " ", "CITY": "CHARLIE LAKE", "LEGAL_LOT": "9", "LEGAL_PLAN": "22907", "LEGAL_DISTRICT_LOT": " ", "LEGAL_PID": null, "WELL_LOCATION_DESCRIPTION": " ", "COORDINATE_ACQUISITION_CODE": "A", "WELL_STATUS": "New", "WELL_CLASS": "Water Supply", "WELL_SUBCLASS": null, "INTENDED_WATER_USE": "Private Domestic", "WELL_DETAILS_URL": "https://apps.nrs.gov.bc.ca/gwells/well/30258", "LICENCE_STATUS": "Unlicensed", "AQUIFER_ID": 1271, "PERSON_RESPONSIBLE": " ", "COMPANY_OF_PERSON_RESPONSIBLE": "Bob's Water Drilling", "FINISHED_WELL_DEPTH": 182, "TOTAL_DEPTH_DRILLED": null, "BEDROCK_DEPTH": null, "YIELD": 5, "YIELD_ESTIMATION_DURATION": null, "ARTESIAN_COND": "N", "ARTESIAN_FLOW": null, "ARTESIAN_PRESSURE": null, "STATIC_WATER_LEVEL": 160, "DIAMETER": null, "FINAL_CASING_STICK_UP": null, "GROUND_ELEVATION": null, "GROUND_ELEVATION_METHOD": "UNKNOWN", "SURFACE_SEAL_DEPTH": null, "SURFACE_SEAL_THICKNESS": null, "SURFACE_SEAL_METHOD": null, "SCREEN_INTAKE_METHOD": null, "WATER_SUPPLY_SYSTEM_NAME": null, "WATER_SUPPLY_SYSTEM_WELL_NAME": null, "CONSTRUCTION_START_DATE": "1974-05-01Z", "CONSTRUCTION_END_DATE": "1974-05-01Z", "ALTERATION_START_DATE": null, "ALTERATION_END_DATE": null, "DECOMMISSION_START_DATE": null, "DECOMMISSION_END_DATE": null, "DECOMMISSION_REASON": null, "OBSERVATION_WELL_NUMBER": null, "OBSERVATION_WELL_STATUS": null, "EMS_ID": null, "AQUIFER_MATERIAL": "Unconsolidated", "OBJECTID": 122491547, "SE_ANNO_CAD_DATA": null}}, {"type": "Feature", "id": "WHSE_WATER_MANAGEMENT.GW_WATER_WELLS_WRBC_SVW.fid-29e471e6_19f63eee063_220b", "geometry": {"type": "Point", "coordinates": [-120.93971, 56.27426]}, "geometry_name": "GEOMETRY", "properties": {"GW_WW_SYSID": 32793, "WELL_TAG_NUMBER": 32858, "IDENTIFICATION_PLATE_NUMBER": null, "STREET_ADDRESS": null, "CITY": "CHARLIE LAKE", "LEGAL_LOT": "3", "LEGAL_PLAN": "17484", "LEGAL_DISTRICT_LOT": null, "LEGAL_PID": 11438266, "WELL_LOCATION_DESCRIPTION": null, "COORDINATE_ACQUISITION_CODE": "A", "WELL_STATUS": "New", "WELL_CLASS": "Water Supply", "WELL_SUBCLASS": "Not Applicable", "INTENDED_WATER_USE": "Private Domestic", "WELL_DETAILS_URL": "https://apps.nrs.gov.bc.ca/gwells/well/32858", "LICENCE_STATUS": "Unlicensed", "AQUIFER_ID": 451, "PERSON_RESPONSIBLE": " ", "COMPANY_OF_PERSON_RESPONSIBLE": "Bob's Water Drilling", "FINISHED_WELL_DEPTH": 115, "TOTAL_DEPTH_DRILLED": null, "BEDROCK_DEPTH": null, "YIELD": 36, "YIELD_ESTIMATION_DURATION": null, "ARTESIAN_COND": "N", "ARTESIAN_FLOW": null, "ARTESIAN_PRESSURE": null, "STATIC_WATER_LEVEL": 95, "DIAMETER": null, "FINAL_CASING_STICK_UP": null, "GROUND_ELEVATION": null, "GROUND_ELEVATION_METHOD": "UNKNOWN", "SURFACE_SEAL_DEPTH": null, "SURFACE_SEAL_THICKNESS": null, "SURFACE_SEAL_METHOD": null, "SCREEN_INTAKE_METHOD": null, "WATER_SUPPLY_SYSTEM_NAME": null, "WATER_SUPPLY_SYSTEM_WELL_NAME": null, "CONSTRUCTION_START_DATE": "1975-07-01Z", "CONSTRUCTION_END_DATE": "1975-07-01Z", "ALTERATION_START_DATE": null, "ALTERATION_END_DATE": null, "DECOMMISSION_START_DATE": null, "DECOMMISSION_END_DATE": null, "DECOMMISSION_REASON": null, "OBSERVATION_WELL_NUMBER": null, "OBSERVATION_WELL_STATUS": null, "EMS_ID": null, "AQUIFER_MATERIAL": "Unconsolidated", "OBJECTID": 122494143, "SE_ANNO_CAD_DATA": null}}, {"type": "Feature", "id": "WHSE_WATER_MANAGEMENT.GW_WATER_WELLS_WRBC_SVW.fid-29e471e6_19f63eee063_220c", "geometry": {"type": "Point", "coordinates": [-120.938972, 56.277099]}, "geometry_name": "GEOMETRY", "properties": {"GW_WW_SYSID": 29564, "WELL_TAG_NUMBER": 29622, "IDENTIFICATION_PLATE_NUMBER": null, "STREET_ADDRESS": " ", "CITY": "CHARLIE LAKE", "LEGAL_LOT": " ", "LEGAL_PLAN": " ", "LEGAL_DISTRICT_LOT": " ", "LEGAL_PID": null, "WELL_LOCATION_DESCRIPTION": " ", "COORDINATE_ACQUISITION_CODE": "A", "WELL_STATUS": "New", "WELL_CLASS": "Water Supply", "WELL_SUBCLASS": null, "INTENDED_WATER_USE": "Private Domestic", "WELL_DETAILS_URL": "https://apps.nrs.gov.bc.ca/gwells/well/29622", "LICENCE_STATUS": "Unlicensed", "AQUIFER_ID": 1271, "PERSON_RESPONSIBLE": " ", "COMPANY_OF_PERSON_RESPONSIBLE": "Bob's Water Drilling", "FINISHED_WELL_DEPTH": 100, "TOTAL_DEPTH_DRILLED": null, "BEDROCK_DEPTH": null, "YIELD": 15, "YIELD_ESTIMATION_DURATION": null, "ARTESIAN_COND": "N", "ARTESIAN_FLOW": null, "ARTESIAN_PRESSURE": null, "STATIC_WATER_LEVEL": 50, "DIAMETER": null, "FINAL_CASING_STICK_UP": null, "GROUND_ELEVATION": null, "GROUND_ELEVATION_METHOD": "UNKNOWN", "SURFACE_SEAL_DEPTH": null, "SURFACE_SEAL_THICKNESS": null, "SURFACE_SEAL_METHOD": null, "SCREEN_INTAKE_METHOD": null, "WATER_SUPPLY_SYSTEM_NAME": null, "WATER_SUPPLY_SYSTEM_WELL_NAME": null, "CONSTRUCTION_START_DATE": "1974-01-01Z", "CONSTRUCTION_END_DATE": "1974-01-01Z", "ALTERATION_START_DATE": null, "ALTERATION_END_DATE": null, "DECOMMISSION_START_DATE": null, "DECOMMISSION_END_DATE": null, "DECOMMISSION_REASON": null, "OBSERVATION_WELL_NUMBER": null, "OBSERVATION_WELL_STATUS": null, "EMS_ID": null, "AQUIFER_MATERIAL": "Unconsolidated", "OBJECTID": 122490914, "SE_ANNO_CAD_DATA": null}}, {"type": "Feature", "id": "WHSE_WATER_MANAGEMENT.GW_WATER_WELLS_WRBC_SVW.fid-29e471e6_19f63eee063_220d", "geometry": {"type": "Point", "coordinates": [-120.922362, 56.275986]}, "geometry_name": "GEOMETRY", "properties": {"GW_WW_SYSID": 42997, "WELL_TAG_NUMBER": 43091, "IDENTIFICATION_PLATE_NUMBER": null, "STREET_ADDRESS": " ", "CITY": " ", "LEGAL_LOT": " ", "LEGAL_PLAN": " ", "LEGAL_DISTRICT_LOT": " ", "LEGAL_PID": null, "WELL_LOCATION_DESCRIPTION": " ", "COORDINATE_ACQUISITION_CODE": "B", "WELL_STATUS": "New", "WELL_CLASS": "Water Supply", "WELL_SUBCLASS": null, "INTENDED_WATER_USE": "Private Domestic", "WELL_DETAILS_URL": "https://apps.nrs.gov.bc.ca/gwells/well/43091", "LICENCE_STATUS": "Unlicensed", "AQUIFER_ID": 444, "PERSON_RESPONSIBLE": " ", "COMPANY_OF_PERSON_RESPONSIBLE": "Bob's Water Drilling", "FINISHED_WELL_DEPTH": 98, "TOTAL_DEPTH_DRILLED": null, "BEDROCK_DEPTH": null, "YIELD": 0, "YIELD_ESTIMATION_DURATION": null, "ARTESIAN_COND": "N", "ARTESIAN_FLOW": null, "ARTESIAN_PRESSURE": null, "STATIC_WATER_LEVEL": 70, "DIAMETER": null, "FINAL_CASING_STICK_UP": null, "GROUND_ELEVATION": null, "GROUND_ELEVATION_METHOD": "UNKNOWN", "SURFACE_SEAL_DEPTH": null, "SURFACE_SEAL_THICKNESS": null, "SURFACE_SEAL_METHOD": null, "SCREEN_INTAKE_METHOD": null, "WATER_SUPPLY_SYSTEM_NAME": null, "WATER_SUPPLY_SYSTEM_WELL_NAME": null, "CONSTRUCTION_START_DATE": "1979-08-03Z", "CONSTRUCTION_END_DATE": "1979-08-03Z", "ALTERATION_START_DATE": null, "ALTERATION_END_DATE": null, "DECOMMISSION_START_DATE": null, "DECOMMISSION_END_DATE": null, "DECOMMISSION_REASON": null, "OBSERVATION_WELL_NUMBER": null, "OBSERVATION_WELL_STATUS": null, "EMS_ID": null, "AQUIFER_MATERIAL": "Unconsolidated", "OBJECTID": 122504347, "SE_ANNO_CAD_DATA": null}}, {"type": "Feature", "id": "WHSE_WATER_MANAGEMENT.GW_WATER_WELLS_WRBC_SVW.fid-29e471e6_19f63eee063_220e", "geometry": {"type": "Point", "coordinates": [-120.91875, 56.2785]}, "geometry_name": "GEOMETRY", "properties": {"GW_WW_SYSID": 22096, "WELL_TAG_NUMBER": 22137, "IDENTIFICATION_PLATE_NUMBER": null, "STREET_ADDRESS": "244 Road", "CITY": "Fort St John", "LEGAL_LOT": null, "LEGAL_PLAN": null, "LEGAL_DISTRICT_LOT": null, "LEGAL_PID": null, "WELL_LOCATION_DESCRIPTION": null, "COORDINATE_ACQUISITION_CODE": "B", "WELL_STATUS": "New", "WELL_CLASS": "Water Supply", "WELL_SUBCLASS": null, "INTENDED_WATER_USE": "Private Domestic", "WELL_DETAILS_URL": "https://apps.nrs.gov.bc.ca/gwells/well/22137", "LICENCE_STATUS": "Unlicensed", "AQUIFER_ID": 1271, "PERSON_RESPONSIBLE": " ", "COMPANY_OF_PERSON_RESPONSIBLE": "Rapid Drilling Ltd.", "FINISHED_WELL_DEPTH": 210, "TOTAL_DEPTH_DRILLED": null, "BEDROCK_DEPTH": 115, "YIELD": 6, "YIELD_ESTIMATION_DURATION": null, "ARTESIAN_COND": "N", "ARTESIAN_FLOW": null, "ARTESIAN_PRESSURE": null, "STATIC_WATER_LEVEL": 20, "DIAMETER": null, "FINAL_CASING_STICK_UP": null, "GROUND_ELEVATION": null, "GROUND_ELEVATION_METHOD": "UNKNOWN", "SURFACE_SEAL_DEPTH": null, "SURFACE_SEAL_THICKNESS": null, "SURFACE_SEAL_METHOD": null, "SCREEN_INTAKE_METHOD": null, "WATER_SUPPLY_SYSTEM_NAME": null, "WATER_SUPPLY_SYSTEM_WELL_NAME": null, "CONSTRUCTION_START_DATE": "1969-01-01Z", "CONSTRUCTION_END_DATE": "1969-01-01Z", "ALTERATION_START_DATE": null, "ALTERATION_END_DATE": null, "DECOMMISSION_START_DATE": null, "DECOMMISSION_END_DATE": null, "DECOMMISSION_REASON": null, "OBSERVATION_WELL_NUMBER": null, "OBSERVATION_WELL_STATUS": null, "EMS_ID": null, "AQUIFER_MATERIAL": "Bedrock", "OBJECTID": 122483446, "SE_ANNO_CAD_DATA": null}}, {"type": "Feature", "id": "WHSE_WATER_MANAGEMENT.GW_WATER_WELLS_WRBC_SVW.fid-29e471e6_19f63eee063_220f", "geometry": {"type": "Point", "coordinates": [-120.91192, 56.274]}, "geometry_name": "GEOMETRY", "properties": {"GW_WW_SYSID": 124607, "WELL_TAG_NUMBER": 129844, "IDENTIFICATION_PLATE_NUMBER": 51148, "STREET_ADDRESS": "12289 244 Rd", "CITY": "Fort St. John", "LEGAL_LOT": null, "LEGAL_PLAN": null, "LEGAL_DISTRICT_LOT": null, "LEGAL_PID": 8233411, "WELL_LOCATION_DESCRIPTION": null, "COORDINATE_ACQUISITION_CODE": "H", "WELL_STATUS": "New", "WELL_CLASS": "Water Supply", "WELL_SUBCLASS": "Not Applicable", "INTENDED_WATER_USE": "Unknown Well Use", "WELL_DETAILS_URL": "https://apps.nrs.gov.bc.ca/gwells/well/129844", "LICENCE_STATUS": "Unlicensed", "AQUIFER_ID": null, "PERSON_RESPONSIBLE": "William (Bill) Wiebe", "COMPANY_OF_PERSON_RESPONSIBLE": "Anderson Water Services Ltd.", "FINISHED_WELL_DEPTH": 374, "TOTAL_DEPTH_DRILLED": 374, "BEDROCK_DEPTH": 333, "YIELD": 15, "YIELD_ESTIMATION_DURATION": 1, "ARTESIAN_COND": "N", "ARTESIAN_FLOW": null, "ARTESIAN_PRESSURE": null, "STATIC_WATER_LEVEL": 119, "DIAMETER": 6.63, "FINAL_CASING_STICK_UP": 36, "GROUND_ELEVATION": 2335, "GROUND_ELEVATION_METHOD": "GPS", "SURFACE_SEAL_DEPTH": 20, "SURFACE_SEAL_THICKNESS": 1, "SURFACE_SEAL_METHOD": null, "SCREEN_INTAKE_METHOD": null, "WATER_SUPPLY_SYSTEM_NAME": null, "WATER_SUPPLY_SYSTEM_WELL_NAME": null, "CONSTRUCTION_START_DATE": "2023-07-19Z", "CONSTRUCTION_END_DATE": "2023-07-21Z", "ALTERATION_START_DATE": null, "ALTERATION_END_DATE": null, "DECOMMISSION_START_DATE": null, "DECOMMISSION_END_DATE": null, "DECOMMISSION_REASON": null, "OBSERVATION_WELL_NUMBER": null, "OBSERVATION_WELL_STATUS": null, "EMS_ID": null, "AQUIFER_MATERIAL": null, "OBJECTID": 122585957, "SE_ANNO_CAD_DATA": null}}, {"type": "Feature", "id": "WHSE_WATER_MANAGEMENT.GW_WATER_WELLS_WRBC_SVW.fid-29e471e6_19f63eee063_2210", "geometry": {"type": "Point", "coordinates": [-120.908947, 56.277908]}, "geometry_name": "GEOMETRY", "properties": {"GW_WW_SYSID": 18471, "WELL_TAG_NUMBER": 18504, "IDENTIFICATION_PLATE_NUMBER": null, "STREET_ADDRESS": " ", "CITY": " ", "LEGAL_LOT": " ", "LEGAL_PLAN": " ", "LEGAL_DISTRICT_LOT": " ", "LEGAL_PID": null, "WELL_LOCATION_DESCRIPTION": " ", "COORDINATE_ACQUISITION_CODE": "B", "WELL_STATUS": "New", "WELL_CLASS": "Water Supply", "WELL_SUBCLASS": null, "INTENDED_WATER_USE": "Private Domestic", "WELL_DETAILS_URL": "https://apps.nrs.gov.bc.ca/gwells/well/18504", "LICENCE_STATUS": "Unlicensed", "AQUIFER_ID": 451, "PERSON_RESPONSIBLE": " ", "COMPANY_OF_PERSON_RESPONSIBLE": "Barker Drilling", "FINISHED_WELL_DEPTH": 48, "TOTAL_DEPTH_DRILLED": null, "BEDROCK_DEPTH": null, "YIELD": 0, "YIELD_ESTIMATION_DURATION": null, "ARTESIAN_COND": "N", "ARTESIAN_FLOW": null, "ARTESIAN_PRESSURE": null, "STATIC_WATER_LEVEL": 15, "DIAMETER": null, "FINAL_CASING_STICK_UP": null, "GROUND_ELEVATION": null, "GROUND_ELEVATION_METHOD": "UNKNOWN", "SURFACE_SEAL_DEPTH": null, "SURFACE_SEAL_THICKNESS": null, "SURFACE_SEAL_METHOD": null, "SCREEN_INTAKE_METHOD": null, "WATER_SUPPLY_SYSTEM_NAME": null, "WATER_SUPPLY_SYSTEM_WELL_NAME": null, "CONSTRUCTION_START_DATE": "1964-01-01Z", "CONSTRUCTION_END_DATE": "1964-01-01Z", "ALTERATION_START_DATE": null, "ALTERATION_END_DATE": null, "DECOMMISSION_START_DATE": null, "DECOMMISSION_END_DATE": null, "DECOMMISSION_REASON": null, "OBSERVATION_WELL_NUMBER": null, "OBSERVATION_WELL_STATUS": null, "EMS_ID": null, "AQUIFER_MATERIAL": "Unconsolidated", "OBJECTID": 122479821, "SE_ANNO_CAD_DATA": null}}, {"type": "Feature", "id": "WHSE_WATER_MANAGEMENT.GW_WATER_WELLS_WRBC_SVW.fid-29e471e6_19f63eee063_2211", "geometry": {"type": "Point", "coordinates": [-120.908089, 56.27854]}, "geometry_name": "GEOMETRY", "properties": {"GW_WW_SYSID": 19022, "WELL_TAG_NUMBER": 19058, "IDENTIFICATION_PLATE_NUMBER": null, "STREET_ADDRESS": " ", "CITY": " ", "LEGAL_LOT": " ", "LEGAL_PLAN": " ", "LEGAL_DISTRICT_LOT": " ", "LEGAL_PID": null, "WELL_LOCATION_DESCRIPTION": " ", "COORDINATE_ACQUISITION_CODE": "B", "WELL_STATUS": "New", "WELL_CLASS": "Unknown", "WELL_SUBCLASS": null, "INTENDED_WATER_USE": "Unknown Well Use", "WELL_DETAILS_URL": "https://apps.nrs.gov.bc.ca/gwells/well/19058", "LICENCE_STATUS": "Unlicensed", "AQUIFER_ID": 451, "PERSON_RESPONSIBLE": " ", "COMPANY_OF_PERSON_RESPONSIBLE": "Barker Drilling", "FINISHED_WELL_DEPTH": 100, "TOTAL_DEPTH_DRILLED": null, "BEDROCK_DEPTH": null, "YIELD": null, "YIELD_ESTIMATION_DURATION": null, "ARTESIAN_COND": "N", "ARTESIAN_FLOW": null, "ARTESIAN_PRESSURE": null, "STATIC_WATER_LEVEL": 80, "DIAMETER": null, "FINAL_CASING_STICK_UP": null, "GROUND_ELEVATION": null, "GROUND_ELEVATION_METHOD": "UNKNOWN", "SURFACE_SEAL_DEPTH": null, "SURFACE_SEAL_THICKNESS": null, "SURFACE_SEAL_METHOD": null, "SCREEN_INTAKE_METHOD": null, "WATER_SUPPLY_SYSTEM_NAME": null, "WATER_SUPPLY_SYSTEM_WELL_NAME": null, "CONSTRUCTION_START_DATE": "1965-01-01Z", "CONSTRUCTION_END_DATE": "1965-01-01Z", "ALTERATION_START_DATE": null, "ALTERATION_END_DATE": null, "DECOMMISSION_START_DATE": null, "DECOMMISSION_END_DATE": null, "DECOMMISSION_REASON": null, "OBSERVATION_WELL_NUMBER": null, "OBSERVATION_WELL_STATUS": null, "EMS_ID": null, "AQUIFER_MATERIAL": "Unconsolidated", "OBJECTID": 122480372, "SE_ANNO_CAD_DATA": null}}, {"type": "Feature", "id": "WHSE_WATER_MANAGEMENT.GW_WATER_WELLS_WRBC_SVW.fid-29e471e6_19f63eee063_2212", "geometry": {"type": "Point", "coordinates": [-120.93143, 56.24518]}, "geometry_name": "GEOMETRY", "properties": {"GW_WW_SYSID": 114744, "WELL_TAG_NUMBER": 119615, "IDENTIFICATION_PLATE_NUMBER": null, "STREET_ADDRESS": "SS2 COMP18 SITE 5", "CITY": "FORT ST JOHN", "LEGAL_LOT": null, "LEGAL_PLAN": null, "LEGAL_DISTRICT_LOT": null, "LEGAL_PID": 13408496, "WELL_LOCATION_DESCRIPTION": "NE 1/4 OF SEC 33 TP 83 R 19 W6M PEACE RIVER", "COORDINATE_ACQUISITION_CODE": "A", "WELL_STATUS": "New", "WELL_CLASS": "Water Supply", "WELL_SUBCLASS": "Not Applicable", "INTENDED_WATER_USE": "Private Domestic", "WELL_DETAILS_URL": "https://apps.nrs.gov.bc.ca/gwells/well/119615", "LICENCE_STATUS": "Unlicensed", "AQUIFER_ID": null, "PERSON_RESPONSIBLE": " ", "COMPANY_OF_PERSON_RESPONSIBLE": null, "FINISHED_WELL_DEPTH": 50, "TOTAL_DEPTH_DRILLED": null, "BEDROCK_DEPTH": null, "YIELD": null, "YIELD_ESTIMATION_DURATION": null, "ARTESIAN_COND": "N", "ARTESIAN_FLOW": null, "ARTESIAN_PRESSURE": null, "STATIC_WATER_LEVEL": null, "DIAMETER": null, "FINAL_CASING_STICK_UP": null, "GROUND_ELEVATION": null, "GROUND_ELEVATION_METHOD": null, "SURFACE_SEAL_DEPTH": null, "SURFACE_SEAL_THICKNESS": null, "SURFACE_SEAL_METHOD": null, "SCREEN_INTAKE_METHOD": null, "WATER_SUPPLY_SYSTEM_NAME": null, "WATER_SUPPLY_SYSTEM_WELL_NAME": null, "CONSTRUCTION_START_DATE": "1995-07-15Z", "CONSTRUCTION_END_DATE": "1995-07-15Z", "ALTERATION_START_DATE": null, "ALTERATION_END_DATE": null, "DECOMMISSION_START_DATE": null, "DECOMMISSION_END_DATE": null, "DECOMMISSION_REASON": null, "OBSERVATION_WELL_NUMBER": null, "OBSERVATION_WELL_STATUS": null, "EMS_ID": null, "AQUIFER_MATERIAL": null, "OBJECTID": 122576094, "SE_ANNO_CAD_DATA": null}}, {"type": "Feature", "id": "WHSE_WATER_MANAGEMENT.GW_WATER_WELLS_WRBC_SVW.fid-29e471e6_19f63eee063_2213", "geometry": {"type": "Point", "coordinates": [-120.918588, 56.250022]}, "geometry_name": "GEOMETRY", "properties": {"GW_WW_SYSID": 102815, "WELL_TAG_NUMBER": 107150, "IDENTIFICATION_PLATE_NUMBER": 22319, "STREET_ADDRESS": "12432 ASH AVENUE", "CITY": "FORT ST JOHN", "LEGAL_LOT": "6", "LEGAL_PLAN": "15982", "LEGAL_DISTRICT_LOT": " ", "LEGAL_PID": null, "WELL_LOCATION_DESCRIPTION": "W6M", "COORDINATE_ACQUISITION_CODE": "J", "WELL_STATUS": "New", "WELL_CLASS": "Water Supply", "WELL_SUBCLASS": "Not Applicable", "INTENDED_WATER_USE": "Private Domestic", "WELL_DETAILS_URL": "https://apps.nrs.gov.bc.ca/gwells/well/107150", "LICENCE_STATUS": "Unlicensed", "AQUIFER_ID": null, "PERSON_RESPONSIBLE": " ", "COMPANY_OF_PERSON_RESPONSIBLE": "Anderson Water Serv", "FINISHED_WELL_DEPTH": 200, "TOTAL_DEPTH_DRILLED": 200, "BEDROCK_DEPTH": 65, "YIELD": 7, "YIELD_ESTIMATION_DURATION": 1, "ARTESIAN_COND": "N", "ARTESIAN_FLOW": null, "ARTESIAN_PRESSURE": null, "STATIC_WATER_LEVEL": 99.3, "DIAMETER": 6.63, "FINAL_CASING_STICK_UP": 24, "GROUND_ELEVATION": null, "GROUND_ELEVATION_METHOD": "UNKNOWN", "SURFACE_SEAL_DEPTH": 65, "SURFACE_SEAL_THICKNESS": null, "SURFACE_SEAL_METHOD": "POURED", "SCREEN_INTAKE_METHOD": "OPEN_HOLE", "WATER_SUPPLY_SYSTEM_NAME": null, "WATER_SUPPLY_SYSTEM_WELL_NAME": null, "CONSTRUCTION_START_DATE": "2007-08-25Z", "CONSTRUCTION_END_DATE": "2007-08-26Z", "ALTERATION_START_DATE": null, "ALTERATION_END_DATE": null, "DECOMMISSION_START_DATE": null, "DECOMMISSION_END_DATE": null, "DECOMMISSION_REASON": null, "OBSERVATION_WELL_NUMBER": null, "OBSERVATION_WELL_STATUS": null, "EMS_ID": null, "AQUIFER_MATERIAL": "Unknown", "OBJECTID": 122564165, "SE_ANNO_CAD_DATA": null}}, {"type": "Feature", "id": "WHSE_WATER_MANAGEMENT.GW_WATER_WELLS_WRBC_SVW.fid-29e471e6_19f63eee063_2214", "geometry": {"type": "Point", "coordinates": [-120.92, 56.26417]}, "geometry_name": "GEOMETRY", "properties": {"GW_WW_SYSID": 111562, "WELL_TAG_NUMBER": 116253, "IDENTIFICATION_PLATE_NUMBER": 42344, "STREET_ADDRESS": "11919 271 Road", "CITY": "Fort St John", "LEGAL_LOT": "1", "LEGAL_PLAN": "EPP53936", "LEGAL_DISTRICT_LOT": null, "LEGAL_PID": 30183464, "WELL_LOCATION_DESCRIPTION": "NW corner of building ~200' away", "COORDINATE_ACQUISITION_CODE": "H", "WELL_STATUS": "New", "WELL_CLASS": "Water Supply", "WELL_SUBCLASS": "Not Applicable", "INTENDED_WATER_USE": "Unknown Well Use", "WELL_DETAILS_URL": "https://apps.nrs.gov.bc.ca/gwells/well/116253", "LICENCE_STATUS": "Unlicensed", "AQUIFER_ID": 444, "PERSON_RESPONSIBLE": " ", "COMPANY_OF_PERSON_RESPONSIBLE": null, "FINISHED_WELL_DEPTH": 400, "TOTAL_DEPTH_DRILLED": 402, "BEDROCK_DEPTH": null, "YIELD": 20, "YIELD_ESTIMATION_DURATION": 48, "ARTESIAN_COND": "N", "ARTESIAN_FLOW": null, "ARTESIAN_PRESSURE": null, "STATIC_WATER_LEVEL": 87, "DIAMETER": null, "FINAL_CASING_STICK_UP": 24, "GROUND_ELEVATION": 2388, "GROUND_ELEVATION_METHOD": "UNKNOWN", "SURFACE_SEAL_DEPTH": 16, "SURFACE_SEAL_THICKNESS": 3, "SURFACE_SEAL_METHOD": "POURED", "SCREEN_INTAKE_METHOD": "SCREEN", "WATER_SUPPLY_SYSTEM_NAME": null, "WATER_SUPPLY_SYSTEM_WELL_NAME": null, "CONSTRUCTION_START_DATE": "2018-07-25Z", "CONSTRUCTION_END_DATE": "2018-10-19Z", "ALTERATION_START_DATE": null, "ALTERATION_END_DATE": null, "DECOMMISSION_START_DATE": null, "DECOMMISSION_END_DATE": null, "DECOMMISSION_REASON": null, "OBSERVATION_WELL_NUMBER": null, "OBSERVATION_WELL_STATUS": null, "EMS_ID": null, "AQUIFER_MATERIAL": "Unknown", "OBJECTID": 122572912, "SE_ANNO_CAD_DATA": null}}, {"type": "Feature", "id": "WHSE_WATER_MANAGEMENT.GW_WATER_WELLS_WRBC_SVW.fid-29e471e6_19f63eee063_2215", "geometry": {"type": "Point", "coordinates": [-120.92077, 56.2674]}, "geometry_name": "GEOMETRY", "properties": {"GW_WW_SYSID": 104149, "WELL_TAG_NUMBER": 108516, "IDENTIFICATION_PLATE_NUMBER": 38981, "STREET_ADDRESS": "271 Road", "CITY": "Fort St John", "LEGAL_LOT": null, "LEGAL_PLAN": null, "LEGAL_DISTRICT_LOT": null, "LEGAL_PID": null, "WELL_LOCATION_DESCRIPTION": "NOT PROVIDED", "COORDINATE_ACQUISITION_CODE": "H", "WELL_STATUS": "New", "WELL_CLASS": "Water Supply", "WELL_SUBCLASS": null, "INTENDED_WATER_USE": "Unknown Well Use", "WELL_DETAILS_URL": "https://apps.nrs.gov.bc.ca/gwells/well/108516", "LICENCE_STATUS": "Unlicensed", "AQUIFER_ID": null, "PERSON_RESPONSIBLE": " ", "COMPANY_OF_PERSON_RESPONSIBLE": "Anderson Water Serv", "FINISHED_WELL_DEPTH": 505, "TOTAL_DEPTH_DRILLED": 505, "BEDROCK_DEPTH": null, "YIELD": null, "YIELD_ESTIMATION_DURATION": null, "ARTESIAN_COND": "N", "ARTESIAN_FLOW": null, "ARTESIAN_PRESSURE": null, "STATIC_WATER_LEVEL": null, "DIAMETER": null, "FINAL_CASING_STICK_UP": 30, "GROUND_ELEVATION": 2311, "GROUND_ELEVATION_METHOD": "UNKNOWN", "SURFACE_SEAL_DEPTH": null, "SURFACE_SEAL_THICKNESS": 1.5, "SURFACE_SEAL_METHOD": "POURED", "SCREEN_INTAKE_METHOD": null, "WATER_SUPPLY_SYSTEM_NAME": null, "WATER_SUPPLY_SYSTEM_WELL_NAME": null, "CONSTRUCTION_START_DATE": "2013-06-17Z", "CONSTRUCTION_END_DATE": "2013-06-20Z", "ALTERATION_START_DATE": null, "ALTERATION_END_DATE": null, "DECOMMISSION_START_DATE": null, "DECOMMISSION_END_DATE": null, "DECOMMISSION_REASON": null, "OBSERVATION_WELL_NUMBER": null, "OBSERVATION_WELL_STATUS": null, "EMS_ID": null, "AQUIFER_MATERIAL": "Unknown", "OBJECTID": 122565499, "SE_ANNO_CAD_DATA": null}}, {"type": "Feature", "id": "WHSE_WATER_MANAGEMENT.GW_WATER_WELLS_WRBC_SVW.fid-29e471e6_19f63eee063_2216", "geometry": {"type": "Point", "coordinates": [-120.94213, 56.2685]}, "geometry_name": "GEOMETRY", "properties": {"GW_WW_SYSID": 117625, "WELL_TAG_NUMBER": 122585, "IDENTIFICATION_PLATE_NUMBER": 49811, "STREET_ADDRESS": null, "CITY": null, "LEGAL_LOT": "A", "LEGAL_PLAN": "24049", "LEGAL_DISTRICT_LOT": null, "LEGAL_PID": 8315272, "WELL_LOCATION_DESCRIPTION": null, "COORDINATE_ACQUISITION_CODE": "H", "WELL_STATUS": "New", "WELL_CLASS": "Water Supply", "WELL_SUBCLASS": "Not Applicable", "INTENDED_WATER_USE": "Commercial and Industrial", "WELL_DETAILS_URL": "https://apps.nrs.gov.bc.ca/gwells/well/122585", "LICENCE_STATUS": "Licensed", "AQUIFER_ID": 1271, "PERSON_RESPONSIBLE": " ", "COMPANY_OF_PERSON_RESPONSIBLE": null, "FINISHED_WELL_DEPTH": 115, "TOTAL_DEPTH_DRILLED": null, "BEDROCK_DEPTH": null, "YIELD": null, "YIELD_ESTIMATION_DURATION": null, "ARTESIAN_COND": "N", "ARTESIAN_FLOW": null, "ARTESIAN_PRESSURE": null, "STATIC_WATER_LEVEL": null, "DIAMETER": 8, "FINAL_CASING_STICK_UP": 3, "GROUND_ELEVATION": null, "GROUND_ELEVATION_METHOD": null, "SURFACE_SEAL_DEPTH": null, "SURFACE_SEAL_THICKNESS": null, "SURFACE_SEAL_METHOD": null, "SCREEN_INTAKE_METHOD": null, "WATER_SUPPLY_SYSTEM_NAME": null, "WATER_SUPPLY_SYSTEM_WELL_NAME": null, "CONSTRUCTION_START_DATE": "2014-05-01Z", "CONSTRUCTION_END_DATE": "2014-05-01Z", "ALTERATION_START_DATE": null, "ALTERATION_END_DATE": null, "DECOMMISSION_START_DATE": null, "DECOMMISSION_END_DATE": null, "DECOMMISSION_REASON": null, "OBSERVATION_WELL_NUMBER": null, "OBSERVATION_WELL_STATUS": null, "EMS_ID": null, "AQUIFER_MATERIAL": null, "OBJECTID": 122578975, "SE_ANNO_CAD_DATA": null}}, {"type": "Feature", "id": "WHSE_WATER_MANAGEMENT.GW_WATER_WELLS_WRBC_SVW.fid-29e471e6_19f63eee063_2217", "geometry": {"type": "Point", "coordinates": [-120.92568, 56.2682]}, "geometry_name": "GEOMETRY", "properties": {"GW_WW_SYSID": 125759, "WELL_TAG_NUMBER": 131043, "IDENTIFICATION_PLATE_NUMBER": 46533, "STREET_ADDRESS": "12471 271 Road", "CITY": "Fort St. John", "LEGAL_LOT": null, "LEGAL_PLAN": null, "LEGAL_DISTRICT_LOT": null, "LEGAL_PID": 5225621, "WELL_LOCATION_DESCRIPTION": null, "COORDINATE_ACQUISITION_CODE": "H", "WELL_STATUS": "New", "WELL_CLASS": "Water Supply", "WELL_SUBCLASS": "Not Applicable", "INTENDED_WATER_USE": "Private Domestic", "WELL_DETAILS_URL": "https://apps.nrs.gov.bc.ca/gwells/well/131043", "LICENCE_STATUS": "Unlicensed", "AQUIFER_ID": null, "PERSON_RESPONSIBLE": "William (Bill) Wiebe", "COMPANY_OF_PERSON_RESPONSIBLE": "Anderson Water Services Ltd.", "FINISHED_WELL_DEPTH": 198, "TOTAL_DEPTH_DRILLED": 148, "BEDROCK_DEPTH": 145, "YIELD": 10, "YIELD_ESTIMATION_DURATION": null, "ARTESIAN_COND": "N", "ARTESIAN_FLOW": null, "ARTESIAN_PRESSURE": null, "STATIC_WATER_LEVEL": 86.5, "DIAMETER": 6.625, "FINAL_CASING_STICK_UP": 30, "GROUND_ELEVATION": 2325, "GROUND_ELEVATION_METHOD": "GPS", "SURFACE_SEAL_DEPTH": 20, "SURFACE_SEAL_THICKNESS": 2, "SURFACE_SEAL_METHOD": null, "SCREEN_INTAKE_METHOD": null, "WATER_SUPPLY_SYSTEM_NAME": null, "WATER_SUPPLY_SYSTEM_WELL_NAME": null, "CONSTRUCTION_START_DATE": "2024-01-24Z", "CONSTRUCTION_END_DATE": "2024-01-24Z", "ALTERATION_START_DATE": null, "ALTERATION_END_DATE": null, "DECOMMISSION_START_DATE": null, "DECOMMISSION_END_DATE": null, "DECOMMISSION_REASON": null, "OBSERVATION_WELL_NUMBER": null, "OBSERVATION_WELL_STATUS": null, "EMS_ID": null, "AQUIFER_MATERIAL": null, "OBJECTID": 122587109, "SE_ANNO_CAD_DATA": null}}, {"type": "Feature", "id": "WHSE_WATER_MANAGEMENT.GW_WATER_WELLS_WRBC_SVW.fid-29e471e6_19f63eee063_2218", "geometry": {"type": "Point", "coordinates": [-120.937565, 56.269033]}, "geometry_name": "GEOMETRY", "properties": {"GW_WW_SYSID": 22072, "WELL_TAG_NUMBER": 22113, "IDENTIFICATION_PLATE_NUMBER": null, "STREET_ADDRESS": "W E RANCH", "CITY": " ", "LEGAL_LOT": " ", "LEGAL_PLAN": " ", "LEGAL_DISTRICT_LOT": " ", "LEGAL_PID": null, "WELL_LOCATION_DESCRIPTION": " ", "COORDINATE_ACQUISITION_CODE": "A", "WELL_STATUS": "New", "WELL_CLASS": "Water Supply", "WELL_SUBCLASS": null, "INTENDED_WATER_USE": "Private Domestic", "WELL_DETAILS_URL": "https://apps.nrs.gov.bc.ca/gwells/well/22113", "LICENCE_STATUS": "Unlicensed", "AQUIFER_ID": 1271, "PERSON_RESPONSIBLE": " ", "COMPANY_OF_PERSON_RESPONSIBLE": "Smith", "FINISHED_WELL_DEPTH": 105, "TOTAL_DEPTH_DRILLED": null, "BEDROCK_DEPTH": 90, "YIELD": 0, "YIELD_ESTIMATION_DURATION": null, "ARTESIAN_COND": "N", "ARTESIAN_FLOW": null, "ARTESIAN_PRESSURE": null, "STATIC_WATER_LEVEL": null, "DIAMETER": null, "FINAL_CASING_STICK_UP": null, "GROUND_ELEVATION": null, "GROUND_ELEVATION_METHOD": "UNKNOWN", "SURFACE_SEAL_DEPTH": null, "SURFACE_SEAL_THICKNESS": null, "SURFACE_SEAL_METHOD": null, "SCREEN_INTAKE_METHOD": null, "WATER_SUPPLY_SYSTEM_NAME": null, "WATER_SUPPLY_SYSTEM_WELL_NAME": null, "CONSTRUCTION_START_DATE": "1969-01-01Z", "CONSTRUCTION_END_DATE": "1969-01-01Z", "ALTERATION_START_DATE": null, "ALTERATION_END_DATE": null, "DECOMMISSION_START_DATE": null, "DECOMMISSION_END_DATE": null, "DECOMMISSION_REASON": null, "OBSERVATION_WELL_NUMBER": null, "OBSERVATION_WELL_STATUS": null, "EMS_ID": null, "AQUIFER_MATERIAL": "Bedrock", "OBJECTID": 122483422, "SE_ANNO_CAD_DATA": null}}, {"type": "Feature", "id": "WHSE_WATER_MANAGEMENT.GW_WATER_WELLS_WRBC_SVW.fid-29e471e6_19f63eee063_2219", "geometry": {"type": "Point", "coordinates": [-120.94486, 56.27008]}, "geometry_name": "GEOMETRY", "properties": {"GW_WW_SYSID": 124205, "WELL_TAG_NUMBER": 129421, "IDENTIFICATION_PLATE_NUMBER": 60320, "STREET_ADDRESS": "12605 Charlie Lake Front", "CITY": "Charlie Lake", "LEGAL_LOT": "4", "LEGAL_PLAN": "PGP25350", "LEGAL_DISTRICT_LOT": null, "LEGAL_PID": 6216064, "WELL_LOCATION_DESCRIPTION": null, "COORDINATE_ACQUISITION_CODE": "A", "WELL_STATUS": "New", "WELL_CLASS": "Water Supply", "WELL_SUBCLASS": "Not Applicable", "INTENDED_WATER_USE": "Commercial and Industrial", "WELL_DETAILS_URL": "https://apps.nrs.gov.bc.ca/gwells/well/129421", "LICENCE_STATUS": "Licensed", "AQUIFER_ID": 1271, "PERSON_RESPONSIBLE": " ", "COMPANY_OF_PERSON_RESPONSIBLE": null, "FINISHED_WELL_DEPTH": 213, "TOTAL_DEPTH_DRILLED": null, "BEDROCK_DEPTH": null, "YIELD": null, "YIELD_ESTIMATION_DURATION": null, "ARTESIAN_COND": "N", "ARTESIAN_FLOW": null, "ARTESIAN_PRESSURE": null, "STATIC_WATER_LEVEL": null, "DIAMETER": null, "FINAL_CASING_STICK_UP": null, "GROUND_ELEVATION": null, "GROUND_ELEVATION_METHOD": null, "SURFACE_SEAL_DEPTH": null, "SURFACE_SEAL_THICKNESS": null, "SURFACE_SEAL_METHOD": null, "SCREEN_INTAKE_METHOD": null, "WATER_SUPPLY_SYSTEM_NAME": null, "WATER_SUPPLY_SYSTEM_WELL_NAME": null, "CONSTRUCTION_START_DATE": null, "CONSTRUCTION_END_DATE": null, "ALTERATION_START_DATE": null, "ALTERATION_END_DATE": null, "DECOMMISSION_START_DATE": null, "DECOMMISSION_END_DATE": null, "DECOMMISSION_REASON": null, "OBSERVATION_WELL_NUMBER": null, "OBSERVATION_WELL_STATUS": null, "EMS_ID": null, "AQUIFER_MATERIAL": null, "OBJECTID": 122585555, "SE_ANNO_CAD_DATA": null}}, {"type": "Feature", "id": "WHSE_WATER_MANAGEMENT.GW_WATER_WELLS_WRBC_SVW.fid-29e471e6_19f63eee063_221a", "geometry": {"type": "Point", "coordinates": [-120.939675, 56.271243]}, "geometry_name": "GEOMETRY", "properties": {"GW_WW_SYSID": 19723, "WELL_TAG_NUMBER": 19761, "IDENTIFICATION_PLATE_NUMBER": null, "STREET_ADDRESS": " ", "CITY": " ", "LEGAL_LOT": " ", "LEGAL_PLAN": " ", "LEGAL_DISTRICT_LOT": " ", "LEGAL_PID": null, "WELL_LOCATION_DESCRIPTION": " ", "COORDINATE_ACQUISITION_CODE": "A", "WELL_STATUS": "New", "WELL_CLASS": "Water Supply", "WELL_SUBCLASS": null, "INTENDED_WATER_USE": "Private Domestic", "WELL_DETAILS_URL": "https://apps.nrs.gov.bc.ca/gwells/well/19761", "LICENCE_STATUS": "Unlicensed", "AQUIFER_ID": 1271, "PERSON_RESPONSIBLE": " ", "COMPANY_OF_PERSON_RESPONSIBLE": "Aqua Drilling", "FINISHED_WELL_DEPTH": 28, "TOTAL_DEPTH_DRILLED": null, "BEDROCK_DEPTH": 10, "YIELD": 0, "YIELD_ESTIMATION_DURATION": null, "ARTESIAN_COND": "N", "ARTESIAN_FLOW": null, "ARTESIAN_PRESSURE": null, "STATIC_WATER_LEVEL": 18, "DIAMETER": null, "FINAL_CASING_STICK_UP": null, "GROUND_ELEVATION": null, "GROUND_ELEVATION_METHOD": "UNKNOWN", "SURFACE_SEAL_DEPTH": null, "SURFACE_SEAL_THICKNESS": null, "SURFACE_SEAL_METHOD": null, "SCREEN_INTAKE_METHOD": null, "WATER_SUPPLY_SYSTEM_NAME": null, "WATER_SUPPLY_SYSTEM_WELL_NAME": null, "CONSTRUCTION_START_DATE": "1966-01-01Z", "CONSTRUCTION_END_DATE": "1966-01-01Z", "ALTERATION_START_DATE": null, "ALTERATION_END_DATE": null, "DECOMMISSION_START_DATE": null, "DECOMMISSION_END_DATE": null, "DECOMMISSION_REASON": null, "OBSERVATION_WELL_NUMBER": null, "OBSERVATION_WELL_STATUS": null, "EMS_ID": null, "AQUIFER_MATERIAL": "Bedrock", "OBJECTID": 122481073, "SE_ANNO_CAD_DATA": null}}, {"type": "Feature", "id": "WHSE_WATER_MANAGEMENT.GW_WATER_WELLS_WRBC_SVW.fid-29e471e6_19f63eee063_221b", "geometry": {"type": "Point", "coordinates": [-120.94803, 56.27188]}, "geometry_name": "GEOMETRY", "properties": {"GW_WW_SYSID": 107744, "WELL_TAG_NUMBER": 112240, "IDENTIFICATION_PLATE_NUMBER": 48502, "STREET_ADDRESS": "12633 Charlie Lake Frontage Rd", "CITY": "FORT ST JOHN", "LEGAL_LOT": "1", "LEGAL_PLAN": "18918", "LEGAL_DISTRICT_LOT": null, "LEGAL_PID": 10769277, "WELL_LOCATION_DESCRIPTION": "WEST OF THE 6TH MERIDIAN PEACE RIVER DISTRICT PLAN 18918", "COORDINATE_ACQUISITION_CODE": "H", "WELL_STATUS": "New", "WELL_CLASS": "Water Supply", "WELL_SUBCLASS": null, "INTENDED_WATER_USE": "Commercial and Industrial", "WELL_DETAILS_URL": "https://apps.nrs.gov.bc.ca/gwells/well/112240", "LICENCE_STATUS": "Licensed", "AQUIFER_ID": 1271, "PERSON_RESPONSIBLE": " ", "COMPANY_OF_PERSON_RESPONSIBLE": "Jacob's Water Wells", "FINISHED_WELL_DEPTH": 150, "TOTAL_DEPTH_DRILLED": 150, "BEDROCK_DEPTH": 130, "YIELD": 70, "YIELD_ESTIMATION_DURATION": 1, "ARTESIAN_COND": "N", "ARTESIAN_FLOW": null, "ARTESIAN_PRESSURE": null, "STATIC_WATER_LEVEL": 45, "DIAMETER": 6, "FINAL_CASING_STICK_UP": 30, "GROUND_ELEVATION": 2315, "GROUND_ELEVATION_METHOD": "GPS", "SURFACE_SEAL_DEPTH": 35, "SURFACE_SEAL_THICKNESS": 1, "SURFACE_SEAL_METHOD": "POURED", "SCREEN_INTAKE_METHOD": "SCREEN", "WATER_SUPPLY_SYSTEM_NAME": null, "WATER_SUPPLY_SYSTEM_WELL_NAME": "Shop well", "CONSTRUCTION_START_DATE": "2016-06-21Z", "CONSTRUCTION_END_DATE": "2016-06-24Z", "ALTERATION_START_DATE": null, "ALTERATION_END_DATE": null, "DECOMMISSION_START_DATE": null, "DECOMMISSION_END_DATE": null, "DECOMMISSION_REASON": null, "OBSERVATION_WELL_NUMBER": null, "OBSERVATION_WELL_STATUS": null, "EMS_ID": null, "AQUIFER_MATERIAL": "Unknown", "OBJECTID": 122569094, "SE_ANNO_CAD_DATA": null}}, {"type": "Feature", "id": "WHSE_WATER_MANAGEMENT.GW_WATER_WELLS_WRBC_SVW.fid-29e471e6_19f63eee063_221c", "geometry": {"type": "Point", "coordinates": [-120.93297, 56.27188]}, "geometry_name": "GEOMETRY", "properties": {"GW_WW_SYSID": 19722, "WELL_TAG_NUMBER": 19760, "IDENTIFICATION_PLATE_NUMBER": null, "STREET_ADDRESS": "12674 Rimrock Drive", "CITY": "Charlie Lake", "LEGAL_LOT": null, "LEGAL_PLAN": null, "LEGAL_DISTRICT_LOT": null, "LEGAL_PID": null, "WELL_LOCATION_DESCRIPTION": null, "COORDINATE_ACQUISITION_CODE": "A", "WELL_STATUS": "New", "WELL_CLASS": "Water Supply", "WELL_SUBCLASS": null, "INTENDED_WATER_USE": "Private Domestic", "WELL_DETAILS_URL": "https://apps.nrs.gov.bc.ca/gwells/well/19760", "LICENCE_STATUS": "Unlicensed", "AQUIFER_ID": 1271, "PERSON_RESPONSIBLE": " ", "COMPANY_OF_PERSON_RESPONSIBLE": "Aqua Drilling", "FINISHED_WELL_DEPTH": 38, "TOTAL_DEPTH_DRILLED": null, "BEDROCK_DEPTH": 10, "YIELD": 0, "YIELD_ESTIMATION_DURATION": null, "ARTESIAN_COND": "N", "ARTESIAN_FLOW": null, "ARTESIAN_PRESSURE": null, "STATIC_WATER_LEVEL": 8, "DIAMETER": null, "FINAL_CASING_STICK_UP": null, "GROUND_ELEVATION": null, "GROUND_ELEVATION_METHOD": "UNKNOWN", "SURFACE_SEAL_DEPTH": null, "SURFACE_SEAL_THICKNESS": null, "SURFACE_SEAL_METHOD": null, "SCREEN_INTAKE_METHOD": null, "WATER_SUPPLY_SYSTEM_NAME": null, "WATER_SUPPLY_SYSTEM_WELL_NAME": null, "CONSTRUCTION_START_DATE": "1966-01-01Z", "CONSTRUCTION_END_DATE": "1966-01-01Z", "ALTERATION_START_DATE": null, "ALTERATION_END_DATE": null, "DECOMMISSION_START_DATE": null, "DECOMMISSION_END_DATE": null, "DECOMMISSION_REASON": null, "OBSERVATION_WELL_NUMBER": null, "OBSERVATION_WELL_STATUS": null, "EMS_ID": null, "AQUIFER_MATERIAL": "Bedrock", "OBJECTID": 122481072, "SE_ANNO_CAD_DATA": null}}, {"type": "Feature", "id": "WHSE_WATER_MANAGEMENT.GW_WATER_WELLS_WRBC_SVW.fid-29e471e6_19f63eee063_221d", "geometry": {"type": "Point", "coordinates": [-120.940182, 56.27233]}, "geometry_name": "GEOMETRY", "properties": {"GW_WW_SYSID": 43201, "WELL_TAG_NUMBER": 43295, "IDENTIFICATION_PLATE_NUMBER": null, "STREET_ADDRESS": "FISH CREEK ROAD", "CITY": "SOUTH CHARLEY LAKE", "LEGAL_LOT": "15", "LEGAL_PLAN": "18213", "LEGAL_DISTRICT_LOT": " ", "LEGAL_PID": null, "WELL_LOCATION_DESCRIPTION": " ", "COORDINATE_ACQUISITION_CODE": "A", "WELL_STATUS": "New", "WELL_CLASS": "Water Supply", "WELL_SUBCLASS": null, "INTENDED_WATER_USE": "Private Domestic", "WELL_DETAILS_URL": "https://apps.nrs.gov.bc.ca/gwells/well/43295", "LICENCE_STATUS": "Unlicensed", "AQUIFER_ID": 451, "PERSON_RESPONSIBLE": " ", "COMPANY_OF_PERSON_RESPONSIBLE": "Bob's Water Drilling", "FINISHED_WELL_DEPTH": 72, "TOTAL_DEPTH_DRILLED": null, "BEDROCK_DEPTH": null, "YIELD": 0, "YIELD_ESTIMATION_DURATION": null, "ARTESIAN_COND": "N", "ARTESIAN_FLOW": null, "ARTESIAN_PRESSURE": null, "STATIC_WATER_LEVEL": 56, "DIAMETER": null, "FINAL_CASING_STICK_UP": null, "GROUND_ELEVATION": null, "GROUND_ELEVATION_METHOD": "UNKNOWN", "SURFACE_SEAL_DEPTH": null, "SURFACE_SEAL_THICKNESS": null, "SURFACE_SEAL_METHOD": null, "SCREEN_INTAKE_METHOD": null, "WATER_SUPPLY_SYSTEM_NAME": null, "WATER_SUPPLY_SYSTEM_WELL_NAME": null, "CONSTRUCTION_START_DATE": "1979-09-01Z", "CONSTRUCTION_END_DATE": "1979-09-01Z", "ALTERATION_START_DATE": null, "ALTERATION_END_DATE": null, "DECOMMISSION_START_DATE": null, "DECOMMISSION_END_DATE": null, "DECOMMISSION_REASON": null, "OBSERVATION_WELL_NUMBER": null, "OBSERVATION_WELL_STATUS": null, "EMS_ID": null, "AQUIFER_MATERIAL": "Unconsolidated", "OBJECTID": 122504551, "SE_ANNO_CAD_DATA": null}}, {"type": "Feature", "id": "WHSE_WATER_MANAGEMENT.GW_WATER_WELLS_WRBC_SVW.fid-29e471e6_19f63eee063_221e", "geometry": {"type": "Point", "coordinates": [-120.9462, 56.273]}, "geometry_name": "GEOMETRY", "properties": {"GW_WW_SYSID": 116818, "WELL_TAG_NUMBER": 121749, "IDENTIFICATION_PLATE_NUMBER": 45583, "STREET_ADDRESS": "12478 RIMROCK DRIVE", "CITY": "CHARLIE LAKE", "LEGAL_LOT": "6", "LEGAL_PLAN": "18213", "LEGAL_DISTRICT_LOT": null, "LEGAL_PID": 11203234, "WELL_LOCATION_DESCRIPTION": null, "COORDINATE_ACQUISITION_CODE": "H", "WELL_STATUS": "New", "WELL_CLASS": "Water Supply", "WELL_SUBCLASS": "Not Applicable", "INTENDED_WATER_USE": "Private Domestic", "WELL_DETAILS_URL": "https://apps.nrs.gov.bc.ca/gwells/well/121749", "LICENCE_STATUS": "Unlicensed", "AQUIFER_ID": 1271, "PERSON_RESPONSIBLE": "Bruce Haynes", "COMPANY_OF_PERSON_RESPONSIBLE": "Anderson Water Services Ltd.", "FINISHED_WELL_DEPTH": 93, "TOTAL_DEPTH_DRILLED": 93, "BEDROCK_DEPTH": 45, "YIELD": 20, "YIELD_ESTIMATION_DURATION": null, "ARTESIAN_COND": "N", "ARTESIAN_FLOW": null, "ARTESIAN_PRESSURE": null, "STATIC_WATER_LEVEL": 24, "DIAMETER": 6.625, "FINAL_CASING_STICK_UP": 24, "GROUND_ELEVATION": 2270, "GROUND_ELEVATION_METHOD": "GPS", "SURFACE_SEAL_DEPTH": 30, "SURFACE_SEAL_THICKNESS": null, "SURFACE_SEAL_METHOD": "POURED", "SCREEN_INTAKE_METHOD": null, "WATER_SUPPLY_SYSTEM_NAME": null, "WATER_SUPPLY_SYSTEM_WELL_NAME": null, "CONSTRUCTION_START_DATE": "2020-09-23Z", "CONSTRUCTION_END_DATE": "2020-09-23Z", "ALTERATION_START_DATE": null, "ALTERATION_END_DATE": null, "DECOMMISSION_START_DATE": null, "DECOMMISSION_END_DATE": null, "DECOMMISSION_REASON": null, "OBSERVATION_WELL_NUMBER": null, "OBSERVATION_WELL_STATUS": null, "EMS_ID": null, "AQUIFER_MATERIAL": null, "OBJECTID": 122578168, "SE_ANNO_CAD_DATA": null}}, {"type": "Feature", "id": "WHSE_WATER_MANAGEMENT.GW_WATER_WELLS_WRBC_SVW.fid-29e471e6_19f63eee063_221f", "geometry": {"type": "Point", "coordinates": [-120.941796, 56.272959]}, "geometry_name": "GEOMETRY", "properties": {"GW_WW_SYSID": 20402, "WELL_TAG_NUMBER": 20442, "IDENTIFICATION_PLATE_NUMBER": null, "STREET_ADDRESS": " ", "CITY": " ", "LEGAL_LOT": "2", "LEGAL_PLAN": "17484", "LEGAL_DISTRICT_LOT": " ", "LEGAL_PID": null, "WELL_LOCATION_DESCRIPTION": " ", "COORDINATE_ACQUISITION_CODE": "A", "WELL_STATUS": "New", "WELL_CLASS": "Water Supply", "WELL_SUBCLASS": null, "INTENDED_WATER_USE": "Private Domestic", "WELL_DETAILS_URL": "https://apps.nrs.gov.bc.ca/gwells/well/20442", "LICENCE_STATUS": "Unlicensed", "AQUIFER_ID": 1271, "PERSON_RESPONSIBLE": " ", "COMPANY_OF_PERSON_RESPONSIBLE": "Aqua Drilling", "FINISHED_WELL_DEPTH": 100, "TOTAL_DEPTH_DRILLED": null, "BEDROCK_DEPTH": 10, "YIELD": 7, "YIELD_ESTIMATION_DURATION": null, "ARTESIAN_COND": "N", "ARTESIAN_FLOW": null, "ARTESIAN_PRESSURE": null, "STATIC_WATER_LEVEL": null, "DIAMETER": null, "FINAL_CASING_STICK_UP": null, "GROUND_ELEVATION": null, "GROUND_ELEVATION_METHOD": "UNKNOWN", "SURFACE_SEAL_DEPTH": null, "SURFACE_SEAL_THICKNESS": null, "SURFACE_SEAL_METHOD": null, "SCREEN_INTAKE_METHOD": null, "WATER_SUPPLY_SYSTEM_NAME": null, "WATER_SUPPLY_SYSTEM_WELL_NAME": null, "CONSTRUCTION_START_DATE": "1967-01-01Z", "CONSTRUCTION_END_DATE": "1967-01-01Z", "ALTERATION_START_DATE": null, "ALTERATION_END_DATE": null, "DECOMMISSION_START_DATE": null, "DECOMMISSION_END_DATE": null, "DECOMMISSION_REASON": null, "OBSERVATION_WELL_NUMBER": null, "OBSERVATION_WELL_STATUS": null, "EMS_ID": null, "AQUIFER_MATERIAL": "Bedrock", "OBJECTID": 122481752, "SE_ANNO_CAD_DATA": null}}, {"type": "Feature", "id": "WHSE_WATER_MANAGEMENT.GW_WATER_WELLS_WRBC_SVW.fid-29e471e6_19f63eee063_2220", "geometry": {"type": "Point", "coordinates": [-120.94367, 56.27333]}, "geometry_name": "GEOMETRY", "properties": {"GW_WW_SYSID": 125237, "WELL_TAG_NUMBER": 130505, "IDENTIFICATION_PLATE_NUMBER": 71613, "STREET_ADDRESS": "12629 Butte Lane", "CITY": "Charlie Lake", "LEGAL_LOT": "A", "LEGAL_PLAN": "22254", "LEGAL_DISTRICT_LOT": null, "LEGAL_PID": 4351762, "WELL_LOCATION_DESCRIPTION": "West of the 6th Meridian", "COORDINATE_ACQUISITION_CODE": "A", "WELL_STATUS": "New", "WELL_CLASS": "Water Supply", "WELL_SUBCLASS": "Not Applicable", "INTENDED_WATER_USE": "Commercial and Industrial", "WELL_DETAILS_URL": "https://apps.nrs.gov.bc.ca/gwells/well/130505", "LICENCE_STATUS": "Licensed", "AQUIFER_ID": 1271, "PERSON_RESPONSIBLE": " ", "COMPANY_OF_PERSON_RESPONSIBLE": null, "FINISHED_WELL_DEPTH": null, "TOTAL_DEPTH_DRILLED": null, "BEDROCK_DEPTH": null, "YIELD": null, "YIELD_ESTIMATION_DURATION": null, "ARTESIAN_COND": "N", "ARTESIAN_FLOW": null, "ARTESIAN_PRESSURE": null, "STATIC_WATER_LEVEL": null, "DIAMETER": null, "FINAL_CASING_STICK_UP": null, "GROUND_ELEVATION": null, "GROUND_ELEVATION_METHOD": null, "SURFACE_SEAL_DEPTH": null, "SURFACE_SEAL_THICKNESS": null, "SURFACE_SEAL_METHOD": null, "SCREEN_INTAKE_METHOD": null, "WATER_SUPPLY_SYSTEM_NAME": null, "WATER_SUPPLY_SYSTEM_WELL_NAME": null, "CONSTRUCTION_START_DATE": null, "CONSTRUCTION_END_DATE": null, "ALTERATION_START_DATE": null, "ALTERATION_END_DATE": null, "DECOMMISSION_START_DATE": null, "DECOMMISSION_END_DATE": null, "DECOMMISSION_REASON": null, "OBSERVATION_WELL_NUMBER": null, "OBSERVATION_WELL_STATUS": null, "EMS_ID": null, "AQUIFER_MATERIAL": null, "OBJECTID": 122586587, "SE_ANNO_CAD_DATA": null}}, {"type": "Feature", "id": "WHSE_WATER_MANAGEMENT.GW_WATER_WELLS_WRBC_SVW.fid-29e471e6_19f63eee063_2221", "geometry": {"type": "Point", "coordinates": [-120.945654, 56.273598]}, "geometry_name": "GEOMETRY", "properties": {"GW_WW_SYSID": 38005, "WELL_TAG_NUMBER": 38087, "IDENTIFICATION_PLATE_NUMBER": null, "STREET_ADDRESS": " ", "CITY": " ", "LEGAL_LOT": "6", "LEGAL_PLAN": "18213", "LEGAL_DISTRICT_LOT": " ", "LEGAL_PID": null, "WELL_LOCATION_DESCRIPTION": " ", "COORDINATE_ACQUISITION_CODE": "A", "WELL_STATUS": "New", "WELL_CLASS": "Water Supply", "WELL_SUBCLASS": null, "INTENDED_WATER_USE": "Private Domestic", "WELL_DETAILS_URL": "https://apps.nrs.gov.bc.ca/gwells/well/38087", "LICENCE_STATUS": "Unlicensed", "AQUIFER_ID": 1271, "PERSON_RESPONSIBLE": " ", "COMPANY_OF_PERSON_RESPONSIBLE": "Bob's Water Drilling", "FINISHED_WELL_DEPTH": 34, "TOTAL_DEPTH_DRILLED": null, "BEDROCK_DEPTH": null, "YIELD": 6, "YIELD_ESTIMATION_DURATION": null, "ARTESIAN_COND": "N", "ARTESIAN_FLOW": null, "ARTESIAN_PRESSURE": null, "STATIC_WATER_LEVEL": 21, "DIAMETER": null, "FINAL_CASING_STICK_UP": null, "GROUND_ELEVATION": null, "GROUND_ELEVATION_METHOD": "UNKNOWN", "SURFACE_SEAL_DEPTH": null, "SURFACE_SEAL_THICKNESS": null, "SURFACE_SEAL_METHOD": null, "SCREEN_INTAKE_METHOD": null, "WATER_SUPPLY_SYSTEM_NAME": null, "WATER_SUPPLY_SYSTEM_WELL_NAME": null, "CONSTRUCTION_START_DATE": "1977-09-01Z", "CONSTRUCTION_END_DATE": "1977-09-01Z", "ALTERATION_START_DATE": null, "ALTERATION_END_DATE": null, "DECOMMISSION_START_DATE": null, "DECOMMISSION_END_DATE": null, "DECOMMISSION_REASON": null, "OBSERVATION_WELL_NUMBER": null, "OBSERVATION_WELL_STATUS": null, "EMS_ID": null, "AQUIFER_MATERIAL": "Unconsolidated", "OBJECTID": 122499355, "SE_ANNO_CAD_DATA": null}}, {"type": "Feature", "id": "WHSE_WATER_MANAGEMENT.GW_WATER_WELLS_WRBC_SVW.fid-29e471e6_19f63eee063_2222", "geometry": {"type": "Point", "coordinates": [-120.93234, 56.273364]}, "geometry_name": "GEOMETRY", "properties": {"GW_WW_SYSID": 107166, "WELL_TAG_NUMBER": 111649, "IDENTIFICATION_PLATE_NUMBER": 47033, "STREET_ADDRESS": "12531 244 Rd", "CITY": "Fort St John", "LEGAL_LOT": " ", "LEGAL_PLAN": " ", "LEGAL_DISTRICT_LOT": " ", "LEGAL_PID": null, "WELL_LOCATION_DESCRIPTION": "110 south west of house", "COORDINATE_ACQUISITION_CODE": "H", "WELL_STATUS": "New", "WELL_CLASS": "Water Supply", "WELL_SUBCLASS": "Not Applicable", "INTENDED_WATER_USE": "Unknown Well Use", "WELL_DETAILS_URL": "https://apps.nrs.gov.bc.ca/gwells/well/111649", "LICENCE_STATUS": "Unlicensed", "AQUIFER_ID": 1271, "PERSON_RESPONSIBLE": " ", "COMPANY_OF_PERSON_RESPONSIBLE": "Clear Blue Water Sys", "FINISHED_WELL_DEPTH": 275, "TOTAL_DEPTH_DRILLED": 275, "BEDROCK_DEPTH": 6, "YIELD": 12, "YIELD_ESTIMATION_DURATION": 1, "ARTESIAN_COND": "N", "ARTESIAN_FLOW": null, "ARTESIAN_PRESSURE": null, "STATIC_WATER_LEVEL": 146, "DIAMETER": null, "FINAL_CASING_STICK_UP": 18, "GROUND_ELEVATION": null, "GROUND_ELEVATION_METHOD": "UNKNOWN", "SURFACE_SEAL_DEPTH": 16.4, "SURFACE_SEAL_THICKNESS": 2, "SURFACE_SEAL_METHOD": "POURED", "SCREEN_INTAKE_METHOD": null, "WATER_SUPPLY_SYSTEM_NAME": null, "WATER_SUPPLY_SYSTEM_WELL_NAME": null, "CONSTRUCTION_START_DATE": "2016-07-08Z", "CONSTRUCTION_END_DATE": "2016-07-09Z", "ALTERATION_START_DATE": null, "ALTERATION_END_DATE": null, "DECOMMISSION_START_DATE": null, "DECOMMISSION_END_DATE": null, "DECOMMISSION_REASON": null, "OBSERVATION_WELL_NUMBER": null, "OBSERVATION_WELL_STATUS": null, "EMS_ID": null, "AQUIFER_MATERIAL": "Unknown", "OBJECTID": 122568516, "SE_ANNO_CAD_DATA": null}}, {"type": "Feature", "id": "WHSE_WATER_MANAGEMENT.GW_WATER_WELLS_WRBC_SVW.fid-29e471e6_19f63eee063_2223", "geometry": {"type": "Point", "coordinates": [-120.947501, 56.274105]}, "geometry_name": "GEOMETRY", "properties": {"GW_WW_SYSID": 36409, "WELL_TAG_NUMBER": 36489, "IDENTIFICATION_PLATE_NUMBER": null, "STREET_ADDRESS": " ", "CITY": " ", "LEGAL_LOT": "3", "LEGAL_PLAN": "18213", "LEGAL_DISTRICT_LOT": " ", "LEGAL_PID": null, "WELL_LOCATION_DESCRIPTION": " ", "COORDINATE_ACQUISITION_CODE": "A", "WELL_STATUS": "New", "WELL_CLASS": "Water Supply", "WELL_SUBCLASS": null, "INTENDED_WATER_USE": "Private Domestic", "WELL_DETAILS_URL": "https://apps.nrs.gov.bc.ca/gwells/well/36489", "LICENCE_STATUS": "Unlicensed", "AQUIFER_ID": 1271, "PERSON_RESPONSIBLE": " ", "COMPANY_OF_PERSON_RESPONSIBLE": "Bob's Water Drilling", "FINISHED_WELL_DEPTH": 101, "TOTAL_DEPTH_DRILLED": null, "BEDROCK_DEPTH": 99, "YIELD": 15, "YIELD_ESTIMATION_DURATION": null, "ARTESIAN_COND": "N", "ARTESIAN_FLOW": null, "ARTESIAN_PRESSURE": null, "STATIC_WATER_LEVEL": 50, "DIAMETER": null, "FINAL_CASING_STICK_UP": null, "GROUND_ELEVATION": null, "GROUND_ELEVATION_METHOD": "UNKNOWN", "SURFACE_SEAL_DEPTH": null, "SURFACE_SEAL_THICKNESS": null, "SURFACE_SEAL_METHOD": null, "SCREEN_INTAKE_METHOD": null, "WATER_SUPPLY_SYSTEM_NAME": null, "WATER_SUPPLY_SYSTEM_WELL_NAME": null, "CONSTRUCTION_START_DATE": "1977-01-01Z", "CONSTRUCTION_END_DATE": "1977-01-01Z", "ALTERATION_START_DATE": null, "ALTERATION_END_DATE": null, "DECOMMISSION_START_DATE": null, "DECOMMISSION_END_DATE": null, "DECOMMISSION_REASON": null, "OBSERVATION_WELL_NUMBER": null, "OBSERVATION_WELL_STATUS": null, "EMS_ID": null, "AQUIFER_MATERIAL": "Bedrock", "OBJECTID": 122497759, "SE_ANNO_CAD_DATA": null}}, {"type": "Feature", "id": "WHSE_WATER_MANAGEMENT.GW_WATER_WELLS_WRBC_SVW.fid-29e471e6_19f63eee063_2224", "geometry": {"type": "Point", "coordinates": [-120.933089, 56.273874]}, "geometry_name": "GEOMETRY", "properties": {"GW_WW_SYSID": 22073, "WELL_TAG_NUMBER": 22114, "IDENTIFICATION_PLATE_NUMBER": null, "STREET_ADDRESS": " ", "CITY": " ", "LEGAL_LOT": " ", "LEGAL_PLAN": " ", "LEGAL_DISTRICT_LOT": " ", "LEGAL_PID": null, "WELL_LOCATION_DESCRIPTION": " ", "COORDINATE_ACQUISITION_CODE": "A", "WELL_STATUS": "New", "WELL_CLASS": "Water Supply", "WELL_SUBCLASS": null, "INTENDED_WATER_USE": "Private Domestic", "WELL_DETAILS_URL": "https://apps.nrs.gov.bc.ca/gwells/well/22114", "LICENCE_STATUS": "Unlicensed", "AQUIFER_ID": 451, "PERSON_RESPONSIBLE": " ", "COMPANY_OF_PERSON_RESPONSIBLE": "Rapid Drilling Ltd.", "FINISHED_WELL_DEPTH": 132, "TOTAL_DEPTH_DRILLED": null, "BEDROCK_DEPTH": null, "YIELD": 0, "YIELD_ESTIMATION_DURATION": null, "ARTESIAN_COND": "N", "ARTESIAN_FLOW": null, "ARTESIAN_PRESSURE": null, "STATIC_WATER_LEVEL": null, "DIAMETER": null, "FINAL_CASING_STICK_UP": null, "GROUND_ELEVATION": null, "GROUND_ELEVATION_METHOD": "UNKNOWN", "SURFACE_SEAL_DEPTH": null, "SURFACE_SEAL_THICKNESS": null, "SURFACE_SEAL_METHOD": null, "SCREEN_INTAKE_METHOD": null, "WATER_SUPPLY_SYSTEM_NAME": null, "WATER_SUPPLY_SYSTEM_WELL_NAME": null, "CONSTRUCTION_START_DATE": "1969-01-01Z", "CONSTRUCTION_END_DATE": "1969-01-01Z", "ALTERATION_START_DATE": null, "ALTERATION_END_DATE": null, "DECOMMISSION_START_DATE": null, "DECOMMISSION_END_DATE": null, "DECOMMISSION_REASON": null, "OBSERVATION_WELL_NUMBER": null, "OBSERVATION_WELL_STATUS": null, "EMS_ID": null, "AQUIFER_MATERIAL": "Bedrock", "OBJECTID": 122483423, "SE_ANNO_CAD_DATA": null}}, {"type": "Feature", "id": "WHSE_WATER_MANAGEMENT.GW_WATER_WELLS_WRBC_SVW.fid-29e471e6_19f63eee063_2225", "geometry": {"type": "Point", "coordinates": [-120.9299, 56.2738]}, "geometry_name": "GEOMETRY", "properties": {"GW_WW_SYSID": 106705, "WELL_TAG_NUMBER": 111173, "IDENTIFICATION_PLATE_NUMBER": null, "STREET_ADDRESS": "12519 244 ROAD", "CITY": "CHARLIE LAKE", "LEGAL_LOT": "2", "LEGAL_PLAN": null, "LEGAL_DISTRICT_LOT": null, "LEGAL_PID": 29641136, "WELL_LOCATION_DESCRIPTION": "NOT PROVIDED", "COORDINATE_ACQUISITION_CODE": "H", "WELL_STATUS": "Abandoned", "WELL_CLASS": "Water Supply", "WELL_SUBCLASS": "Not Applicable", "INTENDED_WATER_USE": "Other", "WELL_DETAILS_URL": "https://apps.nrs.gov.bc.ca/gwells/well/111173", "LICENCE_STATUS": "Unlicensed", "AQUIFER_ID": null, "PERSON_RESPONSIBLE": " ", "COMPANY_OF_PERSON_RESPONSIBLE": null, "FINISHED_WELL_DEPTH": 440, "TOTAL_DEPTH_DRILLED": 440, "BEDROCK_DEPTH": 30, "YIELD": null, "YIELD_ESTIMATION_DURATION": null, "ARTESIAN_COND": "N", "ARTESIAN_FLOW": null, "ARTESIAN_PRESSURE": null, "STATIC_WATER_LEVEL": null, "DIAMETER": 6.63, "FINAL_CASING_STICK_UP": 12, "GROUND_ELEVATION": null, "GROUND_ELEVATION_METHOD": "UNKNOWN", "SURFACE_SEAL_DEPTH": 30, "SURFACE_SEAL_THICKNESS": 0, "SURFACE_SEAL_METHOD": "POURED", "SCREEN_INTAKE_METHOD": null, "WATER_SUPPLY_SYSTEM_NAME": null, "WATER_SUPPLY_SYSTEM_WELL_NAME": null, "CONSTRUCTION_START_DATE": "2015-08-26Z", "CONSTRUCTION_END_DATE": "2015-08-26Z", "ALTERATION_START_DATE": null, "ALTERATION_END_DATE": null, "DECOMMISSION_START_DATE": null, "DECOMMISSION_END_DATE": null, "DECOMMISSION_REASON": null, "OBSERVATION_WELL_NUMBER": null, "OBSERVATION_WELL_STATUS": null, "EMS_ID": null, "AQUIFER_MATERIAL": "Unknown", "OBJECTID": 122568055, "SE_ANNO_CAD_DATA": null}}, {"type": "Feature", "id": "WHSE_WATER_MANAGEMENT.GW_WATER_WELLS_WRBC_SVW.fid-29e471e6_19f63eee063_2226", "geometry": {"type": "Point", "coordinates": [-120.96797, 56.273409]}, "geometry_name": "GEOMETRY", "properties": {"GW_WW_SYSID": 19612, "WELL_TAG_NUMBER": 19650, "IDENTIFICATION_PLATE_NUMBER": null, "STREET_ADDRESS": " ", "CITY": " ", "LEGAL_LOT": "2", "LEGAL_PLAN": "17292", "LEGAL_DISTRICT_LOT": " ", "LEGAL_PID": null, "WELL_LOCATION_DESCRIPTION": " ", "COORDINATE_ACQUISITION_CODE": "A", "WELL_STATUS": "New", "WELL_CLASS": "Unknown", "WELL_SUBCLASS": null, "INTENDED_WATER_USE": "Unknown Well Use", "WELL_DETAILS_URL": "https://apps.nrs.gov.bc.ca/gwells/well/19650", "LICENCE_STATUS": "Unlicensed", "AQUIFER_ID": null, "PERSON_RESPONSIBLE": " ", "COMPANY_OF_PERSON_RESPONSIBLE": "Aqua Drilling", "FINISHED_WELL_DEPTH": 0, "TOTAL_DEPTH_DRILLED": null, "BEDROCK_DEPTH": null, "YIELD": 0, "YIELD_ESTIMATION_DURATION": null, "ARTESIAN_COND": "N", "ARTESIAN_FLOW": null, "ARTESIAN_PRESSURE": null, "STATIC_WATER_LEVEL": null, "DIAMETER": null, "FINAL_CASING_STICK_UP": null, "GROUND_ELEVATION": null, "GROUND_ELEVATION_METHOD": "UNKNOWN", "SURFACE_SEAL_DEPTH": null, "SURFACE_SEAL_THICKNESS": null, "SURFACE_SEAL_METHOD": null, "SCREEN_INTAKE_METHOD": null, "WATER_SUPPLY_SYSTEM_NAME": null, "WATER_SUPPLY_SYSTEM_WELL_NAME": null, "CONSTRUCTION_START_DATE": "1966-01-01Z", "CONSTRUCTION_END_DATE": "1966-01-01Z", "ALTERATION_START_DATE": null, "ALTERATION_END_DATE": null, "DECOMMISSION_START_DATE": null, "DECOMMISSION_END_DATE": null, "DECOMMISSION_REASON": null, "OBSERVATION_WELL_NUMBER": null, "OBSERVATION_WELL_STATUS": null, "EMS_ID": null, "AQUIFER_MATERIAL": "Unconsolidated", "OBJECTID": 122480962, "SE_ANNO_CAD_DATA": null}}, {"type": "Feature", "id": "WHSE_WATER_MANAGEMENT.GW_WATER_WELLS_WRBC_SVW.fid-29e471e6_19f63eee063_2227", "geometry": {"type": "Point", "coordinates": [-120.955493, 56.273554]}, "geometry_name": "GEOMETRY", "properties": {"GW_WW_SYSID": 21173, "WELL_TAG_NUMBER": 21213, "IDENTIFICATION_PLATE_NUMBER": null, "STREET_ADDRESS": " ", "CITY": " ", "LEGAL_LOT": "1", "LEGAL_PLAN": "6098", "LEGAL_DISTRICT_LOT": " ", "LEGAL_PID": null, "WELL_LOCATION_DESCRIPTION": " ", "COORDINATE_ACQUISITION_CODE": "A", "WELL_STATUS": "New", "WELL_CLASS": "Unknown", "WELL_SUBCLASS": null, "INTENDED_WATER_USE": "Unknown Well Use", "WELL_DETAILS_URL": "https://apps.nrs.gov.bc.ca/gwells/well/21213", "LICENCE_STATUS": "Unlicensed", "AQUIFER_ID": 444, "PERSON_RESPONSIBLE": " ", "COMPANY_OF_PERSON_RESPONSIBLE": "Rapid Drilling Ltd.", "FINISHED_WELL_DEPTH": 150, "TOTAL_DEPTH_DRILLED": null, "BEDROCK_DEPTH": null, "YIELD": null, "YIELD_ESTIMATION_DURATION": null, "ARTESIAN_COND": "N", "ARTESIAN_FLOW": null, "ARTESIAN_PRESSURE": null, "STATIC_WATER_LEVEL": null, "DIAMETER": null, "FINAL_CASING_STICK_UP": null, "GROUND_ELEVATION": null, "GROUND_ELEVATION_METHOD": "UNKNOWN", "SURFACE_SEAL_DEPTH": null, "SURFACE_SEAL_THICKNESS": null, "SURFACE_SEAL_METHOD": null, "SCREEN_INTAKE_METHOD": null, "WATER_SUPPLY_SYSTEM_NAME": null, "WATER_SUPPLY_SYSTEM_WELL_NAME": null, "CONSTRUCTION_START_DATE": "1968-01-01Z", "CONSTRUCTION_END_DATE": "1968-01-01Z", "ALTERATION_START_DATE": null, "ALTERATION_END_DATE": null, "DECOMMISSION_START_DATE": null, "DECOMMISSION_END_DATE": null, "DECOMMISSION_REASON": null, "OBSERVATION_WELL_NUMBER": null, "OBSERVATION_WELL_STATUS": null, "EMS_ID": null, "AQUIFER_MATERIAL": "Unconsolidated", "OBJECTID": 122482523, "SE_ANNO_CAD_DATA": null}}, {"type": "Feature", "id": "WHSE_WATER_MANAGEMENT.GW_WATER_WELLS_WRBC_SVW.fid-29e471e6_19f63eee063_2228", "geometry": {"type": "Point", "coordinates": [-120.955323, 56.273704]}, "geometry_name": "GEOMETRY", "properties": {"GW_WW_SYSID": 21172, "WELL_TAG_NUMBER": 21212, "IDENTIFICATION_PLATE_NUMBER": null, "STREET_ADDRESS": " ", "CITY": " ", "LEGAL_LOT": "1", "LEGAL_PLAN": "6098", "LEGAL_DISTRICT_LOT": " ", "LEGAL_PID": null, "WELL_LOCATION_DESCRIPTION": " ", "COORDINATE_ACQUISITION_CODE": "A", "WELL_STATUS": "New", "WELL_CLASS": "Water Supply", "WELL_SUBCLASS": null, "INTENDED_WATER_USE": "Private Domestic", "WELL_DETAILS_URL": "https://apps.nrs.gov.bc.ca/gwells/well/21212", "LICENCE_STATUS": "Unlicensed", "AQUIFER_ID": null, "PERSON_RESPONSIBLE": " ", "COMPANY_OF_PERSON_RESPONSIBLE": "Siluch's Rat Hole Drilling", "FINISHED_WELL_DEPTH": 40, "TOTAL_DEPTH_DRILLED": null, "BEDROCK_DEPTH": null, "YIELD": 0, "YIELD_ESTIMATION_DURATION": null, "ARTESIAN_COND": "N", "ARTESIAN_FLOW": null, "ARTESIAN_PRESSURE": null, "STATIC_WATER_LEVEL": null, "DIAMETER": null, "FINAL_CASING_STICK_UP": null, "GROUND_ELEVATION": null, "GROUND_ELEVATION_METHOD": "UNKNOWN", "SURFACE_SEAL_DEPTH": null, "SURFACE_SEAL_THICKNESS": null, "SURFACE_SEAL_METHOD": null, "SCREEN_INTAKE_METHOD": null, "WATER_SUPPLY_SYSTEM_NAME": null, "WATER_SUPPLY_SYSTEM_WELL_NAME": null, "CONSTRUCTION_START_DATE": "1968-01-01Z", "CONSTRUCTION_END_DATE": "1968-01-01Z", "ALTERATION_START_DATE": null, "ALTERATION_END_DATE": null, "DECOMMISSION_START_DATE": null, "DECOMMISSION_END_DATE": null, "DECOMMISSION_REASON": null, "OBSERVATION_WELL_NUMBER": null, "OBSERVATION_WELL_STATUS": null, "EMS_ID": null, "AQUIFER_MATERIAL": "Unconsolidated", "OBJECTID": 122482522, "SE_ANNO_CAD_DATA": null}}, {"type": "Feature", "id": "WHSE_WATER_MANAGEMENT.GW_WATER_WELLS_WRBC_SVW.fid-29e471e6_19f63eee063_2229", "geometry": {"type": "Point", "coordinates": [-120.963834, 56.274653]}, "geometry_name": "GEOMETRY", "properties": {"GW_WW_SYSID": 11867, "WELL_TAG_NUMBER": 11885, "IDENTIFICATION_PLATE_NUMBER": null, "STREET_ADDRESS": " ", "CITY": " ", "LEGAL_LOT": "4", "LEGAL_PLAN": "18546", "LEGAL_DISTRICT_LOT": " ", "LEGAL_PID": null, "WELL_LOCATION_DESCRIPTION": " ", "COORDINATE_ACQUISITION_CODE": "A", "WELL_STATUS": "New", "WELL_CLASS": "Water Supply", "WELL_SUBCLASS": null, "INTENDED_WATER_USE": "Private Domestic", "WELL_DETAILS_URL": "https://apps.nrs.gov.bc.ca/gwells/well/11885", "LICENCE_STATUS": "Unlicensed", "AQUIFER_ID": 444, "PERSON_RESPONSIBLE": " ", "COMPANY_OF_PERSON_RESPONSIBLE": "Bob's Water Drilling", "FINISHED_WELL_DEPTH": 81, "TOTAL_DEPTH_DRILLED": null, "BEDROCK_DEPTH": null, "YIELD": 10, "YIELD_ESTIMATION_DURATION": null, "ARTESIAN_COND": "N", "ARTESIAN_FLOW": null, "ARTESIAN_PRESSURE": null, "STATIC_WATER_LEVEL": 60, "DIAMETER": null, "FINAL_CASING_STICK_UP": null, "GROUND_ELEVATION": null, "GROUND_ELEVATION_METHOD": "UNKNOWN", "SURFACE_SEAL_DEPTH": null, "SURFACE_SEAL_THICKNESS": null, "SURFACE_SEAL_METHOD": null, "SCREEN_INTAKE_METHOD": null, "WATER_SUPPLY_SYSTEM_NAME": null, "WATER_SUPPLY_SYSTEM_WELL_NAME": null, "CONSTRUCTION_START_DATE": "1950-01-01Z", "CONSTRUCTION_END_DATE": "1950-01-01Z", "ALTERATION_START_DATE": null, "ALTERATION_END_DATE": null, "DECOMMISSION_START_DATE": null, "DECOMMISSION_END_DATE": null, "DECOMMISSION_REASON": null, "OBSERVATION_WELL_NUMBER": null, "OBSERVATION_WELL_STATUS": null, "EMS_ID": null, "AQUIFER_MATERIAL": "Unconsolidated", "OBJECTID": 122473217, "SE_ANNO_CAD_DATA": null}}], "totalFeatures": 2713, "numberMatched": 2713, "numberReturned": 500, "timeStamp": "2026-07-15T05:58:58.509Z", "crs": {"type": "name", "properties": {"name": "urn:ogc:def:crs:EPSG::4326"}}}