{
"type": "FeatureCollection",
"name": "provinces",
"crs": { "type": "name", "properties": { "name": "urn:ogc:def:crs:OGC:1.3:CRS84" } },
"features": [
{ "type": "Feature", "properties": { "NAME_1": "Azad Kashmir" }, "geometry": { "type": "Polygon", "coordinates": [ [ [ 73.820159913000168, 33.017311097000061 ], [ 73.788169861000085, 33.007366181000179 ], [ 73.762054443000181, 32.975749970000038 ], [ 73.743797302000132, 33.034973145000151 ], [ 73.67961120700005, 33.083080292000034 ], [ 73.606842042000153, 33.088623047000056 ], [ 73.581268311000031, 33.120113372000105 ], [ 73.605827332, 33.218116760000044 ], [ 73.538993835000099, 33.39458465600012 ], [ 73.582992554000157, 33.463974 ], [ 73.575263977000077, 33.508419038000056 ], [ 73.596603393, 33.544052125000064 ], [ 73.536727904000088, 33.657295227000077 ], [ 73.562568665000072, 33.751102447000108 ], [ 73.524253845000146, 33.812259675000121 ], [ 73.540992737000067, 33.90690612800006 ], [ 73.491630554000153, 33.983322144000169 ], [ 73.513137816000096, 34.041603090000081 ], [ 73.478218078000054, 34.221958160999975 ], [ 73.399154663000047, 34.357498170000042 ], [ 73.448318481000172, 34.56304931700015 ], [ 73.581665040000132, 34.587768555000139 ], [ 73.641098022000108, 34.566940307000039 ], [ 73.674423219000118, 34.6458282480001 ], [ 73.663604737000071, 34.694435121000083 ], [ 73.703598023000154, 34.724708557000099 ], [ 73.726379394000105, 34.775268554000036 ], [ 73.833877563000044, 34.826942445000157 ], [ 73.90776062000009, 34.826660157000049 ], [ 73.983047486000032, 34.867492675999983 ], [ 74.051651001000096, 34.955551147000165 ], [ 74.0558166510001, 34.996101379000152 ], [ 74.085266113000159, 35.018325806000178 ], [ 74.06219482500012, 35.060546874000181 ], [ 74.065811156999985, 35.089988709000068 ], [ 74.115814210000053, 35.123046875000057 ], [ 74.203376770000148, 35.140918733000149 ], [ 74.355659484000171, 35.132583618000183 ], [ 74.421058655000138, 35.115001679000159 ], [ 74.447715760000108, 35.084400177000191 ], [ 74.488945007000041, 35.078937531000122 ], [ 74.638595582000164, 35.154968261000135 ], [ 74.706069946000127, 35.097061157999974 ], [ 74.815132142000095, 35.04671096800007 ], [ 74.793922425000119, 35.001361848000101 ], [ 74.791412353000112, 34.914779664000093 ], [ 74.809814453000172, 34.941112518000011 ], [ 74.84243011600006, 34.933944702000076 ], [ 74.904129029000103, 34.888828278000176 ], [ 75.010948180000184, 34.862075806000178 ], [ 75.065475465000077, 34.79719924900013 ], [ 75.178390504000049, 34.870960235000098 ], [ 75.189979554000047, 34.854667664000033 ], [ 75.208686828000168, 34.859066010000163 ], [ 75.258445740000184, 34.90684509200014 ], [ 75.359031678000122, 34.782356263 ], [ 75.344352723000156, 34.679668427000081 ], [ 75.35387420700016, 34.643795012999988 ], [ 75.396026612000071, 34.590541840000185 ], [ 75.436134339000091, 34.577144623000038 ], [ 75.464637757, 34.54338836800008 ], [ 75.35054779100011, 34.562240601000042 ], [ 75.261856080000086, 34.610881806000179 ], [ 75.266059875, 34.63954925600018 ], [ 75.249710083000082, 34.647312165000073 ], [ 75.142295837000063, 34.662410736000083 ], [ 75.018745423000041, 34.641498566000166 ], [ 74.910507203000066, 34.683208465000064 ], [ 74.72807312000009, 34.688583374000075 ], [ 74.671302795000031, 34.70069885200013 ], [ 74.580177306999985, 34.770099639000193 ], [ 74.375541688000169, 34.803443909000066 ], [ 74.341262817000143, 34.78969192500017 ], [ 74.307296753000173, 34.800304412000116 ], [ 74.279747009000118, 34.768268586000147 ], [ 74.141792297000165, 34.691200257000162 ], [ 74.049133300000051, 34.684959412000069 ], [ 74.012893677000136, 34.709854125999982 ], [ 73.941558837000173, 34.677200318000075 ], [ 73.927330017000031, 34.645889283000088 ], [ 73.948066712000127, 34.573089600000174 ], [ 73.895339966000051, 34.546669007 ], [ 73.886688233000143, 34.514999390000071 ], [ 73.898742675000108, 34.49576950200003 ], [ 73.77698516800001, 34.416301728 ], [ 73.763221740000063, 34.359630585000161 ], [ 73.841751100000067, 34.338321686000029 ], [ 73.89940643400007, 34.359813691000056 ], [ 73.976226806000057, 34.264808654000149 ], [ 73.976577758000133, 34.211803436000082 ], [ 73.904083253000067, 34.122249604000103 ], [ 73.883216858000083, 34.049949646000016 ], [ 73.898170471000014, 34.03282165600001 ], [ 74.00607299700016, 34.022441864000086 ], [ 74.123695374000022, 34.055179596000016 ], [ 74.214675902000124, 34.038555145000032 ], [ 74.248687744000165, 34.013820648000149 ], [ 74.262741089000087, 33.974288941000168 ], [ 74.261123656000109, 33.92479705900007 ], [ 74.219673156000056, 33.867176056000119 ], [ 74.143341065000072, 33.830139161000147 ], [ 74.065727235000168, 33.820098878000124 ], [ 73.956253053000069, 33.720291138000107 ], [ 74.028442383000197, 33.57468032800017 ], [ 74.095710755000141, 33.57039642400008 ], [ 74.187072754000098, 33.455520629000091 ], [ 74.170745849000014, 33.346649170000035 ], [ 74.102981568000189, 33.270542146000082 ], [ 74.020301819000053, 33.258781432999967 ], [ 74.014274597000167, 33.1982498160001 ], [ 74.111701965000066, 33.16444015400009 ], [ 74.176246644000173, 33.107151032000161 ], [ 74.20524597300016, 33.043300630000033 ], [ 74.254966735000039, 33.048774719000107 ], [ 74.349830628000177, 33.016250610000156 ], [ 74.353179932000046, 32.98313140800002 ], [ 74.318031311000141, 32.919700623000097 ], [ 74.413894653000114, 32.903949738000108 ], [ 74.430061340000066, 32.844654084000069 ], [ 74.471954346000132, 32.778362275000177 ], [ 74.388038636000147, 32.80344772300009 ], [ 74.311538696000014, 32.785964966000108 ], [ 74.253395081, 32.846275330000083 ], [ 74.183486938000044, 32.86569595300017 ], [ 74.144027709000056, 32.900188446000072 ], [ 74.030570983000132, 32.927944184000125 ], [ 74.0064620980001, 32.948276520000036 ], [ 73.96382140999998, 32.943370820000041 ], [ 73.926002503000177, 33.001506806000066 ], [ 73.89191436800013, 32.995540619000167 ], [ 73.820159913000168, 33.017311097000061 ] ] ] } },
{ "type": "Feature", "properties": { "NAME_1": "Balochistan" }, "geometry": { "type": "MultiPolygon", "coordinates": [ [ [ [ 63.827640999000096, 25.121804999000176 ], [ 63.866528, 25.124861001000113 ], [ 63.825974000000144, 25.117640000000108 ], [ 63.827640999000096, 25.121804999000176 ] ] ], [ [ [ 61.743195, 25.13986 ], [ 61.740139, 25.132917 ], [ 61.740417, 25.138472000000149 ], [ 61.743195, 25.13986 ] ] ], [ [ [ 64.092636, 25.323195 ], [ 64.095695, 25.322083 ], [ 64.092087000000106, 25.322083 ], [ 64.092636, 25.323195 ] ] ], [ [ [ 64.099861, 25.325972000000149 ], [ 64.100693, 25.325138 ], [ 64.096802000000139, 25.322918 ], [ 64.099861, 25.325972000000149 ] ] ], [ [ [ 66.568474, 25.42597400000011 ], [ 66.570137000000159, 25.420416000000102 ], [ 66.56736, 25.419861 ], [ 66.568474, 25.42597400000011 ] ] ], [ [ [ 66.55652600000019, 25.432083 ], [ 66.564857, 25.430695 ], [ 66.568192000000181, 25.42597400000011 ], [ 66.55652600000019, 25.432083 ] ] ], [ [ [ 66.363747, 25.546806 ], [ 66.363747, 25.544306000000176 ], [ 66.360970000000123, 25.544027 ], [ 66.363747, 25.546806 ] ] ], [ [ [ 66.263191, 25.570974 ], [ 66.265976000000137, 25.567362 ], [ 66.263474, 25.566528000000119 ], [ 66.263191, 25.570974 ] ] ], [ [ [ 64.083748, 25.327917000000127 ], [ 64.085693, 25.324306000000149 ], [ 64.087639000000138, 25.322083 ], [ 64.084862, 25.323473000000149 ], [ 64.083748, 25.327917000000127 ] ] ], [ [ [ 64.13903, 25.400139000000138 ], [ 64.138748000000135, 25.397081 ], [ 64.136253000000124, 25.400139000000138 ], [ 64.13903, 25.400139000000138 ] ] ], [ [ [ 61.610455000000172, 25.194954 ], [ 61.664318, 25.333378 ], [ 61.680717000000186, 25.654350000000193 ], [ 61.706722000000184, 25.686317000000145 ], [ 61.689915, 25.717922 ], [ 61.68920517000015, 25.799165725000137 ], [ 61.768841, 25.801788000000101 ], [ 61.780350000000169, 25.818247 ], [ 61.847881315999985, 26.228139877000046 ], [ 62.061145782000153, 26.31541824400017 ], [ 62.12114715600012, 26.316764832000047 ], [ 62.13238906800018, 26.389989853000145 ], [ 62.282505035000099, 26.358367919000159 ], [ 62.291336059000173, 26.38683891300002 ], [ 62.256370545000095, 26.44598198000017 ], [ 62.282592774000193, 26.447250367000038 ], [ 62.308795929000098, 26.476678848000176 ], [ 62.295864105000192, 26.498746872000027 ], [ 62.306018828999981, 26.524431228000083 ], [ 62.403537750999988, 26.539346695000063 ], [ 62.434532166000054, 26.568136216000141 ], [ 62.608146667000028, 26.585012437000159 ], [ 62.778697968000017, 26.652280807000125 ], [ 62.985877991000109, 26.653348924000113 ], [ 63.051441194000063, 26.637582780000173 ], [ 63.169185639000148, 26.64729499800012 ], [ 63.199733735000109, 26.737987518000011 ], [ 63.192134857000042, 26.8434925090001 ], [ 63.281391144, 26.874574661000054 ], [ 63.256690979000098, 26.928676606000124 ], [ 63.255905152000196, 27.082952500000033 ], [ 63.317459107000104, 27.138658523000174 ], [ 63.299243928000124, 27.17892074700012 ], [ 63.184223176000103, 27.24143600400015 ], [ 63.058647156000177, 27.233188630000086 ], [ 62.951656341000103, 27.192070008000144 ], [ 62.878330230000131, 27.217138290000037 ], [ 62.821361542000091, 27.2123203270001 ], [ 62.782966612999985, 27.23427772600013 ], [ 62.781478881, 27.25142669700017 ], [ 62.832530976000157, 27.304941177000046 ], [ 62.807399751000105, 27.34007453900017 ], [ 62.855392457, 27.465137481999989 ], [ 62.81981659000013, 27.805004120000092 ], [ 62.768226623000032, 28.032405853000114 ], [ 62.796569823000027, 28.20894813600006 ], [ 62.791938781, 28.277097702000106 ], [ 62.592315674000133, 28.255128860000127 ], [ 62.439670562000117, 28.407129288000078 ], [ 62.296291351000036, 28.463451387000191 ], [ 62.043304443000181, 28.507888794000166 ], [ 61.804157257000099, 28.640169145000186 ], [ 61.681037903, 28.770593644000087 ], [ 61.504318237000064, 29.007545472000061 ], [ 61.503166198000031, 29.056407929999978 ], [ 61.470520020000038, 29.11395072900001 ], [ 61.415805817000091, 29.135641098000121 ], [ 61.428668976999973, 29.19378089900016 ], [ 61.383487702000082, 29.221462249000126 ], [ 61.357746124000073, 29.282783508000136 ], [ 61.372604370000033, 29.348672867000118 ], [ 61.192588807000163, 29.502494813000169 ], [ 60.89943695, 29.837495804000071 ], [ 61.923797608000143, 29.543386459000146 ], [ 62.39667511, 29.388002396000047 ], [ 62.480146407000063, 29.376457215000016 ], [ 63.116207124000084, 29.442590714000175 ], [ 63.297447205000083, 29.442189217000077 ], [ 63.374839783000141, 29.462339401000179 ], [ 63.66489410500003, 29.476406098000098 ], [ 63.969501496000134, 29.425792694000108 ], [ 64.09381675800006, 29.364263058000176 ], [ 64.136070250999978, 29.361572266999985 ], [ 64.174015045000033, 29.398252488000139 ], [ 64.164543153000068, 29.434226989000138 ], [ 64.188667298000098, 29.461872102000143 ], [ 64.242713928000114, 29.478929519000076 ], [ 64.270057677000068, 29.506013870000118 ], [ 64.32614898700001, 29.505075455000167 ], [ 64.446189881000123, 29.537193299000023 ], [ 64.446556091000048, 29.559743881000145 ], [ 64.487617492000084, 29.571783065000091 ], [ 64.631927489000134, 29.581081391000112 ], [ 64.917949677000195, 29.556772233000117 ], [ 64.961364746000129, 29.567113876000178 ], [ 65.054008483000075, 29.534740449000083 ], [ 65.786857606000126, 29.725326537000171 ], [ 65.7863082880001, 29.700626372999977 ], [ 65.875099183000145, 29.743312835000154 ], [ 66.26650237900003, 29.841995239000141 ], [ 66.289585115000193, 29.863718033000168 ], [ 66.274528503000113, 29.878877640000098 ], [ 66.356857300000172, 29.958316803000116 ], [ 66.360130310999978, 29.973233223000136 ], [ 66.23822021400008, 30.066406250000171 ], [ 66.258087158000194, 30.11611175600018 ], [ 66.303127289000145, 30.148739816000159 ], [ 66.29665374700005, 30.176267623000058 ], [ 66.348815918000071, 30.295252800000128 ], [ 66.35334777900016, 30.387756348000096 ], [ 66.380081177000136, 30.435260772000106 ], [ 66.356693268000072, 30.45460415000008 ], [ 66.375152587, 30.474360943000079 ], [ 66.362915039000029, 30.49647776300003 ], [ 66.294878006000147, 30.53765487600009 ], [ 66.321834565000074, 30.644572259000086 ], [ 66.38406562800003, 30.755531788000098 ], [ 66.359542847000057, 30.787413597000011 ], [ 66.389030456000114, 30.837862969000128 ], [ 66.429241181000179, 30.854887963000181 ], [ 66.481460572000117, 30.918625832000089 ], [ 66.457998276000183, 30.922055245000081 ], [ 66.46216964700011, 30.939686776000087 ], [ 66.592163087000131, 30.960556985000039 ], [ 66.632629394000162, 30.99452447900012 ], [ 66.652061463000109, 31.034394265000117 ], [ 66.696838379000042, 31.062126159000115 ], [ 66.740737914000078, 31.191793442000119 ], [ 66.731071471000064, 31.212507248000122 ], [ 66.79290771400008, 31.213062286000024 ], [ 66.834976197000174, 31.264278412000181 ], [ 66.902275086000088, 31.296169281000175 ], [ 67.01306915300006, 31.31159782400016 ], [ 67.006538392000152, 31.293436050000082 ], [ 67.042282104000151, 31.287057876000063 ], [ 67.015142440000091, 31.252145768000162 ], [ 67.016586303000111, 31.230361938000044 ], [ 67.061843871000178, 31.203508376000059 ], [ 67.11239624000018, 31.214094162000151 ], [ 67.306285859000127, 31.18258953100019 ], [ 67.495475769000166, 31.224316598000087 ], [ 67.47193908700018, 31.238893509000093 ], [ 67.762771606000058, 31.327562332000184 ], [ 67.789848327000129, 31.356622696000159 ], [ 67.771339417000092, 31.399938583000051 ], [ 67.740936280000142, 31.414783479000164 ], [ 67.63378143400007, 31.40068817100007 ], [ 67.597625732000097, 31.426816940000094 ], [ 67.595046996000065, 31.470508575000167 ], [ 67.553993225000113, 31.528797149000184 ], [ 67.595054627000081, 31.53442478300002 ], [ 67.610006332000069, 31.50450801900007 ], [ 67.734657288, 31.507202149000022 ], [ 67.86110687300004, 31.608470917000147 ], [ 67.967948914000033, 31.62896824000012 ], [ 68.053504944000053, 31.676792144000103 ], [ 68.121658325000112, 31.747493744000053 ], [ 68.108726502000138, 31.753000260000078 ], [ 68.16887664800015, 31.834236144000158 ], [ 68.177490234000174, 31.814498902000082 ], [ 68.259353638000164, 31.801549912000041 ], [ 68.250968933000138, 31.785348893000048 ], [ 68.286605835000159, 31.756998062000093 ], [ 68.42176055800013, 31.757368087000032 ], [ 68.537148000000116, 31.714020000000119 ], [ 68.563514710000163, 31.719774245999986 ], [ 68.582023620000029, 31.750337600000194 ], [ 68.463676452000129, 31.748123169 ], [ 68.433105469000111, 31.763246537000043 ], [ 68.570144654000046, 31.827964783000027 ], [ 68.632233, 31.778263 ], [ 68.701843262000125, 31.769878388000166 ], [ 68.716988000000129, 31.696644 ], [ 68.773514000000148, 31.660975 ], [ 68.804939, 31.609982 ], [ 68.900635, 31.601246 ], [ 68.94915771400008, 31.64575386000007 ], [ 69.021011000000158, 31.626715 ], [ 69.03149414000012, 31.650230407000151 ], [ 69.117942810000045, 31.703262329000097 ], [ 69.197608948000152, 31.84839630099998 ], [ 69.262580871000068, 31.886600494999982 ], [ 69.277679443000181, 31.911523819000024 ], [ 69.318435668000063, 31.929872513000078 ], [ 69.555557252000085, 31.95591545100018 ], [ 69.670837402000075, 32.053249359000176 ], [ 69.784423829000161, 32.076099395000028 ], [ 69.894325256, 32.066547395000157 ], [ 69.805740356000058, 32.045913696000071 ], [ 69.783851624000192, 32.004604340000014 ], [ 69.791961670000092, 31.971010208000109 ], [ 69.868354797000165, 31.958118439000032 ], [ 69.869232178000175, 31.892362595000179 ], [ 69.883987427000079, 31.887716293000153 ], [ 69.85276794400005, 31.868736268000134 ], [ 69.869720458000074, 31.864084243000036 ], [ 69.903816223000092, 31.893859863000046 ], [ 69.921821594999983, 31.884834290000128 ], [ 69.895866394000166, 31.801235200000065 ], [ 69.896797180000078, 31.647426605000192 ], [ 69.876594543000181, 31.515989304000129 ], [ 69.956855774000189, 31.482162476000099 ], [ 69.983375549000186, 31.33424949700003 ], [ 70.000343322000163, 31.307525635000104 ], [ 70.03548431400003, 31.402360917000124 ], [ 70.118782044, 31.416343689000087 ], [ 70.191947938000169, 31.478868485000135 ], [ 70.205329895000091, 31.473537445000147 ], [ 70.222915649000129, 31.382900238000104 ], [ 70.20642852900005, 31.333984375000114 ], [ 70.18850707900009, 31.11655426100009 ], [ 70.208526612000185, 31.069818497000142 ], [ 70.243026734000125, 31.047281266000141 ], [ 70.224189758000136, 30.893730162999987 ], [ 70.260810852000077, 30.888286590000178 ], [ 70.261871337000116, 30.866689683000175 ], [ 70.258094787000118, 30.843544006000116 ], [ 70.201599120000026, 30.843959808000193 ], [ 70.187782288000108, 30.831413270000041 ], [ 70.178756714000087, 30.77493476900014 ], [ 70.12705993700007, 30.773883819000048 ], [ 70.118568419000042, 30.73828125100016 ], [ 70.07009887800001, 30.717224122000061 ], [ 70.079750060000094, 30.634466171000042 ], [ 70.068519592000087, 30.59356880200005 ], [ 69.979957581000178, 30.432285310000111 ], [ 70.001762391000057, 30.420343400000036 ], [ 70.000495911000087, 30.362817764999988 ], [ 69.939849854000158, 30.332435607999969 ], [ 69.920135498000036, 30.29816818300003 ], [ 69.920730591000165, 30.282148362000157 ], [ 70.016448974000127, 30.291563033000102 ], [ 70.048324585000103, 30.27134323100006 ], [ 69.940689086000134, 30.251207352000165 ], [ 70.044120788000157, 30.243320465000124 ], [ 69.999374389000195, 30.149816513000133 ], [ 69.952133178000054, 30.099504471000046 ], [ 69.965774537000129, 30.07747840900015 ], [ 69.890823365000074, 29.996038438000085 ], [ 69.80595398000014, 29.808940888000166 ], [ 69.693351746000076, 29.735977174000084 ], [ 69.604316712000184, 29.704875946000129 ], [ 69.580398559000116, 29.656288147000168 ], [ 69.558380127000135, 29.65152549700008 ], [ 69.565040589000034, 29.543985367000118 ], [ 69.527976990000184, 29.43132591300008 ], [ 69.582702636000079, 29.438594819 ], [ 69.627502441, 29.403089523000062 ], [ 69.636672973000088, 29.386936188000107 ], [ 69.613487244000055, 29.333230972000081 ], [ 69.637336731000119, 29.313600541000085 ], [ 69.643524169000159, 29.273824693000051 ], [ 69.732910155000127, 29.311647415000095 ], [ 69.702743531000067, 29.172426224000162 ], [ 69.669441223000092, 29.123056413000086 ], [ 69.672431946000188, 29.105373382000096 ], [ 69.609275819000061, 29.087562562000073 ], [ 69.541519164000135, 28.982805253000038 ], [ 69.452667236000082, 28.92408943200013 ], [ 69.433700562000013, 28.864749909000125 ], [ 69.481979369000044, 28.849611282000126 ], [ 69.486389161000034, 28.817752839000036 ], [ 69.372642518000191, 28.613470077000159 ], [ 69.261756897000112, 28.569948197000144 ], [ 69.294830322000053, 28.496570586000189 ], [ 69.348686218000125, 28.456981659000121 ], [ 68.465698242000087, 28.439317702999972 ], [ 68.407310486000029, 28.396387101000073 ], [ 68.367424012000072, 28.3156452180001 ], [ 68.197998048000045, 28.251590729000043 ], [ 68.086067200000059, 28.15541267500015 ], [ 67.993087768000123, 28.103631973000176 ], [ 67.923667908000141, 28.011009216000161 ], [ 67.759246826000094, 27.943677903000093 ], [ 67.424064637000129, 27.891820908000113 ], [ 67.370376586000191, 27.743677139000113 ], [ 67.291145326, 27.690723419999983 ], [ 67.27777862500011, 27.626556396000183 ], [ 67.212242125999978, 27.554883957000072 ], [ 67.19715118400012, 27.408031463000043 ], [ 67.144218446000082, 27.300304413000106 ], [ 67.168525694999971, 27.243650438000031 ], [ 67.186820984, 27.093162536000023 ], [ 67.16477203400018, 26.93003845200019 ], [ 67.179214478, 26.771408081000118 ], [ 67.159858704000101, 26.752635957000109 ], [ 67.154647827000133, 26.707761764000054 ], [ 67.200020001000098, 26.511514999000156 ], [ 67.276703000000168, 26.39403 ], [ 67.374222, 26.196285 ], [ 67.446480000000179, 26.112671000000148 ], [ 67.453499, 25.996180000000152 ], [ 67.438484192000089, 25.946765899000184 ], [ 67.46302, 25.840706 ], [ 67.386711, 25.763092 ], [ 67.335175000000106, 25.630219000000181 ], [ 67.218048095000142, 25.518259049000051 ], [ 67.196097582, 25.47645886700019 ], [ 67.169761900000026, 25.468097763000117 ], [ 67.072441100000106, 25.28648567200014 ], [ 67.092322754000179, 25.253612933000056 ], [ 67.035088000000144, 25.215942 ], [ 67.019249, 25.138809000000151 ], [ 66.975403, 25.073708000000124 ], [ 66.920937000000151, 25.036610000000167 ], [ 66.741783, 24.975636000000179 ], [ 66.687363, 24.907639000000131 ], [ 66.677086, 24.936527 ], [ 66.701248000000135, 24.954306000000145 ], [ 66.71097600000013, 25.017084000000182 ], [ 66.701248000000135, 25.086805 ], [ 66.734581000000105, 25.12486100000018 ], [ 66.74652900000018, 25.185696 ], [ 66.68486, 25.259859 ], [ 66.549309, 25.362638 ], [ 66.548752, 25.384027 ], [ 66.574028, 25.384584 ], [ 66.568474, 25.40736 ], [ 66.555138000000113, 25.399303 ], [ 66.56292, 25.419582 ], [ 66.569031000000109, 25.412914 ], [ 66.585693000000106, 25.430695 ], [ 66.559303000000114, 25.44875 ], [ 66.56208, 25.480417 ], [ 66.537636, 25.500416 ], [ 66.542641000000117, 25.51153 ], [ 66.470139000000188, 25.520414 ], [ 66.472641, 25.53875 ], [ 66.465416, 25.528194 ], [ 66.471527, 25.517082 ], [ 66.437920000000133, 25.51153 ], [ 66.425972000000115, 25.520697 ], [ 66.435974000000101, 25.546528 ], [ 66.398193000000106, 25.532917 ], [ 66.409859, 25.559029000000123 ], [ 66.398193000000106, 25.578472 ], [ 66.342918, 25.597361 ], [ 66.276527, 25.587086 ], [ 66.257919000000129, 25.572914 ], [ 66.263748000000135, 25.560139000000163 ], [ 66.245697000000177, 25.549028 ], [ 66.345695000000148, 25.548197 ], [ 66.353195, 25.527639000000136 ], [ 66.384583, 25.527361 ], [ 66.430138, 25.483473000000117 ], [ 66.485695000000135, 25.498194000000126 ], [ 66.524025000000108, 25.490974000000108 ], [ 66.52597, 25.440140000000156 ], [ 66.488472, 25.437082 ], [ 66.523193000000163, 25.420694 ], [ 66.52153, 25.404861 ], [ 66.371246, 25.456806 ], [ 66.285141, 25.468197 ], [ 65.967918, 25.415695000000142 ], [ 65.826805, 25.419861 ], [ 65.772636, 25.383753 ], [ 65.64069400000011, 25.354029 ], [ 65.460419000000115, 25.39152700000011 ], [ 65.417915000000164, 25.373196 ], [ 65.270142, 25.379305000000102 ], [ 65.242638, 25.364305000000172 ], [ 65.226524, 25.315142 ], [ 65.192085, 25.303474000000108 ], [ 64.920135, 25.325972000000149 ], [ 64.76680800000014, 25.319860000000176 ], [ 64.691528, 25.304306 ], [ 64.64485900000011, 25.261806 ], [ 64.641525000000115, 25.202362000000164 ], [ 64.675972000000115, 25.205694000000165 ], [ 64.671249000000103, 25.19375 ], [ 64.685417, 25.199583 ], [ 64.694305000000156, 25.183195 ], [ 64.592361, 25.154581 ], [ 64.577637, 25.177361000000133 ], [ 64.61792000000014, 25.219584000000111 ], [ 64.573196000000166, 25.262638000000152 ], [ 64.512085, 25.274584000000175 ], [ 64.476807, 25.260416000000134 ], [ 64.472641000000124, 25.243750000000148 ], [ 64.402084, 25.236252 ], [ 64.224861, 25.312916 ], [ 64.14958200000018, 25.324583000000132 ], [ 64.103195, 25.327084000000127 ], [ 64.091248000000121, 25.324583000000132 ], [ 64.08985900000016, 25.364029 ], [ 64.113747000000103, 25.352917000000105 ], [ 64.118195, 25.360138000000177 ], [ 64.070969, 25.39569500000016 ], [ 64.12014, 25.389862000000164 ], [ 64.103752, 25.399303 ], [ 64.12458, 25.407639 ], [ 64.130692, 25.39485900000011 ], [ 64.150139, 25.39652800000016 ], [ 64.142639, 25.410692 ], [ 64.159859000000154, 25.430416 ], [ 64.13791700000013, 25.433472000000165 ], [ 64.178749, 25.441807 ], [ 64.157082, 25.449863000000107 ], [ 64.182083, 25.459862 ], [ 64.120415, 25.476528000000144 ], [ 64.080139, 25.451529000000107 ], [ 63.997082, 25.459862 ], [ 64.016251, 25.435970000000111 ], [ 63.980972000000122, 25.419861 ], [ 64.002914, 25.416529 ], [ 63.969028, 25.418194000000142 ], [ 63.957638, 25.403473000000133 ], [ 63.9812510000001, 25.413750000000107 ], [ 63.994583, 25.38736200000011 ], [ 64.041527, 25.408751 ], [ 64.041809000000114, 25.377361 ], [ 64.056808, 25.372917 ], [ 64.033752000000163, 25.366528 ], [ 64.072083000000191, 25.350973000000181 ], [ 64.053749, 25.326248 ], [ 63.890141000000142, 25.341528 ], [ 63.692917, 25.385975 ], [ 63.573471, 25.368195000000128 ], [ 63.49625, 25.325972000000149 ], [ 63.478195000000142, 25.286528 ], [ 63.45069500000011, 25.298471 ], [ 63.477638, 25.282362000000148 ], [ 63.477917, 25.242361000000187 ], [ 63.505974000000151, 25.225973000000124 ], [ 63.495140000000106, 25.205418 ], [ 63.125137000000166, 25.257917000000134 ], [ 63.004585, 25.210417000000177 ], [ 62.792641000000117, 25.251806 ], [ 62.530972000000133, 25.267918000000179 ], [ 62.47403, 25.25736 ], [ 62.458195, 25.23597100000012 ], [ 62.473194, 25.221806000000129 ], [ 62.389862000000107, 25.205137 ], [ 62.346806000000129, 25.174583000000155 ], [ 62.328472000000147, 25.118473000000108 ], [ 62.340416, 25.103750000000161 ], [ 62.384583000000134, 25.104860000000144 ], [ 62.374584, 25.094028 ], [ 62.258751000000132, 25.104029000000139 ], [ 62.317360000000178, 25.120138 ], [ 62.301529, 25.18014 ], [ 62.239582, 25.214306 ], [ 62.148472, 25.218195000000151 ], [ 62.059860000000185, 25.177361000000133 ], [ 62.052639000000113, 25.152916000000118 ], [ 62.094028, 25.100142 ], [ 61.894306, 25.105417 ], [ 61.864029, 25.090975 ], [ 61.854027, 25.036806000000183 ], [ 61.779026, 25.014305 ], [ 61.736805, 25.019306000000142 ], [ 61.724861000000146, 25.030972000000133 ], [ 61.742638, 25.050417000000152 ], [ 61.735973000000115, 25.072359 ], [ 61.769028, 25.091249000000175 ], [ 61.757915000000139, 25.12569400000018 ], [ 61.744305000000111, 25.127642 ], [ 61.767639, 25.131527000000176 ], [ 61.779583000000116, 25.142363 ], [ 61.781528, 25.169584 ], [ 61.775970000000143, 25.142918000000122 ], [ 61.744583, 25.135139 ], [ 61.74625, 25.145416 ], [ 61.730415000000164, 25.156803 ], [ 61.744026000000133, 25.141806000000145 ], [ 61.669582000000105, 25.165695 ], [ 61.671528000000194, 25.178194000000133 ], [ 61.662640000000181, 25.190416000000141 ], [ 61.68291900000014, 25.178749 ], [ 61.700974, 25.192362000000173 ], [ 61.702641, 25.195971 ], [ 61.696251000000132, 25.210417000000177 ], [ 61.728474000000119, 25.235416 ], [ 61.733749000000103, 25.243750000000148 ], [ 61.734306, 25.255138 ], [ 61.694305, 25.209581 ], [ 61.700138, 25.193195000000173 ], [ 61.682083, 25.180971 ], [ 61.66153, 25.19125 ], [ 61.667084, 25.171528000000137 ], [ 61.577915, 25.178749 ], [ 61.610455000000172, 25.194954 ] ] ], [ [ [ 66.368752, 25.585693000000106 ], [ 66.372360000000185, 25.585138 ], [ 66.372086, 25.584581 ], [ 66.368752, 25.585693000000106 ] ] ], [ [ [ 66.597641001000056, 24.897638 ], [ 66.61013800000012, 24.89569499900017 ], [ 66.608475, 24.890972 ], [ 66.597641001000056, 24.897638 ] ] ] ] } },
{ "type": "Feature", "properties": { "NAME_1": "Federally Administered Tribal Ar" }, "geometry": { "type": "Polygon", "coordinates": [ [ [ 70.194259644000113, 31.092855454000073 ], [ 70.20642852900005, 31.333984375000114 ], [ 70.222915649000129, 31.382900238000104 ], [ 70.205329895000091, 31.473537445000147 ], [ 70.191947938000169, 31.478868485000135 ], [ 70.118782044, 31.416343689000087 ], [ 70.03548431400003, 31.402360917000124 ], [ 70.000343322000163, 31.307525635000104 ], [ 69.983375549000186, 31.33424949700003 ], [ 69.956855774000189, 31.482162476000099 ], [ 69.876594543000181, 31.515989304000129 ], [ 69.896797180000078, 31.647426605000192 ], [ 69.895866394000166, 31.801235200000065 ], [ 69.921821594999983, 31.884834290000128 ], [ 69.903816223000092, 31.893859863000046 ], [ 69.869720458000074, 31.864084243000036 ], [ 69.85276794400005, 31.868736268000134 ], [ 69.883987427000079, 31.887716293000153 ], [ 69.869232178000175, 31.892362595000179 ], [ 69.868354797000165, 31.958118439000032 ], [ 69.791961670000092, 31.971010208000109 ], [ 69.783851624000192, 32.004604340000014 ], [ 69.805740356000058, 32.045913696000071 ], [ 69.894325256, 32.066547395000157 ], [ 69.784423829000161, 32.076099395000028 ], [ 69.72091674800015, 32.065502166000101 ], [ 69.640487672000177, 32.038635255000145 ], [ 69.555557252000085, 31.95591545100018 ], [ 69.318435668000063, 31.929872513000078 ], [ 69.272842406999985, 32.151004791 ], [ 69.280838014000153, 32.356384277000188 ], [ 69.240699768000184, 32.461387635000051 ], [ 69.285209656000177, 32.532981872000107 ], [ 69.38523864800004, 32.566551210000114 ], [ 69.465347290000125, 32.662815095000099 ], [ 69.451892853000061, 32.729093552000109 ], [ 69.403022767000039, 32.769084931000123 ], [ 69.447437287000184, 32.793846131 ], [ 69.475479127000085, 32.843441010000049 ], [ 69.534576416000164, 32.866405488000169 ], [ 69.492034913000168, 32.942687988000046 ], [ 69.499626159000172, 33.00246810900012 ], [ 69.589210511000033, 33.083923340000126 ], [ 69.580055237000124, 33.097568513000169 ], [ 69.704589843000065, 33.090499879000106 ], [ 69.78652954000006, 33.127544403000059 ], [ 69.856452942000146, 33.09633255000017 ], [ 69.916694642000095, 33.103984834000016 ], [ 69.945899963000102, 33.128734589000146 ], [ 70.023941040000068, 33.144638062000183 ], [ 70.067253112000117, 33.213462829000036 ], [ 70.093002319000163, 33.193267822000166 ], [ 70.160804748000146, 33.200477600000056 ], [ 70.182971954000152, 33.21827125700014 ], [ 70.16931533800016, 33.239622116000021 ], [ 70.20826721200001, 33.250415803000067 ], [ 70.29046630900018, 33.326744080000083 ], [ 70.330888113000128, 33.327374141000064 ], [ 70.341953278000062, 33.349082948000103 ], [ 70.32774353100001, 33.371124267000141 ], [ 70.340229035000107, 33.392023087000041 ], [ 70.314552308000088, 33.432744980000052 ], [ 70.229103089000148, 33.478515626000103 ], [ 70.195884705000196, 33.527309418000016 ], [ 70.218128205000141, 33.643321991000164 ], [ 70.16523742600009, 33.658779144 ], [ 70.155033112000069, 33.725603104000129 ], [ 70.121749879000163, 33.739171982000187 ], [ 70.004165649000129, 33.740234375000057 ], [ 69.973213196000188, 33.766792297000109 ], [ 69.97042465200002, 33.823455812000077 ], [ 69.912364960000161, 33.904808045000095 ], [ 69.871582031, 33.933963776000098 ], [ 69.885192871000129, 33.969940187000077 ], [ 69.91062164300007, 33.984069824000017 ], [ 69.912017823000099, 34.022460938000052 ], [ 70.010337830000026, 34.030113221000192 ], [ 70.076568604000101, 33.999082565000094 ], [ 70.16906738300014, 33.984085082000036 ], [ 70.169036864000191, 33.99937439100006 ], [ 70.23882293700018, 33.973144532000049 ], [ 70.426307677000182, 33.960380554000039 ], [ 70.435722351000038, 33.937007904000097 ], [ 70.490364074000013, 33.927848817000154 ], [ 70.517616272000168, 33.934192658000029 ], [ 70.520202637000182, 33.951007842000081 ], [ 70.593879699000183, 33.964321136000081 ], [ 70.767936706000171, 33.954856873000153 ], [ 70.824279786000147, 33.981826781000166 ], [ 70.884948731000179, 33.976757049000071 ], [ 70.917938232000097, 34.009811402000082 ], [ 71.065277099000127, 34.05179214500015 ], [ 71.072753907000049, 34.10569000300012 ], [ 71.14307022100013, 34.160018921000074 ], [ 71.137466431000064, 34.198455810000098 ], [ 71.151107788000161, 34.223985036000101 ], [ 71.126525879000098, 34.237125397000113 ], [ 71.1220550540001, 34.267208099000129 ], [ 71.171257020000041, 34.358257293000065 ], [ 71.076019287, 34.395771026000034 ], [ 71.006813049000129, 34.461116791000165 ], [ 70.995559692000143, 34.55477142400008 ], [ 71.026762009000151, 34.537753106000139 ], [ 71.098903656000175, 34.581781389000184 ], [ 71.128032685000051, 34.628263473000118 ], [ 71.106842041000164, 34.655254365000133 ], [ 71.112358093000068, 34.682933807000097 ], [ 71.233753204000038, 34.736627579000071 ], [ 71.244445800999983, 34.747801782000124 ], [ 71.231086731000119, 34.764574052000171 ], [ 71.246307374000139, 34.790893556000185 ], [ 71.279457093000133, 34.805015565000076 ], [ 71.30986023000014, 34.878826141000104 ], [ 71.330074121000109, 34.872903953000161 ], [ 71.526039124000192, 34.961299896000014 ], [ 71.593429565000179, 34.881694793000122 ], [ 71.623420715000123, 34.818836213000168 ], [ 71.78639221200018, 34.795314788000098 ], [ 71.79884338300019, 34.758029938000107 ], [ 71.764526367000144, 34.663192749000075 ], [ 71.689247132000048, 34.630790711000145 ], [ 71.650650024000186, 34.545394897000108 ], [ 71.669410706000122, 34.483947755000031 ], [ 71.716224669000098, 34.452072144000113 ], [ 71.648704528000167, 34.380100251000101 ], [ 71.585754395000038, 34.346740723000039 ], [ 71.537040710000099, 34.240680696000027 ], [ 71.462524414000143, 34.20344924900013 ], [ 71.400703429000146, 34.125946045000148 ], [ 71.390419007000105, 34.091262817000143 ], [ 71.384399415000132, 34.022769927000127 ], [ 71.404617310000049, 33.945919036000191 ], [ 71.437095642000031, 33.931098939000094 ], [ 71.436393739000152, 33.871326446000126 ], [ 71.504989622999972, 33.801902770000027 ], [ 71.502616882000041, 33.749816894000048 ], [ 71.455169679000107, 33.742290497 ], [ 71.340522766000163, 33.76818084700011 ], [ 71.368713380000145, 33.716361999000185 ], [ 71.368659973000092, 33.628166199000077 ], [ 71.33766937300004, 33.619213104000153 ], [ 71.252090455000143, 33.668231964000029 ], [ 71.221046448000095, 33.71109390200013 ], [ 71.145019531000116, 33.732032776000096 ], [ 71.166183472000171, 33.64230346700009 ], [ 71.104782105000083, 33.623420716000112 ], [ 71.106758118000073, 33.587512969000159 ], [ 70.994934082000043, 33.54492187600016 ], [ 70.7703247070001, 33.576457978000178 ], [ 70.748947143000066, 33.555145265000078 ], [ 70.736808777000078, 33.479316712000127 ], [ 70.64424896200012, 33.47111129700005 ], [ 70.612518309999984, 33.432361604000164 ], [ 70.505302429000153, 33.414318086000037 ], [ 70.511970521000137, 33.374984742000095 ], [ 70.59344482400013, 33.280689239000026 ], [ 70.678993225000113, 33.252593995000154 ], [ 70.690368653, 33.217151642000147 ], [ 70.865455628000177, 33.197731019000059 ], [ 70.872970580000072, 33.183452607000106 ], [ 70.81137084900007, 33.101345062000121 ], [ 70.686958313000105, 33.06726455800009 ], [ 70.690345765000075, 33.051849366000056 ], [ 70.569496154000149, 33.040977479000105 ], [ 70.508514404000039, 33.011520386000086 ], [ 70.476028442000143, 32.932537080000031 ], [ 70.417411805000086, 32.847663880000027 ], [ 70.385925292000195, 32.829833985000164 ], [ 70.378120422000109, 32.796066285000052 ], [ 70.375160218000133, 32.731243135000113 ], [ 70.471298218000072, 32.627498626000033 ], [ 70.280166626000153, 32.632690429000149 ], [ 70.234329224000078, 32.607551574000183 ], [ 70.186721803000182, 32.618511200000171 ], [ 70.143272399000182, 32.586696624000183 ], [ 70.088706970000089, 32.473072052000077 ], [ 70.076362609000057, 32.42690277100013 ], [ 70.08921051100009, 32.330070496000189 ], [ 70.040206910000165, 32.246086121000133 ], [ 70.095275878000052, 32.218528747000164 ], [ 70.072944641000049, 32.206897737000077 ], [ 70.055450439000083, 32.165573120000033 ], [ 70.114013671000123, 32.036407470000142 ], [ 70.165802002000078, 31.984279633000142 ], [ 70.19799804600018, 31.852670670000066 ], [ 70.189834594000104, 31.765335083000025 ], [ 70.264244080000083, 31.606920242 ], [ 70.371208190000175, 31.254362107000134 ], [ 70.371841430000131, 31.191596985999979 ], [ 70.246421813000097, 31.165565491000052 ], [ 70.22111511200012, 31.136680602000126 ], [ 70.225021362000177, 31.072525024000129 ], [ 70.208526612000185, 31.069818497000142 ], [ 70.194259644000113, 31.092855454000073 ] ] ] } },
{ "type": "Feature", "properties": { "NAME_1": "Gilgit-Baltistan" }, "geometry": { "type": "Polygon", "coordinates": [ [ [ 75.258445740000184, 34.90684509200014 ], [ 75.189979554000047, 34.854667664000033 ], [ 75.178390504000049, 34.870960235000098 ], [ 75.065475465000077, 34.79719924900013 ], [ 75.010948180000184, 34.862075806000178 ], [ 74.904129029000103, 34.888828278000176 ], [ 74.84243011600006, 34.933944702000076 ], [ 74.809814453000172, 34.941112518000011 ], [ 74.791412353000112, 34.914779664000093 ], [ 74.793922425000119, 35.001361848000101 ], [ 74.815132142000095, 35.04671096800007 ], [ 74.706069946000127, 35.097061157999974 ], [ 74.638595582000164, 35.154968261000135 ], [ 74.488945007000041, 35.078937531000122 ], [ 74.461235046000127, 35.080249787000184 ], [ 74.421058655000138, 35.115001679000159 ], [ 74.355659484000171, 35.132583618000183 ], [ 74.22674560500019, 35.14276886 ], [ 74.126487732000157, 35.124629975000119 ], [ 74.080276489000141, 35.151100160000112 ], [ 74.03166198700012, 35.143325806000064 ], [ 74.00833129800003, 35.169441224000138 ], [ 73.915542603000176, 35.209434509000118 ], [ 73.84971618600008, 35.20777130100015 ], [ 73.799987793000184, 35.237770081000178 ], [ 73.726654054000107, 35.221374513000171 ], [ 73.698867797000105, 35.301933288000157 ], [ 73.699417115000074, 35.383880615000066 ], [ 73.714996338000105, 35.420547486000146 ], [ 73.760818482000161, 35.446098328000176 ], [ 73.80677795400004, 35.504112244000169 ], [ 73.780273437000062, 35.522491456000125 ], [ 73.414428711000085, 35.573326110000153 ], [ 73.281097413000111, 35.613883973000156 ], [ 73.136108399000136, 35.708885193000185 ], [ 73.11164856, 35.759994507000044 ], [ 73.124145508000197, 35.83860015800019 ], [ 73.081665040000189, 35.863609315000076 ], [ 72.976379394000105, 35.83387756400009 ], [ 72.81109619200015, 35.857215881000116 ], [ 72.676925659000062, 35.817497254000102 ], [ 72.570266724000078, 35.848602295000092 ], [ 72.549148559000059, 35.881103515 ], [ 72.512771607000104, 35.900268554999968 ], [ 72.566940308000028, 36.007507325000063 ], [ 72.518585205000079, 36.090553284000123 ], [ 72.543853759000058, 36.144714355000133 ], [ 72.547195435000106, 36.223022462000188 ], [ 72.596374512000011, 36.26440429600018 ], [ 72.676910401000043, 36.264396668000074 ], [ 72.709136964000095, 36.303260804000161 ], [ 72.846633912000129, 36.37265777600004 ], [ 72.875244140000177, 36.452896119000116 ], [ 72.959701538000047, 36.471191406000173 ], [ 72.964141846000075, 36.498405456000114 ], [ 73.035522461000198, 36.537528991999977 ], [ 73.073028565000186, 36.605278014000135 ], [ 73.048019409000176, 36.666648865000127 ], [ 73.059967041000164, 36.690795899000022 ], [ 73.157196044999978, 36.72298431500019 ], [ 73.247741700000063, 36.711296082000104 ], [ 73.407211303000167, 36.75153350800008 ], [ 73.483032226000148, 36.726531983000086 ], [ 73.56301879900019, 36.72903442300003 ], [ 73.586090087000059, 36.707374573000038 ], [ 73.660247802000072, 36.702659607000044 ], [ 73.701080323000042, 36.720161438000162 ], [ 73.767761230000133, 36.721290588000159 ], [ 73.843048096000075, 36.705741882000041 ], [ 73.863037110000164, 36.748252869000169 ], [ 73.840270996000129, 36.791313172000059 ], [ 73.797485351000091, 36.803253174000133 ], [ 73.780807494000101, 36.828811646000133 ], [ 73.696350099000142, 36.846855164000033 ], [ 73.641891479000151, 36.904060365000191 ], [ 73.840087892000099, 36.908847809000179 ], [ 74.029205322000166, 36.846246720000124 ], [ 74.119667053000057, 36.841716766000104 ], [ 74.15203857500012, 36.90984725900006 ], [ 74.253566742000089, 36.900831224000058 ], [ 74.420547484000167, 36.996116639000093 ], [ 74.51735687300004, 36.998908997000058 ], [ 74.53659057700014, 36.965171814000087 ], [ 74.558425903000114, 36.960281372000111 ], [ 74.571556000000157, 37.034439000000191 ], [ 74.611313, 37.04995 ], [ 74.612213135000161, 37.082843780000076 ], [ 74.676742554000043, 37.097011566000106 ], [ 74.705116272000055, 37.047847748000152 ], [ 74.741997000000197, 37.022057000000132 ], [ 74.831748963000166, 37.06238555900012 ], [ 74.851287841000158, 36.98796844400016 ], [ 74.922416961000124, 36.934559014000058 ], [ 75.02527618400012, 37.011421203000054 ], [ 75.146865844000104, 37.019889832000047 ], [ 75.166222, 36.988831000000118 ], [ 75.237320000000182, 36.95752 ], [ 75.298828125, 36.965492249000192 ], [ 75.401863097999978, 36.942810058000134 ], [ 75.410117907000085, 36.934669294000116 ], [ 75.38889312800012, 36.910110474000078 ], [ 75.417343141000174, 36.877571106 ], [ 75.422958374000132, 36.771720886000082 ], [ 75.454498276000152, 36.721614872000146 ], [ 75.531097204000105, 36.722759256000131 ], [ 75.527046204000101, 36.754280091000055 ], [ 75.546218872000168, 36.766551971000069 ], [ 75.652450561000137, 36.768840791000116 ], [ 75.789047241000162, 36.713459016000172 ], [ 75.918869019000169, 36.620479584000066 ], [ 75.932800170000064, 36.549148837000132 ], [ 75.982200622000107, 36.498153687000183 ], [ 76.02543640100015, 36.409172058000024 ], [ 75.983116150000171, 36.337543488000051 ], [ 75.988258361000135, 36.293430331000081 ], [ 76.009780884000179, 36.288959504000104 ], [ 76.055572510000047, 36.227310181000121 ], [ 76.006378171000108, 36.221099850000087 ], [ 76.001663388, 36.185562024000092 ], [ 76.019180300000016, 36.166671752000127 ], [ 75.965820312000176, 36.15985870500009 ], [ 75.936798095000029, 36.133949280000138 ], [ 75.946281432000148, 36.069332121000116 ], [ 76.00155640100013, 36.018169401000137 ], [ 76.091873169, 36.014450070000123 ], [ 76.162246704000097, 35.927970886000139 ], [ 76.175178529000107, 35.833389282000155 ], [ 76.221824646000073, 35.850933076000103 ], [ 76.34873962100005, 35.833431242000074 ], [ 76.393493650999972, 35.871036530000083 ], [ 76.448768617000042, 35.870658873000025 ], [ 76.47550201100006, 35.892921449000141 ], [ 76.505958557000099, 35.887294770000096 ], [ 76.567260743000077, 35.91782379100016 ], [ 76.590515137000182, 35.893115998000155 ], [ 76.577941895000095, 35.819007873000146 ], [ 76.596008300000051, 35.784938811000131 ], [ 76.666038512000057, 35.758090971000115 ], [ 76.752296448000038, 35.674098970000102 ], [ 76.852233888000114, 35.671279910000123 ], [ 76.953613282000163, 35.606441497000048 ], [ 77.056716918, 35.599414825000053 ], [ 77.094116211000141, 35.566539763000094 ], [ 77.186698914000033, 35.528339387000017 ], [ 77.312301635000097, 35.530681610000102 ], [ 77.401222229000155, 35.468582154000103 ], [ 77.536117553000054, 35.495948792000092 ], [ 77.60554504300012, 35.476810455000134 ], [ 77.695678712000017, 35.48038864200015 ], [ 77.797546001, 35.516978999000116 ], [ 77.843078681000122, 35.5009841910001 ], [ 77.823928834000071, 35.501331329000038 ], [ 77.650566101000152, 35.367080688000101 ], [ 77.15682220400015, 35.054698945000155 ], [ 77.068367004000095, 35.024120330000187 ], [ 77.018096924000076, 35.038463592000028 ], [ 76.997489930000029, 34.939151763000041 ], [ 76.970359802000189, 34.935581208000144 ], [ 76.870040893000066, 34.972431183000083 ], [ 76.811050414000192, 34.935455323000099 ], [ 76.749366760999976, 34.926601409999989 ], [ 76.743240356000172, 34.840099334000115 ], [ 76.681816101000152, 34.759590149000189 ], [ 76.561813355000197, 34.758338928000114 ], [ 76.474342346000128, 34.79437255900018 ], [ 76.385932923000041, 34.735950471000137 ], [ 76.316139220000139, 34.731632234000188 ], [ 76.260047912000061, 34.684371949000024 ], [ 76.157913208000195, 34.64340973000003 ], [ 76.121932983000079, 34.646652222000057 ], [ 76.074440002000074, 34.676311494000061 ], [ 76.036460877000138, 34.670269013000052 ], [ 75.991851807000103, 34.629970550000053 ], [ 75.946250915, 34.631179810000106 ], [ 75.749206544000174, 34.515830994000112 ], [ 75.464637757, 34.54338836800008 ], [ 75.436134339000091, 34.577144623000038 ], [ 75.396026612000071, 34.590541840000185 ], [ 75.345283509000069, 34.661590577000027 ], [ 75.360099793000131, 34.731781006000062 ], [ 75.347267152000143, 34.812107087000129 ], [ 75.285957337000184, 34.859558106 ], [ 75.258445740000184, 34.90684509200014 ] ] ] } },
{ "type": "Feature", "properties": { "NAME_1": "Islamabad" }, "geometry": { "type": "Polygon", "coordinates": [ [ [ 72.880088807, 33.754444123000042 ], [ 72.960533142000088, 33.736019135000163 ], [ 73.145164491000173, 33.803329467000026 ], [ 73.244857787000115, 33.763011933000143 ], [ 73.265586854000105, 33.709087371000066 ], [ 73.333801270000151, 33.703384399000186 ], [ 73.280189515000131, 33.657344819000116 ], [ 73.249855041000046, 33.651554107000038 ], [ 73.2451019290001, 33.59407806400003 ], [ 73.163223267000092, 33.494182588000058 ], [ 73.107185364000031, 33.509674072000166 ], [ 73.05410766600005, 33.546932220000031 ], [ 73.103988647000108, 33.574001313000053 ], [ 73.105880737000177, 33.595783234000066 ], [ 73.057479859000068, 33.664062501000103 ], [ 72.948585509000168, 33.629791260000161 ], [ 72.858459473000096, 33.576202394000177 ], [ 72.777900696000131, 33.705310821000069 ], [ 72.856101990000127, 33.726833345000045 ], [ 72.880088807, 33.754444123000042 ] ] ] } },
{ "type": "Feature", "properties": { "NAME_1": "Khyber-Pakhtunkhwa" }, "geometry": { "type": "Polygon", "coordinates": [ [ [ 70.369735718000186, 31.245861053000169 ], [ 70.264244080000083, 31.606920242 ], [ 70.189834594000104, 31.765335083000025 ], [ 70.19799804600018, 31.852670670000066 ], [ 70.165802002000078, 31.984279633000142 ], [ 70.114013671000123, 32.036407470000142 ], [ 70.055450439000083, 32.165573120000033 ], [ 70.072944641000049, 32.206897737000077 ], [ 70.095275878000052, 32.218528747000164 ], [ 70.040206910000165, 32.246086121000133 ], [ 70.08921051100009, 32.330070496000189 ], [ 70.076362609000057, 32.42690277100013 ], [ 70.088706970000089, 32.473072052000077 ], [ 70.143272399000182, 32.586696624000183 ], [ 70.186721803000182, 32.618511200000171 ], [ 70.234329224000078, 32.607551574000183 ], [ 70.280166626000153, 32.632690429000149 ], [ 70.471298218000072, 32.627498626000033 ], [ 70.375160218000133, 32.731243135000113 ], [ 70.378120422000109, 32.796066285000052 ], [ 70.385925292000195, 32.829833985000164 ], [ 70.417411805000086, 32.847663880000027 ], [ 70.476028442000143, 32.932537080000031 ], [ 70.508514404000039, 33.011520386000086 ], [ 70.569496154000149, 33.040977479000105 ], [ 70.690345765000075, 33.051849366000056 ], [ 70.686958313000105, 33.06726455800009 ], [ 70.81137084900007, 33.101345062000121 ], [ 70.872970580000072, 33.183452607000106 ], [ 70.865455628000177, 33.197731019000059 ], [ 70.690368653, 33.217151642000147 ], [ 70.678993225000113, 33.252593995000154 ], [ 70.59344482400013, 33.280689239000026 ], [ 70.511970521000137, 33.374984742000095 ], [ 70.505302429000153, 33.414318086000037 ], [ 70.612518309999984, 33.432361604000164 ], [ 70.64424896200012, 33.47111129700005 ], [ 70.736808777000078, 33.479316712000127 ], [ 70.748947143000066, 33.555145265000078 ], [ 70.7703247070001, 33.576457978000178 ], [ 70.994934082000043, 33.54492187600016 ], [ 71.106758118000073, 33.587512969000159 ], [ 71.104782105000083, 33.623420716000112 ], [ 71.166183472000171, 33.64230346700009 ], [ 71.145019531000116, 33.732032776000096 ], [ 71.221046448000095, 33.71109390200013 ], [ 71.252090455000143, 33.668231964000029 ], [ 71.33766937300004, 33.619213104000153 ], [ 71.368659973000092, 33.628166199000077 ], [ 71.368713380000145, 33.716361999000185 ], [ 71.340522766000163, 33.76818084700011 ], [ 71.455169679000107, 33.742290497 ], [ 71.502616882000041, 33.749816894000048 ], [ 71.504989622999972, 33.801902770000027 ], [ 71.436393739000152, 33.871326446000126 ], [ 71.437095642000031, 33.931098939000094 ], [ 71.404617310000049, 33.945919036000191 ], [ 71.384399415000132, 34.022769927000127 ], [ 71.390419007000105, 34.091262817000143 ], [ 71.400703429000146, 34.125946045000148 ], [ 71.462524414000143, 34.20344924900013 ], [ 71.537040710000099, 34.240680696000027 ], [ 71.585754395000038, 34.346740723000039 ], [ 71.648704528000167, 34.380100251000101 ], [ 71.716224669000098, 34.452072144000113 ], [ 71.669410706000122, 34.483947755000031 ], [ 71.650650024000186, 34.545394897000108 ], [ 71.689247132000048, 34.630790711000145 ], [ 71.764526367000144, 34.663192749000075 ], [ 71.79884338300019, 34.758029938000107 ], [ 71.78639221200018, 34.795314788000098 ], [ 71.623420715000123, 34.818836213000168 ], [ 71.593429565000179, 34.881694793000122 ], [ 71.526039124000192, 34.961299896000014 ], [ 71.532661438000105, 34.989730836000149 ], [ 71.587066650000168, 35.033130647000064 ], [ 71.553085327000076, 35.043701172000112 ], [ 71.535766601000091, 35.090419769000164 ], [ 71.689300537000122, 35.206649781000067 ], [ 71.687034606000111, 35.225482941000109 ], [ 71.637527466000165, 35.243427276000091 ], [ 71.566871643000127, 35.311752320000039 ], [ 71.670860291000054, 35.43056869600008 ], [ 71.664138794000166, 35.460174560999974 ], [ 71.620231628000113, 35.511295319000055 ], [ 71.645177842000066, 35.56457328800019 ], [ 71.616237640000065, 35.589307785000074 ], [ 71.525360108000143, 35.617897034000066 ], [ 71.576927185999978, 35.700157166000054 ], [ 71.559490204000042, 35.733270645000118 ], [ 71.4951248160001, 35.767955780000136 ], [ 71.517753602000141, 35.800909042 ], [ 71.496627807000039, 35.812973022000051 ], [ 71.480278015000124, 35.85769653300008 ], [ 71.405502319, 35.910907746000191 ], [ 71.38872528100012, 35.96298790000003 ], [ 71.340385437000066, 35.967109680000192 ], [ 71.255935668000063, 36.018573762000074 ], [ 71.228965759000118, 36.067203522999989 ], [ 71.315933227000187, 36.152072907000047 ], [ 71.357109070000092, 36.158166886 ], [ 71.390533447000109, 36.192508697000108 ], [ 71.447059632000048, 36.213901520000093 ], [ 71.464820861000135, 36.260696412000186 ], [ 71.614257812, 36.321292877000076 ], [ 71.611042023000152, 36.348218919000089 ], [ 71.575401305000128, 36.374816895000038 ], [ 71.627500534000092, 36.405822754000155 ], [ 71.651123047000169, 36.437114717000156 ], [ 71.65486907900015, 36.477035522000165 ], [ 71.795791625000106, 36.400596618000122 ], [ 71.857269286000133, 36.399425506000057 ], [ 71.861679077000019, 36.429416656000114 ], [ 71.818618775000061, 36.442142487000126 ], [ 71.832069397000055, 36.505458832000045 ], [ 71.909126281000113, 36.505298614000083 ], [ 71.93530273500005, 36.560878753999987 ], [ 72.012947083000142, 36.567729950000057 ], [ 72.059158326000158, 36.595645905000083 ], [ 72.096763611000085, 36.597324372000173 ], [ 72.102912902000071, 36.64854431200007 ], [ 72.213329315000067, 36.664949418000162 ], [ 72.196899413000097, 36.693557739000141 ], [ 72.241363525000054, 36.753482819000169 ], [ 72.302551269000105, 36.745010377000085 ], [ 72.411163331000125, 36.776668548000032 ], [ 72.495224000000121, 36.777557372 ], [ 72.545402526000032, 36.822860718000129 ], [ 72.631599426000093, 36.848426818 ], [ 72.882637024000076, 36.841079711000077 ], [ 73.171913147000168, 36.87670135500008 ], [ 73.3214416510001, 36.851551057000165 ], [ 73.445732117000034, 36.882652282000151 ], [ 73.660995482000146, 36.889804840000068 ], [ 73.696350099000142, 36.846855164000033 ], [ 73.780807494000101, 36.828811646000133 ], [ 73.797485351000091, 36.803253174000133 ], [ 73.833053590000191, 36.796867372000065 ], [ 73.863037110000164, 36.748252869000169 ], [ 73.843048096000075, 36.705741882000041 ], [ 73.767761230000133, 36.721290588000159 ], [ 73.701080323000042, 36.720161438000162 ], [ 73.660247802000072, 36.702659607000044 ], [ 73.586090087000059, 36.707374573000038 ], [ 73.56301879900019, 36.72903442300003 ], [ 73.483032226000148, 36.726531983000086 ], [ 73.407211303000167, 36.75153350800008 ], [ 73.247741700000063, 36.711296082000104 ], [ 73.157196044999978, 36.72298431500019 ], [ 73.059967041000164, 36.690795899000022 ], [ 73.048019409000176, 36.666648865000127 ], [ 73.073028565000186, 36.605278014000135 ], [ 73.038299561000088, 36.540588378000166 ], [ 72.964141846000075, 36.498405456000114 ], [ 72.959701538000047, 36.471191406000173 ], [ 72.875244140000177, 36.452896119000116 ], [ 72.850799559999984, 36.375709534000123 ], [ 72.709136964000095, 36.303260804000161 ], [ 72.676910401000043, 36.264396668000074 ], [ 72.607482910000044, 36.266624450000052 ], [ 72.567214966, 36.24829864600008 ], [ 72.540252685000155, 36.202476501999968 ], [ 72.543853759000058, 36.144714355000133 ], [ 72.518585205000079, 36.090553284000123 ], [ 72.566940308000028, 36.007507325000063 ], [ 72.512771607000104, 35.900268554999968 ], [ 72.549148559000059, 35.881103515 ], [ 72.570266724000078, 35.848602295000092 ], [ 72.676925659000062, 35.817497254000102 ], [ 72.81109619200015, 35.857215881000116 ], [ 72.976379394000105, 35.83387756400009 ], [ 73.09248352000003, 35.860275269000113 ], [ 73.124145508000197, 35.83860015800019 ], [ 73.11164856, 35.759994507000044 ], [ 73.136108399000136, 35.708885193000185 ], [ 73.281097413000111, 35.613883973000156 ], [ 73.414428711000085, 35.573326110000153 ], [ 73.780273437000062, 35.522491456000125 ], [ 73.80677795400004, 35.504112244000169 ], [ 73.701934815000016, 35.394714356000179 ], [ 73.698867797000105, 35.301933288000157 ], [ 73.726654054000107, 35.221374513000171 ], [ 73.799987793000184, 35.237770081000178 ], [ 73.84971618600008, 35.20777130100015 ], [ 73.915542603000176, 35.209434509000118 ], [ 74.00833129800003, 35.169441224000138 ], [ 74.03166198700012, 35.143325806000064 ], [ 74.080276489000141, 35.151100160000112 ], [ 74.126487732000157, 35.124629975000119 ], [ 74.065811156999985, 35.089988709000068 ], [ 74.06219482500012, 35.060546874000181 ], [ 74.085266113000159, 35.018325806000178 ], [ 74.0558166510001, 34.996101379000152 ], [ 74.051651001000096, 34.955551147000165 ], [ 73.983047486000032, 34.867492675999983 ], [ 73.90776062000009, 34.826660157000049 ], [ 73.833877563000044, 34.826942445000157 ], [ 73.726379394000105, 34.775268554000036 ], [ 73.703598023000154, 34.724708557000099 ], [ 73.663604737000071, 34.694435121000083 ], [ 73.674423219000118, 34.6458282480001 ], [ 73.641098022000108, 34.566940307000039 ], [ 73.581665040000132, 34.587768555000139 ], [ 73.46470642200012, 34.571937561000141 ], [ 73.442749023000147, 34.55499267700003 ], [ 73.399154663000047, 34.357498170000042 ], [ 73.478218078000054, 34.221958160999975 ], [ 73.513137816000096, 34.041603090000081 ], [ 73.437553407000166, 33.983913422000057 ], [ 73.37956237700007, 33.975593567000089 ], [ 73.375244140000063, 33.934684754000045 ], [ 73.349540710000042, 33.919136048000155 ], [ 73.334014893000187, 33.881713867000144 ], [ 73.236305237000181, 33.83214187700014 ], [ 72.933067322000056, 33.733577728000057 ], [ 72.93186187800012, 33.747837067000091 ], [ 72.832008362000067, 33.772071840000081 ], [ 72.870491027000128, 33.801605224000127 ], [ 72.827117920000092, 33.822666168000069 ], [ 72.847694397000055, 33.869499207000047 ], [ 72.786560059000124, 33.896827697999981 ], [ 72.794631958000139, 33.92967605500013 ], [ 72.740249634000065, 33.92479324400017 ], [ 72.669265748000157, 33.86157226600011 ], [ 72.622817994000059, 33.877815247000115 ], [ 72.619148254000152, 33.892311097000118 ], [ 72.656051636000029, 33.927825928000118 ], [ 72.550872803000118, 33.942424775000177 ], [ 72.526771546000191, 33.992618562000189 ], [ 72.416763306000121, 33.993896484000061 ], [ 72.371414184000116, 33.940479279000158 ], [ 72.255973816000164, 33.899929046000125 ], [ 72.23566436700014, 33.875625610000043 ], [ 72.244766236000146, 33.833065033000139 ], [ 72.167076111000029, 33.759746552000081 ], [ 72.09396362200016, 33.771709443000191 ], [ 72.043815612000117, 33.730491639000036 ], [ 71.991935729000033, 33.634792327000127 ], [ 71.960731507000105, 33.501777649000076 ], [ 71.877700806000064, 33.439975738000044 ], [ 71.872367859000178, 33.406658172000107 ], [ 71.737350464000031, 33.357437133000076 ], [ 71.71063232500012, 33.255676269000105 ], [ 71.756423950000055, 33.206558228000119 ], [ 71.761741637000114, 33.168838500000049 ], [ 71.718544006000059, 33.111961365000184 ], [ 71.710136414000033, 33.050605775000065 ], [ 71.632362367000098, 33.086032868000075 ], [ 71.604385376000096, 33.179695129000095 ], [ 71.570823669000106, 33.219116211000085 ], [ 71.534729004000098, 33.205898284 ], [ 71.529365540000072, 33.216720581000118 ], [ 71.408363343000133, 33.21596527100013 ], [ 71.461746217000155, 33.066127777000077 ], [ 71.505889893000074, 33.040462494000053 ], [ 71.390029907000041, 32.987274170000148 ], [ 71.335693360000107, 32.986068726000099 ], [ 71.315139770000144, 33.011425019000114 ], [ 71.280799866000166, 33.007629394 ], [ 71.191093444000103, 32.961940765000065 ], [ 71.1574020380001, 32.896759033000137 ], [ 71.147827149000079, 32.805976867000084 ], [ 71.120567322000113, 32.774341584000126 ], [ 71.171295167000096, 32.585426332000054 ], [ 71.262161255000137, 32.589729309000063 ], [ 71.27038574200003, 32.565792084000179 ], [ 71.242874146000077, 32.513004303000116 ], [ 71.250358582000104, 32.496196748000102 ], [ 71.269515992000152, 32.491996766000057 ], [ 71.322341919000166, 32.528148651000151 ], [ 71.361885070000028, 32.508018494000169 ], [ 71.335441589000141, 32.429248811000093 ], [ 71.348495483000193, 32.41931915300006 ], [ 71.345726013, 32.370128631 ], [ 71.27462005600006, 32.343460083000025 ], [ 71.187622069000042, 32.247875214000089 ], [ 71.163772584000185, 32.156452178000166 ], [ 71.11801910500003, 32.139129639000146 ], [ 71.100456237000117, 32.04538345300017 ], [ 71.067222595000146, 32.01928329500015 ], [ 71.036628724000195, 31.867187501000103 ], [ 70.861000061000198, 31.655099870000129 ], [ 70.86476898300009, 31.578529357000093 ], [ 70.849235535000048, 31.540876388000129 ], [ 70.877372741000045, 31.507678987000077 ], [ 70.847236634000126, 31.488235473000145 ], [ 70.86184692400019, 31.447494507000044 ], [ 70.852485657000045, 31.421085357000038 ], [ 70.809310912000058, 31.389499664000084 ], [ 70.772048951000158, 31.300878524000154 ], [ 70.535560609000129, 31.325098039000125 ], [ 70.489097595000146, 31.29352188200005 ], [ 70.43057251, 31.286125183000081 ], [ 70.388618469000164, 31.242120743000157 ], [ 70.369735718000186, 31.245861053000169 ] ] ] } },
{ "type": "Feature", "properties": { "NAME_1": "Punjab" }, "geometry": { "type": "Polygon", "coordinates": [ [ [ 71.272956848000092, 27.841928483000174 ], [ 70.884170531999985, 27.69840049700008 ], [ 70.757667542000092, 27.717208863 ], [ 70.678413391000106, 27.83905220000014 ], [ 70.660697938000055, 27.930501938000134 ], [ 70.530334472000163, 28.032487870000068 ], [ 70.366165161000083, 28.008249284000101 ], [ 70.180786132000151, 27.85514450200003 ], [ 70.048461913999972, 27.901027680000027 ], [ 69.964385987000185, 27.949361802000055 ], [ 69.835838318000128, 28.087743759000091 ], [ 69.805168151000089, 28.164848327000129 ], [ 69.78460693300002, 28.354553224000028 ], [ 69.719551086000081, 28.394409179000036 ], [ 69.691680908000194, 28.43330192600007 ], [ 69.571357727000077, 28.445440293000161 ], [ 69.591613769000105, 28.478542329000049 ], [ 69.473770142000035, 28.495641708000051 ], [ 69.402236938000158, 28.479982376000066 ], [ 69.390136718000122, 28.456010818000152 ], [ 69.348686218000125, 28.456981659000121 ], [ 69.294830322000053, 28.496570586000189 ], [ 69.261756897000112, 28.569948197000144 ], [ 69.372642518000191, 28.613470077000159 ], [ 69.486389161000034, 28.817752839000036 ], [ 69.481979369000044, 28.849611282000126 ], [ 69.433700562000013, 28.864749909000125 ], [ 69.452667236000082, 28.92408943200013 ], [ 69.541519164000135, 28.982805253000038 ], [ 69.609275819000061, 29.087562562000073 ], [ 69.672431946000188, 29.105373382000096 ], [ 69.736137391000113, 29.291410447000089 ], [ 69.732910155000127, 29.311647415000095 ], [ 69.714927673000091, 29.308446884999967 ], [ 69.643524169000159, 29.273824693000051 ], [ 69.637336731000119, 29.313600541000085 ], [ 69.613487244000055, 29.333230972000081 ], [ 69.636672973000088, 29.386936188000107 ], [ 69.627502441, 29.403089523000062 ], [ 69.582702636000079, 29.438594819 ], [ 69.527976990000184, 29.43132591300008 ], [ 69.565040589000034, 29.543985367000118 ], [ 69.558380127000135, 29.65152549700008 ], [ 69.580398559000116, 29.656288147000168 ], [ 69.604316712000184, 29.704875946000129 ], [ 69.693351746000076, 29.735977174000084 ], [ 69.80595398000014, 29.808940888000166 ], [ 69.890823365000074, 29.996038438000085 ], [ 69.965774537000129, 30.07747840900015 ], [ 69.952133178000054, 30.099504471000046 ], [ 69.999374389000195, 30.149816513000133 ], [ 70.041404724000131, 30.232467652000025 ], [ 70.044120788000157, 30.243320465000124 ], [ 69.938194275000058, 30.244749070000125 ], [ 70.048324585000103, 30.27134323100006 ], [ 70.016448974000127, 30.291563033000102 ], [ 69.920730591000165, 30.282148362000157 ], [ 69.920135498000036, 30.29816818300003 ], [ 69.939849854000158, 30.332435607999969 ], [ 70.000495911000087, 30.362817764999988 ], [ 70.001762391000057, 30.420343400000036 ], [ 69.979957581000178, 30.432285310000111 ], [ 70.068519592000087, 30.59356880200005 ], [ 70.079750060000094, 30.634466171000042 ], [ 70.07009887800001, 30.717224122000061 ], [ 70.118568419000042, 30.73828125100016 ], [ 70.12705993700007, 30.773883819000048 ], [ 70.178756714000087, 30.77493476900014 ], [ 70.201599120000026, 30.843959808000193 ], [ 70.258094787000118, 30.843544006000116 ], [ 70.260810852000077, 30.888286590000178 ], [ 70.224189758000136, 30.893730162999987 ], [ 70.243026734000125, 31.047281266000141 ], [ 70.216728211000145, 31.066802978000112 ], [ 70.228691102000084, 31.081249237000179 ], [ 70.22708129900019, 31.154132843000014 ], [ 70.371841430000131, 31.191596985999979 ], [ 70.369735718000186, 31.245861053000169 ], [ 70.399620056000117, 31.244382859000098 ], [ 70.43057251, 31.286125183000081 ], [ 70.489097595000146, 31.29352188200005 ], [ 70.535560609000129, 31.325098039000125 ], [ 70.772048951000158, 31.300878524000154 ], [ 70.809310912000058, 31.389499664000084 ], [ 70.860946656000124, 31.44083023200011 ], [ 70.847236634000126, 31.488235473000145 ], [ 70.877372741000045, 31.507678987000077 ], [ 70.849235535000048, 31.540876388000129 ], [ 70.86476898300009, 31.578529357000093 ], [ 70.861000061000198, 31.655099870000129 ], [ 71.036628724000195, 31.867187501000103 ], [ 71.041893005000134, 31.941659928000092 ], [ 71.061325073000148, 31.960678102000145 ], [ 71.067222595000146, 32.01928329500015 ], [ 71.100456237000117, 32.04538345300017 ], [ 71.11801910500003, 32.139129639000146 ], [ 71.163772584000185, 32.156452178000166 ], [ 71.187622069000042, 32.247875214000089 ], [ 71.27462005600006, 32.343460083000025 ], [ 71.345726013, 32.370128631 ], [ 71.348495483000193, 32.41931915300006 ], [ 71.335441589000141, 32.429248811000093 ], [ 71.361885070000028, 32.508018494000169 ], [ 71.322341919000166, 32.528148651000151 ], [ 71.269515992000152, 32.491996766000057 ], [ 71.250358582000104, 32.496196748000102 ], [ 71.242874146000077, 32.513004303000116 ], [ 71.27038574200003, 32.565792084000179 ], [ 71.262161255000137, 32.589729309000063 ], [ 71.171295167000096, 32.585426332000054 ], [ 71.120567322000113, 32.774341584000126 ], [ 71.147827149000079, 32.805976867000084 ], [ 71.1574020380001, 32.896759033000137 ], [ 71.191093444000103, 32.961940765000065 ], [ 71.280799866000166, 33.007629394 ], [ 71.315139770000144, 33.011425019000114 ], [ 71.335693360000107, 32.986068726000099 ], [ 71.390029907000041, 32.987274170000148 ], [ 71.505889893000074, 33.040462494000053 ], [ 71.461746217000155, 33.066127777000077 ], [ 71.408363343000133, 33.21596527100013 ], [ 71.529365540000072, 33.216720581000118 ], [ 71.534729004000098, 33.205898284 ], [ 71.570823669000106, 33.219116211000085 ], [ 71.604385376000096, 33.179695129000095 ], [ 71.632362367000098, 33.086032868000075 ], [ 71.710136414000033, 33.050605775000065 ], [ 71.718544006000059, 33.111961365000184 ], [ 71.761741637000114, 33.168838500000049 ], [ 71.756423950000055, 33.206558228000119 ], [ 71.71063232500012, 33.255676269000105 ], [ 71.737350464000031, 33.357437133000076 ], [ 71.872367859000178, 33.406658172000107 ], [ 71.877700806000064, 33.439975738000044 ], [ 71.960731507000105, 33.501777649000076 ], [ 71.991935729000033, 33.634792327000127 ], [ 72.043815612000117, 33.730491639000036 ], [ 72.09396362200016, 33.771709443000191 ], [ 72.167076111000029, 33.759746552000081 ], [ 72.244766236000146, 33.833065033000139 ], [ 72.23566436700014, 33.875625610000043 ], [ 72.255973816000164, 33.899929046000125 ], [ 72.371414184000116, 33.940479279000158 ], [ 72.416763306000121, 33.993896484000061 ], [ 72.526771546000191, 33.992618562000189 ], [ 72.550872803000118, 33.942424775000177 ], [ 72.656051636000029, 33.927825928000118 ], [ 72.619148254000152, 33.892311097000118 ], [ 72.622817994000059, 33.877815247000115 ], [ 72.669265748000157, 33.86157226600011 ], [ 72.740249634000065, 33.92479324400017 ], [ 72.794631958000139, 33.92967605500013 ], [ 72.786560059000124, 33.896827697999981 ], [ 72.847694397000055, 33.869499207000047 ], [ 72.827117920000092, 33.822666168000069 ], [ 72.870491027000128, 33.801605224000127 ], [ 72.832008362000067, 33.772071840000081 ], [ 72.880088807, 33.754444123000042 ], [ 72.856101990000127, 33.726833345000045 ], [ 72.777900696000131, 33.705310821000069 ], [ 72.827827453000054, 33.60985946600016 ], [ 72.858459473000096, 33.576202394000177 ], [ 72.948585509000168, 33.629791260000161 ], [ 73.057479859000068, 33.664062501000103 ], [ 73.105880737000177, 33.595783234000066 ], [ 73.103988647000108, 33.574001313000053 ], [ 73.05410766600005, 33.546932220000031 ], [ 73.107185364000031, 33.509674072000166 ], [ 73.163223267000092, 33.494182588000058 ], [ 73.2451019290001, 33.59407806400003 ], [ 73.249855041000046, 33.651554107000038 ], [ 73.280189515000131, 33.657344819000116 ], [ 73.333801270000151, 33.703384399000186 ], [ 73.265586854000105, 33.709087371000066 ], [ 73.244857787000115, 33.763011933000143 ], [ 73.145164491000173, 33.803329467000026 ], [ 73.334014893000187, 33.881713867000144 ], [ 73.349540710000042, 33.919136048000155 ], [ 73.375244140000063, 33.934684754000045 ], [ 73.37956237700007, 33.975593567000089 ], [ 73.437553407000166, 33.983913422000057 ], [ 73.468147278000117, 34.018756867000093 ], [ 73.501960755000141, 34.024394989000143 ], [ 73.491630554000153, 33.983322144000169 ], [ 73.540992737000067, 33.90690612800006 ], [ 73.524253845000146, 33.812259675000121 ], [ 73.562568665000072, 33.751102447000108 ], [ 73.536727904000088, 33.657295227000077 ], [ 73.596603393, 33.544052125000064 ], [ 73.575263977000077, 33.508419038000056 ], [ 73.582992554000157, 33.463974 ], [ 73.538993835000099, 33.39458465600012 ], [ 73.605827332, 33.218116760000044 ], [ 73.581268311000031, 33.120113372000105 ], [ 73.596740724000142, 33.094348907000096 ], [ 73.67961120700005, 33.083080292000034 ], [ 73.743797302000132, 33.034973145000151 ], [ 73.762054443000181, 32.975749970000038 ], [ 73.788169861000085, 33.007366181000179 ], [ 73.820159913000168, 33.017311097000061 ], [ 73.89191436800013, 32.995540619000167 ], [ 73.926002503000177, 33.001506806000066 ], [ 73.96382140999998, 32.943370820000041 ], [ 74.0064620980001, 32.948276520000036 ], [ 74.030570983000132, 32.927944184000125 ], [ 74.144027709000056, 32.900188446000072 ], [ 74.183486938000044, 32.86569595300017 ], [ 74.253395081, 32.846275330000083 ], [ 74.311538696000014, 32.785964966000108 ], [ 74.388038636000147, 32.80344772300009 ], [ 74.471954346000132, 32.778362275000177 ], [ 74.531532287000118, 32.740730287000076 ], [ 74.614234925000119, 32.757732391000161 ], [ 74.641540527000018, 32.791889191000109 ], [ 74.64199829100005, 32.82289886500007 ], [ 74.697021485000107, 32.839714050000055 ], [ 74.650138855000193, 32.718410491000043 ], [ 74.676208497000175, 32.658000945000026 ], [ 74.642211914000086, 32.61104965300018 ], [ 74.65239715600012, 32.560161591000167 ], [ 74.680511474000127, 32.538188934000175 ], [ 74.686737060000098, 32.493068694000101 ], [ 74.746986389000085, 32.479152680000084 ], [ 74.835327147999976, 32.496212006000121 ], [ 74.973106384000118, 32.447929382000041 ], [ 75.030166626000096, 32.491760255000088 ], [ 75.082626344000118, 32.480045319000169 ], [ 75.127929687000176, 32.421169282000108 ], [ 75.188529969000115, 32.42448043800016 ], [ 75.195472717000087, 32.40531158400006 ], [ 75.231529236000142, 32.399188995000031 ], [ 75.330421448000095, 32.331710816 ], [ 75.339920043000063, 32.288566589000084 ], [ 75.366996764000135, 32.268749238000055 ], [ 75.363151551000044, 32.234680176000097 ], [ 75.314201355000137, 32.2149086 ], [ 75.333282472000178, 32.204719545000103 ], [ 75.317192078000062, 32.192806244000053 ], [ 75.314231872000107, 32.159187316000157 ], [ 75.239166259000058, 32.087150573000088 ], [ 75.227760315000126, 32.084556579000093 ], [ 75.22270965600012, 32.112529754999969 ], [ 75.195320129000095, 32.116649628000062 ], [ 75.164451598000142, 32.067970277000143 ], [ 75.116256714000031, 32.082809449000081 ], [ 75.092163086000141, 32.059490204000042 ], [ 75.004928588000041, 32.028755189000151 ], [ 74.925926208000135, 32.065650941000058 ], [ 74.872428894000109, 32.05052948000008 ], [ 74.865081787000122, 32.023910522000108 ], [ 74.818351745000086, 31.997449875000029 ], [ 74.809143066000161, 31.955139160000158 ], [ 74.747726441000054, 31.952280045000123 ], [ 74.735916137, 31.937389373000144 ], [ 74.709197998000093, 31.957948684000087 ], [ 74.703262329000097, 31.924898148000182 ], [ 74.659866333000195, 31.91823005700013 ], [ 74.622619628000109, 31.881349564000118 ], [ 74.600280761000192, 31.886020660999975 ], [ 74.580467223000198, 31.843540193000024 ], [ 74.556381227000031, 31.828821183000059 ], [ 74.55179595900006, 31.75321960499997 ], [ 74.51804351800007, 31.745201112000075 ], [ 74.517280579000101, 31.722911835000161 ], [ 74.600906373000043, 31.567838668999968 ], [ 74.603851319000171, 31.534111023000037 ], [ 74.565795898000147, 31.501728058000026 ], [ 74.62645721500013, 31.486690521000014 ], [ 74.642066955000075, 31.459960938000052 ], [ 74.59457397400007, 31.397094727000137 ], [ 74.55187225300017, 31.298454285000048 ], [ 74.53023529100011, 31.298675538000168 ], [ 74.511116028000117, 31.272331239000096 ], [ 74.522201538000047, 31.247539520000032 ], [ 74.501266479000094, 31.181579591000116 ], [ 74.504592895000144, 31.138509751000015 ], [ 74.542366028000117, 31.122829438000167 ], [ 74.546401977000187, 31.088569641000106 ], [ 74.565818787000183, 31.084341050000091 ], [ 74.596488953000119, 31.090940476000071 ], [ 74.59500885000017, 31.134950639000067 ], [ 74.625152587000173, 31.137260437000066 ], [ 74.631202698000095, 31.121280671000193 ], [ 74.676551818000064, 31.131040573 ], [ 74.694419860000039, 31.098150254000132 ], [ 74.683197022000115, 31.072179795000125 ], [ 74.60018157900015, 31.043546678000041 ], [ 74.558395386000143, 31.067525864000061 ], [ 74.531791687000123, 31.012689590000036 ], [ 74.538116456000182, 30.993541716999971 ], [ 74.47058868400012, 30.965988159000176 ], [ 74.416107178000118, 30.906040192000091 ], [ 74.365524291000099, 30.885406494999984 ], [ 74.363006593000136, 30.845806122000056 ], [ 74.316146850000109, 30.84758186300013 ], [ 74.285758973000156, 30.79959106400014 ], [ 74.297378540000125, 30.782730104000052 ], [ 74.262207032000049, 30.76803016700012 ], [ 74.281806946000074, 30.730234146000043 ], [ 74.232154846000014, 30.719621659000097 ], [ 74.150932313000055, 30.63262176500001 ], [ 74.11837005700005, 30.632160186000135 ], [ 74.108917236000138, 30.605680465000034 ], [ 74.090995789000146, 30.612791061000053 ], [ 74.092628478000108, 30.575349809000102 ], [ 74.067901612000014, 30.554870606000065 ], [ 74.084396362000064, 30.545040131000121 ], [ 74.077613830000189, 30.529361726000104 ], [ 74.06651306200007, 30.520187379000106 ], [ 74.034011841000051, 30.536260605000052 ], [ 73.983650207000096, 30.500530243000128 ], [ 73.962677001000088, 30.457607269000107 ], [ 73.935287475000166, 30.46295738200007 ], [ 73.927856445000089, 30.42091369700006 ], [ 73.903419495000037, 30.416797639000038 ], [ 73.871253967000143, 30.368572235000045 ], [ 73.957847594999976, 30.261690141000031 ], [ 73.957962035000037, 30.185747147000143 ], [ 73.787216187000183, 30.066400527000155 ], [ 73.61118316600016, 30.022409439000057 ], [ 73.391372680000188, 29.937870026999974 ], [ 73.271316527000124, 29.55696106 ], [ 73.089271546000191, 29.249090194000132 ], [ 73.000030517000084, 29.147365570000147 ], [ 72.941719055000135, 29.027200699000048 ], [ 72.711296082000047, 28.935029984000153 ], [ 72.384696961000031, 28.763940812000101 ], [ 72.301956175999976, 28.664815903000033 ], [ 72.184425354000098, 28.358005523000145 ], [ 71.995880126000145, 28.206956863000073 ], [ 71.93325805700016, 28.126859664000108 ], [ 71.897377015000131, 27.957420349000074 ], [ 71.658287049000137, 27.868930818000138 ], [ 71.409729004000042, 27.865789413000186 ], [ 71.272956848000092, 27.841928483000174 ] ] ] } },
{ "type": "Feature", "properties": { "NAME_1": "Sindh" }, "geometry": { "type": "MultiPolygon", "coordinates": [ [ [ [ 67.408195, 24.005972 ], [ 67.412086000000102, 24.000418 ], [ 67.411804, 23.999308 ], [ 67.408195, 24.005972 ] ] ], [ [ [ 67.36792000000014, 24.124584 ], [ 67.424545000000137, 24.12764 ], [ 67.428749, 24.094028 ], [ 67.382637000000102, 24.080694000000108 ], [ 67.36792000000014, 24.124584 ] ] ], [ [ [ 67.382637000000102, 24.1720830000001 ], [ 67.414307, 24.17958300000015 ], [ 67.415138, 24.152639000000136 ], [ 67.43013800000017, 24.137917 ], [ 67.425972000000115, 24.130972 ], [ 67.397087, 24.128195000000176 ], [ 67.403748000000178, 24.148195000000158 ], [ 67.387642, 24.131805 ], [ 67.355415000000164, 24.155416 ], [ 67.367081000000155, 24.158751000000109 ], [ 67.358749000000159, 24.174307 ], [ 67.382637000000102, 24.1720830000001 ] ] ], [ [ [ 67.339859, 24.222082 ], [ 67.359306, 24.225414 ], [ 67.373749000000146, 24.218472000000133 ], [ 67.36541700000015, 24.204861 ], [ 67.364586000000145, 24.196527 ], [ 67.378754000000185, 24.184584 ], [ 67.389862000000164, 24.181805000000168 ], [ 67.382362000000114, 24.172918 ], [ 67.336807000000135, 24.202084000000127 ], [ 67.33597600000013, 24.214308 ], [ 67.350693, 24.205139 ], [ 67.339859, 24.222082 ] ] ], [ [ [ 67.345413, 24.157362 ], [ 67.352081, 24.157915 ], [ 67.350418000000104, 24.152363 ], [ 67.345413, 24.157362 ] ] ], [ [ [ 67.334862000000101, 24.174583000000155 ], [ 67.364029, 24.18041600000015 ], [ 67.342087000000163, 24.162361 ], [ 67.334862000000101, 24.174583000000155 ] ] ], [ [ [ 67.316528000000176, 24.227083000000164 ], [ 67.327080000000194, 24.207083000000182 ], [ 67.320419, 24.205694 ], [ 67.316528000000176, 24.227083000000164 ] ] ], [ [ [ 67.316803, 24.233473 ], [ 67.320969000000105, 24.230694000000142 ], [ 67.319862000000171, 24.229305000000124 ], [ 67.316803, 24.233473 ] ] ], [ [ [ 67.396248, 24.281527 ], [ 67.402916, 24.26903 ], [ 67.410141000000124, 24.26903 ], [ 67.410416000000112, 24.260695000000169 ], [ 67.427361, 24.263193 ], [ 67.42292, 24.216854 ], [ 67.417641000000174, 24.239305000000115 ], [ 67.348198, 24.257084000000134 ], [ 67.365135, 24.278749 ], [ 67.378197000000114, 24.270695000000103 ], [ 67.396248, 24.281527 ] ] ], [ [ [ 67.409584, 24.284027 ], [ 67.42292, 24.289305000000184 ], [ 67.43180800000016, 24.285139 ], [ 67.43013800000017, 24.251804000000106 ], [ 67.427917, 24.264303 ], [ 67.410416000000112, 24.261528000000169 ], [ 67.411247000000174, 24.269306000000142 ], [ 67.398193000000106, 24.280418000000111 ], [ 67.409584, 24.284027 ] ] ], [ [ [ 67.391525000000115, 24.284306 ], [ 67.403198000000145, 24.287361 ], [ 67.409584, 24.284861 ], [ 67.391525000000115, 24.284306 ] ] ], [ [ [ 67.353195, 24.339027000000158 ], [ 67.435417000000143, 24.30402800000013 ], [ 67.438194, 24.294308 ], [ 67.395973, 24.296806000000174 ], [ 67.375969000000168, 24.273750000000121 ], [ 67.369583, 24.289862 ], [ 67.336807000000135, 24.252083 ], [ 67.31736, 24.250973000000101 ], [ 67.299583, 24.281807 ], [ 67.310692000000131, 24.301805 ], [ 67.309586, 24.309305000000109 ], [ 67.30764, 24.299028000000135 ], [ 67.296524, 24.302639000000113 ], [ 67.322639, 24.31875 ], [ 67.315414, 24.330694 ], [ 67.34097300000019, 24.339863 ], [ 67.343193, 24.328472 ], [ 67.346809, 24.325972 ], [ 67.352364000000136, 24.326805 ], [ 67.353195, 24.339027000000158 ] ] ], [ [ [ 67.359863000000132, 24.383192 ], [ 67.362358, 24.351805000000127 ], [ 67.30902900000018, 24.361526 ], [ 67.315697000000171, 24.383472000000154 ], [ 67.337082000000123, 24.380417000000136 ], [ 67.341805000000136, 24.385973 ], [ 67.355141, 24.382360000000119 ], [ 67.36042, 24.386526 ], [ 67.359863000000132, 24.383192 ] ] ], [ [ [ 67.328476000000194, 24.418751 ], [ 67.352364000000136, 24.397917000000177 ], [ 67.342087000000163, 24.398750000000177 ], [ 67.340141000000131, 24.397083000000123 ], [ 67.337364, 24.381805 ], [ 67.325417, 24.38736200000011 ], [ 67.306808000000103, 24.382360000000119 ], [ 67.314583, 24.40597200000019 ], [ 67.307915, 24.415419 ], [ 67.328476000000194, 24.418751 ] ] ], [ [ [ 67.304581, 24.407917000000168 ], [ 67.309860000000185, 24.403748000000178 ], [ 67.302917, 24.40430600000019 ], [ 67.304581, 24.407917000000168 ] ] ], [ [ [ 67.340141000000131, 24.436806000000161 ], [ 67.384583000000191, 24.429583 ], [ 67.387360000000115, 24.418751 ], [ 67.354027, 24.407639 ], [ 67.327080000000194, 24.422361000000137 ], [ 67.306808000000103, 24.42375 ], [ 67.340141000000131, 24.436806000000161 ] ] ], [ [ [ 67.298195000000135, 24.329306000000145 ], [ 67.294586, 24.323195000000112 ], [ 67.292641000000117, 24.327639 ], [ 67.298195000000135, 24.329306000000145 ] ] ], [ [ [ 67.265419000000179, 24.469027 ], [ 67.267914, 24.465139000000192 ], [ 67.260971, 24.464861 ], [ 67.265419000000179, 24.469027 ] ] ], [ [ [ 67.267365, 24.499584 ], [ 67.28653, 24.486805000000174 ], [ 67.290413000000171, 24.489861 ], [ 67.29097, 24.487917000000152 ], [ 67.297363000000189, 24.482637 ], [ 67.305138000000113, 24.482361 ], [ 67.282913000000121, 24.437361 ], [ 67.294304, 24.462084 ], [ 67.274307000000192, 24.461805 ], [ 67.268196000000103, 24.473749000000112 ], [ 67.265419000000179, 24.474583000000166 ], [ 67.261528000000112, 24.473473000000183 ], [ 67.261528000000112, 24.478750000000161 ], [ 67.257919000000129, 24.482361 ], [ 67.253471000000161, 24.483747000000108 ], [ 67.267365, 24.499584 ] ] ], [ [ [ 67.267639, 24.473194 ], [ 67.265137000000152, 24.47014 ], [ 67.265694, 24.473749000000112 ], [ 67.267639, 24.473194 ] ] ], [ [ [ 67.321526000000176, 24.445972 ], [ 67.369583, 24.453751000000125 ], [ 67.387085, 24.449028000000169 ], [ 67.387642, 24.444029 ], [ 67.390137, 24.438473000000101 ], [ 67.29792, 24.437361 ], [ 67.308472000000108, 24.450972 ], [ 67.321526000000176, 24.445972 ] ] ], [ [ [ 67.309303000000114, 24.45653 ], [ 67.320419, 24.457642000000192 ], [ 67.327080000000194, 24.456806000000142 ], [ 67.309303000000114, 24.45653 ] ] ], [ [ [ 67.308197, 24.514029000000107 ], [ 67.341805000000136, 24.522919 ], [ 67.340698, 24.511251 ], [ 67.330696, 24.512362000000167 ], [ 67.328476000000194, 24.511530000000107 ], [ 67.327637, 24.509583 ], [ 67.350975000000176, 24.492914 ], [ 67.340698, 24.474306000000183 ], [ 67.33625, 24.485970000000179 ], [ 67.322365000000161, 24.48403 ], [ 67.326805000000149, 24.46788800000013 ], [ 67.323471000000154, 24.463194 ], [ 67.304581, 24.47986 ], [ 67.315414, 24.480415000000107 ], [ 67.319862000000171, 24.494305 ], [ 67.308197, 24.514029000000107 ] ] ], [ [ [ 67.310974000000158, 24.550694 ], [ 67.366806000000167, 24.526806000000136 ], [ 67.351524, 24.494862000000126 ], [ 67.328751, 24.510695000000112 ], [ 67.345139000000131, 24.509859 ], [ 67.358192, 24.528194 ], [ 67.343193, 24.511530000000107 ], [ 67.342361, 24.524584000000175 ], [ 67.324860000000172, 24.529028000000153 ], [ 67.314857000000131, 24.528749000000175 ], [ 67.305138000000113, 24.512917 ], [ 67.305138000000113, 24.506805 ], [ 67.300697000000184, 24.525141 ], [ 67.292915, 24.517639 ], [ 67.290695, 24.530972 ], [ 67.306808000000103, 24.532084 ], [ 67.310974000000158, 24.550694 ] ] ], [ [ [ 67.392082000000187, 24.425694000000192 ], [ 67.389580000000137, 24.422916 ], [ 67.388779000000113, 24.423199000000182 ], [ 67.392082000000187, 24.425694000000192 ] ] ], [ [ [ 67.369858, 24.455694000000165 ], [ 67.389030000000105, 24.455137 ], [ 67.413475000000119, 24.444859000000179 ], [ 67.394302, 24.432638000000111 ], [ 67.386803, 24.450693 ], [ 67.369858, 24.455694000000165 ] ] ], [ [ [ 67.360695, 24.462084 ], [ 67.364029, 24.457083000000125 ], [ 67.357918000000154, 24.457916000000125 ], [ 67.360695, 24.462084 ] ] ], [ [ [ 67.368752, 24.650972000000138 ], [ 67.383751, 24.652082000000121 ], [ 67.38208, 24.646805000000143 ], [ 67.368752, 24.650972000000138 ] ] ], [ [ [ 67.292915, 24.588472 ], [ 67.29902600000014, 24.585417000000177 ], [ 67.295135, 24.583195 ], [ 67.292915, 24.588472 ] ] ], [ [ [ 67.31736, 24.591251 ], [ 67.317085, 24.588194000000101 ], [ 67.315697000000171, 24.588472 ], [ 67.31736, 24.591251 ] ] ], [ [ [ 67.289581, 24.608473 ], [ 67.318192000000181, 24.623194000000183 ], [ 67.335136, 24.609585 ], [ 67.335419, 24.604858 ], [ 67.340141000000131, 24.601805 ], [ 67.335136, 24.588751000000173 ], [ 67.316803, 24.59180600000019 ], [ 67.314583, 24.587915000000123 ], [ 67.316254, 24.576530000000105 ], [ 67.313751, 24.573750000000132 ], [ 67.30403100000018, 24.59097300000019 ], [ 67.306252, 24.599028000000146 ], [ 67.314308000000153, 24.597639000000186 ], [ 67.316528000000176, 24.603195000000142 ], [ 67.314308000000153, 24.598473 ], [ 67.306808000000103, 24.600140000000124 ], [ 67.304581, 24.598194 ], [ 67.302635000000123, 24.586250000000177 ], [ 67.298752, 24.598194 ], [ 67.315414, 24.61013800000012 ], [ 67.294586, 24.596527000000151 ], [ 67.289581, 24.608473 ] ] ], [ [ [ 67.337082000000123, 24.607363 ], [ 67.336525, 24.604584000000159 ], [ 67.33597600000013, 24.607084 ], [ 67.337082000000123, 24.607363 ] ] ], [ [ [ 67.255692, 24.47514 ], [ 67.259583000000134, 24.479584000000102 ], [ 67.260696, 24.473194 ], [ 67.255692, 24.47514 ] ] ], [ [ [ 67.267365, 24.501249000000143 ], [ 67.294586, 24.515139 ], [ 67.301247, 24.516251 ], [ 67.302086, 24.506805 ], [ 67.317917000000193, 24.496248 ], [ 67.313469, 24.480972000000179 ], [ 67.267365, 24.501249000000143 ] ] ], [ [ [ 67.244858000000193, 24.510695000000112 ], [ 67.24263800000017, 24.507639 ], [ 67.240417, 24.508194000000117 ], [ 67.244858000000193, 24.510695000000112 ] ] ], [ [ [ 67.26708200000013, 24.518194000000108 ], [ 67.27153, 24.510695000000112 ], [ 67.264305, 24.512362000000167 ], [ 67.26708200000013, 24.518194000000108 ] ] ], [ [ [ 67.252914, 24.520695 ], [ 67.255692, 24.532084 ], [ 67.262642, 24.529585 ], [ 67.252914, 24.520695 ] ] ], [ [ [ 67.293472000000122, 24.559584 ], [ 67.306252, 24.535973000000126 ], [ 67.29097, 24.536806000000126 ], [ 67.27597, 24.520695 ], [ 67.26708200000013, 24.535419000000104 ], [ 67.27208700000017, 24.536806000000126 ], [ 67.27458200000018, 24.539305000000127 ], [ 67.276253, 24.54875 ], [ 67.285698000000139, 24.546806000000117 ], [ 67.293472000000122, 24.559584 ] ] ], [ [ [ 67.283752, 24.577362 ], [ 67.304581, 24.560972000000163 ], [ 67.288193000000149, 24.560972000000163 ], [ 67.286247, 24.548471000000177 ], [ 67.27597, 24.549862000000189 ], [ 67.26403, 24.530972 ], [ 67.250137000000166, 24.541529 ], [ 67.242081, 24.527639000000136 ], [ 67.219864, 24.548195 ], [ 67.225693, 24.572361000000114 ], [ 67.283752, 24.577362 ] ] ], [ [ [ 67.267914, 24.647638000000143 ], [ 67.27458200000018, 24.631527 ], [ 67.285973000000126, 24.629583 ], [ 67.277641000000187, 24.608194 ], [ 67.24292, 24.598194 ], [ 67.234581, 24.612917 ], [ 67.252083, 24.627361000000178 ], [ 67.237358, 24.634583000000191 ], [ 67.259583000000134, 24.635416000000191 ], [ 67.267914, 24.647638000000143 ] ] ], [ [ [ 67.214027, 24.626249 ], [ 67.228195, 24.627083 ], [ 67.223473, 24.616808000000105 ], [ 67.214027, 24.626249 ] ] ], [ [ [ 67.222641000000124, 24.637083 ], [ 67.236252, 24.631527 ], [ 67.244583000000148, 24.624027000000183 ], [ 67.229584000000102, 24.61375 ], [ 67.230141000000174, 24.630972000000156 ], [ 67.222641000000124, 24.637083 ] ] ], [ [ [ 67.275414000000126, 24.663195 ], [ 67.289864, 24.662361 ], [ 67.301247, 24.664305000000184 ], [ 67.308472000000108, 24.639584 ], [ 67.276253, 24.632641 ], [ 67.280418, 24.64986000000016 ], [ 67.275414000000126, 24.663195 ] ] ], [ [ [ 67.265137000000152, 24.651806000000192 ], [ 67.278473, 24.64986000000016 ], [ 67.276253, 24.645969 ], [ 67.265137000000152, 24.651806000000192 ] ] ], [ [ [ 67.204620000000148, 24.677959000000158 ], [ 67.242363000000182, 24.658749 ], [ 67.26403, 24.668194 ], [ 67.258469000000161, 24.637083 ], [ 67.184860000000128, 24.645969 ], [ 67.177086000000145, 24.663750000000107 ], [ 67.204620000000148, 24.677959000000158 ] ] ], [ [ [ 67.275414000000126, 24.674305000000174 ], [ 67.26708200000013, 24.666250000000161 ], [ 67.260414000000139, 24.673195000000135 ], [ 67.268753000000174, 24.671806000000174 ], [ 67.275414000000126, 24.674305000000174 ] ] ], [ [ [ 67.286804000000188, 24.695972 ], [ 67.283195000000148, 24.683195000000126 ], [ 67.297943, 24.665916 ], [ 67.27597, 24.678473 ], [ 67.242363000000182, 24.676250000000152 ], [ 67.255417, 24.67763900000017 ], [ 67.257637, 24.686527000000126 ], [ 67.268753000000174, 24.682917 ], [ 67.277084, 24.684305000000165 ], [ 67.286804000000188, 24.695972 ] ] ], [ [ [ 67.311806000000104, 24.737919 ], [ 67.303192, 24.716528000000153 ], [ 67.30403100000018, 24.698195000000112 ], [ 67.280693, 24.698195000000112 ], [ 67.276527, 24.685417000000143 ], [ 67.257080000000144, 24.687916000000143 ], [ 67.241249, 24.677917 ], [ 67.245415, 24.660418000000107 ], [ 67.190414000000146, 24.690971000000104 ], [ 67.200142000000142, 24.717085 ], [ 67.225136000000134, 24.722919000000104 ], [ 67.234581, 24.703472 ], [ 67.24680300000017, 24.700695000000167 ], [ 67.279030000000148, 24.731527 ], [ 67.311806000000104, 24.737919 ] ] ], [ [ [ 67.239586, 24.757084 ], [ 67.249031000000116, 24.734306000000117 ], [ 67.200142000000142, 24.725695000000144 ], [ 67.191254000000185, 24.70125 ], [ 67.172638000000177, 24.718472 ], [ 67.239586, 24.757084 ] ] ], [ [ [ 67.30403100000018, 24.77014 ], [ 67.344025000000101, 24.756250000000136 ], [ 67.327637, 24.729029000000139 ], [ 67.306252, 24.744862 ], [ 67.273750000000121, 24.733473000000117 ], [ 67.24958, 24.705139 ], [ 67.236526000000197, 24.708471 ], [ 67.234306000000174, 24.729584 ], [ 67.267365, 24.739027 ], [ 67.30403100000018, 24.77014 ] ] ], [ [ [ 67.238747000000103, 24.78014 ], [ 67.292358000000149, 24.776806 ], [ 67.261803000000157, 24.747360000000185 ], [ 67.238747000000103, 24.78014 ] ] ], [ [ [ 67.12152900000018, 24.752916000000141 ], [ 67.13208, 24.752083000000141 ], [ 67.151802000000146, 24.7354160000001 ], [ 67.119858000000136, 24.744583 ], [ 67.117920000000197, 24.748751000000141 ], [ 67.12152900000018, 24.752916000000141 ] ] ], [ [ [ 67.156250000000114, 24.758196 ], [ 67.15347300000019, 24.760139 ], [ 67.156250000000114, 24.759304 ], [ 67.156250000000114, 24.758196 ] ] ], [ [ [ 67.169304000000182, 24.771250000000123 ], [ 67.164581000000169, 24.762083000000132 ], [ 67.183197, 24.753195000000176 ], [ 67.159584000000109, 24.759027 ], [ 67.169304000000182, 24.771250000000123 ] ] ], [ [ [ 67.169304000000182, 24.767363 ], [ 67.171249000000159, 24.762083000000132 ], [ 67.167641, 24.761806000000149 ], [ 67.169304000000182, 24.767363 ] ] ], [ [ [ 67.216507, 24.792358 ], [ 67.228195, 24.782639 ], [ 67.184860000000128, 24.759583 ], [ 67.172363000000132, 24.764305000000149 ], [ 67.216507, 24.792358 ] ] ], [ [ [ 67.199860000000115, 24.804859 ], [ 67.171524047999981, 24.801805497000089 ], [ 67.190414428000167, 24.802083970000126 ], [ 67.182357788000047, 24.789026261000174 ], [ 67.150138856000183, 24.793470384000102 ], [ 67.122360229000094, 24.77708244400003 ], [ 67.08791351300016, 24.793193816000155 ], [ 67.082084657000166, 24.812915803000067 ], [ 67.081802368000126, 24.792358399000022 ], [ 67.104858399000079, 24.761806488000161 ], [ 67.081253000000174, 24.747639000000163 ], [ 67.02486400000015, 24.805973 ], [ 66.98625200000015, 24.814306000000101 ], [ 66.983749000000159, 24.797916 ], [ 66.973198, 24.822081 ], [ 66.989304, 24.844305000000134 ], [ 66.968475, 24.825972 ], [ 66.981804000000182, 24.85486 ], [ 66.969025000000101, 24.852362 ], [ 66.966805, 24.870417 ], [ 66.91597, 24.85903 ], [ 66.914024000000154, 24.841806000000133 ], [ 66.922363000000189, 24.833752 ], [ 66.939583, 24.839306 ], [ 66.962914, 24.825972 ], [ 66.953751, 24.819584000000191 ], [ 66.965141, 24.819862 ], [ 66.959862000000101, 24.812084 ], [ 66.967918000000168, 24.810417 ], [ 66.981529000000137, 24.791248 ], [ 66.982086, 24.784586 ], [ 66.912361, 24.840139 ], [ 66.854027, 24.861252 ], [ 66.822639000000152, 24.837917 ], [ 66.755974, 24.852083000000107 ], [ 66.672081000000162, 24.824862 ], [ 66.653198, 24.838472000000138 ], [ 66.678749000000153, 24.877085 ], [ 66.720139000000131, 24.885695000000112 ], [ 66.706528000000162, 24.889584000000184 ], [ 66.72625, 24.920973000000117 ], [ 66.694031000000166, 24.887638 ], [ 66.687637000000166, 24.907507 ], [ 66.741783, 24.975636000000179 ], [ 66.920937000000151, 25.036610000000167 ], [ 66.975403, 25.073708000000124 ], [ 67.019249, 25.138809000000151 ], [ 67.035088000000144, 25.215942 ], [ 67.092322754000179, 25.253612933000056 ], [ 67.072441100000106, 25.28648567200014 ], [ 67.169761900000026, 25.468097763000117 ], [ 67.196097582, 25.47645886700019 ], [ 67.218048095000142, 25.518259049000051 ], [ 67.335175000000106, 25.630219000000181 ], [ 67.386711, 25.763092 ], [ 67.46302, 25.840706 ], [ 67.438484192000089, 25.946765899000184 ], [ 67.453499, 25.996180000000152 ], [ 67.446480000000179, 26.112671000000148 ], [ 67.374222, 26.196285 ], [ 67.276703000000168, 26.39403 ], [ 67.200020001000098, 26.511514999000156 ], [ 67.154647827000133, 26.707761764000054 ], [ 67.159858704000101, 26.752635957000109 ], [ 67.179214478, 26.771408081000118 ], [ 67.16477203400018, 26.93003845200019 ], [ 67.186820984, 27.093162536000023 ], [ 67.168525694999971, 27.243650438000031 ], [ 67.144218446000082, 27.300304413000106 ], [ 67.19715118400012, 27.408031463000043 ], [ 67.212242125999978, 27.554883957000072 ], [ 67.27777862500011, 27.626556396000183 ], [ 67.291145326, 27.690723419999983 ], [ 67.370376586000191, 27.743677139000113 ], [ 67.424064637000129, 27.891820908000113 ], [ 67.759246826000094, 27.943677903000093 ], [ 67.923667908000141, 28.011009216000161 ], [ 67.993087768000123, 28.103631973000176 ], [ 68.086067200000059, 28.15541267500015 ], [ 68.197998048000045, 28.251590729000043 ], [ 68.367424012000072, 28.3156452180001 ], [ 68.407310486000029, 28.396387101000073 ], [ 68.465698242000087, 28.439317702999972 ], [ 69.079956055000196, 28.460420610000142 ], [ 69.390136718000122, 28.456010818000152 ], [ 69.402236938000158, 28.479982376000066 ], [ 69.473770142000035, 28.495641708000051 ], [ 69.591613769000105, 28.478542329000049 ], [ 69.571357727000077, 28.445440293000161 ], [ 69.691680908000194, 28.43330192600007 ], [ 69.719551086000081, 28.394409179000036 ], [ 69.78460693300002, 28.354553224000028 ], [ 69.805168151000089, 28.164848327000129 ], [ 69.835838318000128, 28.087743759000091 ], [ 69.964385987000185, 27.949361802000055 ], [ 70.048461913999972, 27.901027680000027 ], [ 70.180786132000151, 27.85514450200003 ], [ 70.107810975000064, 27.766872406000061 ], [ 70.016265870000097, 27.555995942000152 ], [ 69.936248778999982, 27.502107621000164 ], [ 69.861968995000097, 27.402778627000089 ], [ 69.578125, 27.165489198000159 ], [ 69.513206482000157, 27.016868591000161 ], [ 69.487510681000117, 26.793655396000077 ], [ 69.515449525000065, 26.740055085000108 ], [ 69.721870423000098, 26.653842927000028 ], [ 69.815361023000037, 26.592157364000059 ], [ 69.879310608000083, 26.581085205000136 ], [ 70.066192627000191, 26.59929084800018 ], [ 70.167739868000183, 26.550743104000048 ], [ 70.183898926000154, 26.486833571999966 ], [ 70.16460418700018, 26.290916443000128 ], [ 70.172668457000043, 26.245077133000109 ], [ 70.145195007000098, 26.166154861999985 ], [ 70.08257293700018, 26.073858262000101 ], [ 70.096076965000179, 25.944316864000143 ], [ 70.177963257000101, 25.819499970000152 ], [ 70.244506836000028, 25.766269684000122 ], [ 70.279617311000095, 25.701259613000047 ], [ 70.399658203000172, 25.663799287000131 ], [ 70.536231995000037, 25.676731110000162 ], [ 70.617050170000141, 25.706630707000045 ], [ 70.665962220000097, 25.697229386000117 ], [ 70.681137086000149, 25.66076088 ], [ 70.676216125, 25.523870468000041 ], [ 70.687866211000085, 25.517349244000172 ], [ 70.674171447000106, 25.389320373000032 ], [ 70.744262696000135, 25.320960999000079 ], [ 70.766448974000184, 25.264949800000068 ], [ 70.89430999700005, 25.144058228000119 ], [ 70.945487976000152, 24.934541702000161 ], [ 71.023567199000126, 24.82118034299998 ], [ 71.072853089000091, 24.711999894000144 ], [ 71.107139769000128, 24.680650803000049 ], [ 71.020477000000142, 24.630510000000129 ], [ 71.000557, 24.599213000000191 ], [ 70.998268, 24.541340000000105 ], [ 71.015342712000063, 24.522769929000049 ], [ 71.007568000000163, 24.442242000000192 ], [ 71.11895, 24.431049 ], [ 71.131766999000149, 24.401800001000026 ], [ 71.047188, 24.347340000000145 ], [ 70.998428000000104, 24.360571000000107 ], [ 70.959747000000107, 24.346241000000191 ], [ 70.885139, 24.290751000000114 ], [ 70.894104003000052, 24.257097245000068 ], [ 70.805763000000127, 24.222727001000067 ], [ 70.725822449000191, 24.220865250000088 ], [ 70.655303955000079, 24.225088120000123 ], [ 70.574249230000135, 24.252332813000066 ], [ 70.587802558000135, 24.285391023000045 ], [ 70.57225803100016, 24.293577117000041 ], [ 70.587417741000195, 24.310146240999984 ], [ 70.572067260000097, 24.344549180000172 ], [ 70.611870000000181, 24.400539 ], [ 70.560127000000136, 24.418594 ], [ 70.119041000000152, 24.290699 ], [ 70.059303284000123, 24.192802430000086 ], [ 70.024085999000079, 24.169353486000034 ], [ 69.97868300000016, 24.165051000000176 ], [ 69.724579001000166, 24.175097 ], [ 69.600677000000132, 24.277847000000179 ], [ 69.501167298000041, 24.255020143000024 ], [ 69.43158, 24.273653 ], [ 69.310272000000111, 24.276688 ], [ 69.199768, 24.235199 ], [ 69.092926000000148, 24.269083000000137 ], [ 69.00053400000013, 24.22588 ], [ 68.97056600000019, 24.237530000000163 ], [ 68.947243000000128, 24.276627000000133 ], [ 68.91822800000017, 24.25312 ], [ 68.897949038000036, 24.198860065000076 ], [ 68.878448486000195, 24.196939469000142 ], [ 68.847725, 24.20838 ], [ 68.826355, 24.308395000000132 ], [ 68.764122, 24.284122000000139 ], [ 68.749245000000144, 23.962046 ], [ 68.547081, 23.963186000000178 ], [ 68.557358, 23.969303 ], [ 68.548195, 23.987637000000177 ], [ 68.534859, 23.95236 ], [ 68.514030000000105, 23.949583000000189 ], [ 68.496246, 24.012083000000132 ], [ 68.440971000000161, 23.991249 ], [ 68.428749000000153, 24.004862 ], [ 68.392365000000154, 23.96847200000019 ], [ 68.369026000000133, 23.994583 ], [ 68.334862000000101, 23.971251000000109 ], [ 68.328476000000194, 23.930140000000108 ], [ 68.2912520000001, 23.944307 ], [ 68.291809000000171, 23.955416000000127 ], [ 68.289307000000122, 23.958471000000145 ], [ 68.245697000000121, 23.904861 ], [ 68.197914000000196, 23.883751 ], [ 68.191803000000107, 23.855141000000174 ], [ 68.149307, 23.85486 ], [ 68.144028000000105, 23.869028 ], [ 68.153198000000145, 23.885695000000112 ], [ 68.157082000000173, 23.899027000000103 ], [ 68.156807000000185, 23.901806000000192 ], [ 68.155136, 23.903194 ], [ 68.142914000000133, 23.871805000000165 ], [ 68.147362000000101, 23.852362000000142 ], [ 68.133469, 23.849861000000146 ], [ 68.114029, 23.857916000000102 ], [ 68.126526, 23.90291400000018 ], [ 68.122917, 23.947083 ], [ 68.11792000000014, 23.953194000000167 ], [ 68.11042, 23.959583000000123 ], [ 68.108475000000112, 23.959862000000157 ], [ 68.118469000000118, 23.970972000000131 ], [ 68.097084000000109, 23.969862 ], [ 68.095413, 23.990141 ], [ 68.087639, 24.002083000000141 ], [ 68.053474000000108, 24.023472 ], [ 68.052917, 24.044861 ], [ 68.032913000000121, 24.005972 ], [ 67.998749, 24.02069500000016 ], [ 67.99430800000016, 24.037361000000146 ], [ 67.947914, 24.023193000000106 ], [ 67.93152600000019, 24.058472000000165 ], [ 67.849304000000188, 24.094307 ], [ 67.794029000000137, 24.062639000000161 ], [ 67.774025, 24.078472000000147 ], [ 67.752914000000146, 24.084862 ], [ 67.715141000000131, 24.04236 ], [ 67.702080000000194, 24.049862 ], [ 67.685143, 24.083195000000103 ], [ 67.675697, 24.089306000000192 ], [ 67.646248, 24.080137 ], [ 67.641251000000125, 24.065414 ], [ 67.546806, 24.080137 ], [ 67.48652600000014, 24.037361000000146 ], [ 67.460693, 24.084583 ], [ 67.409859, 24.064304000000106 ], [ 67.407364, 24.08264 ], [ 67.43180800000016, 24.089027 ], [ 67.447914000000139, 24.120695000000126 ], [ 67.449303000000157, 24.14875 ], [ 67.444305000000156, 24.154306 ], [ 67.437920000000133, 24.156250000000114 ], [ 67.430969000000175, 24.150141 ], [ 67.417358, 24.176529 ], [ 67.42263800000012, 24.167917 ], [ 67.425415, 24.168194 ], [ 67.429306000000111, 24.172638000000177 ], [ 67.43264, 24.170416 ], [ 67.443748, 24.168194 ], [ 67.450691, 24.1720830000001 ], [ 67.429581, 24.174026 ], [ 67.42347, 24.1687510000001 ], [ 67.410973, 24.185972000000163 ], [ 67.379303000000107, 24.185972000000163 ], [ 67.367363, 24.204584000000182 ], [ 67.371529000000123, 24.20902800000016 ], [ 67.381531000000109, 24.206528000000105 ], [ 67.390137, 24.210972 ], [ 67.373749000000146, 24.209583 ], [ 67.374031, 24.223194 ], [ 67.357361, 24.234861000000137 ], [ 67.412918, 24.229584000000102 ], [ 67.415695000000142, 24.200697000000105 ], [ 67.433746, 24.191528000000119 ], [ 67.444862, 24.202084000000127 ], [ 67.455139, 24.190416000000141 ], [ 67.460693, 24.19014 ], [ 67.444031, 24.215139 ], [ 67.434586000000138, 24.195139 ], [ 67.417915000000107, 24.201805 ], [ 67.429581, 24.219028000000151 ], [ 67.429581, 24.240694000000133 ], [ 67.455696000000103, 24.250973000000101 ], [ 67.468193, 24.230694000000142 ], [ 67.461807000000192, 24.243195 ], [ 67.471252, 24.240694000000133 ], [ 67.47625, 24.248194000000183 ], [ 67.478195, 24.240694000000133 ], [ 67.484306000000117, 24.23625 ], [ 67.504860000000122, 24.234583 ], [ 67.488747, 24.250139000000161 ], [ 67.501251, 24.259027000000174 ], [ 67.500969, 24.26291700000013 ], [ 67.505692000000181, 24.263472 ], [ 67.513474000000144, 24.271805000000143 ], [ 67.509308, 24.272083 ], [ 67.490974000000108, 24.255136000000107 ], [ 67.483475000000112, 24.270969 ], [ 67.431526, 24.290138000000184 ], [ 67.439583, 24.293751000000157 ], [ 67.442085000000134, 24.303473 ], [ 67.45208, 24.297083000000157 ], [ 67.46347, 24.300138000000175 ], [ 67.469025, 24.293194 ], [ 67.488472, 24.285694 ], [ 67.50069400000018, 24.290138000000184 ], [ 67.507919, 24.305973000000108 ], [ 67.485695000000135, 24.287916000000166 ], [ 67.467918, 24.315416 ], [ 67.512085000000127, 24.338751 ], [ 67.529305000000136, 24.331249000000184 ], [ 67.519859000000167, 24.312639000000104 ], [ 67.527084, 24.299583 ], [ 67.518196, 24.284027 ], [ 67.519028000000162, 24.282919000000106 ], [ 67.52847300000019, 24.300138000000175 ], [ 67.522087000000113, 24.313473 ], [ 67.528198, 24.319305 ], [ 67.534584000000109, 24.313749000000143 ], [ 67.537918000000104, 24.315416 ], [ 67.52903, 24.320694000000117 ], [ 67.530418, 24.332361000000162 ], [ 67.509865000000161, 24.36125 ], [ 67.532082, 24.371250000000146 ], [ 67.509308, 24.36264 ], [ 67.482918, 24.324306 ], [ 67.458748, 24.332916 ], [ 67.465141000000187, 24.344862000000148 ], [ 67.446251, 24.338751 ], [ 67.44986, 24.353750000000105 ], [ 67.439857000000188, 24.321529000000112 ], [ 67.424309000000164, 24.325972 ], [ 67.424309000000164, 24.330694 ], [ 67.417915000000107, 24.338472 ], [ 67.43430300000017, 24.349859 ], [ 67.437637000000166, 24.362919 ], [ 67.441803, 24.363194 ], [ 67.455139, 24.375694000000124 ], [ 67.457916000000125, 24.363470000000177 ], [ 67.472641, 24.378195000000119 ], [ 67.472084000000166, 24.42263800000012 ], [ 67.428749, 24.439028000000178 ], [ 67.408195, 24.435694000000183 ], [ 67.415138, 24.447639000000152 ], [ 67.374863000000119, 24.471251000000166 ], [ 67.331253000000117, 24.458469 ], [ 67.327919000000122, 24.47986 ], [ 67.339584, 24.468472000000133 ], [ 67.352081, 24.474028 ], [ 67.380692000000124, 24.537916000000109 ], [ 67.370140000000106, 24.527916000000175 ], [ 67.30152900000013, 24.554583 ], [ 67.30652600000019, 24.562916 ], [ 67.297081000000162, 24.57569500000011 ], [ 67.315697000000171, 24.571527 ], [ 67.322639, 24.588751000000173 ], [ 67.340416000000118, 24.588194000000101 ], [ 67.349304000000132, 24.580694 ], [ 67.355415000000164, 24.581528000000105 ], [ 67.339859, 24.589582000000178 ], [ 67.340698, 24.61013800000012 ], [ 67.382919000000186, 24.604031 ], [ 67.378471, 24.631805000000156 ], [ 67.444580000000144, 24.639029000000164 ], [ 67.417084000000102, 24.673195000000135 ], [ 67.437363, 24.680973000000165 ], [ 67.429031, 24.696806 ], [ 67.387360000000115, 24.702084000000184 ], [ 67.419586, 24.712358000000108 ], [ 67.378754000000185, 24.715694 ], [ 67.392639, 24.724028 ], [ 67.382919000000186, 24.734028 ], [ 67.42347, 24.742640000000108 ], [ 67.43180800000016, 24.76569400000011 ], [ 67.407364, 24.779581000000178 ], [ 67.373474000000101, 24.782639 ], [ 67.328194000000167, 24.764305000000149 ], [ 67.292084, 24.799028 ], [ 67.294586, 24.783194 ], [ 67.243469000000175, 24.784306000000186 ], [ 67.214302, 24.812916 ], [ 67.200417000000186, 24.798195 ], [ 67.199860000000115, 24.804859 ] ] ], [ [ [ 66.975975000000176, 24.807638000000111 ], [ 66.978752, 24.803747 ], [ 66.977638, 24.80347300000011 ], [ 66.975975000000176, 24.807638000000111 ] ] ], [ [ [ 66.972641001000056, 24.805973 ], [ 66.971252001000096, 24.807362000000182 ], [ 66.972641001000056, 24.807081 ], [ 66.972641001000056, 24.805973 ] ] ], [ [ [ 66.969864, 24.814306000000101 ], [ 66.971252000000163, 24.809029000000123 ], [ 66.969864, 24.809860000000128 ], [ 66.969864, 24.814306000000101 ] ] ], [ [ [ 66.969307000000185, 24.819305 ], [ 66.968475, 24.817083 ], [ 66.968193, 24.820417000000191 ], [ 66.969307000000185, 24.819305 ] ] ], [ [ [ 66.955971, 24.835695 ], [ 66.957915999000136, 24.833469 ], [ 66.954865, 24.832916001000058 ], [ 66.955971, 24.835695 ] ] ], [ [ [ 66.950691000000177, 24.83652700000016 ], [ 66.953751, 24.832916000000125 ], [ 66.952080000000137, 24.832642 ], [ 66.950691000000177, 24.83652700000016 ] ] ], [ [ [ 66.950142, 24.836805 ], [ 66.950691000000177, 24.833752 ], [ 66.949585000000127, 24.837084 ], [ 66.950142, 24.836805 ] ] ], [ [ [ 66.947365000000104, 24.838751000000116 ], [ 66.945419, 24.83736000000016 ], [ 66.94458, 24.838472000000138 ], [ 66.947365000000104, 24.838751000000116 ] ] ], [ [ [ 66.940697000000171, 24.843195 ], [ 66.943192000000181, 24.839582000000121 ], [ 66.938469000000168, 24.842636 ], [ 66.940697000000171, 24.843195 ] ] ], [ [ [ 66.938469000000168, 24.84403 ], [ 66.936249, 24.842083000000116 ], [ 66.938469000000168, 24.845139000000188 ], [ 66.938469000000168, 24.84403 ] ] ], [ [ [ 66.919861000000139, 24.850416 ], [ 66.925140000000113, 24.84403 ], [ 66.917358000000149, 24.840418 ], [ 66.919861000000139, 24.850416 ] ] ], [ [ [ 67.355972, 24.642084000000125 ], [ 67.372917, 24.630138000000102 ], [ 67.368752, 24.613472000000115 ], [ 67.355141, 24.628471 ], [ 67.328194000000167, 24.620974 ], [ 67.355972, 24.642084000000125 ] ] ], [ [ [ 67.337082000000123, 24.671806000000174 ], [ 67.345695, 24.655972000000133 ], [ 67.316528000000176, 24.638193 ], [ 67.305138000000113, 24.662916 ], [ 67.308472000000108, 24.664862 ], [ 67.311806000000104, 24.655972000000133 ], [ 67.320694, 24.653749 ], [ 67.337082000000123, 24.671806000000174 ] ] ], [ [ [ 67.365135, 24.666805 ], [ 67.366806000000167, 24.649305 ], [ 67.342636000000141, 24.643747 ], [ 67.352364000000136, 24.664583000000107 ], [ 67.365135, 24.666805 ] ] ], [ [ [ 67.284584000000166, 24.683748 ], [ 67.308197, 24.677361 ], [ 67.319305, 24.677082 ], [ 67.317085, 24.655972000000133 ], [ 67.313156, 24.666250000000161 ], [ 67.284584000000166, 24.683748 ] ] ], [ [ [ 67.374306, 24.775417000000118 ], [ 67.392914, 24.767084 ], [ 67.375137, 24.741806000000167 ], [ 67.377083000000141, 24.724583000000109 ], [ 67.343750000000114, 24.74375 ], [ 67.359024, 24.750137000000109 ], [ 67.374306, 24.775417000000118 ] ] ], [ [ [ 67.347916, 24.764305000000149 ], [ 67.364861000000133, 24.764584000000127 ], [ 67.355698000000132, 24.750416 ], [ 67.347916, 24.764305000000149 ] ] ], [ [ [ 67.407364, 24.772638 ], [ 67.429306000000111, 24.761526 ], [ 67.421806000000174, 24.747360000000185 ], [ 67.412361000000146, 24.757639000000154 ], [ 67.408752000000106, 24.745138000000168 ], [ 67.405975, 24.750137000000109 ], [ 67.400139000000138, 24.753469000000109 ], [ 67.387917000000186, 24.752916000000141 ], [ 67.407364, 24.772638 ] ] ], [ [ [ 67.336807000000135, 24.682636 ], [ 67.33347300000014, 24.67986100000013 ], [ 67.337639000000195, 24.686527000000126 ], [ 67.336807000000135, 24.682636 ] ] ], [ [ [ 67.34097300000019, 24.737083 ], [ 67.381248000000141, 24.699581 ], [ 67.339584, 24.685694000000126 ], [ 67.337639000000195, 24.694027 ], [ 67.342361, 24.699306 ], [ 67.340141000000131, 24.700138 ], [ 67.323471000000154, 24.669584000000157 ], [ 67.319031000000166, 24.678749000000153 ], [ 67.293472000000122, 24.695139 ], [ 67.303474000000108, 24.697083000000134 ], [ 67.308197, 24.702362000000107 ], [ 67.313469, 24.734861 ], [ 67.331253000000117, 24.725695000000144 ], [ 67.325974000000144, 24.707916 ], [ 67.330696, 24.702084000000184 ], [ 67.336525, 24.703751 ], [ 67.34097300000019, 24.737083 ] ] ], [ [ [ 67.937080000000151, 23.777639000000136 ], [ 67.94014, 23.77347200000014 ], [ 67.939308000000153, 23.773195000000101 ], [ 67.937080000000151, 23.777639000000136 ] ] ], [ [ [ 67.764305, 23.82486200000011 ], [ 67.767365000000154, 23.822083000000191 ], [ 67.767365000000154, 23.821251 ], [ 67.764305, 23.82486200000011 ] ] ], [ [ [ 67.76069600000011, 23.827917 ], [ 67.762085000000127, 23.82486200000011 ], [ 67.759865000000104, 23.82819400000011 ], [ 67.76069600000011, 23.827917 ] ] ], [ [ [ 67.684586, 23.88791700000013 ], [ 67.727913000000115, 23.81403 ], [ 67.686531000000116, 23.814306000000101 ], [ 67.695137, 23.832361000000105 ], [ 67.689857000000131, 23.842361 ], [ 67.675140000000113, 23.806528000000128 ], [ 67.649025000000108, 23.829861000000164 ], [ 67.651802, 23.841806000000133 ], [ 67.660141, 23.837639000000138 ], [ 67.669586000000152, 23.840418 ], [ 67.672920000000147, 23.845139 ], [ 67.672638, 23.852083000000107 ], [ 67.660698000000139, 23.838751000000173 ], [ 67.640694, 23.85486 ], [ 67.655693, 23.86375 ], [ 67.660141, 23.879583000000139 ], [ 67.678192, 23.88236 ], [ 67.683197000000121, 23.885416000000134 ], [ 67.684586, 23.88791700000013 ] ] ], [ [ [ 67.647362, 23.840973000000133 ], [ 67.647636000000148, 23.833471 ], [ 67.643196000000103, 23.83375 ], [ 67.647362, 23.840973000000133 ] ] ], [ [ [ 67.634026, 23.880136 ], [ 67.636528000000112, 23.875139000000161 ], [ 67.634308000000146, 23.87236 ], [ 67.634026, 23.880136 ] ] ], [ [ [ 67.640419, 23.930696000000125 ], [ 67.622917, 23.862638000000175 ], [ 67.630692, 23.853472000000124 ], [ 67.627357000000188, 23.848749000000112 ], [ 67.612083, 23.859306000000174 ], [ 67.621529, 23.87236 ], [ 67.608749000000103, 23.89708300000018 ], [ 67.612915, 23.918751000000157 ], [ 67.618752, 23.917915 ], [ 67.625137000000166, 23.925138000000118 ], [ 67.625694, 23.93125 ], [ 67.640419, 23.930696000000125 ] ] ], [ [ [ 67.556526000000133, 23.901806000000192 ], [ 67.560417, 23.899584000000175 ], [ 67.560143, 23.897638 ], [ 67.556526000000133, 23.901806000000192 ] ] ], [ [ [ 67.73542, 23.873194000000183 ], [ 67.739304, 23.854305000000124 ], [ 67.748474000000158, 23.847639000000129 ], [ 67.737358, 23.840139 ], [ 67.708191, 23.870138000000111 ], [ 67.73542, 23.873194000000183 ] ] ], [ [ [ 67.826805, 23.891525 ], [ 67.832642000000192, 23.88625 ], [ 67.830696000000103, 23.883194000000117 ], [ 67.826805, 23.891525 ] ] ], [ [ [ 67.997086000000195, 24.015972 ], [ 68.025414000000126, 24.000418 ], [ 68.002083, 23.939583 ], [ 68.037636000000134, 23.904028 ], [ 68.046806000000174, 23.827917 ], [ 68.033752000000106, 23.777639000000136 ], [ 68.01403, 23.77014000000014 ], [ 67.99958, 23.794861 ], [ 67.981247, 23.772083000000123 ], [ 67.950417000000186, 23.79236 ], [ 67.941803000000164, 23.779861 ], [ 67.941528000000119, 23.79791500000016 ], [ 67.964302, 23.813194000000124 ], [ 67.95319400000011, 23.83652700000016 ], [ 67.917915, 23.839025000000106 ], [ 67.863747, 23.902361 ], [ 67.918198000000189, 23.97986 ], [ 67.94819600000011, 23.983194 ], [ 67.963753000000168, 24.008472 ], [ 67.997086000000195, 24.015972 ] ] ], [ [ [ 67.655418000000111, 23.93125 ], [ 67.707085, 23.919861000000139 ], [ 67.709587000000113, 23.892084000000125 ], [ 67.72403, 23.879862000000116 ], [ 67.683746, 23.888472 ], [ 67.680969000000118, 23.884583000000134 ], [ 67.66153, 23.88125 ], [ 67.653748000000121, 23.877083 ], [ 67.649582, 23.864861 ], [ 67.640976, 23.904028 ], [ 67.655418000000111, 23.93125 ] ] ], [ [ [ 67.556526000000133, 23.903475 ], [ 67.553749, 23.902361 ], [ 67.553192000000195, 23.903749000000175 ], [ 67.556526000000133, 23.903475 ] ] ], [ [ [ 67.552086000000145, 23.907362000000148 ], [ 67.556252, 23.904305 ], [ 67.554306000000167, 23.903749000000175 ], [ 67.552086000000145, 23.907362000000148 ] ] ], [ [ [ 67.550697000000127, 23.909584000000166 ], [ 67.552086000000145, 23.905697 ], [ 67.551804, 23.904305 ], [ 67.550697000000127, 23.909584000000166 ] ] ], [ [ [ 67.554031000000123, 23.951805000000149 ], [ 67.564026, 23.940416 ], [ 67.590416, 23.935139 ], [ 67.579025000000115, 23.919025 ], [ 67.574028, 23.884583000000134 ], [ 67.55791500000015, 23.917639000000122 ], [ 67.530136000000141, 23.908194 ], [ 67.554031000000123, 23.951805000000149 ] ] ], [ [ [ 67.61763800000017, 23.920973000000117 ], [ 67.615417, 23.919861000000139 ], [ 67.613747000000103, 23.920973000000117 ], [ 67.61763800000017, 23.920973000000117 ] ] ], [ [ [ 67.438194, 23.971251000000109 ], [ 67.43708, 23.969028 ], [ 67.436806000000161, 23.971525 ], [ 67.438194, 23.971251000000109 ] ] ], [ [ [ 67.678749000000153, 24.085695 ], [ 67.707359000000167, 24.039026 ], [ 67.720413, 24.039305 ], [ 67.738747, 24.05986 ], [ 67.733749, 24.039583000000107 ], [ 67.73764, 24.025694000000101 ], [ 67.724586, 24.025415 ], [ 67.681252, 24.00264 ], [ 67.678474000000108, 23.994305000000168 ], [ 67.66375, 23.999308 ], [ 67.660698000000139, 23.999308 ], [ 67.658195, 23.997084 ], [ 67.648750000000121, 23.983194 ], [ 67.673470000000179, 23.960419 ], [ 67.613197, 23.929583 ], [ 67.61792, 23.923195000000135 ], [ 67.608475000000169, 23.920418 ], [ 67.607918, 23.88236 ], [ 67.581802, 23.897362 ], [ 67.59153, 23.935139 ], [ 67.582916000000182, 23.941805 ], [ 67.602638, 23.967361 ], [ 67.608192, 24.02152800000016 ], [ 67.600418, 23.96597300000019 ], [ 67.57819400000011, 23.94014 ], [ 67.545975, 23.957083 ], [ 67.515137, 23.919025 ], [ 67.486809000000108, 23.924305000000118 ], [ 67.496246, 23.967361 ], [ 67.52097300000014, 23.970415 ], [ 67.525414, 23.979029 ], [ 67.532913, 23.980694 ], [ 67.545135000000187, 23.993471 ], [ 67.537361, 23.990973000000167 ], [ 67.532913, 23.981806000000176 ], [ 67.524864, 23.979584000000159 ], [ 67.522362000000157, 23.975140000000181 ], [ 67.516251, 23.984028 ], [ 67.509026000000176, 23.989861000000133 ], [ 67.520416, 23.97625 ], [ 67.512917, 23.973747 ], [ 67.49514, 24.003471 ], [ 67.498474, 23.974306000000126 ], [ 67.450691, 23.980972 ], [ 67.475693000000149, 24.023750000000177 ], [ 67.537918000000104, 24.071806000000151 ], [ 67.645973000000197, 24.05875 ], [ 67.678749000000153, 24.085695 ] ] ], [ [ [ 67.475418000000161, 24.036804 ], [ 67.478195, 24.032084000000168 ], [ 67.470139000000188, 24.029306000000133 ], [ 67.475418000000161, 24.036804 ] ] ], [ [ [ 67.718193, 24.01236200000011 ], [ 67.720413, 23.995972 ], [ 67.732086, 23.987362000000132 ], [ 67.710693000000163, 23.97986 ], [ 67.693474, 23.938473 ], [ 67.649582, 23.93819400000018 ], [ 67.677361, 23.959026 ], [ 67.661247000000117, 23.998472000000163 ], [ 67.677917, 23.99208300000015 ], [ 67.718193, 24.01236200000011 ] ] ], [ [ [ 67.720139000000131, 24.015139 ], [ 67.764030000000105, 24.017084000000182 ], [ 67.751526, 23.989305000000172 ], [ 67.751808, 23.986528 ], [ 67.758194, 23.9845830000001 ], [ 67.759865000000104, 23.980139 ], [ 67.732361, 23.9812510000001 ], [ 67.717636000000141, 23.973747 ], [ 67.734306, 23.986807 ], [ 67.720139000000131, 24.015139 ] ] ], [ [ [ 68.041809, 24.018473 ], [ 68.045418, 24.012636 ], [ 68.040138000000184, 24.012083000000132 ], [ 68.041809, 24.018473 ] ] ], [ [ [ 67.884865000000161, 24.072083000000134 ], [ 67.928192000000195, 24.050138 ], [ 67.951530000000105, 23.994583 ], [ 67.912361, 23.98541500000016 ], [ 67.866806, 23.999584000000141 ], [ 67.883469000000105, 24.018473 ], [ 67.872643, 24.060417 ], [ 67.884865000000161, 24.072083000000134 ] ] ], [ [ [ 67.462364, 24.066250000000139 ], [ 67.468193, 24.01652700000011 ], [ 67.409027000000151, 24.006805 ], [ 67.418198, 24.026251000000173 ], [ 67.407639, 24.020416000000182 ], [ 67.397919000000172, 24.050417 ], [ 67.40625, 24.036804 ], [ 67.462364, 24.066250000000139 ] ] ], [ [ [ 67.466805000000193, 24.057638000000111 ], [ 67.473198000000139, 24.053196 ], [ 67.472916, 24.050138 ], [ 67.466805000000193, 24.057638000000111 ] ] ], [ [ [ 67.440414, 24.134583 ], [ 67.445419000000129, 24.120972000000108 ], [ 67.428474000000165, 24.118195 ], [ 67.427361, 24.12764 ], [ 67.440414, 24.134583 ] ] ], [ [ [ 67.437363, 24.137638 ], [ 67.436531000000116, 24.135973000000149 ], [ 67.433472000000165, 24.135418 ], [ 67.437363, 24.137638 ] ] ], [ [ [ 67.442917, 24.147362000000157 ], [ 67.441254000000129, 24.143473 ], [ 67.440140000000156, 24.142916000000184 ], [ 67.442917, 24.147362000000157 ] ] ], [ [ [ 67.42013500000013, 24.14930500000014 ], [ 67.430969000000175, 24.147919 ], [ 67.444305000000156, 24.152916000000118 ], [ 67.437363, 24.140417000000184 ], [ 67.42013500000013, 24.14930500000014 ] ] ], [ [ [ 67.435417000000143, 24.275417 ], [ 67.482635, 24.267361000000108 ], [ 67.489304000000118, 24.238194000000192 ], [ 67.478195, 24.249306000000161 ], [ 67.455414, 24.252916 ], [ 67.428749, 24.245138000000111 ], [ 67.435417000000143, 24.275417 ] ] ], [ [ [ 67.467636000000198, 24.297083000000157 ], [ 67.474586, 24.295137 ], [ 67.475136, 24.293194 ], [ 67.467636000000198, 24.297083000000157 ] ] ], [ [ [ 68.092918, 23.70764 ], [ 68.087639, 23.702915 ], [ 68.084305, 23.705694000000108 ], [ 68.092918, 23.70764 ] ] ], [ [ [ 68.075142, 23.704861000000108 ], [ 68.072365000000161, 23.705973 ], [ 68.076805, 23.70764 ], [ 68.075142, 23.704861000000108 ] ] ], [ [ [ 67.991806000000111, 23.757086 ], [ 68.000420000000133, 23.759308 ], [ 68.000420000000133, 23.757639000000154 ], [ 67.991806000000111, 23.757086 ] ] ], [ [ [ 67.940971, 23.772362000000101 ], [ 67.940414000000146, 23.769861000000162 ], [ 67.939583000000141, 23.771807 ], [ 67.940971, 23.772362000000101 ] ] ], [ [ [ 68.092918, 23.709028000000103 ], [ 68.097641, 23.705418000000179 ], [ 68.093475000000126, 23.706249000000184 ], [ 68.092918, 23.709028000000103 ] ] ], [ [ [ 68.108749, 23.712360000000103 ], [ 68.107635, 23.710138 ], [ 68.104858000000149, 23.712360000000103 ], [ 68.108749, 23.712360000000103 ] ] ], [ [ [ 68.185562000000118, 23.837915 ], [ 68.192917, 23.777639000000136 ], [ 68.164307, 23.730415 ], [ 68.142082, 23.734030000000189 ], [ 68.159584, 23.728193 ], [ 68.158195, 23.70764 ], [ 68.133469, 23.706806 ], [ 68.108475000000112, 23.732639 ], [ 68.108192000000145, 23.717085 ], [ 68.070137, 23.721527 ], [ 68.073196000000166, 23.708471 ], [ 68.064857000000131, 23.708195000000103 ], [ 68.055695, 23.73319400000014 ], [ 68.085419, 23.751249 ], [ 68.095695000000148, 23.774029 ], [ 68.078476, 23.759861000000171 ], [ 68.085419, 23.80541600000015 ], [ 68.126251, 23.794861 ], [ 68.094025000000158, 23.811808 ], [ 68.185562000000118, 23.837915 ] ] ], [ [ [ 68.552361000000133, 23.973473000000126 ], [ 68.550415, 23.970139000000131 ], [ 68.54847, 23.972918 ], [ 68.552361000000133, 23.973473000000126 ] ] ], [ [ [ 68.097359000000154, 23.92264 ], [ 68.107635, 23.959862000000157 ], [ 68.122086, 23.947083 ], [ 68.111526, 23.858194 ], [ 68.123192, 23.849861000000146 ], [ 68.084587000000113, 23.84264 ], [ 68.052917, 23.893473 ], [ 68.097359000000154, 23.92264 ] ] ], [ [ [ 67.850693, 24.086527000000103 ], [ 67.871246, 24.075972 ], [ 67.867363000000125, 24.059029 ], [ 67.879585, 24.021805 ], [ 67.863472, 23.994862 ], [ 67.901802000000146, 23.975140000000181 ], [ 67.831253, 23.89791700000012 ], [ 67.830696000000103, 23.915972 ], [ 67.824028000000169, 23.918751000000157 ], [ 67.826248000000135, 23.849304 ], [ 67.83458700000017, 23.840973000000133 ], [ 67.824303000000157, 23.821251 ], [ 67.777916, 23.812918 ], [ 67.750969000000168, 23.849304 ], [ 67.762085000000127, 23.848192 ], [ 67.769028000000105, 23.852362000000142 ], [ 67.740974, 23.855417000000102 ], [ 67.750137, 23.87236 ], [ 67.732918000000154, 23.876249000000143 ], [ 67.712914, 23.918472000000122 ], [ 67.697083, 23.933195000000126 ], [ 67.718193, 23.964306000000136 ], [ 67.729027, 23.954861 ], [ 67.733749, 23.954027000000167 ], [ 67.717918, 23.971525 ], [ 67.761253000000181, 23.980417000000159 ], [ 67.765976000000194, 24.016251000000182 ], [ 67.736526, 24.038473000000124 ], [ 67.752914000000146, 24.080137 ], [ 67.792915000000164, 24.059029 ], [ 67.850693, 24.086527000000103 ] ] ], [ [ [ 68.091248, 23.986807 ], [ 68.093750000000114, 23.939583 ], [ 68.067642, 23.919308 ], [ 68.058746, 23.945696 ], [ 68.091248, 23.986807 ] ] ], [ [ [ 68.052917, 24.02014 ], [ 68.08625, 23.994028000000128 ], [ 68.054581, 23.945415 ], [ 68.06292, 23.920973000000117 ], [ 68.045692, 23.910694000000149 ], [ 68.018196000000103, 23.942083 ], [ 68.052917, 24.02014 ] ] ], [ [ [ 67.37041500000015, 24.384027 ], [ 67.414024, 24.384027 ], [ 67.425972000000115, 24.389862 ], [ 67.426804000000175, 24.37653 ], [ 67.439026000000183, 24.375694000000124 ], [ 67.416809000000114, 24.339863 ], [ 67.421524000000147, 24.327084000000184 ], [ 67.369308, 24.347361000000149 ], [ 67.383751, 24.35486 ], [ 67.385971, 24.3595830000001 ], [ 67.371529000000123, 24.352638000000127 ], [ 67.368469, 24.383751000000132 ], [ 67.407639, 24.36764 ], [ 67.37041500000015, 24.384027 ] ] ], [ [ [ 67.341805000000136, 24.387636 ], [ 67.37764, 24.401251000000173 ], [ 67.382919000000186, 24.402361000000155 ], [ 67.387085, 24.399305 ], [ 67.341805000000136, 24.387636 ] ] ], [ [ [ 67.377083000000141, 24.409306000000129 ], [ 67.378197000000114, 24.412361000000146 ], [ 67.380142, 24.412361000000146 ], [ 67.377083000000141, 24.409306000000129 ] ] ], [ [ [ 67.384308, 24.416531000000191 ], [ 67.381805, 24.413473000000124 ], [ 67.380974, 24.413750000000164 ], [ 67.384308, 24.416531000000191 ] ] ], [ [ [ 67.420975000000169, 24.697638 ], [ 67.433472000000165, 24.684305000000165 ], [ 67.413193, 24.672359 ], [ 67.434029, 24.641251000000125 ], [ 67.409859, 24.655416000000116 ], [ 67.386528000000169, 24.646252 ], [ 67.392639, 24.664862 ], [ 67.381805, 24.654861 ], [ 67.367363, 24.669306 ], [ 67.342087000000163, 24.672359 ], [ 67.420975000000169, 24.697638 ] ] ], [ [ [ 67.380142, 24.708195000000103 ], [ 67.38569600000011, 24.700138 ], [ 67.393753, 24.69486 ], [ 67.367638, 24.690416 ], [ 67.383194, 24.698473 ], [ 67.380142, 24.708195000000103 ] ] ], [ [ [ 67.368469, 24.727638000000127 ], [ 67.373749000000146, 24.721806 ], [ 67.363472000000172, 24.724306000000126 ], [ 67.368469, 24.727638000000127 ] ] ], [ [ [ 67.400696, 24.751247 ], [ 67.404305, 24.739862 ], [ 67.383194, 24.737362000000189 ], [ 67.378754000000185, 24.726528000000144 ], [ 67.380142, 24.745972000000108 ], [ 67.400696, 24.751247 ] ] ], [ [ [ 67.451805, 24.33458300000018 ], [ 67.469582000000116, 24.299583 ], [ 67.415138, 24.315416 ], [ 67.439308, 24.315416 ], [ 67.451805, 24.33458300000018 ] ] ], [ [ [ 67.429581, 24.43375 ], [ 67.466805000000193, 24.421528000000137 ], [ 67.469864000000143, 24.377642 ], [ 67.464584000000116, 24.373194 ], [ 67.45708500000012, 24.377083000000141 ], [ 67.447639000000152, 24.374025 ], [ 67.440697, 24.364305000000172 ], [ 67.439026000000183, 24.377642 ], [ 67.451805, 24.384583 ], [ 67.44986, 24.391806 ], [ 67.427917, 24.377083000000141 ], [ 67.429581, 24.389584000000127 ], [ 67.411530000000141, 24.398750000000177 ], [ 67.429581, 24.409306000000129 ], [ 67.437920000000133, 24.418194000000142 ], [ 67.410416000000112, 24.39986 ], [ 67.411530000000141, 24.388472 ], [ 67.385971, 24.402637 ], [ 67.367363, 24.402916 ], [ 67.429581, 24.43375 ] ] ] ] } }
]
}
